mesh_path,mesh_faces,mesh_vertices,mesh_area,mesh_bbox_diagonal,mesh_watertight,mesh_body_count,normal_entropy,dihedral_q90_deg,sharp_edge_rate_15deg,sharp_edge_rate_30deg,error
D:\CADtest\papertest\go_nogo1\sources\urdf_files_dataset\urdf_files\ros-industrial\xacro_generated\abb\abb_crb15000_support\meshes\crb15000_5_95\visual\base_link.stl,6480.0,3873.0,0.1522280004615968,0.3281586208008089,False,3.0,0.837425726736032,58.39329039531618,0.2103201253637788,0.11898365793597493,
D:\CADtest\papertest\go_nogo1\sources\urdf_files_dataset\urdf_files\ros-industrial\xacro_generated\abb\abb_crb15000_support\meshes\crb15000_5_95\visual\link_1.stl,5068.0,2923.0,0.11110881746026485,0.273164914636073,False,3.0,0.8402161155826076,11.004446688143457,0.06899441340782123,0.050837988826815644,
D:\CADtest\papertest\go_nogo1\sources\urdf_files_dataset\urdf_files\ros-industrial\xacro_generated\abb\abb_crb15000_support\meshes\crb15000_5_95\visual\link_2.stl,7657.0,5234.0,0.2090660414266711,0.5967006744308911,False,3.0,0.7826864106824754,41.461727924704704,0.1425927829752236,0.11627428806415133,
D:\CADtest\papertest\go_nogo1\sources\urdf_files_dataset\urdf_files\ros-industrial\xacro_generated\abb\abb_crb15000_support\meshes\crb15000_5_95\visual\link_3.stl,7769.0,4421.0,0.13490746691720246,0.34134158383606894,False,1.0,0.8783309502336464,9.937119714764908,0.06816119077872572,0.05164276638228354,
D:\CADtest\papertest\go_nogo1\sources\urdf_files_dataset\urdf_files\ros-industrial\xacro_generated\abb\abb_crb15000_support\meshes\crb15000_5_95\visual\link_4.stl,10263.0,6632.0,0.15129619563487853,0.4690067243363683,False,1.0,0.8615167349560734,36.683087274776554,0.18834318629680158,0.11224799151129301,
D:\CADtest\papertest\go_nogo1\sources\urdf_files_dataset\urdf_files\ros-industrial\xacro_generated\abb\abb_crb15000_support\meshes\crb15000_5_95\visual\link_5.stl,7804.0,4628.0,0.1317861226091826,0.3181902431138501,False,5.0,0.8853258380400413,23.97918714339344,0.1618389086152121,0.08680620444776677,
D:\CADtest\papertest\go_nogo1\sources\urdf_files_dataset\urdf_files\ros-industrial\xacro_generated\abb\abb_crb15000_support\meshes\crb15000_5_95\visual\link_6.stl,7498.0,3988.0,0.028374355633578582,0.15209635026103854,False,1.0,0.7422886993794343,89.2259412269317,0.23872387238723872,0.1848184818481848,
D:\CADtest\papertest\go_nogo1\sources\urdf_files_dataset\urdf_files\matlab\abb_irb120_support\meshes\irb120_3_58\visual\base_link.stl,13676.0,6602.0,0.37576399754905565,0.3885577835646094,False,12.0,0.7640158096147547,90.0,0.4363654399365142,0.32729887907945643,
D:\CADtest\papertest\go_nogo1\sources\urdf_files_dataset\urdf_files\matlab\abb_irb120_support\meshes\irb120_3_58\visual\link_1.stl,2888.0,1451.0,0.22799930969876386,0.3640302076148787,False,3.0,0.6829142711105957,86.99883755702184,0.271824480369515,0.16397228637413394,
D:\CADtest\papertest\go_nogo1\sources\urdf_files_dataset\urdf_files\matlab\abb_irb120_support\meshes\irb120_3_58\visual\link_2.stl,5740.0,2878.0,0.35046342777676026,0.4700027124568043,True,10.0,0.5794319215988545,88.5104433548499,0.24518002322880372,0.15121951219512195,
D:\CADtest\papertest\go_nogo1\sources\urdf_files_dataset\urdf_files\matlab\abb_irb120_support\meshes\irb120_3_58\visual\link_3.stl,4930.0,2499.0,0.19083946532832652,0.3290269698587533,False,16.0,0.8008596087605153,70.84678063597396,0.2596752368064953,0.1358592692828146,
D:\CADtest\papertest\go_nogo1\sources\urdf_files_dataset\urdf_files\matlab\abb_irb120_support\meshes\irb120_3_58\visual\link_4.stl,6300.0,3190.0,0.17961585565144406,0.2544042057041487,True,38.0,0.6779163346899268,90.0,0.3558730158730159,0.2722751322751323,
D:\CADtest\papertest\go_nogo1\sources\urdf_files_dataset\urdf_files\matlab\abb_irb120_support\meshes\irb120_3_58\visual\link_5.stl,5550.0,2785.0,0.06627665230077262,0.17028673885233003,True,7.0,0.7374849654967703,89.81327428682532,0.33981981981981985,0.2611411411411411,
D:\CADtest\papertest\go_nogo1\sources\urdf_files_dataset\urdf_files\matlab\abb_irb120_support\meshes\irb120_3_58\visual\link_6.stl,898.0,451.0,0.005103366991095385,0.057948998515234496,True,1.0,0.6688873098442079,58.24975763768415,0.37564959168522644,0.3266518188567186,
D:\CADtest\papertest\go_nogo1\sources\urdf_files_dataset\urdf_files\ros-industrial\xacro_generated\abb\abb_irb120_support\meshes\irb120_3_58\visual\base_link.stl,13676.0,6602.0,0.37576399754905565,0.3885577835646094,False,12.0,0.7640158096147547,90.0,0.4363654399365142,0.32729887907945643,
D:\CADtest\papertest\go_nogo1\sources\urdf_files_dataset\urdf_files\ros-industrial\xacro_generated\abb\abb_irb120_support\meshes\irb120_3_58\visual\link_1.stl,2888.0,1451.0,0.22799930969876386,0.3640302076148787,False,3.0,0.6829142711105957,86.99883755702184,0.271824480369515,0.16397228637413394,
D:\CADtest\papertest\go_nogo1\sources\urdf_files_dataset\urdf_files\ros-industrial\xacro_generated\abb\abb_irb120_support\meshes\irb120_3_58\visual\link_2.stl,5740.0,2878.0,0.35046342777676026,0.4700027124568043,True,10.0,0.5794319215988545,88.5104433548499,0.24518002322880372,0.15121951219512195,
D:\CADtest\papertest\go_nogo1\sources\urdf_files_dataset\urdf_files\ros-industrial\xacro_generated\abb\abb_irb120_support\meshes\irb120_3_58\visual\link_3.stl,4930.0,2499.0,0.19083946532832652,0.3290269698587533,False,16.0,0.8008596087605153,70.84678063597396,0.2596752368064953,0.1358592692828146,
D:\CADtest\papertest\go_nogo1\sources\urdf_files_dataset\urdf_files\ros-industrial\xacro_generated\abb\abb_irb120_support\meshes\irb120_3_58\visual\link_4.stl,6300.0,3190.0,0.17961585565144406,0.2544042057041487,True,38.0,0.6779163346899268,90.0,0.3558730158730159,0.2722751322751323,
D:\CADtest\papertest\go_nogo1\sources\urdf_files_dataset\urdf_files\ros-industrial\xacro_generated\abb\abb_irb120_support\meshes\irb120_3_58\visual\link_5.stl,5550.0,2785.0,0.06627665230077262,0.17028673885233003,True,7.0,0.7374849654967703,89.81327428682532,0.33981981981981985,0.2611411411411411,
D:\CADtest\papertest\go_nogo1\sources\urdf_files_dataset\urdf_files\ros-industrial\xacro_generated\abb\abb_irb120_support\meshes\irb120_3_58\visual\link_6.stl,898.0,451.0,0.005103366991095385,0.057948998515234496,True,1.0,0.6688873098442079,58.24975763768415,0.37564959168522644,0.3266518188567186,
D:\CADtest\papertest\go_nogo1\sources\urdf_files_dataset\urdf_files\ros-industrial\xacro_generated\abb\abb_irb1200_support\meshes\irb1200_5_90\visual\base_link.dae,14286.0,7133.0,0.31332824336238035,0.4572554806484577,True,4.0,0.7724341838151803,46.60449021089193,0.29632740678519764,0.12273087871575902,
D:\CADtest\papertest\go_nogo1\sources\urdf_files_dataset\urdf_files\ros-industrial\xacro_generated\abb\abb_irb1200_support\meshes\irb1200_5_90\visual\link_1.dae,18160.0,9103.0,0.2888369223349944,0.452550768007018,False,11.0,0.7698461158174706,46.69110316318067,0.24583302738820764,0.12970849548424995,
D:\CADtest\papertest\go_nogo1\sources\urdf_files_dataset\urdf_files\ros-industrial\xacro_generated\abb\abb_irb1200_support\meshes\irb1200_5_90\visual\link_2.dae,20097.0,10073.0,0.36687886266560765,0.6605862150849732,False,11.0,0.7645715240736757,43.99259609155234,0.2566859114738868,0.11586701174596854,
D:\CADtest\papertest\go_nogo1\sources\urdf_files_dataset\urdf_files\ros-industrial\xacro_generated\abb\abb_irb1200_support\meshes\irb1200_5_90\visual\link_3.dae,10354.0,5226.0,0.2664983670013171,0.4351174495504577,False,24.0,0.74297508105284,61.12476168049918,0.2556865777434113,0.13409369160384046,
D:\CADtest\papertest\go_nogo1\sources\urdf_files_dataset\urdf_files\ros-industrial\xacro_generated\abb\abb_irb1200_support\meshes\irb1200_5_90\visual\link_4.dae,17724.0,11948.0,0.12755292812549224,0.2808786632415866,False,414.0,0.7389883259527154,19.176846277107906,0.19313935424276776,0.004408615694671873,
D:\CADtest\papertest\go_nogo1\sources\urdf_files_dataset\urdf_files\ros-industrial\xacro_generated\abb\abb_irb1200_support\meshes\irb1200_5_90\visual\link_5.dae,11262.0,5633.0,0.045361037532236456,0.17688428710782353,True,1.0,0.7269839375803917,42.80172077103002,0.2849109098443142,0.12206239270703842,
D:\CADtest\papertest\go_nogo1\sources\urdf_files_dataset\urdf_files\ros-industrial\xacro_generated\abb\abb_irb1200_support\meshes\irb1200_5_90\visual\link_6.dae,960.0,470.0,0.0029518660523415686,0.05677319601545061,True,1.0,0.6367028373599936,90.0,0.3611111111111111,0.26875,
D:\CADtest\papertest\go_nogo1\sources\urdf_files_dataset\urdf_files\ros-industrial\xacro_generated\abb\abb_irb1200_support\meshes\irb1200_7_70\visual\link_2.dae,10617.0,5312.0,0.36818697679427326,0.574958697269115,False,1.0,0.7664824459370145,82.94258196877436,0.2503454339907047,0.14715488004019595,
D:\CADtest\papertest\go_nogo1\sources\urdf_files_dataset\urdf_files\ros-industrial\xacro_generated\abb\abb_irb1200_support\meshes\irb1200_7_70\visual\link_3.dae,5909.0,2960.0,0.20365630851682492,0.3930702044708692,False,2.0,0.81156507375344,89.99690080033575,0.29751693002257334,0.20045146726862303,
D:\CADtest\papertest\go_nogo1\sources\urdf_files_dataset\urdf_files\robotics-toolbox\abb_irb140\meshes\irb140\visual\base_link.stl,1568.0,786.0,6.403795344084024,2.559565220117272,True,1.0,0.6703063233357945,90.0,0.4379251700680272,0.3754251700680272,
D:\CADtest\papertest\go_nogo1\sources\urdf_files_dataset\urdf_files\robotics-toolbox\abb_irb140\meshes\irb140\visual\link_1.stl,2166.0,1085.0,9.51113090382633,2.3800242526219018,True,1.0,0.7703630134288612,90.0,0.4752231455832564,0.36903662665435516,
D:\CADtest\papertest\go_nogo1\sources\urdf_files_dataset\urdf_files\robotics-toolbox\abb_irb140\meshes\irb140\visual\link_2.stl,1100.0,552.0,5.111347290920866,2.405181027167652,True,1.0,0.695686805233669,90.0,0.4612121212121212,0.2690909090909091,
D:\CADtest\papertest\go_nogo1\sources\urdf_files_dataset\urdf_files\robotics-toolbox\abb_irb140\meshes\irb140\visual\link_3.stl,2612.0,1308.0,4.242931551498654,1.8403102775471243,True,1.0,0.7086502807830989,90.0,0.43542623787646756,0.3785094435936702,
D:\CADtest\papertest\go_nogo1\sources\urdf_files_dataset\urdf_files\robotics-toolbox\abb_irb140\meshes\irb140\visual\link_4.stl,8420.0,4208.0,2.3223200587244355,1.099079591956452,True,2.0,0.8604712818664486,84.2837464382175,0.2649247822644497,0.211243072050673,
D:\CADtest\papertest\go_nogo1\sources\urdf_files_dataset\urdf_files\robotics-toolbox\abb_irb140\meshes\irb140\visual\link_5.stl,2244.0,1125.0,0.36025151269982536,0.4870259317224674,False,1.0,0.7169667962599718,75.17581324352884,0.2969678953626635,0.20392390011890607,
D:\CADtest\papertest\go_nogo1\sources\urdf_files_dataset\urdf_files\robotics-toolbox\abb_irb140\meshes\irb140\visual\link_6.stl,1542.0,763.0,0.13361387316647375,0.3247925190189192,True,1.0,0.7965032410741606,76.89901596307077,0.43233895373973197,0.26848249027237353,
D:\CADtest\papertest\go_nogo1\sources\urdf_files_dataset\urdf_files\matlab\abb_irb1600_support\meshes\irb1600\visual\base_link.stl,1472.0,736.0,0.8484270270794747,0.835903972138574,False,1.0,0.595396325787114,90.0,0.39954545454545454,0.35863636363636364,
D:\CADtest\papertest\go_nogo1\sources\urdf_files_dataset\urdf_files\matlab\abb_irb1600_support\meshes\irb1600\visual\link_1.stl,6345.0,3340.0,1.016421901211671,0.8598935630365937,False,1.0,0.7929068749623989,90.0,0.3458938268868447,0.31996010196165353,
D:\CADtest\papertest\go_nogo1\sources\urdf_files_dataset\urdf_files\matlab\abb_irb1600_support\meshes\irb1600\visual\link_3.stl,,,,,,,,,,,ModuleNotFoundError: No module named 'networkx'
D:\CADtest\papertest\go_nogo1\sources\urdf_files_dataset\urdf_files\matlab\abb_irb1600_support\meshes\irb1600\visual\link_4.stl,2916.0,1622.0,0.15311999368145515,0.3800876423680601,False,1.0,0.7987187466543558,60.00028351039208,0.2655163533350502,0.14808138037599794,
D:\CADtest\papertest\go_nogo1\sources\urdf_files_dataset\urdf_files\matlab\abb_irb1600_support\meshes\irb1600\visual\link_5.stl,1096.0,624.0,0.02789666490378103,0.1276724498355808,False,1.0,0.6988195917150255,95.28624689615671,0.33379310344827584,0.33379310344827584,
D:\CADtest\papertest\go_nogo1\sources\urdf_files_dataset\urdf_files\matlab\abb_irb1600_support\meshes\irb1600\visual\link_6.stl,1260.0,726.0,0.00878870562879998,0.09603675123795335,False,1.0,0.7067515945297712,90.23123043079451,0.33160285528877353,0.3303049967553537,
D:\CADtest\papertest\go_nogo1\sources\urdf_files_dataset\urdf_files\matlab\abb_irb1600_support\meshes\irb1600_6_12\visual\link_2.stl,1567.0,869.0,0.32416203030482416,0.68681600024509,False,1.0,0.6514758691394257,90.0,0.38322211630123926,0.3508102955195424,
D:\CADtest\papertest\go_nogo1\sources\urdf_files_dataset\urdf_files\ros-industrial\xacro_generated\abb\abb_irb1600_support\meshes\irb1600\visual\base_link.stl,1472.0,736.0,0.8484270270794747,0.835903972138574,False,1.0,0.595396325787114,90.0,0.39954545454545454,0.35863636363636364,
D:\CADtest\papertest\go_nogo1\sources\urdf_files_dataset\urdf_files\ros-industrial\xacro_generated\abb\abb_irb1600_support\meshes\irb1600\visual\link_1.stl,6345.0,3340.0,1.016421901211671,0.8598935630365937,False,1.0,0.7929068749623989,90.0,0.3458938268868447,0.31996010196165353,
D:\CADtest\papertest\go_nogo1\sources\urdf_files_dataset\urdf_files\ros-industrial\xacro_generated\abb\abb_irb1600_support\meshes\irb1600\visual\link_3.stl,,,,,,,,,,,ModuleNotFoundError: No module named 'networkx'
D:\CADtest\papertest\go_nogo1\sources\urdf_files_dataset\urdf_files\ros-industrial\xacro_generated\abb\abb_irb1600_support\meshes\irb1600\visual\link_4.stl,2916.0,1622.0,0.15311999368145515,0.3800876423680601,False,1.0,0.7987187466543558,60.00028351039208,0.2655163533350502,0.14808138037599794,
D:\CADtest\papertest\go_nogo1\sources\urdf_files_dataset\urdf_files\ros-industrial\xacro_generated\abb\abb_irb1600_support\meshes\irb1600\visual\link_5.stl,1096.0,624.0,0.02789666490378103,0.1276724498355808,False,1.0,0.6988195917150255,95.28624689615671,0.33379310344827584,0.33379310344827584,
D:\CADtest\papertest\go_nogo1\sources\urdf_files_dataset\urdf_files\ros-industrial\xacro_generated\abb\abb_irb1600_support\meshes\irb1600\visual\link_6.stl,1260.0,726.0,0.00878870562879998,0.09603675123795335,False,1.0,0.7067515945297712,90.23123043079451,0.33160285528877353,0.3303049967553537,
D:\CADtest\papertest\go_nogo1\sources\urdf_files_dataset\urdf_files\ros-industrial\xacro_generated\abb\abb_irb1600_support\meshes\irb1600_6_12\visual\link_2.stl,1567.0,869.0,0.32416203030482416,0.68681600024509,False,1.0,0.6514758691394257,90.0,0.38322211630123926,0.3508102955195424,
D:\CADtest\papertest\go_nogo1\sources\urdf_files_dataset\urdf_files\ros-industrial\xacro_generated\abb\abb_irb1600_support\meshes\irb1600_8_145\visual\link_2.stl,5846.0,2925.0,0.4210175615989835,0.8878999955588374,True,1.0,0.5821072828998111,90.0,0.2979815258296271,0.28463906944919604,
D:\CADtest\papertest\go_nogo1\sources\urdf_files_dataset\urdf_files\ros-industrial\kuka\kuka_kr210_support\meshes\visual\base_link.dae,2629.0,1392.0,4201.60293861352,62.53431305576176,False,3.0,0.6478777821781888,90.30787460486098,0.4226050639519708,0.30801357347950925,
D:\CADtest\papertest\go_nogo1\sources\urdf_files_dataset\urdf_files\ros-industrial\kuka\kuka_kr210_support\meshes\visual\link_1.dae,,,,,,,,,,,ModuleNotFoundError: No module named 'networkx'
D:\CADtest\papertest\go_nogo1\sources\urdf_files_dataset\urdf_files\ros-industrial\kuka\kuka_kr210_support\meshes\visual\link_2.dae,30004.0,75940.0,6489.896513891912,70.8549360454347,False,22626.0,0.8840349053835378,0.29247235400516197,0.04037081339712919,0.03289473684210526,
D:\CADtest\papertest\go_nogo1\sources\urdf_files_dataset\urdf_files\ros-industrial\kuka\kuka_kr210_support\meshes\visual\link_3.dae,,,,,,,,,,,ModuleNotFoundError: No module named 'networkx'
D:\CADtest\papertest\go_nogo1\sources\urdf_files_dataset\urdf_files\ros-industrial\kuka\kuka_kr210_support\meshes\visual\link_4.dae,6760.0,14834.0,2024.2958145386128,30.26257056737892,False,3994.0,0.8788063493592768,0.14641243512026378,0.02243829468960359,0.01944652206432311,
D:\CADtest\papertest\go_nogo1\sources\urdf_files_dataset\urdf_files\ros-industrial\kuka\kuka_kr210_support\meshes\visual\link_5.dae,14022.0,29674.0,842.0206594238601,18.159725444800223,False,7694.0,0.8843290370918433,0.10306647897804937,0.010557571758495546,0.00791817881887166,
D:\CADtest\papertest\go_nogo1\sources\urdf_files_dataset\urdf_files\ros-industrial\kuka\kuka_kr210_support\meshes\visual\link_6.dae,11712.0,21534.0,509.5348978843429,11.109315678569889,False,5038.0,0.5881819834368557,0.02852587765726318,0.004708652148322542,0.004708652148322542,
D:\CADtest\papertest\go_nogo1\sources\urdf_files_dataset\urdf_files\ros-industrial\xacro_generated\abb\abb_irb2600_support\meshes\irb2600_12_165\visual\base_link.stl,61484.0,30732.0,0.9373761097280162,0.8799054707762551,True,1.0,0.789346431424297,13.58176060831666,0.09805260989308871,0.0921323704812092,
D:\CADtest\papertest\go_nogo1\sources\urdf_files_dataset\urdf_files\ros-industrial\xacro_generated\abb\abb_irb2600_support\meshes\irb2600_12_165\visual\link_1.stl,31080.0,15541.0,1.0886680055193194,0.7968958379801216,False,4.0,0.829923980209573,90.0,0.28250139490965276,0.2742821580325336,
D:\CADtest\papertest\go_nogo1\sources\urdf_files_dataset\urdf_files\ros-industrial\xacro_generated\abb\abb_irb2600_support\meshes\irb2600_12_165\visual\link_2.stl,13450.0,6739.0,0.5109884608518379,0.9049783744286184,True,7.0,0.7643586278387243,88.38136640670697,0.3226270136307311,0.318364312267658,
D:\CADtest\papertest\go_nogo1\sources\urdf_files_dataset\urdf_files\ros-industrial\xacro_generated\abb\abb_irb2600_support\meshes\irb2600_12_165\visual\link_3.stl,38272.0,19171.0,0.6443236896924717,0.6607888143542261,False,17.0,0.8898140639630172,89.91607013744489,0.20341079329686793,0.19853325436365538,
D:\CADtest\papertest\go_nogo1\sources\urdf_files_dataset\urdf_files\ros-industrial\xacro_generated\abb\abb_irb2600_support\meshes\irb2600_12_165\visual\link_4.stl,108467.0,54258.0,0.37175166221118705,0.6258703359081957,False,3.0,0.8836069086696985,9.818447741694463,0.05281828689472001,0.03907114575904385,
D:\CADtest\papertest\go_nogo1\sources\urdf_files_dataset\urdf_files\ros-industrial\xacro_generated\abb\abb_irb2600_support\meshes\irb2600_12_165\visual\link_5.stl,14880.0,7442.0,0.04019538867462541,0.16717448279943678,True,3.0,0.6528476433537871,10.022359784465849,0.0857078853046595,0.07983870967741935,
D:\CADtest\papertest\go_nogo1\sources\urdf_files_dataset\urdf_files\ros-industrial\xacro_generated\abb\abb_irb2600_support\meshes\irb2600_12_165\visual\link_6.stl,4410.0,2193.0,0.012424681628138517,0.0953476860950645,True,1.0,0.7608847658020752,90.0,0.18805744520030235,0.17928949357520785,
D:\CADtest\papertest\go_nogo1\sources\urdf_files_dataset\urdf_files\ros-industrial\xacro_generated\abb\abb_irb4400_support\meshes\irb4400l_30_243\visual\base_link.stl,692.0,340.0,1.4100960998521914,1.143102758953359,True,1.0,0.6440704291865067,90.0,0.40655105973025046,0.3969171483622351,
D:\CADtest\papertest\go_nogo1\sources\urdf_files_dataset\urdf_files\ros-industrial\xacro_generated\abb\abb_irb4400_support\meshes\irb4400l_30_243\visual\link_1.stl,3528.0,1776.0,3.531444328160142,1.533818467344339,True,6.0,0.754234949054459,90.0,0.3732048374905518,0.33314436885865456,
D:\CADtest\papertest\go_nogo1\sources\urdf_files_dataset\urdf_files\ros-industrial\xacro_generated\abb\abb_irb4400_support\meshes\irb4400l_30_243\visual\link_2.stl,1150.0,573.0,1.1485139027263394,1.1843648024076576,True,1.0,0.52936239573083,90.0,0.34840579710144925,0.34492753623188405,
D:\CADtest\papertest\go_nogo1\sources\urdf_files_dataset\urdf_files\ros-industrial\xacro_generated\abb\abb_irb4400_support\meshes\irb4400l_30_243\visual\link_3.stl,2860.0,1432.0,1.1794059473802783,0.8775779662679851,True,3.0,0.7325903739567032,90.0,0.4104895104895105,0.3871794871794872,
D:\CADtest\papertest\go_nogo1\sources\urdf_files_dataset\urdf_files\ros-industrial\xacro_generated\abb\abb_irb4400_support\meshes\irb4400l_30_243\visual\link_4.stl,1542.0,777.0,0.8046393486181842,1.2952072415890534,True,3.0,0.7783930385249777,90.0,0.47816688283614356,0.3912667531344574,
D:\CADtest\papertest\go_nogo1\sources\urdf_files_dataset\urdf_files\ros-industrial\xacro_generated\abb\abb_irb4400_support\meshes\irb4400l_30_243\visual\link_5.stl,824.0,408.0,0.10497219139268213,0.2525950785868079,True,1.0,0.5965553240742746,90.0,0.3656957928802589,0.35436893203883496,
D:\CADtest\papertest\go_nogo1\sources\urdf_files_dataset\urdf_files\ros-industrial\xacro_generated\abb\abb_irb4400_support\meshes\irb4400l_30_243\visual\link_6.stl,1100.0,552.0,0.05544643980475112,0.2698228947919663,True,1.0,0.7040329903047473,90.0,0.3575757575757576,0.3575757575757576,
D:\CADtest\papertest\go_nogo1\sources\urdf_files_dataset\urdf_files\ros-industrial\xacro_generated\abb\abb_irb4600_support\meshes\irb4600\visual\base_link.dae,3594.0,1832.0,0.9013490919996797,0.8752330839160298,False,2.0,0.8002395725342117,89.93021629591392,0.4756463094792057,0.387785687523417,
D:\CADtest\papertest\go_nogo1\sources\urdf_files_dataset\urdf_files\ros-industrial\xacro_generated\abb\abb_irb4600_support\meshes\irb4600\visual\link_1.dae,6680.0,3326.0,1.425343745723634,0.9921449440902552,False,1.0,0.8423116960239989,90.0,0.47917083917484476,0.3842379331063489,
D:\CADtest\papertest\go_nogo1\sources\urdf_files_dataset\urdf_files\ros-industrial\xacro_generated\abb\abb_irb4600_support\meshes\irb4600_20_250\visual\link_2.dae,5280.0,2610.0,1.0471265814346093,1.3891331025743807,True,1.0,0.758048699478437,90.0,0.4842171717171717,0.3987373737373737,
D:\CADtest\papertest\go_nogo1\sources\urdf_files_dataset\urdf_files\ros-industrial\xacro_generated\abb\abb_irb4600_support\meshes\irb4600_20_250\visual\link_3.dae,8134.0,4057.0,1.0053429968593794,0.8177364300059874,False,2.0,0.9216147767607141,90.0,0.45719908166612006,0.3724171859626107,
D:\CADtest\papertest\go_nogo1\sources\urdf_files_dataset\urdf_files\ros-industrial\xacro_generated\abb\abb_irb4600_support\meshes\irb4600_20_250\visual\link_4.dae,9997.0,5022.0,0.4486050081847651,1.0049202052007606,False,9.0,0.8326815508722889,48.24669138600977,0.35228487439871725,0.15439604489577766,
D:\CADtest\papertest\go_nogo1\sources\urdf_files_dataset\urdf_files\ros-industrial\xacro_generated\abb\abb_irb4600_support\meshes\irb4600_20_250\visual\link_5.dae,2046.0,1028.0,0.03986577535829682,0.1671834339772341,False,1.0,0.6561472586619541,88.16755985533045,0.37557152188112347,0.22501632919660353,
D:\CADtest\papertest\go_nogo1\sources\urdf_files_dataset\urdf_files\ros-industrial\xacro_generated\abb\abb_irb4600_support\meshes\irb4600_20_250\visual\link_6.dae,840.0,412.0,0.012706407878809245,0.09526278483923858,False,1.0,0.7585316357691693,90.00001924123073,0.4166666666666667,0.3060897435897436,
D:\CADtest\papertest\go_nogo1\sources\urdf_files_dataset\urdf_files\ros-industrial\xacro_generated\abb\abb_irb4600_support\meshes\irb4600_40_255\visual\link_2.dae,5280.0,2610.0,1.0471265814346093,1.3891331025743807,True,1.0,0.758048699478437,90.0,0.4842171717171717,0.3987373737373737,
D:\CADtest\papertest\go_nogo1\sources\urdf_files_dataset\urdf_files\ros-industrial\xacro_generated\abb\abb_irb4600_support\meshes\irb4600_40_255\visual\link_3.dae,10134.0,5056.0,1.0048973994666284,0.8177364300059874,False,2.0,0.9191066322332345,90.0,0.44811911193095727,0.3444890967784439,
D:\CADtest\papertest\go_nogo1\sources\urdf_files_dataset\urdf_files\ros-industrial\xacro_generated\abb\abb_irb4600_support\meshes\irb4600_40_255\visual\link_4.dae,7017.0,3514.0,0.63372179449573,1.0832464063078282,False,1.0,0.8682987515903822,88.59311282106418,0.33542558250118876,0.17708036138849262,
D:\CADtest\papertest\go_nogo1\sources\urdf_files_dataset\urdf_files\ros-industrial\xacro_generated\abb\abb_irb4600_support\meshes\irb4600_40_255\visual\link_5.dae,3546.0,1779.0,0.10189399801728077,0.26085732113025967,False,1.0,0.7893189782522188,83.5566817558517,0.31192314936899607,0.1700885289131663,
D:\CADtest\papertest\go_nogo1\sources\urdf_files_dataset\urdf_files\ros-industrial\xacro_generated\abb\abb_irb4600_support\meshes\irb4600_40_255\visual\link_6.dae,2240.0,1113.0,0.04386180626676828,0.190133915229341,False,1.0,0.7918052295472839,63.11722579417145,0.3776849642004773,0.26998806682577564,
D:\CADtest\papertest\go_nogo1\sources\urdf_files_dataset\urdf_files\ros-industrial\xacro_generated\abb\abb_irb4600_support\meshes\irb4600_60_205\visual\link_2.dae,12288.0,6123.0,0.9172232662952726,1.2029396466123934,False,1.0,0.7696082075066458,90.0,0.3590341833966359,0.3201844818231145,
D:\CADtest\papertest\go_nogo1\sources\urdf_files_dataset\urdf_files\ros-industrial\xacro_generated\abb\abb_irb4600_support\meshes\irb4600_60_205\visual\link_3.dae,12385.0,6182.0,1.0099241895813154,0.8178811191269549,False,2.0,0.9147782741001905,90.0,0.37457599741560327,0.3214343401712163,
D:\CADtest\papertest\go_nogo1\sources\urdf_files_dataset\urdf_files\ros-industrial\xacro_generated\abb\abb_irb4600_support\meshes\irb4600_60_205\visual\link_4.dae,11969.0,5993.0,0.5305595607994154,0.7901103188705402,False,1.0,0.8822031226668173,88.86429925298854,0.22092763964767534,0.15007247184747463,
D:\CADtest\papertest\go_nogo1\sources\urdf_files_dataset\urdf_files\ros-industrial\xacro_generated\abb\abb_irb4600_support\meshes\irb4600_60_205\visual\link_5.dae,8467.0,4236.0,0.10218103012093169,0.26084765799656784,False,1.0,0.7886538950580539,68.69882862594925,0.13457752578943225,0.12268682573430979,
D:\CADtest\papertest\go_nogo1\sources\urdf_files_dataset\urdf_files\ros-industrial\xacro_generated\abb\abb_irb4600_support\meshes\irb4600_60_205\visual\link_6.dae,4812.0,2400.0,0.044012133291872826,0.19010254314597688,False,1.0,0.7744710790009895,46.51197272295119,0.24757146822092702,0.2006661115736886,
D:\CADtest\papertest\go_nogo1\sources\urdf_files_dataset\urdf_files\ros-industrial\xacro_generated\abb\abb_irb52_support\meshes\irb52\visual\base_link.stl,2158.0,1075.0,0.848589371817267,0.8359039744431807,True,1.0,0.5753448194735591,90.0,0.3441458140253321,0.3441458140253321,
D:\CADtest\papertest\go_nogo1\sources\urdf_files_dataset\urdf_files\ros-industrial\xacro_generated\abb\abb_irb52_support\meshes\irb52\visual\link_1.stl,9040.0,4520.0,1.1360511128725772,0.8839926478399237,True,1.0,0.8158215187504446,90.0,0.3291297935103245,0.32691740412979353,
D:\CADtest\papertest\go_nogo1\sources\urdf_files_dataset\urdf_files\ros-industrial\xacro_generated\abb\abb_irb52_support\meshes\irb52\visual\link_3.stl,4628.0,2316.0,0.4340856199701661,0.6200196546593502,True,1.0,0.8701123170955363,89.5628797915737,0.31230193027945835,0.2837798905214636,
D:\CADtest\papertest\go_nogo1\sources\urdf_files_dataset\urdf_files\ros-industrial\xacro_generated\abb\abb_irb52_support\meshes\irb52\visual\link_4.stl,6366.0,3187.0,0.1827974320397821,0.3841764338714717,True,2.0,0.8164569136241727,69.82641900357532,0.26830034558592525,0.2121688134883234,
D:\CADtest\papertest\go_nogo1\sources\urdf_files_dataset\urdf_files\ros-industrial\xacro_generated\abb\abb_irb52_support\meshes\irb52\visual\link_5.stl,544.0,272.0,0.022247944383143963,0.1218521134107607,True,1.0,0.629157860626464,95.42638227118664,0.33088235294117646,0.33088235294117646,
D:\CADtest\papertest\go_nogo1\sources\urdf_files_dataset\urdf_files\ros-industrial\xacro_generated\abb\abb_irb52_support\meshes\irb52\visual\link_6.stl,1752.0,868.0,0.009260960049281376,0.09602521592174454,True,1.0,0.7175739549411508,90.0,0.3257229832572298,0.3257229832572298,
D:\CADtest\papertest\go_nogo1\sources\urdf_files_dataset\urdf_files\ros-industrial\xacro_generated\abb\abb_irb52_support\meshes\irb52_7_120\visual\link_2.stl,1571.0,788.0,0.32416917917711496,0.6868160462826668,False,1.0,0.6495038861986966,90.0,0.3797790994052676,0.34579439252336447,
D:\CADtest\papertest\go_nogo1\sources\urdf_files_dataset\urdf_files\ros-industrial\xacro_generated\abb\abb_irb52_support\meshes\irb52_7_145\visual\link_2.stl,2360.0,1182.0,0.41506492210435464,0.8876878064027102,True,1.0,0.6107531399297268,90.0,0.33926553672316384,0.338135593220339,
D:\CADtest\papertest\go_nogo1\sources\urdf_files_dataset\urdf_files\ros-industrial\abb\abb_irb5400_support\meshes\irb5400\visual\link_5b.dae,1428.0,716.0,0.07445696123950388,0.2774920163384696,True,1.0,0.7100196964420462,48.83480592122416,0.20915032679738563,0.19747899159663865,
D:\CADtest\papertest\go_nogo1\sources\urdf_files_dataset\urdf_files\ros-industrial\xacro_generated\abb\abb_irb6600_support\meshes\irb6600_225_255\visual\base_link.dae,2299.0,1136.0,2.5205399032053606,1.4276140354563727,False,1.0,0.6478025863992978,90.0,0.4233894370284388,0.3668020893789901,
D:\CADtest\papertest\go_nogo1\sources\urdf_files_dataset\urdf_files\ros-industrial\xacro_generated\abb\abb_irb6600_support\meshes\irb6600_225_255\visual\link_1.dae,4084.0,4781.0,3.47057306832761,1.4933972288676087,False,396.0,0.7635801177401278,9.538359794503009,0.048202396804260986,0.0018641810918774966,
D:\CADtest\papertest\go_nogo1\sources\urdf_files_dataset\urdf_files\ros-industrial\xacro_generated\abb\abb_irb6600_support\meshes\irb6600_225_255\visual\link_2.dae,3286.0,1646.0,1.7380495518956591,1.5026936516212153,False,1.0,0.7418372024059264,90.0,0.38035315607874975,0.35072051958595496,
D:\CADtest\papertest\go_nogo1\sources\urdf_files_dataset\urdf_files\ros-industrial\xacro_generated\abb\abb_irb6600_support\meshes\irb6600_225_255\visual\link_3.dae,3678.0,4595.0,1.7096209575521584,1.0010900649287784,False,502.0,0.7756356341862953,13.235315539631394,0.059696875966594495,0.0009279307145066501,
D:\CADtest\papertest\go_nogo1\sources\urdf_files_dataset\urdf_files\ros-industrial\xacro_generated\abb\abb_irb6600_support\meshes\irb6600_225_255\visual\link_4.dae,4250.0,2132.0,1.0627401526030487,1.136599708229224,False,3.0,0.8421306103480853,90.0,0.3198743126472899,0.2608012568735271,
D:\CADtest\papertest\go_nogo1\sources\urdf_files_dataset\urdf_files\ros-industrial\xacro_generated\abb\abb_irb6600_support\meshes\irb6600_225_255\visual\link_5.dae,2200.0,1102.0,0.23408759533402645,0.4024953777674914,True,1.0,0.7693283918214577,87.30084461389413,0.22606060606060607,0.22272727272727272,
D:\CADtest\papertest\go_nogo1\sources\urdf_files_dataset\urdf_files\ros-industrial\xacro_generated\abb\abb_irb6600_support\meshes\irb6600_225_255\visual\link_6.dae,1240.0,622.0,0.09405389562538763,0.28513876979956015,True,1.0,0.5878198201202088,90.0,0.36129032258064514,0.36129032258064514,
D:\CADtest\papertest\go_nogo1\sources\urdf_files_dataset\urdf_files\ros-industrial\xacro_generated\abb\abb_irb6600_support\meshes\irb6600_225_255\visual\link_cylinder.dae,1288.0,646.0,0.7778044439023197,0.8581685450387674,True,1.0,0.8205730969010651,85.48407714534055,0.36853002070393376,0.34316770186335405,
D:\CADtest\papertest\go_nogo1\sources\urdf_files_dataset\urdf_files\ros-industrial\xacro_generated\abb\abb_irb6600_support\meshes\irb6600_225_255\visual\link_piston.dae,458.0,231.0,0.20331187177766682,0.7682503206742368,True,1.0,0.7320600273578212,90.0,0.3027656477438137,0.1819505094614265,
D:\CADtest\papertest\go_nogo1\sources\urdf_files_dataset\urdf_files\ros-industrial\abb\abb_irb6600_support\meshes\irb6640\visual\cylinder.stl,,,,,,,,,,,ModuleNotFoundError: No module named 'networkx'
D:\CADtest\papertest\go_nogo1\sources\urdf_files_dataset\urdf_files\ros-industrial\abb\abb_irb6600_support\meshes\irb6640\visual\piston.stl,,,,,,,,,,,ModuleNotFoundError: No module named 'networkx'
D:\CADtest\papertest\go_nogo1\sources\urdf_files_dataset\urdf_files\ros-industrial\abb\abb_irb6640_support\meshes\irb6640_185_280\visual\cylinder_link.dae,8592.0,4298.0,1.4700026053470596,0.8394055113450306,True,4.0,0.7884188514791561,29.314934478601156,0.21632526381129732,0.07937616387337058,
D:\CADtest\papertest\go_nogo1\sources\urdf_files_dataset\urdf_files\ros-industrial\abb\abb_irb6640_support\meshes\irb6640_185_280\visual\piston_link.dae,9198.0,4599.0,0.13434474167215607,0.6699671033813313,True,2.0,0.7896524542053738,26.558154907157444,0.20287018917155902,0.04515474378488077,
D:\CADtest\papertest\go_nogo1\sources\urdf_files_dataset\urdf_files\ros-industrial\xacro_generated\abb\abb_irb6650s_support\meshes\irb6650s\visual\base_link.stl,2232.0,1094.0,2.5512705941970184,1.4271761337678595,True,1.0,0.6591326969886672,89.98797886696856,0.3569295101553166,0.3485663082437276,
D:\CADtest\papertest\go_nogo1\sources\urdf_files_dataset\urdf_files\ros-industrial\xacro_generated\abb\abb_irb6650s_support\meshes\irb6650s\visual\link_1.stl,5468.0,2744.0,5.415354476085939,2.1391580527878222,True,5.0,0.7814085532530712,90.0,0.38795415752255547,0.371128992928554,
D:\CADtest\papertest\go_nogo1\sources\urdf_files_dataset\urdf_files\ros-industrial\xacro_generated\abb\abb_irb6650s_support\meshes\irb6650s\visual\link_2.stl,6372.0,3186.0,2.0871712427536746,1.7223697120179566,True,1.0,0.6949389883835468,90.0,0.33594894329357605,0.32130152751621677,
D:\CADtest\papertest\go_nogo1\sources\urdf_files_dataset\urdf_files\ros-industrial\xacro_generated\abb\abb_irb6650s_support\meshes\irb6650s\visual\link_3.stl,4048.0,2028.0,1.428696204674109,1.0010901220616835,True,2.0,0.7991074111641205,90.0,0.39278656126482214,0.3647891963109354,
D:\CADtest\papertest\go_nogo1\sources\urdf_files_dataset\urdf_files\ros-industrial\xacro_generated\abb\abb_irb6650s_support\meshes\irb6650s\visual\link_5.stl,4406.0,2205.0,0.2353906594292559,0.4044189407515996,True,1.0,0.7820792456750746,82.4479231100212,0.1693145710394916,0.1685580269329702,
D:\CADtest\papertest\go_nogo1\sources\urdf_files_dataset\urdf_files\ros-industrial\xacro_generated\abb\abb_irb6650s_support\meshes\irb6650s\visual\link_6.stl,1518.0,761.0,0.09424278310175632,0.2850726238633723,True,1.0,0.5674056358107843,90.0,0.35529205094422484,0.35529205094422484,
D:\CADtest\papertest\go_nogo1\sources\urdf_files_dataset\urdf_files\ros-industrial\xacro_generated\abb\abb_irb6650s_support\meshes\irb6650s_125_350\visual\link_4.stl,8374.0,4189.0,1.3003773260247007,1.559745493275264,True,1.0,0.8262273577404354,69.63604736300786,0.20531804792612054,0.17713557837751773,
D:\CADtest\papertest\go_nogo1\sources\urdf_files_dataset\urdf_files\ros-industrial\xacro_generated\abb\abb_irb6650s_support\meshes\irb6650s_90_390\visual\link_4.stl,10000.0,5002.0,1.6122988893418722,1.9953831839044855,True,1.0,0.8220266237303037,70.8700482999503,0.20506666666666667,0.18053333333333332,
D:\CADtest\papertest\go_nogo1\sources\urdf_files_dataset\urdf_files\ros-industrial\xacro_generated\abb\abb_irb6700_support\meshes\irb6700\visual\base_link.stl,10292.0,5096.0,2.3576558268756864,1.290704551706796,True,2.0,0.7256309408384276,90.0,0.47778209612644124,0.38113745303795826,
D:\CADtest\papertest\go_nogo1\sources\urdf_files_dataset\urdf_files\ros-industrial\xacro_generated\abb\abb_irb6700_support\meshes\irb6700\visual\cylinder.stl,2266.0,1133.0,0.8942102961764213,0.8586837207593069,True,1.0,0.8047982667955312,87.39854148848302,0.37569873492203587,0.28037658134745513,
D:\CADtest\papertest\go_nogo1\sources\urdf_files_dataset\urdf_files\ros-industrial\xacro_generated\abb\abb_irb6700_support\meshes\irb6700\visual\link_1.stl,14929.0,7447.0,3.082810541995819,1.4780389963405507,False,1.0,0.8808659298678453,90.0,0.41445546323595106,0.29183418207808454,
D:\CADtest\papertest\go_nogo1\sources\urdf_files_dataset\urdf_files\ros-industrial\xacro_generated\abb\abb_irb6700_support\meshes\irb6700\visual\link_5.stl,3008.0,1506.0,0.27908918081389367,0.4391604352206249,True,1.0,0.767616409464671,90.0,0.3583776595744681,0.3211436170212766,
D:\CADtest\papertest\go_nogo1\sources\urdf_files_dataset\urdf_files\ros-industrial\xacro_generated\abb\abb_irb6700_support\meshes\irb6700\visual\link_6.stl,2334.0,1169.0,0.09981207739594594,0.28513109261545805,True,1.0,0.6525529153033851,90.0,0.4510139960011425,0.31276778063410454,
D:\CADtest\papertest\go_nogo1\sources\urdf_files_dataset\urdf_files\ros-industrial\xacro_generated\abb\abb_irb6700_support\meshes\irb6700\visual\piston.stl,1244.0,624.0,0.12521103495040153,0.6879315219823329,True,1.0,0.6920087608572822,73.90244005047971,0.27384780278670956,0.21918542336548769,
D:\CADtest\papertest\go_nogo1\sources\urdf_files_dataset\urdf_files\ros-industrial\xacro_generated\abb\abb_irb6700_support\meshes\irb6700_200_260\visual\link_2.stl,13170.0,6587.0,1.7943197598922693,1.5885027880356168,True,1.0,0.7826300251142723,89.62523212719623,0.2419134396355353,0.21837509491268034,
D:\CADtest\papertest\go_nogo1\sources\urdf_files_dataset\urdf_files\ros-industrial\xacro_generated\abb\abb_irb6700_support\meshes\irb6700_200_260\visual\link_3.stl,9173.0,4587.0,1.6736378770411302,0.9512495925769575,False,1.0,0.8826124755776352,90.00009338109642,0.3757086785870039,0.3199592964093618,
D:\CADtest\papertest\go_nogo1\sources\urdf_files_dataset\urdf_files\ros-industrial\xacro_generated\abb\abb_irb6700_support\meshes\irb6700_200_260\visual\link_4.stl,10114.0,5059.0,1.3874760312938965,1.6282260827125037,True,1.0,0.8756433459022306,89.13860090032821,0.32430294641091556,0.2626062883132292,
D:\CADtest\papertest\go_nogo1\sources\urdf_files_dataset\urdf_files\ros-industrial\xacro_generated\abb\abb_irb6700_support\meshes\irb6700_235_265\visual\link_2.stl,8938.0,4467.0,1.8516870580692681,1.600045483106405,True,1.0,0.7721674150534116,90.0,0.37472961885582157,0.30021630491534274,
D:\CADtest\papertest\go_nogo1\sources\urdf_files_dataset\urdf_files\ros-industrial\xacro_generated\abb\abb_irb6700_support\meshes\irb6700_235_265\visual\link_3.stl,8046.0,4023.0,1.7620055538627972,0.9914342293849417,True,1.0,0.8363595500283741,90.0,0.4226530781340625,0.34501615709669403,
D:\CADtest\papertest\go_nogo1\sources\urdf_files_dataset\urdf_files\ros-industrial\xacro_generated\abb\abb_irb6700_support\meshes\irb6700_235_265\visual\link_4.stl,10144.0,5074.0,1.4273921402863072,1.6718496102107545,True,1.0,0.855272108567922,90.0,0.3968191377497371,0.28614616193480547,
D:\CADtest\papertest\go_nogo1\sources\urdf_files_dataset\urdf_files\ros-industrial\xacro_generated\abb\abb_irb7600_support\meshes\irb7600\visual\balancer_piston.stl,1930.0,969.0,1.291309098732849,1.1721601430827677,True,2.0,0.8082042063367937,75.19401782462505,0.31744386873920555,0.29015544041450775,
D:\CADtest\papertest\go_nogo1\sources\urdf_files_dataset\urdf_files\ros-industrial\xacro_generated\abb\abb_irb7600_support\meshes\irb7600\visual\base_link.stl,1990.0,973.0,2.413272815324485,1.4262744888916268,True,1.0,0.6819130689427564,90.0,0.3862646566164154,0.37152428810720267,
D:\CADtest\papertest\go_nogo1\sources\urdf_files_dataset\urdf_files\ros-industrial\xacro_generated\abb\abb_irb7600_support\meshes\irb7600\visual\link_1.stl,4014.0,2011.0,3.8481389853524135,1.7070461431089918,True,2.0,0.7243492870626658,90.0,0.40724132203952834,0.36721474838066764,
D:\CADtest\papertest\go_nogo1\sources\urdf_files_dataset\urdf_files\ros-industrial\xacro_generated\abb\abb_irb7600_support\meshes\irb7600\visual\link_2.stl,3714.0,1857.0,2.258767494010014,1.6336027941435782,True,1.0,0.7639406245897806,87.10455540155928,0.32274277508526295,0.27517501346257406,
D:\CADtest\papertest\go_nogo1\sources\urdf_files_dataset\urdf_files\ros-industrial\xacro_generated\abb\abb_irb7600_support\meshes\irb7600\visual\link_3.stl,3176.0,1590.0,2.0412254734417092,1.148935942274998,True,1.0,0.7818061460170525,90.0,0.4183459277917716,0.3677581863979849,
D:\CADtest\papertest\go_nogo1\sources\urdf_files_dataset\urdf_files\ros-industrial\xacro_generated\abb\abb_irb7600_support\meshes\irb7600\visual\link_5.stl,3064.0,1534.0,0.3287161683008617,0.45518815104504734,True,1.0,0.7558803534199703,78.23179622787056,0.18102697998259357,0.12641427328111401,
D:\CADtest\papertest\go_nogo1\sources\urdf_files_dataset\urdf_files\ros-industrial\xacro_generated\abb\abb_irb7600_support\meshes\irb7600\visual\link_6.stl,2322.0,1135.0,0.15557963278984122,0.355916272906593,True,1.0,0.6013572884725793,90.0,0.3051966695377548,0.3051966695377548,
D:\CADtest\papertest\go_nogo1\sources\urdf_files_dataset\urdf_files\ros-industrial\xacro_generated\abb\abb_irb7600_support\meshes\irb7600_150_350\visual\abb_logos.stl,780.0,394.0,0.13558380841471557,0.4840483990989496,True,2.0,0.6966769406996994,90.0000316777486,0.4905982905982906,0.4666666666666667,
D:\CADtest\papertest\go_nogo1\sources\urdf_files_dataset\urdf_files\ros-industrial\xacro_generated\abb\abb_irb7600_support\meshes\irb7600_150_350\visual\link_4.stl,8826.0,4419.0,2.016497030531254,2.0435461026182278,True,3.0,0.8340909974402838,81.49915362815635,0.23083314449731854,0.18619231059747715,
D:\CADtest\papertest\go_nogo1\sources\urdf_files_dataset\urdf_files\ros-industrial\xacro_generated\fanuc\fanuc_cr35ia_support\meshes\cr35ia\visual\base_link.stl,5962.0,2983.0,2.6333485581593443,1.3533865207360016,True,1.0,0.7551340511203907,2.705821011364717,0.04629319020462932,0.0315330426031533,
D:\CADtest\papertest\go_nogo1\sources\urdf_files_dataset\urdf_files\ros-industrial\xacro_generated\fanuc\fanuc_cr35ia_support\meshes\cr35ia\visual\link_1.stl,14238.0,7121.0,0.972916557841833,0.9135873425234134,True,1.0,0.8777484392544017,2.7983647384590973,0.012689048087278176,0.012267640586224657,
D:\CADtest\papertest\go_nogo1\sources\urdf_files_dataset\urdf_files\ros-industrial\xacro_generated\fanuc\fanuc_cr35ia_support\meshes\cr35ia\visual\link_2.stl,6372.0,3188.0,1.0075289816165516,1.1614730067084147,True,1.0,0.7010760763133685,4.209574019426766,0.014438166980539862,0.014333542582130153,
D:\CADtest\papertest\go_nogo1\sources\urdf_files_dataset\urdf_files\ros-industrial\xacro_generated\fanuc\fanuc_cr35ia_support\meshes\cr35ia\visual\link_3.stl,14652.0,7328.0,0.911553154583397,0.9508111642595696,True,1.0,0.8421640988792723,3.0258198417979862,0.00414050414050414,0.0006825006825006825,
D:\CADtest\papertest\go_nogo1\sources\urdf_files_dataset\urdf_files\ros-industrial\xacro_generated\fanuc\fanuc_cr35ia_support\meshes\cr35ia\visual\link_4.stl,6334.0,3169.0,0.5659575854781567,0.8037684742360768,True,1.0,0.8252758475528061,3.3966177822174113,0.009367435006841385,0.0086306704557415,
D:\CADtest\papertest\go_nogo1\sources\urdf_files_dataset\urdf_files\ros-industrial\xacro_generated\fanuc\fanuc_cr35ia_support\meshes\cr35ia\visual\link_5.stl,6474.0,3239.0,0.1090438230123667,0.3050764157523393,True,1.0,0.8342660814628898,3.1808049967784706,0.05797549171043147,0.028318401812377717,
D:\CADtest\papertest\go_nogo1\sources\urdf_files_dataset\urdf_files\ros-industrial\xacro_generated\fanuc\fanuc_cr35ia_support\meshes\cr35ia\visual\link_6.stl,852.0,428.0,0.006329424898449694,0.07339114790085259,True,1.0,0.576608928616704,44.755764949859895,0.25039123630672927,0.25039123630672927,
D:\CADtest\papertest\go_nogo1\sources\urdf_files_dataset\urdf_files\ros-industrial\xacro_generated\fanuc\fanuc_cr7ia_support\meshes\cr7ia\visual\base_link.stl,189.0,99.0,0.3287379885891042,0.48035123779860517,False,1.0,0.7403762020826307,139.76921957670464,0.48507462686567165,0.35447761194029853,
D:\CADtest\papertest\go_nogo1\sources\urdf_files_dataset\urdf_files\ros-industrial\xacro_generated\fanuc\fanuc_cr7ia_support\meshes\cr7ia\visual\link_1.stl,300.0,150.0,0.189174263494773,0.38080937240616225,False,1.0,0.807255686924206,89.86800813362183,0.4288990825688073,0.17889908256880735,
D:\CADtest\papertest\go_nogo1\sources\urdf_files_dataset\urdf_files\ros-industrial\xacro_generated\fanuc\fanuc_cr7ia_support\meshes\cr7ia\visual\link_2.stl,296.0,150.0,0.2914121760390328,0.5178465634672766,True,1.0,0.7326480216649753,152.60782854378022,0.4752252252252252,0.25225225225225223,
D:\CADtest\papertest\go_nogo1\sources\urdf_files_dataset\urdf_files\ros-industrial\xacro_generated\fanuc\fanuc_cr7ia_support\meshes\cr7ia\visual\link_3.stl,293.0,148.0,0.09877789588487734,0.25507790580793305,False,1.0,0.8032210428849947,73.20360512828498,0.48853211009174313,0.23853211009174313,
D:\CADtest\papertest\go_nogo1\sources\urdf_files_dataset\urdf_files\ros-industrial\xacro_generated\fanuc\fanuc_cr7ia_support\meshes\cr7ia\visual\link_4.stl,318.0,161.0,0.12330966422650834,0.32648618162348875,True,1.0,0.7049030609885492,109.86014911619775,0.5576519916142557,0.27672955974842767,
D:\CADtest\papertest\go_nogo1\sources\urdf_files_dataset\urdf_files\ros-industrial\xacro_generated\fanuc\fanuc_cr7ia_support\meshes\cr7ia\visual\link_5.stl,263.0,132.0,0.03658071855284542,0.1633555467337938,False,1.0,0.7672911705410023,175.67799249888935,0.65625,0.53125,
D:\CADtest\papertest\go_nogo1\sources\urdf_files_dataset\urdf_files\ros-industrial\xacro_generated\fanuc\fanuc_cr7ia_support\meshes\cr7ia\visual\link_6.stl,,,,,,,,,,,ModuleNotFoundError: No module named 'networkx'
D:\CADtest\papertest\go_nogo1\sources\urdf_files_dataset\urdf_files\ros-industrial\xacro_generated\fanuc\fanuc_cr7ia_support\meshes\cr7ial\visual\link_2.stl,314.0,159.0,0.3454713971976925,0.6146270021569931,True,1.0,0.7791664828998658,38.22806892052242,0.3991507430997877,0.14437367303609341,
D:\CADtest\papertest\go_nogo1\sources\urdf_files_dataset\urdf_files\ros-industrial\xacro_generated\fanuc\fanuc_cr7ia_support\meshes\cr7ial\visual\link_4.stl,318.0,161.0,0.15314135925130118,0.40206904102852975,True,1.0,0.7672934382201599,59.16006580970005,0.4339622641509434,0.24737945492662475,
D:\CADtest\papertest\go_nogo1\sources\urdf_files_dataset\urdf_files\ros-industrial\xacro_generated\fanuc\fanuc_crx10ia_support\meshes\crx10ial\visual\base_link.stl,518.0,261.0,0.10049171375270902,0.2843578955306409,True,1.0,0.7268709528124027,71.33991593012719,0.3359073359073359,0.21621621621621623,
D:\CADtest\papertest\go_nogo1\sources\urdf_files_dataset\urdf_files\ros-industrial\xacro_generated\fanuc\fanuc_crx10ia_support\meshes\crx10ial\visual\link_1.stl,3494.0,1749.0,0.17662575669387942,0.3490889639242945,True,1.0,0.7829164582867774,4.708195676986893,0.032818164472428926,0.03167334478153024,
D:\CADtest\papertest\go_nogo1\sources\urdf_files_dataset\urdf_files\ros-industrial\xacro_generated\fanuc\fanuc_crx10ia_support\meshes\crx10ial\visual\link_2.stl,3626.0,1815.0,0.5443269728508991,0.8997197160783691,True,1.0,0.6618468081120654,6.924484689105328,0.011583011583011582,0.010479867622724766,
D:\CADtest\papertest\go_nogo1\sources\urdf_files_dataset\urdf_files\ros-industrial\xacro_generated\fanuc\fanuc_crx10ia_support\meshes\crx10ial\visual\link_3.stl,6762.0,3383.0,0.11368997842492302,0.2982042699757347,True,1.0,0.7783633559224618,3.539129343413314,0.020703933747412008,0.019126491176180618,
D:\CADtest\papertest\go_nogo1\sources\urdf_files_dataset\urdf_files\ros-industrial\xacro_generated\fanuc\fanuc_crx10ia_support\meshes\crx10ial\visual\link_4.stl,2966.0,1485.0,0.1738708041844239,0.46979124475641765,True,1.0,0.7133945087391752,4.683907348106004,0.020454034614520118,0.02000449539222297,
D:\CADtest\papertest\go_nogo1\sources\urdf_files_dataset\urdf_files\ros-industrial\xacro_generated\fanuc\fanuc_crx10ia_support\meshes\crx10ial\visual\link_5.stl,6162.0,3083.0,0.07291181702459117,0.24145672779539226,True,1.0,0.819637700630031,4.144867690918441,0.01763496700205561,0.01763496700205561,
D:\CADtest\papertest\go_nogo1\sources\urdf_files_dataset\urdf_files\ros-industrial\xacro_generated\fanuc\fanuc_crx10ia_support\meshes\crx10ial\visual\link_6.stl,954.0,479.0,0.028415870319204277,0.14306729265957835,True,1.0,0.6621557239601153,44.985692336177614,0.33473095737246683,0.20964360587002095,
D:\CADtest\papertest\go_nogo1\sources\urdf_files_dataset\urdf_files\ros-industrial\xacro_generated\fanuc\fanuc_lrmate200i_support\meshes\lrmate200i\visual\base_link.stl,120.0,62.0,0.2945663751561256,0.4254045278481862,True,1.0,0.5934935867802158,63.98529011329239,0.37777777777777777,0.17777777777777778,
D:\CADtest\papertest\go_nogo1\sources\urdf_files_dataset\urdf_files\ros-industrial\xacro_generated\fanuc\fanuc_lrmate200i_support\meshes\lrmate200i\visual\link_1.stl,476.0,240.0,0.20418109427096157,0.38489089708338386,True,1.0,0.6525420407568341,23.595819370688865,0.14285714285714285,0.09663865546218488,
D:\CADtest\papertest\go_nogo1\sources\urdf_files_dataset\urdf_files\ros-industrial\xacro_generated\fanuc\fanuc_lrmate200i_support\meshes\lrmate200i\visual\link_2.stl,1284.0,644.0,0.34879101136844154,0.5072672386521077,True,1.0,0.6422616929226599,15.00210099444363,0.1059190031152648,0.0,
D:\CADtest\papertest\go_nogo1\sources\urdf_files_dataset\urdf_files\ros-industrial\xacro_generated\fanuc\fanuc_lrmate200i_support\meshes\lrmate200i\visual\link_3.stl,285.0,145.0,0.2054761859815185,0.33746149212014176,False,1.0,0.6797163555355241,46.62228966175098,0.12206572769953052,0.10328638497652583,
D:\CADtest\papertest\go_nogo1\sources\urdf_files_dataset\urdf_files\ros-industrial\xacro_generated\fanuc\fanuc_lrmate200i_support\meshes\lrmate200i\visual\link_4.stl,1630.0,817.0,0.1588693960912697,0.3385339934765138,True,1.0,0.7718928031136033,11.245383017323899,0.0032719836400817996,0.0016359918200408998,
D:\CADtest\papertest\go_nogo1\sources\urdf_files_dataset\urdf_files\ros-industrial\xacro_generated\fanuc\fanuc_lrmate200i_support\meshes\lrmate200i\visual\link_5.stl,228.0,116.0,0.07530567257531118,0.22137977276971524,True,1.0,0.6561692245553544,36.46320963037532,0.22514619883040934,0.12280701754385964,
D:\CADtest\papertest\go_nogo1\sources\urdf_files_dataset\urdf_files\ros-industrial\xacro_generated\fanuc\fanuc_lrmate200i_support\meshes\lrmate200i\visual\link_6.stl,254.0,129.0,0.011243897794618377,0.10163168881399415,True,1.0,0.5985016527005886,90.0,0.33858267716535434,0.23097112860892388,
D:\CADtest\papertest\go_nogo1\sources\urdf_files_dataset\urdf_files\matlab\fanuc_lrmate200ib_support\meshes\lrmate200ib\visual\base_link.stl,834.0,419.0,0.24070988581430874,0.40906337043426233,True,1.0,0.6269875530413421,61.51156776637053,0.20623501199040767,0.15827338129496402,
D:\CADtest\papertest\go_nogo1\sources\urdf_files_dataset\urdf_files\matlab\fanuc_lrmate200ib_support\meshes\lrmate200ib\visual\link_1.stl,5290.0,2647.0,0.30799525754967594,0.496247952398036,True,1.0,0.804043857211916,13.56679408650372,0.08632640201638311,0.04209199747952111,
D:\CADtest\papertest\go_nogo1\sources\urdf_files_dataset\urdf_files\matlab\fanuc_lrmate200ib_support\meshes\lrmate200ib\visual\link_2.stl,4924.0,2464.0,0.14030874644215605,0.40595832742052,True,1.0,0.6927385592705854,7.194368149749691,0.06877877064717032,0.030192255618738152,
D:\CADtest\papertest\go_nogo1\sources\urdf_files_dataset\urdf_files\matlab\fanuc_lrmate200ib_support\meshes\lrmate200ib\visual\link_3.stl,5821.0,2913.0,0.22640388403782538,0.38616886669240164,False,1.0,0.7848788718919101,5.591218545142368,0.02577319587628866,0.013745704467353952,
D:\CADtest\papertest\go_nogo1\sources\urdf_files_dataset\urdf_files\matlab\fanuc_lrmate200ib_support\meshes\lrmate200ib\visual\link_4.stl,4614.0,2309.0,0.1863245056580987,0.3686729833026342,True,1.0,0.7882028950395327,5.682470997232208,0.023695997688195348,0.011125559890189278,
D:\CADtest\papertest\go_nogo1\sources\urdf_files_dataset\urdf_files\matlab\fanuc_lrmate200ib_support\meshes\lrmate200ib\visual\link_5.stl,2538.0,1271.0,0.06079007955253741,0.19887021828024345,True,1.0,0.7540004890563688,7.338841808753533,0.06277909114788548,0.027843446283162595,
D:\CADtest\papertest\go_nogo1\sources\urdf_files_dataset\urdf_files\matlab\fanuc_lrmate200ib_support\meshes\lrmate200ib\visual\link_6.stl,1188.0,596.0,0.011589480473671821,0.10220655290697,True,1.0,0.654072936195637,55.47267436311735,0.244668911335578,0.244668911335578,
D:\CADtest\papertest\go_nogo1\sources\urdf_files_dataset\urdf_files\ros-industrial\xacro_generated\fanuc\fanuc_lrmate200ib_support\meshes\lrmate200ib3l\visual\link_4.stl,4514.0,2259.0,0.26088357554759306,0.4989614902637119,True,1.0,0.8005945526080058,6.676610015360479,0.032639196573622804,0.004430660168365086,
D:\CADtest\papertest\go_nogo1\sources\urdf_files_dataset\urdf_files\ros-industrial\xacro_generated\fanuc\fanuc_lrmate200ib_support\meshes\lrmate200ib\visual\base_link.stl,834.0,419.0,0.24070988581430874,0.40906337043426233,True,1.0,0.6269875530413421,61.51156776637053,0.20623501199040767,0.15827338129496402,
D:\CADtest\papertest\go_nogo1\sources\urdf_files_dataset\urdf_files\ros-industrial\xacro_generated\fanuc\fanuc_lrmate200ib_support\meshes\lrmate200ib\visual\link_1.stl,5290.0,2647.0,0.30799525754967594,0.496247952398036,True,1.0,0.804043857211916,13.56679408650372,0.08632640201638311,0.04209199747952111,
D:\CADtest\papertest\go_nogo1\sources\urdf_files_dataset\urdf_files\ros-industrial\xacro_generated\fanuc\fanuc_lrmate200ib_support\meshes\lrmate200ib\visual\link_2.stl,4924.0,2464.0,0.14030874644215605,0.40595832742052,True,1.0,0.6927385592705854,7.194368149749691,0.06877877064717032,0.030192255618738152,
D:\CADtest\papertest\go_nogo1\sources\urdf_files_dataset\urdf_files\ros-industrial\xacro_generated\fanuc\fanuc_lrmate200ib_support\meshes\lrmate200ib\visual\link_3.stl,5821.0,2913.0,0.22640388403782538,0.38616886669240164,False,1.0,0.7848788718919101,5.591218545142368,0.02577319587628866,0.013745704467353952,
D:\CADtest\papertest\go_nogo1\sources\urdf_files_dataset\urdf_files\ros-industrial\xacro_generated\fanuc\fanuc_lrmate200ib_support\meshes\lrmate200ib\visual\link_5.stl,2538.0,1271.0,0.06079007955253741,0.19887021828024345,True,1.0,0.7540004890563688,7.338841808753533,0.06277909114788548,0.027843446283162595,
D:\CADtest\papertest\go_nogo1\sources\urdf_files_dataset\urdf_files\ros-industrial\xacro_generated\fanuc\fanuc_lrmate200ib_support\meshes\lrmate200ib\visual\link_6.stl,1188.0,596.0,0.011589480473671821,0.10220655290697,True,1.0,0.654072936195637,55.47267436311735,0.244668911335578,0.244668911335578,
D:\CADtest\papertest\go_nogo1\sources\urdf_files_dataset\urdf_files\ros-industrial\xacro_generated\fanuc\fanuc_lrmate200ic_support\meshes\lrmate200ic\visual\base_link.stl,1355.0,680.0,0.1967894771745033,0.3435638709497553,False,1.0,0.6648602647099631,9.893710510820995,0.026095519448547513,0.022156573116691284,
D:\CADtest\papertest\go_nogo1\sources\urdf_files_dataset\urdf_files\ros-industrial\xacro_generated\fanuc\fanuc_lrmate200ic_support\meshes\lrmate200ic\visual\link_1.stl,4920.0,2465.0,0.22880434763918042,0.4149515033315758,False,1.0,0.7822283104737081,5.4144514464931275,0.009361009361009361,0.006647673314339981,
D:\CADtest\papertest\go_nogo1\sources\urdf_files_dataset\urdf_files\ros-industrial\xacro_generated\fanuc\fanuc_lrmate200ic_support\meshes\lrmate200ic\visual\link_2.stl,3766.0,1887.0,0.26849643476426466,0.48690127224910695,False,1.0,0.6606698827767475,5.756162959590785,0.006734006734006734,0.006379585326953748,
D:\CADtest\papertest\go_nogo1\sources\urdf_files_dataset\urdf_files\ros-industrial\xacro_generated\fanuc\fanuc_lrmate200ic_support\meshes\lrmate200ic\visual\link_3.stl,2731.0,1368.0,0.11176475180098458,0.2829414505827102,False,1.0,0.7181941172039954,8.181813842141544,0.01855921855921856,0.011965811965811967,
D:\CADtest\papertest\go_nogo1\sources\urdf_files_dataset\urdf_files\ros-industrial\xacro_generated\fanuc\fanuc_lrmate200ic_support\meshes\lrmate200ic\visual\link_4.stl,6083.0,3044.0,0.11955104425107316,0.31659382146462245,False,1.0,0.7557726224369403,5.519817225766059,0.0003288391976323578,0.0,
D:\CADtest\papertest\go_nogo1\sources\urdf_files_dataset\urdf_files\ros-industrial\xacro_generated\fanuc\fanuc_lrmate200ic_support\meshes\lrmate200ic\visual\link_5.stl,1064.0,534.0,0.0341629819078756,0.16294099258267547,True,1.0,0.8376677432749731,27.607210285816524,0.11654135338345864,0.09649122807017543,
D:\CADtest\papertest\go_nogo1\sources\urdf_files_dataset\urdf_files\ros-industrial\xacro_generated\fanuc\fanuc_lrmate200ic_support\meshes\lrmate200ic\visual\link_6.stl,422.0,213.0,0.003979074314276292,0.05781815521685635,True,1.0,0.6002836184559549,45.038085365855565,0.33649289099526064,0.33649289099526064,
D:\CADtest\papertest\go_nogo1\sources\urdf_files_dataset\urdf_files\ros-industrial\xacro_generated\fanuc\fanuc_lrmate200ic_support\meshes\lrmate200ic5h\visual\link_3.stl,1519.0,763.0,0.22856213810164264,0.5060086978532584,False,1.0,0.7171044730954668,13.588432495936093,0.08135444151275285,0.005277044854881266,
D:\CADtest\papertest\go_nogo1\sources\urdf_files_dataset\urdf_files\ros-industrial\xacro_generated\fanuc\fanuc_lrmate200ic_support\meshes\lrmate200ic5l\visual\link_2.stl,1098.0,551.0,0.3266723596034908,0.5739573336525737,True,1.0,0.6410464492109625,12.271074355484917,0.060109289617486336,0.009714632665452338,
D:\CADtest\papertest\go_nogo1\sources\urdf_files_dataset\urdf_files\ros-industrial\xacro_generated\fanuc\fanuc_lrmate200ic_support\meshes\lrmate200ic5l\visual\link_4.stl,1010.0,507.0,0.15721812554234305,0.40585272675709305,True,1.0,0.7429376063980152,14.947615454549556,0.09768976897689768,0.005280528052805281,
D:\CADtest\papertest\go_nogo1\sources\urdf_files_dataset\urdf_files\ros-industrial\xacro_generated\fanuc\fanuc_lrmate200id_support\meshes\lrmate200id\visual\base_link.stl,2390.0,1197.0,0.1759219192222197,0.32228099933300847,True,1.0,0.6759475755486624,9.626853346029193,0.03793584379358438,0.0298465829846583,
D:\CADtest\papertest\go_nogo1\sources\urdf_files_dataset\urdf_files\ros-industrial\xacro_generated\fanuc\fanuc_lrmate200id_support\meshes\lrmate200id\visual\link_1.stl,4570.0,2290.0,0.18937797643202167,0.38079128561057535,False,1.0,0.8209352785877083,6.7614406827547855,0.018989190768331873,0.017090271691498685,
D:\CADtest\papertest\go_nogo1\sources\urdf_files_dataset\urdf_files\ros-industrial\xacro_generated\fanuc\fanuc_lrmate200id_support\meshes\lrmate200id\visual\link_2.stl,5070.0,2539.0,0.2931718323283641,0.5191609741077452,False,1.0,0.744738044513981,6.234135980199806,0.006974601921305435,0.0046058691933149095,
D:\CADtest\papertest\go_nogo1\sources\urdf_files_dataset\urdf_files\ros-industrial\xacro_generated\fanuc\fanuc_lrmate200id_support\meshes\lrmate200id\visual\link_3.stl,5845.0,2927.0,0.09755157312149151,0.2552538201882505,False,1.0,0.76588939300904,5.467711318927891,0.023858447488584476,0.013470319634703196,
D:\CADtest\papertest\go_nogo1\sources\urdf_files_dataset\urdf_files\ros-industrial\xacro_generated\fanuc\fanuc_lrmate200id_support\meshes\lrmate200id\visual\link_4.stl,3592.0,1798.0,0.12152291238006017,0.32671256837407914,True,1.0,0.6843056991126836,9.610370761006628,0.001855976243504083,0.0,
D:\CADtest\papertest\go_nogo1\sources\urdf_files_dataset\urdf_files\ros-industrial\xacro_generated\fanuc\fanuc_lrmate200id_support\meshes\lrmate200id\visual\link_5.stl,3228.0,1616.0,0.035994158302948845,0.1623073683002544,True,1.0,0.7808417537688792,9.456286815235732,0.006402313093762908,0.006402313093762908,
D:\CADtest\papertest\go_nogo1\sources\urdf_files_dataset\urdf_files\ros-industrial\xacro_generated\fanuc\fanuc_lrmate200id_support\meshes\lrmate200id\visual\link_6.stl,390.0,197.0,0.003225569359607855,0.056867802444496615,True,1.0,0.4792254439847748,90.0,0.3367521367521368,0.3367521367521368,
D:\CADtest\papertest\go_nogo1\sources\urdf_files_dataset\urdf_files\ros-industrial\xacro_generated\fanuc\fanuc_lrmate200id_support\meshes\lrmate200id4s\visual\base_link.stl,1277.0,642.0,0.16556065930694383,0.3182766072342416,False,1.0,0.684105535624191,14.8326834378996,0.032426778242677826,0.02981171548117155,
D:\CADtest\papertest\go_nogo1\sources\urdf_files_dataset\urdf_files\ros-industrial\xacro_generated\fanuc\fanuc_lrmate200id_support\meshes\lrmate200id4s\visual\link_1.stl,3024.0,1515.0,0.15063264907796378,0.32391541633903925,False,1.0,0.7625199529616852,7.575909274023434,0.010809618354290756,0.010809618354290756,
D:\CADtest\papertest\go_nogo1\sources\urdf_files_dataset\urdf_files\ros-industrial\xacro_generated\fanuc\fanuc_lrmate200id_support\meshes\lrmate200id4s\visual\link_2.stl,2796.0,1400.0,0.21926740880062867,0.4393982292459596,True,1.0,0.7420214833173816,11.092101387608865,0.0026227944682880307,0.0,
D:\CADtest\papertest\go_nogo1\sources\urdf_files_dataset\urdf_files\ros-industrial\xacro_generated\fanuc\fanuc_lrmate200id_support\meshes\lrmate200id4s\visual\link_3.stl,2576.0,1291.0,0.0789089678174517,0.2264402987421161,False,1.0,0.7958580784121433,10.11314174666302,0.017353017353017353,0.00518000518000518,
D:\CADtest\papertest\go_nogo1\sources\urdf_files_dataset\urdf_files\ros-industrial\xacro_generated\fanuc\fanuc_lrmate200id_support\meshes\lrmate200id4s\visual\link_4.stl,2904.0,1454.0,0.10223118826379722,0.2987317763989375,True,1.0,0.6785897024099178,10.99851919613647,0.003443526170798898,0.0,
D:\CADtest\papertest\go_nogo1\sources\urdf_files_dataset\urdf_files\ros-industrial\xacro_generated\fanuc\fanuc_lrmate200id_support\meshes\lrmate200id4s\visual\link_5.stl,1650.0,827.0,0.030720181755471324,0.14876613905478037,True,1.0,0.7906955102653547,14.65894956736605,0.015353535353535354,0.012121212121212121,
D:\CADtest\papertest\go_nogo1\sources\urdf_files_dataset\urdf_files\ros-industrial\xacro_generated\fanuc\fanuc_lrmate200id_support\meshes\lrmate200id4s\visual\link_6.stl,400.0,202.0,0.003977448208922369,0.057815153004742464,True,1.0,0.6807428024095964,45.05036937005058,0.33666666666666667,0.33666666666666667,
D:\CADtest\papertest\go_nogo1\sources\urdf_files_dataset\urdf_files\ros-industrial\xacro_generated\fanuc\fanuc_lrmate200id_support\meshes\lrmate200id7l\visual\link_2.stl,3186.0,1595.0,0.3597359428895765,0.6164831260629435,True,1.0,0.7194622374892584,6.757306686252856,0.005858966310943712,0.0052312199204854574,
D:\CADtest\papertest\go_nogo1\sources\urdf_files_dataset\urdf_files\ros-industrial\xacro_generated\fanuc\fanuc_lrmate200id_support\meshes\lrmate200id7l\visual\link_4.stl,2451.0,1229.0,0.15471301393910472,0.40358121864637614,False,1.0,0.7432450954760076,11.580107795828747,0.006806425265450586,0.001361285053090117,
D:\CADtest\papertest\go_nogo1\sources\urdf_files_dataset\urdf_files\ros-industrial\xacro_generated\fanuc\fanuc_m10ia_support\meshes\m10ia\visual\base_link.stl,411.0,208.0,0.38530463573913126,0.4886192085075323,False,1.0,0.6498473388356031,67.01582592525192,0.1821138211382114,0.15772357723577235,
D:\CADtest\papertest\go_nogo1\sources\urdf_files_dataset\urdf_files\ros-industrial\xacro_generated\fanuc\fanuc_m10ia_support\meshes\m10ia\visual\link_1.stl,902.0,453.0,0.3821956862278601,0.5577888419845691,True,1.0,0.7905588201067301,11.090954479285855,0.0827790096082779,0.04212860310421286,
D:\CADtest\papertest\go_nogo1\sources\urdf_files_dataset\urdf_files\ros-industrial\xacro_generated\fanuc\fanuc_m10ia_support\meshes\m10ia\visual\link_2.stl,1463.0,734.0,0.3736053222867436,0.7910754578123904,False,1.0,0.7000438858533288,9.272932797817138,0.04240766073871409,0.019151846785225718,
D:\CADtest\papertest\go_nogo1\sources\urdf_files_dataset\urdf_files\ros-industrial\xacro_generated\fanuc\fanuc_m10ia_support\meshes\m10ia\visual\link_3.stl,1060.0,532.0,0.27707298816452824,0.49841032803519647,True,1.0,0.7628230485855184,14.660103883938676,0.09811320754716982,0.050314465408805034,
D:\CADtest\papertest\go_nogo1\sources\urdf_files_dataset\urdf_files\ros-industrial\xacro_generated\fanuc\fanuc_m10ia_support\meshes\m10ia\visual\link_4.stl,1554.0,779.0,0.21661924253756876,0.544138662115901,True,1.0,0.6536675159386759,10.463619837692127,0.035607035607035604,0.014157014157014158,
D:\CADtest\papertest\go_nogo1\sources\urdf_files_dataset\urdf_files\ros-industrial\xacro_generated\fanuc\fanuc_m10ia_support\meshes\m10ia\visual\link_5.stl,1166.0,585.0,0.049170460740188715,0.2021212499647527,True,1.0,0.8259863835426053,22.660683302189693,0.12578616352201258,0.07089765580331618,
D:\CADtest\papertest\go_nogo1\sources\urdf_files_dataset\urdf_files\ros-industrial\xacro_generated\fanuc\fanuc_m10ia_support\meshes\m10ia\visual\link_6.stl,376.0,190.0,0.008427193332533693,0.08851208206239757,True,1.0,0.47426714301078,90.0,0.33687943262411346,0.33687943262411346,
D:\CADtest\papertest\go_nogo1\sources\urdf_files_dataset\urdf_files\ros-industrial\xacro_generated\fanuc\fanuc_m10ia_support\meshes\m10ia7l\visual\base_link.stl,330.0,167.0,0.33908843479492967,0.45573441111362534,True,1.0,0.6985945435065682,44.99977109794163,0.21212121212121213,0.14545454545454545,
D:\CADtest\papertest\go_nogo1\sources\urdf_files_dataset\urdf_files\ros-industrial\xacro_generated\fanuc\fanuc_m10ia_support\meshes\m10ia7l\visual\link_1.stl,552.0,278.0,0.41924959896064073,0.5909954572076984,True,1.0,0.8621629972760805,43.84275373477786,0.2318840579710145,0.1642512077294686,
D:\CADtest\papertest\go_nogo1\sources\urdf_files_dataset\urdf_files\ros-industrial\xacro_generated\fanuc\fanuc_m10ia_support\meshes\m10ia7l\visual\link_2.stl,1184.0,595.0,0.3756290116818919,0.7910665477095218,False,1.0,0.7148837272531405,25.04162564446746,0.18320180383314544,0.07271702367531004,
D:\CADtest\papertest\go_nogo1\sources\urdf_files_dataset\urdf_files\ros-industrial\xacro_generated\fanuc\fanuc_m10ia_support\meshes\m10ia7l\visual\link_3.stl,190.0,97.0,0.27137877245183856,0.492931313680369,True,1.0,0.7851712319166126,39.78055094494824,0.32280701754385965,0.1649122807017544,
D:\CADtest\papertest\go_nogo1\sources\urdf_files_dataset\urdf_files\ros-industrial\xacro_generated\fanuc\fanuc_m10ia_support\meshes\m10ia7l\visual\link_4.stl,566.0,285.0,0.31003954290538505,0.7513945688716109,True,1.0,0.7451108654496927,32.053804753380895,0.15901060070671377,0.10836277974087162,
D:\CADtest\papertest\go_nogo1\sources\urdf_files_dataset\urdf_files\ros-industrial\xacro_generated\fanuc\fanuc_m10ia_support\meshes\m10ia7l\visual\link_5.stl,612.0,308.0,0.04937436745630365,0.19754022209540018,True,1.0,0.8180937266201097,33.69658685587645,0.2766884531590414,0.18845315904139434,
D:\CADtest\papertest\go_nogo1\sources\urdf_files_dataset\urdf_files\ros-industrial\xacro_generated\fanuc\fanuc_m10ia_support\meshes\m10ia7l\visual\link_6.stl,156.0,80.0,0.0076664197428652735,0.08805689945975703,True,1.0,0.42502209276168806,90.0,0.3418803418803419,0.3418803418803419,
D:\CADtest\papertest\go_nogo1\sources\urdf_files_dataset\urdf_files\matlab\fanuc_m16ib_support\meshes\m16ib20\visual\base_link.stl,268.0,136.0,0.5510733275286386,0.5990956466888411,True,1.0,0.6458076125145451,37.621565818761795,0.24875621890547264,0.14427860696517414,
D:\CADtest\papertest\go_nogo1\sources\urdf_files_dataset\urdf_files\matlab\fanuc_m16ib_support\meshes\m16ib20\visual\link_1.stl,428.0,216.0,0.527452392379318,0.6770157972378786,True,1.0,0.808216317186322,28.111250400893432,0.17601246105919002,0.09190031152647975,
D:\CADtest\papertest\go_nogo1\sources\urdf_files_dataset\urdf_files\matlab\fanuc_m16ib_support\meshes\m16ib20\visual\link_2.stl,638.0,321.0,0.5919778861770483,1.0351680685670102,True,1.0,0.6450936798630602,16.926402472928096,0.12748171368861025,0.05642633228840126,
D:\CADtest\papertest\go_nogo1\sources\urdf_files_dataset\urdf_files\matlab\fanuc_m16ib_support\meshes\m16ib20\visual\link_3.stl,368.0,186.0,0.3839529783223529,0.5267858247634125,True,1.0,0.8305110627061059,32.049101417951896,0.25905797101449274,0.11413043478260869,
D:\CADtest\papertest\go_nogo1\sources\urdf_files_dataset\urdf_files\matlab\fanuc_m16ib_support\meshes\m16ib20\visual\link_4.stl,414.0,209.0,0.3114583753069523,0.6529563328748618,True,1.0,0.7005250061356821,27.54621904231587,0.19001610305958133,0.06924315619967794,
D:\CADtest\papertest\go_nogo1\sources\urdf_files_dataset\urdf_files\matlab\fanuc_m16ib_support\meshes\m16ib20\visual\link_5.stl,520.0,262.0,0.0728180645201262,0.2200318073738954,True,1.0,0.7234008859060898,22.691960363789182,0.24358974358974358,0.05384615384615385,
D:\CADtest\papertest\go_nogo1\sources\urdf_files_dataset\urdf_files\matlab\fanuc_m16ib_support\meshes\m16ib20\visual\link_6.stl,419.0,212.0,0.013848181676726854,0.1217314113123326,False,1.0,0.6295968881773019,43.59117029940618,0.2727272727272727,0.2727272727272727,
D:\CADtest\papertest\go_nogo1\sources\urdf_files_dataset\urdf_files\ros-industrial\xacro_generated\fanuc\fanuc_m20ia_support\meshes\m20ia\visual\base_link.stl,854.0,429.0,0.5258075437765893,0.5949858906651893,True,1.0,0.7392658307278231,23.049668453965044,0.16237314597970337,0.04449648711943794,
D:\CADtest\papertest\go_nogo1\sources\urdf_files_dataset\urdf_files\ros-industrial\xacro_generated\fanuc\fanuc_m20ia_support\meshes\m20ia\visual\link_1.stl,906.0,455.0,0.5548657801702168,0.6832582988968203,True,1.0,0.800484796714791,14.994347531465268,0.10007358351729213,0.04562178072111847,
D:\CADtest\papertest\go_nogo1\sources\urdf_files_dataset\urdf_files\ros-industrial\xacro_generated\fanuc\fanuc_m20ia_support\meshes\m20ia\visual\link_2.stl,2484.0,1244.0,0.6403600571649717,1.0543441305997612,True,1.0,0.7165519256993786,9.007068253107143,0.021202361782071927,0.0067096081588835215,
D:\CADtest\papertest\go_nogo1\sources\urdf_files_dataset\urdf_files\ros-industrial\xacro_generated\fanuc\fanuc_m20ia_support\meshes\m20ia\visual\link_3.stl,1542.0,773.0,0.4876376165446964,0.6814828713697798,True,1.0,0.7783400842585453,8.66555620529374,0.056636402939904885,0.028534370946822308,
D:\CADtest\papertest\go_nogo1\sources\urdf_files_dataset\urdf_files\ros-industrial\xacro_generated\fanuc\fanuc_m20ia_support\meshes\m20ia\visual\link_4.stl,4391.0,2199.0,0.34703443376592535,0.7229723012196,False,1.0,0.7216388823042327,5.780225502812032,0.01078699483439684,0.009723488301428137,
D:\CADtest\papertest\go_nogo1\sources\urdf_files_dataset\urdf_files\ros-industrial\xacro_generated\fanuc\fanuc_m20ia_support\meshes\m20ia\visual\link_5.stl,1420.0,712.0,0.06648339195749063,0.22629918331271823,True,1.0,0.7508326688264001,9.995820647992334,0.07699530516431925,0.06291079812206572,
D:\CADtest\papertest\go_nogo1\sources\urdf_files_dataset\urdf_files\ros-industrial\xacro_generated\fanuc\fanuc_m20ia_support\meshes\m20ia\visual\link_6.stl,438.0,221.0,0.013565840834144076,0.09590873611879383,True,1.0,0.6830634976039899,45.040645484261105,0.3363774733637747,0.3363774733637747,
D:\CADtest\papertest\go_nogo1\sources\urdf_files_dataset\urdf_files\ros-industrial\xacro_generated\fanuc\fanuc_m20ia_support\meshes\m20ia10l\visual\base_link.stl,426.0,215.0,0.528645766906106,0.5949421371570289,True,1.0,0.68571921066742,24.900997647720914,0.20031298904538342,0.0406885758998435,
D:\CADtest\papertest\go_nogo1\sources\urdf_files_dataset\urdf_files\ros-industrial\xacro_generated\fanuc\fanuc_m20ia_support\meshes\m20ia10l\visual\link_1.stl,412.0,208.0,0.5545167293148947,0.6833043096449292,True,1.0,0.8008721847978594,26.954764380462233,0.19902912621359223,0.06796116504854369,
D:\CADtest\papertest\go_nogo1\sources\urdf_files_dataset\urdf_files\ros-industrial\xacro_generated\fanuc\fanuc_m20ia_support\meshes\m20ia10l\visual\link_2.stl,872.0,438.0,0.6396156261146742,1.0543441305997612,True,1.0,0.7155143403983953,14.72525092919202,0.095565749235474,0.009174311926605505,
D:\CADtest\papertest\go_nogo1\sources\urdf_files_dataset\urdf_files\ros-industrial\xacro_generated\fanuc\fanuc_m20ia_support\meshes\m20ia10l\visual\link_3.stl,522.0,263.0,0.48744031968528956,0.6814621914489836,True,1.0,0.7761267219364512,21.738422372277416,0.17879948914431673,0.05491698595146871,
D:\CADtest\papertest\go_nogo1\sources\urdf_files_dataset\urdf_files\ros-industrial\xacro_generated\fanuc\fanuc_m20ia_support\meshes\m20ia10l\visual\link_4.stl,891.0,448.0,0.3764319491765242,0.8929460383498513,False,1.0,0.6894686308936847,12.252168528367294,0.0749063670411985,0.017977528089887642,
D:\CADtest\papertest\go_nogo1\sources\urdf_files_dataset\urdf_files\ros-industrial\xacro_generated\fanuc\fanuc_m20ia_support\meshes\m20ia10l\visual\link_5.stl,551.0,278.0,0.049119202374188584,0.2021212499647527,False,1.0,0.8341692585985442,28.212108193800454,0.18666666666666668,0.08121212121212121,
D:\CADtest\papertest\go_nogo1\sources\urdf_files_dataset\urdf_files\ros-industrial\xacro_generated\fanuc\fanuc_m20ia_support\meshes\m20ia10l\visual\link_6.stl,296.0,150.0,0.008410256540019966,0.08853257892672368,True,1.0,0.5346939475204247,45.09306367490203,0.33783783783783783,0.33783783783783783,
D:\CADtest\papertest\go_nogo1\sources\urdf_files_dataset\urdf_files\ros-industrial\xacro_generated\fanuc\fanuc_m20ib_support\meshes\m20ib25\visual\base_link.stl,1582.0,793.0,0.6580754841822651,0.6409095490021259,True,1.0,0.6234931973868801,14.508880867854744,0.07922461019806153,0.07206068268015171,
D:\CADtest\papertest\go_nogo1\sources\urdf_files_dataset\urdf_files\ros-industrial\xacro_generated\fanuc\fanuc_m20ib_support\meshes\m20ib25\visual\link_1.stl,3753.0,1879.0,0.8807098853175531,0.8196695041894922,False,1.0,0.8259664667549715,9.261427409939182,0.023454157782515993,0.008884150675195452,
D:\CADtest\papertest\go_nogo1\sources\urdf_files_dataset\urdf_files\ros-industrial\xacro_generated\fanuc\fanuc_m20ib_support\meshes\m20ib25\visual\link_2.stl,2368.0,1186.0,1.5674846658119541,1.2671248072715016,True,1.0,0.6881345036010192,7.510997198235754,0.038288288288288286,0.009853603603603604,
D:\CADtest\papertest\go_nogo1\sources\urdf_files_dataset\urdf_files\ros-industrial\xacro_generated\fanuc\fanuc_m20ib_support\meshes\m20ib25\visual\link_3.stl,1523.0,764.0,0.41387111865174564,0.5439435116851238,False,1.0,0.7828073250902093,10.402588674066926,0.04424003504161191,0.0319754708716601,
D:\CADtest\papertest\go_nogo1\sources\urdf_files_dataset\urdf_files\ros-industrial\xacro_generated\fanuc\fanuc_m20ib_support\meshes\m20ib25\visual\link_4.stl,2272.0,1138.0,0.461032987097591,0.8078182688592548,True,1.0,0.7672406921574232,9.098194109970024,0.011150234741784037,0.009976525821596244,
D:\CADtest\papertest\go_nogo1\sources\urdf_files_dataset\urdf_files\ros-industrial\xacro_generated\fanuc\fanuc_m20ib_support\meshes\m20ib25\visual\link_5.stl,690.0,347.0,0.06741501032002828,0.2176580530272832,True,1.0,0.8234585671058132,33.575899106104245,0.21835748792270532,0.1111111111111111,
D:\CADtest\papertest\go_nogo1\sources\urdf_files_dataset\urdf_files\ros-industrial\xacro_generated\fanuc\fanuc_m20ib_support\meshes\m20ib25\visual\link_6.stl,410.0,207.0,0.007019772881591543,0.0842426734695239,True,1.0,0.5549382476632824,45.05738215584967,0.25691056910569104,0.25691056910569104,
D:\CADtest\papertest\go_nogo1\sources\urdf_files_dataset\urdf_files\ros-industrial\xacro_generated\fanuc\fanuc_m430ia_support\meshes\m430ia2f\visual\base_link.stl,766.0,385.0,0.5125558920322701,0.5962149829445604,True,1.0,0.7317940200999766,20.17076663800237,0.12097476066144473,0.07658833768494343,
D:\CADtest\papertest\go_nogo1\sources\urdf_files_dataset\urdf_files\ros-industrial\xacro_generated\fanuc\fanuc_m430ia_support\meshes\m430ia2f\visual\link_1.stl,350.0,177.0,0.14638533550718774,0.33207385971306275,True,1.0,0.6645866890383888,78.87822630445686,0.2857142857142857,0.2723809523809524,
D:\CADtest\papertest\go_nogo1\sources\urdf_files_dataset\urdf_files\ros-industrial\xacro_generated\fanuc\fanuc_m430ia_support\meshes\m430ia2f\visual\link_2.stl,2272.0,1138.0,0.28519770209970885,0.5693995655372841,True,1.0,0.7470815323297916,9.662868585234884,0.02318075117370892,0.01232394366197183,
D:\CADtest\papertest\go_nogo1\sources\urdf_files_dataset\urdf_files\ros-industrial\xacro_generated\fanuc\fanuc_m430ia_support\meshes\m430ia2f\visual\link_3.stl,1682.0,843.0,0.34653674491980874,0.7806686831813004,True,1.0,0.7342109366002726,9.414597703232001,0.03884264764169639,0.033690051525961155,
D:\CADtest\papertest\go_nogo1\sources\urdf_files_dataset\urdf_files\ros-industrial\xacro_generated\fanuc\fanuc_m430ia_support\meshes\m430ia2f\visual\link_4.stl,936.0,470.0,0.03508766078758546,0.16509560044996868,True,1.0,0.709026770184006,47.038646148937325,0.1502849002849003,0.1396011396011396,
D:\CADtest\papertest\go_nogo1\sources\urdf_files_dataset\urdf_files\ros-industrial\xacro_generated\fanuc\fanuc_m430ia_support\meshes\m430ia2f\visual\link_5.stl,608.0,306.0,0.009881204552197962,0.09603376796631954,True,1.0,0.5782972518238952,45.03926659417171,0.2675438596491228,0.2675438596491228,
D:\CADtest\papertest\go_nogo1\sources\urdf_files_dataset\urdf_files\ros-industrial\xacro_generated\fanuc\fanuc_m430ia_support\meshes\m430ia2p\visual\base_link.stl,774.0,389.0,0.37708798692766576,0.511558656353222,True,1.0,0.6965744612492114,19.892483127517167,0.11972437553832903,0.07062876830318691,
D:\CADtest\papertest\go_nogo1\sources\urdf_files_dataset\urdf_files\ros-industrial\xacro_generated\fanuc\fanuc_m430ia_support\meshes\m430ia2p\visual\link_1.stl,350.0,177.0,0.1463853203471141,0.33207383862936024,True,1.0,0.6555436726755179,78.87822997956839,0.2857142857142857,0.2723809523809524,
D:\CADtest\papertest\go_nogo1\sources\urdf_files_dataset\urdf_files\ros-industrial\xacro_generated\fanuc\fanuc_m430ia_support\meshes\m430ia2p\visual\link_2.stl,2272.0,1138.0,0.2851977020770936,0.5693995655372841,True,1.0,0.7470946747507836,9.662872543616821,0.02318075117370892,0.01232394366197183,
D:\CADtest\papertest\go_nogo1\sources\urdf_files_dataset\urdf_files\ros-industrial\xacro_generated\fanuc\fanuc_m430ia_support\meshes\m430ia2p\visual\link_3.stl,2932.0,1468.0,0.14724000971502738,0.3378361244761313,True,1.0,0.8541422410065689,9.409270239222536,0.022964984083674398,0.017962710322874033,
D:\CADtest\papertest\go_nogo1\sources\urdf_files_dataset\urdf_files\ros-industrial\xacro_generated\fanuc\fanuc_m430ia_support\meshes\m430ia2p\visual\link_4.stl,414.0,209.0,0.12725394168072113,0.35834020242216474,True,1.0,0.6899642736493811,77.5260814035148,0.21739130434782608,0.20611916264090177,
D:\CADtest\papertest\go_nogo1\sources\urdf_files_dataset\urdf_files\ros-industrial\xacro_generated\fanuc\fanuc_m430ia_support\meshes\m430ia2p\visual\link_5.stl,936.0,470.0,0.03508765975751233,0.1650955968590854,True,1.0,0.7060731903458607,47.31991417622108,0.1502849002849003,0.14031339031339032,
D:\CADtest\papertest\go_nogo1\sources\urdf_files_dataset\urdf_files\ros-industrial\xacro_generated\fanuc\fanuc_m430ia_support\meshes\m430ia2p\visual\link_6.stl,608.0,306.0,0.009881204552197962,0.09603376796631954,True,1.0,0.6178536093583261,45.039266594171714,0.2675438596491228,0.2675438596491228,
D:\CADtest\papertest\go_nogo1\sources\urdf_files_dataset\urdf_files\ros-industrial\xacro_generated\fanuc\fanuc_m6ib_support\meshes\m6ib\visual\base_link.stl,244.0,124.0,0.4153421135192775,0.5354359386388208,True,1.0,0.693618909984823,56.97691138555407,0.27595628415300544,0.1994535519125683,
D:\CADtest\papertest\go_nogo1\sources\urdf_files_dataset\urdf_files\ros-industrial\xacro_generated\fanuc\fanuc_m6ib_support\meshes\m6ib\visual\link_1.stl,392.0,198.0,0.42492908942788776,0.6031544554802191,True,1.0,0.8564892270674123,30.472577772301538,0.2108843537414966,0.10374149659863946,
D:\CADtest\papertest\go_nogo1\sources\urdf_files_dataset\urdf_files\ros-industrial\xacro_generated\fanuc\fanuc_m6ib_support\meshes\m6ib\visual\link_2.stl,272.0,138.0,0.3428175458801481,0.7913358326377915,True,1.0,0.685817263609646,34.75190059438319,0.27205882352941174,0.10784313725490197,
D:\CADtest\papertest\go_nogo1\sources\urdf_files_dataset\urdf_files\ros-industrial\xacro_generated\fanuc\fanuc_m6ib_support\meshes\m6ib\visual\link_3.stl,256.0,130.0,0.26116008428761817,0.42269562591722154,True,1.0,0.7222260886607772,51.101153263645415,0.23958333333333334,0.14583333333333334,
D:\CADtest\papertest\go_nogo1\sources\urdf_files_dataset\urdf_files\ros-industrial\xacro_generated\fanuc\fanuc_m6ib_support\meshes\m6ib\visual\link_4.stl,142.0,73.0,0.23699198895442256,0.5389676139122527,True,1.0,0.6112123111385194,84.60571445276564,0.3286384976525822,0.2347417840375587,
D:\CADtest\papertest\go_nogo1\sources\urdf_files_dataset\urdf_files\ros-industrial\xacro_generated\fanuc\fanuc_m6ib_support\meshes\m6ib\visual\link_5.stl,350.0,177.0,0.07093594335403892,0.2086037100477558,True,1.0,0.6996068745833915,29.99946335122226,0.2819047619047619,0.09523809523809523,
D:\CADtest\papertest\go_nogo1\sources\urdf_files_dataset\urdf_files\ros-industrial\xacro_generated\fanuc\fanuc_m6ib_support\meshes\m6ib\visual\link_6.stl,210.0,107.0,0.009783822641994216,0.10394002707771026,True,1.0,0.5411239699505701,90.0,0.3396825396825397,0.3396825396825397,
D:\CADtest\papertest\go_nogo1\sources\urdf_files_dataset\urdf_files\ros-industrial\xacro_generated\fanuc\fanuc_m6ib_support\meshes\m6ib6s\visual\link_2.stl,326.0,165.0,0.2259497738484579,0.5612676194795009,True,1.0,0.7199917979260086,42.113631691860135,0.24948875255623723,0.15950920245398773,
D:\CADtest\papertest\go_nogo1\sources\urdf_files_dataset\urdf_files\ros-industrial\xacro_generated\fanuc\fanuc_m6ib_support\meshes\m6ib6s\visual\link_4.stl,410.0,207.0,0.16593454369244454,0.3714977053786456,True,1.0,0.685185988218527,29.876412379007654,0.21300813008130082,0.0975609756097561,
D:\CADtest\papertest\go_nogo1\sources\urdf_files_dataset\urdf_files\ros-industrial\xacro_generated\fanuc\fanuc_m710ic_support\meshes\m710ic45m\visual\link_2.stl,928.0,466.0,1.1279576899790416,1.4700970007610317,True,1.0,0.6454343712647316,44.378221923629205,0.2579022988505747,0.1875,
D:\CADtest\papertest\go_nogo1\sources\urdf_files_dataset\urdf_files\ros-industrial\xacro_generated\fanuc\fanuc_m710ic_support\meshes\m710ic45m\visual\link_4.stl,1154.0,579.0,0.6212217859390362,1.1521068154739122,True,1.0,0.6874805290771352,25.83336053175064,0.16984402079722705,0.09532062391681109,
D:\CADtest\papertest\go_nogo1\sources\urdf_files_dataset\urdf_files\ros-industrial\xacro_generated\fanuc\fanuc_m710ic_support\meshes\m710ic50\visual\base_link.stl,128.0,66.0,0.99043840452514,0.813440234561798,True,1.0,0.636588542592853,48.92445222455481,0.328125,0.265625,
D:\CADtest\papertest\go_nogo1\sources\urdf_files_dataset\urdf_files\ros-industrial\xacro_generated\fanuc\fanuc_m710ic_support\meshes\m710ic50\visual\link_1.stl,196.0,100.0,1.1655283635906521,1.0047897736619964,True,1.0,0.811278584499568,39.683774916480395,0.2755102040816326,0.13945578231292516,
D:\CADtest\papertest\go_nogo1\sources\urdf_files_dataset\urdf_files\ros-industrial\xacro_generated\fanuc\fanuc_m710ic_support\meshes\m710ic50\visual\link_3.stl,216.0,110.0,0.7082190963330566,0.766771620537711,True,1.0,0.7581111495089623,39.06780893480611,0.3117283950617284,0.1728395061728395,
D:\CADtest\papertest\go_nogo1\sources\urdf_files_dataset\urdf_files\ros-industrial\xacro_generated\fanuc\fanuc_m710ic_support\meshes\m710ic50\visual\link_5.stl,264.0,134.0,0.15691660867284468,0.3445821816018195,True,1.0,0.6986042385767314,59.45037392342128,0.22474747474747475,0.1893939393939394,
D:\CADtest\papertest\go_nogo1\sources\urdf_files_dataset\urdf_files\ros-industrial\xacro_generated\fanuc\fanuc_m710ic_support\meshes\m710ic50\visual\link_6.stl,278.0,141.0,0.032079107669292194,0.1776234669014043,True,1.0,0.4493562665229344,45.145546334236435,0.2637889688249401,0.2637889688249401,
D:\CADtest\papertest\go_nogo1\sources\urdf_files_dataset\urdf_files\ros-industrial\xacro_generated\fanuc\fanuc_m710ic_support\meshes\m710ic50\visual\link_2.stl,192.0,98.0,0.9048434434491058,1.2010070124499672,True,1.0,0.6580191759414086,42.583098613738144,0.3784722222222222,0.1701388888888889,
D:\CADtest\papertest\go_nogo1\sources\urdf_files_dataset\urdf_files\ros-industrial\xacro_generated\fanuc\fanuc_m710ic_support\meshes\m710ic50\visual\link_4.stl,180.0,92.0,0.4493254038799372,0.8491621925615931,True,1.0,0.6912731394280093,37.630035146579644,0.35555555555555557,0.1111111111111111,
D:\CADtest\papertest\go_nogo1\sources\urdf_files_dataset\urdf_files\ros-industrial\xacro_generated\fanuc\fanuc_m900ia_support\meshes\m900ia260l\visual\base_link.stl,236.0,120.0,1.8325024582280176,1.1473110843801653,True,1.0,0.702627570488769,53.85124149348417,0.3192090395480226,0.14124293785310735,
D:\CADtest\papertest\go_nogo1\sources\urdf_files_dataset\urdf_files\ros-industrial\xacro_generated\fanuc\fanuc_m900ia_support\meshes\m900ia260l\visual\link_1.stl,337.0,171.0,3.049442637416673,1.7791379029482428,False,1.0,0.7890715397474383,32.83661966397043,0.3055555555555556,0.18253968253968253,
D:\CADtest\papertest\go_nogo1\sources\urdf_files_dataset\urdf_files\ros-industrial\xacro_generated\fanuc\fanuc_m900ia_support\meshes\m900ia260l\visual\link_2.stl,400.0,202.0,1.8493722505774883,1.533135396690234,True,1.0,0.6316650743096822,51.25861396025134,0.19,0.14,
D:\CADtest\papertest\go_nogo1\sources\urdf_files_dataset\urdf_files\ros-industrial\xacro_generated\fanuc\fanuc_m900ia_support\meshes\m900ia260l\visual\link_3.stl,552.0,278.0,2.4427522103760553,2.0196103805421144,True,1.0,0.7398189509246335,35.83080179380969,0.15458937198067632,0.13043478260869565,
D:\CADtest\papertest\go_nogo1\sources\urdf_files_dataset\urdf_files\ros-industrial\xacro_generated\fanuc\fanuc_m900ia_support\meshes\m900ia260l\visual\link_4.stl,358.0,181.0,0.29185018559763914,0.5028784594619243,True,1.0,0.6949208355977293,79.26214327565711,0.25139664804469275,0.24394785847299813,
D:\CADtest\papertest\go_nogo1\sources\urdf_files_dataset\urdf_files\ros-industrial\xacro_generated\fanuc\fanuc_m900ia_support\meshes\m900ia260l\visual\link_5.stl,494.0,249.0,0.4069128084566278,0.5449549276168125,True,1.0,0.7379662678676296,64.53627423615299,0.18488529014844804,0.16734143049932523,
D:\CADtest\papertest\go_nogo1\sources\urdf_files_dataset\urdf_files\ros-industrial\xacro_generated\fanuc\fanuc_m900ia_support\meshes\m900ia260l\visual\link_6.stl,504.0,254.0,0.1249566614263287,0.35855357993900083,True,1.0,0.585487119430387,45.03676434830319,0.335978835978836,0.25396825396825395,
D:\CADtest\papertest\go_nogo1\sources\urdf_files_dataset\urdf_files\ros-industrial\xacro_generated\fanuc\fanuc_m900ia_support\meshes\m900ia260l\visual\plink_1.stl,422.0,213.0,0.6266766709958986,0.8810156551538848,True,1.0,0.6729768333340693,58.93386568749019,0.22906793048973143,0.13744075829383887,
D:\CADtest\papertest\go_nogo1\sources\urdf_files_dataset\urdf_files\ros-industrial\xacro_generated\fanuc\fanuc_m900ia_support\meshes\m900ia260l\visual\plink_2.stl,176.0,90.0,0.536328461051083,1.1823590317529624,True,1.0,0.44330764702799064,90.0,0.3143939393939394,0.3068181818181818,
D:\CADtest\papertest\go_nogo1\sources\urdf_files_dataset\urdf_files\ros-industrial\xacro_generated\fanuc\fanuc_m900ib_support\meshes\m900ib700\visual\balancer.stl,436.0,220.0,0.7361871345273885,0.9212912185467719,True,1.0,0.7799866449189659,27.92576249990451,0.12538226299694188,0.09327217125382263,
D:\CADtest\papertest\go_nogo1\sources\urdf_files_dataset\urdf_files\ros-industrial\xacro_generated\fanuc\fanuc_m900ib_support\meshes\m900ib700\visual\bar.stl,196.0,100.0,0.4030428836077863,1.2365940561447857,True,1.0,0.41519284780328486,90.0,0.2619047619047619,0.17687074829931973,
D:\CADtest\papertest\go_nogo1\sources\urdf_files_dataset\urdf_files\ros-industrial\xacro_generated\fanuc\fanuc_m900ib_support\meshes\m900ib700\visual\base_link.stl,338.0,171.0,2.004790147441578,1.341958122866896,True,1.0,0.660415860329599,32.748413842333285,0.1992110453648915,0.1341222879684418,
D:\CADtest\papertest\go_nogo1\sources\urdf_files_dataset\urdf_files\ros-industrial\xacro_generated\fanuc\fanuc_m900ib_support\meshes\m900ib700\visual\counterweight.stl,366.0,185.0,2.270851314251739,1.7245019877504997,True,1.0,0.6834543276322469,51.375384188217325,0.19489981785063754,0.13114754098360656,
D:\CADtest\papertest\go_nogo1\sources\urdf_files_dataset\urdf_files\ros-industrial\xacro_generated\fanuc\fanuc_m900ib_support\meshes\m900ib700\visual\link_1.stl,398.0,201.0,3.7735843059799645,2.0233843240941547,True,1.0,0.8355232633569567,26.34734260880584,0.20770519262981574,0.07537688442211055,
D:\CADtest\papertest\go_nogo1\sources\urdf_files_dataset\urdf_files\ros-industrial\xacro_generated\fanuc\fanuc_m900ib_support\meshes\m900ib700\visual\link_2.stl,322.0,163.0,2.4829359730758633,1.7568395920414905,True,1.0,0.6814555818283322,45.39299397209688,0.2505175983436853,0.19668737060041408,
D:\CADtest\papertest\go_nogo1\sources\urdf_files_dataset\urdf_files\ros-industrial\xacro_generated\fanuc\fanuc_m900ib_support\meshes\m900ib700\visual\link_3.stl,408.0,206.0,2.6676292735894105,1.9672868469709863,True,1.0,0.7666594127337439,26.425126135968735,0.16666666666666666,0.0784313725490196,
D:\CADtest\papertest\go_nogo1\sources\urdf_files_dataset\urdf_files\ros-industrial\xacro_generated\fanuc\fanuc_m900ib_support\meshes\m900ib700\visual\link_4.stl,258.0,131.0,0.3451356583636337,0.5365130991296535,True,1.0,0.7206811234665826,83.29955122048774,0.2868217054263566,0.21705426356589147,
D:\CADtest\papertest\go_nogo1\sources\urdf_files_dataset\urdf_files\ros-industrial\xacro_generated\fanuc\fanuc_m900ib_support\meshes\m900ib700\visual\link_5.stl,446.0,225.0,0.5220155090182264,0.6334264100695913,True,1.0,0.8135123229066135,41.82414332058329,0.25411061285500747,0.15097159940209268,
D:\CADtest\papertest\go_nogo1\sources\urdf_files_dataset\urdf_files\ros-industrial\xacro_generated\fanuc\fanuc_m900ib_support\meshes\m900ib700\visual\link_6.stl,384.0,194.0,0.1749336700585655,0.44611234685389933,True,1.0,0.4131728675223145,90.0,0.3368055555555556,0.2204861111111111,
D:\CADtest\papertest\go_nogo1\sources\urdf_files_dataset\urdf_files\ros-industrial\xacro_generated\fanuc\fanuc_m900ib_support\meshes\m900ib700\visual\piston.stl,198.0,101.0,0.16284833575718835,0.7340621598064032,True,1.0,0.5939097373363426,87.02353514092427,0.18181818181818182,0.1750841750841751,
D:\CADtest\papertest\go_nogo1\sources\urdf_files_dataset\urdf_files\ros-industrial\xacro_generated\fanuc\fanuc_r1000ia_support\meshes\r1000ia80f\visual\base_link.stl,136.0,70.0,0.9721590790157076,0.8127959302698258,True,1.0,0.6569982398166594,56.84289063477353,0.28921568627450983,0.1715686274509804,
D:\CADtest\papertest\go_nogo1\sources\urdf_files_dataset\urdf_files\ros-industrial\xacro_generated\fanuc\fanuc_r1000ia_support\meshes\r1000ia80f\visual\link_1.stl,316.0,161.0,1.0861489134222335,0.978623197282349,False,1.0,0.8385299873395605,23.344186692872718,0.18046709129511676,0.06581740976645435,
D:\CADtest\papertest\go_nogo1\sources\urdf_files_dataset\urdf_files\ros-industrial\xacro_generated\fanuc\fanuc_r1000ia_support\meshes\r1000ia80f\visual\link_2.stl,152.0,78.0,0.9883201568217415,1.2297628269667606,True,1.0,0.6694678525365418,64.4997101050616,0.35526315789473684,0.20614035087719298,
D:\CADtest\papertest\go_nogo1\sources\urdf_files_dataset\urdf_files\ros-industrial\xacro_generated\fanuc\fanuc_r1000ia_support\meshes\r1000ia80f\visual\link_3.stl,321.0,162.0,1.1780860565963276,1.2372682274729916,False,1.0,0.8809139315768147,44.60345943058005,0.4100418410041841,0.20920502092050208,
D:\CADtest\papertest\go_nogo1\sources\urdf_files_dataset\urdf_files\ros-industrial\xacro_generated\fanuc\fanuc_r1000ia_support\meshes\r1000ia80f\visual\link_4.stl,192.0,98.0,0.14407769383785138,0.3519193683269744,True,1.0,0.6412815738821736,52.26428842279637,0.2569444444444444,0.1597222222222222,
D:\CADtest\papertest\go_nogo1\sources\urdf_files_dataset\urdf_files\ros-industrial\xacro_generated\fanuc\fanuc_r1000ia_support\meshes\r1000ia80f\visual\link_5.stl,570.0,287.0,0.17714507020021578,0.37206504941332424,True,1.0,0.8133199285417059,22.436720737433067,0.21052631578947367,0.050292397660818715,
D:\CADtest\papertest\go_nogo1\sources\urdf_files_dataset\urdf_files\ros-industrial\xacro_generated\fanuc\fanuc_r1000ia_support\meshes\r1000ia80f\visual\link_6.stl,266.0,135.0,0.03500151742553381,0.19780655746783085,True,1.0,0.4614051803698234,51.9975830043332,0.22807017543859648,0.10776942355889724,
D:\CADtest\papertest\go_nogo1\sources\urdf_files_dataset\urdf_files\ros-industrial\xacro_generated\fanuc\fanuc_r2000ib_support\meshes\r2000ib210f\visual\base_link.stl,158.0,81.0,1.4692180791711194,1.0389595810710535,True,1.0,0.6382047243766578,45.39132110774516,0.3628691983122363,0.22362869198312235,
D:\CADtest\papertest\go_nogo1\sources\urdf_files_dataset\urdf_files\ros-industrial\xacro_generated\fanuc\fanuc_r2000ib_support\meshes\r2000ib210f\visual\link_1.stl,316.0,160.0,1.9924448581577203,1.3014164016356458,True,1.0,0.7914098725695837,43.52269458294861,0.2805907172995781,0.17932489451476794,
D:\CADtest\papertest\go_nogo1\sources\urdf_files_dataset\urdf_files\ros-industrial\xacro_generated\fanuc\fanuc_r2000ib_support\meshes\r2000ib210f\visual\link_2.stl,246.0,125.0,1.6761215791645017,1.5621360140303033,True,1.0,0.6395744282613745,68.15730648940574,0.2981029810298103,0.2032520325203252,
D:\CADtest\papertest\go_nogo1\sources\urdf_files_dataset\urdf_files\ros-industrial\xacro_generated\fanuc\fanuc_r2000ib_support\meshes\r2000ib210f\visual\link_3.stl,446.0,225.0,1.7047313002555802,1.421882476175059,True,1.0,0.7937784127403814,36.82005127692921,0.20179372197309417,0.11958146487294469,
D:\CADtest\papertest\go_nogo1\sources\urdf_files_dataset\urdf_files\ros-industrial\xacro_generated\fanuc\fanuc_r2000ib_support\meshes\r2000ib210f\visual\link_4.stl,318.0,161.0,0.25901598796193603,0.4788202701361092,True,1.0,0.7138075855281392,86.52961361868073,0.25157232704402516,0.2431865828092243,
D:\CADtest\papertest\go_nogo1\sources\urdf_files_dataset\urdf_files\ros-industrial\xacro_generated\fanuc\fanuc_r2000ib_support\meshes\r2000ib210f\visual\link_5.stl,406.0,205.0,0.33326627477212145,0.48814262901797983,True,1.0,0.6811761843885737,64.61590357215294,0.2315270935960591,0.2200328407224959,
D:\CADtest\papertest\go_nogo1\sources\urdf_files_dataset\urdf_files\ros-industrial\xacro_generated\fanuc\fanuc_r2000ib_support\meshes\r2000ib210f\visual\link_6.stl,476.0,240.0,0.08248181896131986,0.2725383063330483,True,1.0,0.6957554290329274,45.86070824438104,0.2689075630252101,0.2689075630252101,
D:\CADtest\papertest\go_nogo1\sources\urdf_files_dataset\urdf_files\ros-industrial\xacro_generated\fanuc\fanuc_r2000ic_support\meshes\r2000ic125l\visual\base_link.stl,316.0,160.0,1.5981065989690504,1.2234158262639903,True,1.0,0.6573551915132769,39.87638706374221,0.25738396624472576,0.13291139240506328,
D:\CADtest\papertest\go_nogo1\sources\urdf_files_dataset\urdf_files\ros-industrial\xacro_generated\fanuc\fanuc_r2000ic_support\meshes\r2000ic125l\visual\link_1.stl,454.0,229.0,2.020830329729739,1.4149178642987483,True,1.0,0.8409248197423451,22.887012656590265,0.19970631424375918,0.05726872246696035,
D:\CADtest\papertest\go_nogo1\sources\urdf_files_dataset\urdf_files\ros-industrial\xacro_generated\fanuc\fanuc_r2000ic_support\meshes\r2000ic125l\visual\link_2.stl,666.0,335.0,1.942007205343704,1.6754890260935078,True,1.0,0.6649453925116751,36.460737820076936,0.22022022022022023,0.11911911911911911,
D:\CADtest\papertest\go_nogo1\sources\urdf_files_dataset\urdf_files\ros-industrial\xacro_generated\fanuc\fanuc_r2000ic_support\meshes\r2000ic125l\visual\link_3.stl,560.0,282.0,2.2414245740864063,1.8250575262667659,True,1.0,0.7518815823125505,31.63822805702703,0.25357142857142856,0.13333333333333333,
D:\CADtest\papertest\go_nogo1\sources\urdf_files_dataset\urdf_files\ros-industrial\xacro_generated\fanuc\fanuc_r2000ic_support\meshes\r2000ic125l\visual\link_4.stl,218.0,111.0,0.20814105821481696,0.4175609769113791,True,1.0,0.6755870110916636,75.05377199718372,0.3180428134556575,0.21100917431192662,
D:\CADtest\papertest\go_nogo1\sources\urdf_files_dataset\urdf_files\ros-industrial\xacro_generated\fanuc\fanuc_r2000ic_support\meshes\r2000ic125l\visual\link_5.stl,324.0,164.0,0.2806139732376597,0.47074412782739555,True,1.0,0.8585052080094326,34.392921131435834,0.20781893004115226,0.11934156378600823,
D:\CADtest\papertest\go_nogo1\sources\urdf_files_dataset\urdf_files\ros-industrial\xacro_generated\fanuc\fanuc_r2000ic_support\meshes\r2000ic125l\visual\link_6.stl,250.0,127.0,0.05160042629921859,0.22782102280951397,True,1.0,0.616465810284967,87.76531526010629,0.3413333333333333,0.3333333333333333,
D:\CADtest\papertest\go_nogo1\sources\urdf_files_dataset\urdf_files\ros-industrial\xacro_generated\fanuc\fanuc_r2000ic_support\meshes\r2000ic165f\visual\base_link.stl,216.0,111.0,1.4692801128696065,1.0389596197725262,False,1.0,0.702534813677528,45.00002134433766,0.3302180685358255,0.20249221183800623,
D:\CADtest\papertest\go_nogo1\sources\urdf_files_dataset\urdf_files\ros-industrial\xacro_generated\fanuc\fanuc_r2000ic_support\meshes\r2000ic165f\visual\link_1.stl,468.0,236.0,1.9930991684019788,1.3015203189862479,True,1.0,0.7848733161624517,46.509628503385926,0.26495726495726496,0.1794871794871795,
D:\CADtest\papertest\go_nogo1\sources\urdf_files_dataset\urdf_files\ros-industrial\xacro_generated\fanuc\fanuc_r2000ic_support\meshes\r2000ic165f\visual\link_2.stl,388.0,196.0,1.677137748566185,1.5623145900584647,True,1.0,0.6324681712377543,70.37327130056957,0.281786941580756,0.20962199312714777,
D:\CADtest\papertest\go_nogo1\sources\urdf_files_dataset\urdf_files\ros-industrial\xacro_generated\fanuc\fanuc_r2000ic_support\meshes\r2000ic165f\visual\link_3.stl,712.0,358.0,1.7054783576341601,1.4220602902794615,True,1.0,0.7895664008972586,37.7486396618979,0.20318352059925093,0.11704119850187265,
D:\CADtest\papertest\go_nogo1\sources\urdf_files_dataset\urdf_files\ros-industrial\xacro_generated\fanuc\fanuc_r2000ic_support\meshes\r2000ic165f\visual\link_4.stl,318.0,161.0,0.25900956761986715,0.47896966032175575,True,1.0,0.6932896628991116,86.54672343343486,0.2557651991614256,0.24737945492662475,
D:\CADtest\papertest\go_nogo1\sources\urdf_files_dataset\urdf_files\ros-industrial\xacro_generated\fanuc\fanuc_r2000ic_support\meshes\r2000ic165f\visual\link_5.stl,440.0,222.0,0.35190569648077996,0.5136886440068992,True,1.0,0.7742129132665332,68.0800191211968,0.22424242424242424,0.22121212121212122,
D:\CADtest\papertest\go_nogo1\sources\urdf_files_dataset\urdf_files\ros-industrial\xacro_generated\fanuc\fanuc_r2000ic_support\meshes\r2000ic165f\visual\link_6.stl,292.0,148.0,0.05486016391593907,0.22799294575769705,True,1.0,0.509024427672547,89.99527022708189,0.3150684931506849,0.3150684931506849,
D:\CADtest\papertest\go_nogo1\sources\urdf_files_dataset\urdf_files\ros-industrial\xacro_generated\fanuc\fanuc_r2000ic_support\meshes\r2000ic210l\visual\base_link.stl,169.0,87.0,1.6105029546121257,1.08638510932911,False,1.0,0.718541667487371,54.39804098863665,0.32936507936507936,0.20634920634920634,
D:\CADtest\papertest\go_nogo1\sources\urdf_files_dataset\urdf_files\ros-industrial\xacro_generated\fanuc\fanuc_r2000ic_support\meshes\r2000ic210l\visual\link_1.stl,392.0,198.0,2.0902851469053974,1.3962889655928872,True,1.0,0.8159886909359946,35.12197916051316,0.23639455782312926,0.1326530612244898,
D:\CADtest\papertest\go_nogo1\sources\urdf_files_dataset\urdf_files\ros-industrial\xacro_generated\fanuc\fanuc_r2000ic_support\meshes\r2000ic210l\visual\link_2.stl,668.0,336.0,2.064095074458055,1.6348201948541112,True,1.0,0.6954759913211749,41.05412735986734,0.19461077844311378,0.13373253493013973,
D:\CADtest\papertest\go_nogo1\sources\urdf_files_dataset\urdf_files\ros-industrial\xacro_generated\fanuc\fanuc_r2000ic_support\meshes\r2000ic210l\visual\link_3.stl,586.0,295.0,2.758713369368352,2.0410587413597434,True,1.0,0.7381353291081453,24.850601799797584,0.14334470989761092,0.08873720136518772,
D:\CADtest\papertest\go_nogo1\sources\urdf_files_dataset\urdf_files\ros-industrial\xacro_generated\fanuc\fanuc_r2000ic_support\meshes\r2000ic210l\visual\link_4.stl,528.0,266.0,0.26314328116964536,0.4722123404518841,True,1.0,0.6629949823817071,19.008877032575477,0.11363636363636363,0.0946969696969697,
D:\CADtest\papertest\go_nogo1\sources\urdf_files_dataset\urdf_files\ros-industrial\xacro_generated\fanuc\fanuc_r2000ic_support\meshes\r2000ic210l\visual\link_5.stl,1504.0,754.0,0.34581455095801594,0.519949180300408,True,1.0,0.8199218165055993,8.339193248548408,0.05673758865248227,0.054078014184397165,
D:\CADtest\papertest\go_nogo1\sources\urdf_files_dataset\urdf_files\ros-industrial\xacro_generated\fanuc\fanuc_r2000ic_support\meshes\r2000ic210l\visual\link_6.stl,590.0,297.0,0.08146413602937147,0.2858689456218634,True,1.0,0.565304913270863,61.050831277435165,0.1977401129943503,0.13785310734463277,
D:\CADtest\papertest\go_nogo1\sources\urdf_files_dataset\urdf_files\ros-industrial\xacro_generated\fanuc\fanuc_r2000ic_support\meshes\r2000ic270f\visual\base_link.stl,90.0,47.0,1.6079939390046236,1.086385063818494,True,1.0,0.6350207858114068,59.17600498747996,0.42962962962962964,0.23703703703703705,
D:\CADtest\papertest\go_nogo1\sources\urdf_files_dataset\urdf_files\ros-industrial\xacro_generated\fanuc\fanuc_r2000ic_support\meshes\r2000ic270f\visual\link_1.stl,164.0,84.0,2.091205065464865,1.396018169604614,True,1.0,0.7932557568533367,36.32242157650272,0.36585365853658536,0.15853658536585366,
D:\CADtest\papertest\go_nogo1\sources\urdf_files_dataset\urdf_files\ros-industrial\xacro_generated\fanuc\fanuc_r2000ic_support\meshes\r2000ic270f\visual\link_2.stl,233.0,119.0,2.0538022656436525,1.6334292811057936,False,1.0,0.6906914560575002,45.70909069361871,0.28160919540229884,0.14367816091954022,
D:\CADtest\papertest\go_nogo1\sources\urdf_files_dataset\urdf_files\ros-industrial\xacro_generated\fanuc\fanuc_r2000ic_support\meshes\r2000ic270f\visual\link_3.stl,242.0,123.0,2.1289815472190474,1.6547466828855637,True,1.0,0.7507650768251074,32.892463388243016,0.24793388429752067,0.1184573002754821,
D:\CADtest\papertest\go_nogo1\sources\urdf_files_dataset\urdf_files\ros-industrial\xacro_generated\fanuc\fanuc_r2000ic_support\meshes\r2000ic270f\visual\link_4.stl,124.0,64.0,0.26073588283206034,0.47221212768823706,True,1.0,0.677097519539679,71.27544497433587,0.3279569892473118,0.1827956989247312,
D:\CADtest\papertest\go_nogo1\sources\urdf_files_dataset\urdf_files\ros-industrial\xacro_generated\fanuc\fanuc_r2000ic_support\meshes\r2000ic270f\visual\link_5.stl,284.0,144.0,0.3432642498244385,0.5187916632456702,True,1.0,0.7955817781510802,25.419808805743692,0.22300469483568075,0.08685446009389672,
D:\CADtest\papertest\go_nogo1\sources\urdf_files_dataset\urdf_files\ros-industrial\xacro_generated\fanuc\fanuc_r2000ic_support\meshes\r2000ic270f\visual\link_6.stl,194.0,99.0,0.07942885673240747,0.28482143238744156,True,1.0,0.6010680239851074,84.43409660209166,0.19931271477663232,0.15120274914089346,
D:\CADtest\papertest\go_nogo1\sources\urdf_files_dataset\urdf_files\oems\xacro_generated\franka_emika\franka_description\meshes\visual\link0.dae,20478.0,10483.0,0.13820954621454712,0.326027130118303,False,14.0,0.8146991402197366,81.30666427203356,0.25335349815886377,0.19019594950026303,
D:\CADtest\papertest\go_nogo1\sources\urdf_files_dataset\urdf_files\oems\xacro_generated\franka_emika\franka_description\meshes\visual\link1.dae,12516.0,6260.0,0.10808197149349834,0.32729092993855846,True,1.0,0.8993799954503191,4.181102562327893,0.011505273250239693,0.01049323532545009,
D:\CADtest\papertest\go_nogo1\sources\urdf_files_dataset\urdf_files\oems\xacro_generated\franka_emika\franka_description\meshes\visual\link2.dae,12716.0,6360.0,0.1087800660493883,0.3288176787157091,True,1.0,0.9135654879516594,4.159775752410146,0.012687427912341407,0.011481597986788298,
D:\CADtest\papertest\go_nogo1\sources\urdf_files_dataset\urdf_files\oems\xacro_generated\franka_emika\franka_description\meshes\visual\link3.dae,14233.0,40304.0,0.10936579843168366,0.30921550376873375,False,13025.0,0.8877650914178603,0.4224732737905057,0.0,0.0,
D:\CADtest\papertest\go_nogo1\sources\urdf_files_dataset\urdf_files\oems\xacro_generated\franka_emika\franka_description\meshes\visual\link4.dae,14620.0,7422.0,0.1104067436623012,0.31092366410204514,False,4.0,0.900784815455858,5.683998540366908,0.05524228670976023,0.03809654793013341,
D:\CADtest\papertest\go_nogo1\sources\urdf_files_dataset\urdf_files\oems\xacro_generated\franka_emika\franka_description\meshes\visual\link5.dae,18327.0,51179.0,0.1321894600983275,0.3783424144029499,False,16344.0,0.9020604975534111,0.35786604590679627,0.0,0.0,
D:\CADtest\papertest\go_nogo1\sources\urdf_files_dataset\urdf_files\oems\xacro_generated\franka_emika\franka_description\meshes\visual\link6.dae,21619.0,11818.0,0.09984964854985731,0.2501635097963406,False,37.0,0.8803305193708407,22.30590970915406,0.1406702523789822,0.0738359695744884,
D:\CADtest\papertest\go_nogo1\sources\urdf_files_dataset\urdf_files\oems\xacro_generated\franka_emika\franka_description\meshes\visual\link7.dae,12077.0,6362.0,0.04169266546052437,0.1755576685367753,False,8.0,0.8854819100944831,42.74495474272271,0.2628201519842387,0.15975232198142414,
D:\CADtest\papertest\go_nogo1\sources\urdf_files_dataset\urdf_files\matlab\franka_description\meshes\visual\finger.dae,624.0,1744.0,0.006791968782635402,0.06348582939773277,False,556.0,0.8633408658986106,0.35501712537346697,0.0,0.0,
D:\CADtest\papertest\go_nogo1\sources\urdf_files_dataset\urdf_files\matlab\franka_description\meshes\visual\hand.dae,7078.0,19828.0,0.06006417877683947,0.23292833181443656,False,6362.0,0.8255317418568564,0.23379568917716306,0.0,0.0,
D:\CADtest\papertest\go_nogo1\sources\urdf_files_dataset\urdf_files\matlab\franka_description\meshes\visual\link0.dae,20478.0,10483.0,0.13820954621454712,0.326027130118303,False,14.0,0.8146991402197366,81.30666427203356,0.25335349815886377,0.19019594950026303,
D:\CADtest\papertest\go_nogo1\sources\urdf_files_dataset\urdf_files\matlab\franka_description\meshes\visual\link1.dae,12516.0,6260.0,0.10808197149349834,0.32729092993855846,True,1.0,0.8993799954503191,4.181102562327893,0.011505273250239693,0.01049323532545009,
D:\CADtest\papertest\go_nogo1\sources\urdf_files_dataset\urdf_files\matlab\franka_description\meshes\visual\link2.dae,12716.0,6360.0,0.1087800660493883,0.3288176787157091,True,1.0,0.9135654879516594,4.159775752410146,0.012687427912341407,0.011481597986788298,
D:\CADtest\papertest\go_nogo1\sources\urdf_files_dataset\urdf_files\matlab\franka_description\meshes\visual\link3.dae,14233.0,40304.0,0.10936579843168366,0.30921550376873375,False,13025.0,0.8877650914178603,0.4224732737905057,0.0,0.0,
D:\CADtest\papertest\go_nogo1\sources\urdf_files_dataset\urdf_files\matlab\franka_description\meshes\visual\link4.dae,14620.0,7422.0,0.1104067436623012,0.31092366410204514,False,4.0,0.900784815455858,5.683998540366908,0.05524228670976023,0.03809654793013341,
D:\CADtest\papertest\go_nogo1\sources\urdf_files_dataset\urdf_files\matlab\franka_description\meshes\visual\link5.dae,18327.0,51179.0,0.1321894600983275,0.3783424144029499,False,16344.0,0.9020604975534111,0.35786604590679627,0.0,0.0,
D:\CADtest\papertest\go_nogo1\sources\urdf_files_dataset\urdf_files\matlab\franka_description\meshes\visual\link6.dae,21619.0,11818.0,0.09984964854985731,0.2501635097963406,False,37.0,0.8803305193708407,22.30590970915406,0.1406702523789822,0.0738359695744884,
D:\CADtest\papertest\go_nogo1\sources\urdf_files_dataset\urdf_files\matlab\franka_description\meshes\visual\link7.dae,12077.0,6362.0,0.04169266546052437,0.1755576685367753,False,8.0,0.8854819100944831,42.74495474272271,0.2628201519842387,0.15975232198142414,
D:\CADtest\papertest\go_nogo1\sources\urdf_files_dataset\urdf_files\ros-industrial\xacro_generated\kuka\kuka_kr10_support\meshes\kr10r1100sixx\visual\base_link.stl,11864.0,5927.0,0.3220938881023517,0.47108916246927934,False,1.0,0.8390419039155642,90.0,0.2864612616664792,0.28443719779601934,
D:\CADtest\papertest\go_nogo1\sources\urdf_files_dataset\urdf_files\ros-industrial\xacro_generated\kuka\kuka_kr10_support\meshes\kr10r1100sixx\visual\link_1.stl,8307.0,4167.0,0.3001195678016081,0.4556452953650941,False,1.0,0.7855432435689339,90.0,0.21577297210386687,0.20861805611383552,
D:\CADtest\papertest\go_nogo1\sources\urdf_files_dataset\urdf_files\ros-industrial\xacro_generated\kuka\kuka_kr10_support\meshes\kr10r1100sixx\visual\link_2.stl,13528.0,6794.0,0.5017286958285991,0.7961710659223027,False,3.0,0.7835556331942923,88.92551441128275,0.25049407114624506,0.2466897233201581,
D:\CADtest\papertest\go_nogo1\sources\urdf_files_dataset\urdf_files\ros-industrial\xacro_generated\kuka\kuka_kr10_support\meshes\kr10r1100sixx\visual\link_3.stl,7186.0,3599.0,0.11752488202126482,0.2900905063755229,False,1.0,0.7583346264737291,86.69380156597916,0.2423173335809117,0.2234704298579519,
D:\CADtest\papertest\go_nogo1\sources\urdf_files_dataset\urdf_files\ros-industrial\xacro_generated\kuka\kuka_kr10_support\meshes\kr10r1100sixx\visual\link_4.stl,13256.0,6633.0,0.1995061520774821,0.4872829169049693,False,2.0,0.809593925486801,90.0,0.25545719746504375,0.24695704657479126,
D:\CADtest\papertest\go_nogo1\sources\urdf_files_dataset\urdf_files\ros-industrial\xacro_generated\kuka\kuka_kr10_support\meshes\kr10r1100sixx\visual\link_5.stl,3652.0,1828.0,0.03712797975768174,0.16144232362906888,True,1.0,0.8163979243519335,89.99917900877723,0.23585250091274187,0.23329682365826945,
D:\CADtest\papertest\go_nogo1\sources\urdf_files_dataset\urdf_files\ros-industrial\xacro_generated\kuka\kuka_kr10_support\meshes\kr10r1100sixx\visual\link_6.stl,1988.0,996.0,0.005374366251111146,0.05837674174092831,True,1.0,0.6501381349915227,89.99999996023901,0.32696177062374243,0.32696177062374243,
D:\CADtest\papertest\go_nogo1\sources\urdf_files_dataset\urdf_files\ros-industrial\xacro_generated\kuka\kuka_kr10_support\meshes\kr10r1420\visual\base_link.stl,70003.0,34995.0,0.7038160305752856,0.5710533757607429,False,32.0,0.7795382150619629,90.0,0.38559358360084206,0.2416627770739467,
D:\CADtest\papertest\go_nogo1\sources\urdf_files_dataset\urdf_files\ros-industrial\xacro_generated\kuka\kuka_kr10_support\meshes\kr10r1420\visual\link_1.stl,,,,,,,,,,,ModuleNotFoundError: No module named 'networkx'
D:\CADtest\papertest\go_nogo1\sources\urdf_files_dataset\urdf_files\ros-industrial\xacro_generated\kuka\kuka_kr10_support\meshes\kr10r1420\visual\link_2.stl,10042.0,5029.0,0.3504019252713649,0.79200066592579,True,7.0,0.8474606253037463,78.69901713151864,0.23713735643630088,0.1408749917015203,
D:\CADtest\papertest\go_nogo1\sources\urdf_files_dataset\urdf_files\ros-industrial\xacro_generated\kuka\kuka_kr10_support\meshes\kr10r1420\visual\link_3.stl,9689.0,4849.0,0.347158378306872,0.5679177305012308,False,2.0,0.8052642514366296,89.38872939764427,0.28881090008257637,0.1687310762455271,
D:\CADtest\papertest\go_nogo1\sources\urdf_files_dataset\urdf_files\ros-industrial\xacro_generated\kuka\kuka_kr10_support\meshes\kr10r1420\visual\link_4.stl,8730.0,4379.0,0.1610372673441246,0.3942761089980461,True,9.0,0.8188617645887254,85.2649397154104,0.15433371515845742,0.13318060328369608,
D:\CADtest\papertest\go_nogo1\sources\urdf_files_dataset\urdf_files\ros-industrial\xacro_generated\kuka\kuka_kr10_support\meshes\kr10r1420\visual\link_5.stl,2718.0,1361.0,0.03712608929698946,0.16113707369109317,True,1.0,0.8325333581760628,89.91174548812516,0.212411086583272,0.200392445425558,
D:\CADtest\papertest\go_nogo1\sources\urdf_files_dataset\urdf_files\ros-industrial\xacro_generated\kuka\kuka_kr10_support\meshes\kr10r1420\visual\link_6.stl,1484.0,744.0,0.005374045223179482,0.05814587555556229,True,1.0,0.6823265274217686,90.0,0.39847259658580414,0.33647798742138363,
D:\CADtest\papertest\go_nogo1\sources\urdf_files_dataset\urdf_files\ros-industrial\xacro_generated\kuka\kuka_kr10_support\meshes\kr10r900_2\visual\base_link.stl,2046.0,1013.0,0.40014634625269335,0.4831729415693415,True,2.0,0.8530769284945054,90.55235059229396,0.4897360703812317,0.4102313457152167,
D:\CADtest\papertest\go_nogo1\sources\urdf_files_dataset\urdf_files\ros-industrial\xacro_generated\kuka\kuka_kr10_support\meshes\kr10r900_2\visual\link_1.stl,2720.0,1363.0,0.2865541023510513,0.45388208719208983,False,1.0,0.8660080701104363,82.4415959791513,0.26539121903360313,0.17341182241844494,
D:\CADtest\papertest\go_nogo1\sources\urdf_files_dataset\urdf_files\ros-industrial\xacro_generated\kuka\kuka_kr10_support\meshes\kr10r900_2\visual\link_2.stl,2919.0,1465.0,0.39030780865306136,0.689496681474475,False,1.0,0.8692810516504671,77.65506498633884,0.34493815849748055,0.20797068254695372,
D:\CADtest\papertest\go_nogo1\sources\urdf_files_dataset\urdf_files\ros-industrial\xacro_generated\kuka\kuka_kr10_support\meshes\kr10r900_2\visual\link_3.stl,2590.0,1298.0,0.15797309929771225,0.3664254899746874,False,1.0,0.8336754183381762,84.38871405639865,0.24240082431736218,0.16924265842349304,
D:\CADtest\papertest\go_nogo1\sources\urdf_files_dataset\urdf_files\ros-industrial\xacro_generated\kuka\kuka_kr10_support\meshes\kr10r900_2\visual\link_4.stl,5097.0,2551.0,0.13393739561516121,0.33313369837388246,False,1.0,0.882353195679355,60.968926993201656,0.30376766091051804,0.18144950287807432,
D:\CADtest\papertest\go_nogo1\sources\urdf_files_dataset\urdf_files\ros-industrial\xacro_generated\kuka\kuka_kr10_support\meshes\kr10r900_2\visual\link_5.stl,3760.0,1882.0,0.051488179121711816,0.18189736954605074,True,2.0,0.8031277771081681,90.0,0.2540780141843972,0.20602836879432623,
D:\CADtest\papertest\go_nogo1\sources\urdf_files_dataset\urdf_files\ros-industrial\xacro_generated\kuka\kuka_kr10_support\meshes\kr10r900_2\visual\link_6.stl,1204.0,604.0,0.01561341699447,0.1196195571567991,True,1.0,0.749619097077922,88.2741923561231,0.47231450719822815,0.27464008859357697,
D:\CADtest\papertest\go_nogo1\sources\urdf_files_dataset\urdf_files\ros-industrial\xacro_generated\kuka\kuka_kr150_support\meshes\kr150r3100_2\visual\base_link.stl,13824.0,6275.0,2.1939331158168125,1.4629967403331476,False,7.0,0.8773972809428209,88.86187516302815,0.3565811258278146,0.22423427152317882,
D:\CADtest\papertest\go_nogo1\sources\urdf_files_dataset\urdf_files\ros-industrial\xacro_generated\kuka\kuka_kr150_support\meshes\kr150r3100_2\visual\link_1.stl,,,,,,,,,,,ModuleNotFoundError: No module named 'networkx'
D:\CADtest\papertest\go_nogo1\sources\urdf_files_dataset\urdf_files\ros-industrial\xacro_generated\kuka\kuka_kr150_support\meshes\kr150r3100_2\visual\link_2.stl,5664.0,2951.0,2.2265222127786783,1.8817470014133237,False,9.0,0.8502773334425405,88.97151762544155,0.5008955223880597,0.36059701492537316,
D:\CADtest\papertest\go_nogo1\sources\urdf_files_dataset\urdf_files\ros-industrial\xacro_generated\kuka\kuka_kr150_support\meshes\kr150r3100_2\visual\link_3.stl,9766.0,4482.0,1.8186230235071932,1.6096094141836923,False,16.0,0.9068765842823038,90.0,0.5347521952671529,0.39849680011906535,
D:\CADtest\papertest\go_nogo1\sources\urdf_files_dataset\urdf_files\ros-industrial\xacro_generated\kuka\kuka_kr150_support\meshes\kr150r3100_2\visual\link_4.stl,3302.0,1651.0,0.26523007320357034,0.5258513410840531,True,2.0,0.872356914149708,90.3319572930073,0.4649707248132445,0.3513022410660206,
D:\CADtest\papertest\go_nogo1\sources\urdf_files_dataset\urdf_files\ros-industrial\xacro_generated\kuka\kuka_kr150_support\meshes\kr150r3100_2\visual\link_5.stl,5261.0,2642.0,0.33448953190426733,0.4701528785768946,False,6.0,0.8919381189089658,89.27964907729094,0.38861417522505387,0.2712057816660327,
D:\CADtest\papertest\go_nogo1\sources\urdf_files_dataset\urdf_files\ros-industrial\xacro_generated\kuka\kuka_kr150_support\meshes\kr150r3100_2\visual\link_6.stl,1074.0,539.0,0.05739890899808536,0.20584866396303467,True,1.0,0.7798366175391127,90.10076805470382,0.4761018001241465,0.3544382371198014,
D:\CADtest\papertest\go_nogo1\sources\urdf_files_dataset\urdf_files\ros-industrial\xacro_generated\kuka\kuka_kr150_support\meshes\kr150_2\visual\base_link.dae,3084.0,1523.0,2.71627097751968,1.588537887633441,False,1.0,0.6283944080200327,90.0,0.31386545533203547,0.3017521090201168,
D:\CADtest\papertest\go_nogo1\sources\urdf_files_dataset\urdf_files\ros-industrial\xacro_generated\kuka\kuka_kr150_support\meshes\kr150_2\visual\link_1.dae,13455.0,30837.0,5.392349759497574,1.6086576343179604,False,8598.0,0.7501280950556274,0.22699035752561367,0.0,0.0,
D:\CADtest\papertest\go_nogo1\sources\urdf_files_dataset\urdf_files\ros-industrial\xacro_generated\kuka\kuka_kr150_support\meshes\kr150_2\visual\link_2.dae,3536.0,1770.0,2.0915081177776473,1.796666694115622,True,1.0,0.7263339260005816,89.88325508984855,0.2669683257918552,0.25245098039215685,
D:\CADtest\papertest\go_nogo1\sources\urdf_files_dataset\urdf_files\ros-industrial\xacro_generated\kuka\kuka_kr150_support\meshes\kr150_2\visual\link_3.dae,7378.0,17055.0,2.0734544281206784,1.3563575935834289,False,4827.0,0.7997405524946093,0.1503531728463565,0.0,0.0,
D:\CADtest\papertest\go_nogo1\sources\urdf_files_dataset\urdf_files\ros-industrial\xacro_generated\kuka\kuka_kr150_support\meshes\kr150_2\visual\link_4.dae,7572.0,17829.0,0.5214499426526006,0.6083457450175519,False,5026.0,0.8272595900033043,0.298741648652383,0.0,0.0,
D:\CADtest\papertest\go_nogo1\sources\urdf_files_dataset\urdf_files\ros-industrial\xacro_generated\kuka\kuka_kr150_support\meshes\kr150_2\visual\link_5.dae,7486.0,3745.0,0.2721385726956248,0.4612556357791961,True,1.0,0.8092221397110911,12.009083509443258,0.07845756523287915,0.06002315433253184,
D:\CADtest\papertest\go_nogo1\sources\urdf_files_dataset\urdf_files\ros-industrial\xacro_generated\kuka\kuka_kr150_support\meshes\kr150_2\visual\link_6.dae,8606.0,4271.0,0.1643501531094137,0.2821392015752471,True,1.0,0.575363518160753,90.0,0.2316988147803858,0.2224804400030986,
D:\CADtest\papertest\go_nogo1\sources\urdf_files_dataset\urdf_files\ros-industrial\xacro_generated\kuka\kuka_kr3_support\meshes\kr3r540\visual\base_link.stl,8983.0,4479.0,0.27675357255256017,0.39511861350962596,False,3.0,0.7856819829342864,84.81847338647972,0.18616389548693588,0.13457541567695963,
D:\CADtest\papertest\go_nogo1\sources\urdf_files_dataset\urdf_files\ros-industrial\xacro_generated\kuka\kuka_kr3_support\meshes\kr3r540\visual\link_1.stl,6507.0,3262.0,0.1754440998662402,0.3819929342737162,False,4.0,0.878409535640066,34.3245443537095,0.29736653345629677,0.12480786965877651,
D:\CADtest\papertest\go_nogo1\sources\urdf_files_dataset\urdf_files\ros-industrial\xacro_generated\kuka\kuka_kr3_support\meshes\kr3r540\visual\link_2.stl,13960.0,6994.0,0.20237906466369315,0.4307499713127917,False,8.0,0.8757367486767894,28.73188975109439,0.2529021162757369,0.09434863612477906,
D:\CADtest\papertest\go_nogo1\sources\urdf_files_dataset\urdf_files\ros-industrial\xacro_generated\kuka\kuka_kr3_support\meshes\kr3r540\visual\link_3.stl,10220.0,5112.0,0.08676206567457725,0.2584257223205355,True,1.0,0.8552438593095099,18.33920247932285,0.15544683626875408,0.0441617742987606,
D:\CADtest\papertest\go_nogo1\sources\urdf_files_dataset\urdf_files\ros-industrial\xacro_generated\kuka\kuka_kr3_support\meshes\kr3r540\visual\link_4.stl,17114.0,8660.0,0.09827879217631594,0.25041280492300433,False,14.0,0.8718809810861893,34.98852300965309,0.20592604174810414,0.11594089594245954,
D:\CADtest\papertest\go_nogo1\sources\urdf_files_dataset\urdf_files\ros-industrial\xacro_generated\kuka\kuka_kr3_support\meshes\kr3r540\visual\link_5.stl,11546.0,5775.0,0.04032957015944244,0.1680003789274113,True,1.0,0.8404758745600486,18.38290482594414,0.1287025809804261,0.08343437842831572,
D:\CADtest\papertest\go_nogo1\sources\urdf_files_dataset\urdf_files\ros-industrial\xacro_generated\kuka\kuka_kr3_support\meshes\kr3r540\visual\link_6.stl,6242.0,3123.0,0.009338121392793566,0.07800205241259535,True,1.0,0.7347576544431892,90.0,0.3229734059596283,0.316672006835416,
D:\CADtest\papertest\go_nogo1\sources\urdf_files_dataset\urdf_files\ros-industrial\xacro_generated\kuka\kuka_kr5_support\meshes\kr5_arc\visual\base_link.dae,8498.0,16548.0,0.9466086229392096,0.6896833142379448,False,4082.0,0.7032964712359935,0.024334335540426733,0.0,0.0,
D:\CADtest\papertest\go_nogo1\sources\urdf_files_dataset\urdf_files\ros-industrial\xacro_generated\kuka\kuka_kr5_support\meshes\kr5_arc\visual\link_1.dae,7188.0,16631.0,0.856323510219879,0.7484887880110763,False,4733.0,0.8496333990490753,0.051939469646509986,0.0,0.0,
D:\CADtest\papertest\go_nogo1\sources\urdf_files_dataset\urdf_files\ros-industrial\xacro_generated\kuka\kuka_kr5_support\meshes\kr5_arc\visual\link_2.dae,4596.0,9557.0,0.641606983486231,0.9109776990263648,False,2473.0,0.8141634830870381,0.07034609118626303,0.0,0.0,
D:\CADtest\papertest\go_nogo1\sources\urdf_files_dataset\urdf_files\ros-industrial\xacro_generated\kuka\kuka_kr5_support\meshes\kr5_arc\visual\link_3.dae,4414.0,9926.0,0.6185886739787443,0.8153143666378421,False,2769.0,0.8577284379275865,0.01074136733359138,0.0,0.0,
D:\CADtest\papertest\go_nogo1\sources\urdf_files_dataset\urdf_files\ros-industrial\xacro_generated\kuka\kuka_kr5_support\meshes\kr5_arc\visual\link_4.dae,2212.0,4418.0,0.16757246133520998,0.37349648357152576,False,1109.0,0.8344889748015576,0.04519180246349691,0.0,0.0,
D:\CADtest\papertest\go_nogo1\sources\urdf_files_dataset\urdf_files\ros-industrial\xacro_generated\kuka\kuka_kr5_support\meshes\kr5_arc\visual\link_5.dae,1454.0,729.0,0.06039911955033818,0.21054740861807592,True,3.0,0.8197386359708242,90.0,0.3305823016964695,0.31866116460339294,
D:\CADtest\papertest\go_nogo1\sources\urdf_files_dataset\urdf_files\ros-industrial\xacro_generated\kuka\kuka_kr5_support\meshes\kr5_arc\visual\link_6.dae,712.0,344.0,0.0046947654122138395,0.07086166445500962,True,1.0,0.6666835373888471,90.43861723501601,0.3951310861423221,0.28651685393258425,
D:\CADtest\papertest\go_nogo1\sources\urdf_files_dataset\urdf_files\ros-industrial\xacro_generated\kuka\kuka_kr6_support\meshes\kr6_agilus\visual\base_link.dae,9140.0,4560.0,322217.30222574424,471.1263509263413,True,1.0,0.8684542562464175,90.0,0.25302698760029174,0.2349380014587892,
D:\CADtest\papertest\go_nogo1\sources\urdf_files_dataset\urdf_files\ros-industrial\xacro_generated\kuka\kuka_kr6_support\meshes\kr6_agilus\visual\link_1.dae,4711.0,2377.0,298331.7801009491,455.75905642758954,False,1.0,0.8253019558480784,89.11451360826568,0.17004968062455642,0.16068133427963094,
D:\CADtest\papertest\go_nogo1\sources\urdf_files_dataset\urdf_files\ros-industrial\xacro_generated\kuka\kuka_kr6_support\meshes\kr6_agilus\visual\link_3.dae,5001.0,2506.0,117178.38897117805,290.2178450029026,False,1.0,0.7851899034547226,88.68242271152937,0.18916032572420238,0.16886930983847284,
D:\CADtest\papertest\go_nogo1\sources\urdf_files_dataset\urdf_files\ros-industrial\xacro_generated\kuka\kuka_kr6_support\meshes\kr6_agilus\visual\link_5.dae,2564.0,1284.0,38070.48500031959,163.1858676154564,True,1.0,0.8628686562780523,89.5047671190972,0.2171086843473739,0.2108684347373895,
D:\CADtest\papertest\go_nogo1\sources\urdf_files_dataset\urdf_files\ros-industrial\xacro_generated\kuka\kuka_kr6_support\meshes\kr6_agilus\visual\link_6.dae,1502.0,753.0,5402.572165597854,58.16511302437479,True,1.0,0.7585694890152876,64.42618086186414,0.3550821127385708,0.2720816688859299,
D:\CADtest\papertest\go_nogo1\sources\urdf_files_dataset\urdf_files\ros-industrial\xacro_generated\kuka\kuka_kr6_support\meshes\kr6r700sixx\visual\link_2.dae,10058.0,5033.0,0.33242232405271355,0.5774838222075862,True,2.0,0.8148775680763011,80.1056745189474,0.17697355339033605,0.1669649367004706,
D:\CADtest\papertest\go_nogo1\sources\urdf_files_dataset\urdf_files\ros-industrial\xacro_generated\kuka\kuka_kr6_support\meshes\kr6r700sixx\visual\link_4.dae,11724.0,5867.0,0.14647647462302352,0.3533089923944066,False,1.0,0.8424638254286608,89.59769439700678,0.19679126130739033,0.18421801217500142,
D:\CADtest\papertest\go_nogo1\sources\urdf_files_dataset\urdf_files\ros-industrial\xacro_generated\kuka\kuka_kr6_support\meshes\kr6r900sixx\visual\link_2.dae,7085.0,3557.0,407690.4380050675,700.3508199170043,False,9.0,0.8176798208573455,86.6477198713355,0.20732166384340298,0.19659326181065312,
D:\CADtest\papertest\go_nogo1\sources\urdf_files_dataset\urdf_files\ros-industrial\xacro_generated\kuka\kuka_kr6_support\meshes\kr6r900sixx\visual\link_4.dae,6755.0,3380.0,159234.72703232107,399.4439857978904,False,1.0,0.8302264273028984,89.87868930922853,0.2688777021024578,0.21863587010166816,
D:\CADtest\papertest\go_nogo1\sources\urdf_files_dataset\urdf_files\matlab\iiwa_description\meshes\iiwa14\visual\link_0.stl,9493.0,4737.0,0.20083864815658609,0.3871909529744937,False,1.0,0.7135724983845118,24.478984634185046,0.22439949431099873,0.06250877932293862,
D:\CADtest\papertest\go_nogo1\sources\urdf_files_dataset\urdf_files\matlab\iiwa_description\meshes\iiwa14\visual\link_1.stl,10006.0,5006.0,0.16456366196138283,0.3981209747486887,False,1.0,0.8375804363021805,7.133475737984625,0.049910041980409145,0.045445458785899916,
D:\CADtest\papertest\go_nogo1\sources\urdf_files_dataset\urdf_files\matlab\iiwa_description\meshes\iiwa14\visual\link_2.stl,10596.0,5314.0,0.15608975744688283,0.39163644612325393,False,1.0,0.8798990748165884,7.8484196275250575,0.0646584320645324,0.06333501386438115,
D:\CADtest\papertest\go_nogo1\sources\urdf_files_dataset\urdf_files\matlab\iiwa_description\meshes\iiwa14\visual\link_3.stl,10462.0,5243.0,0.13622521638246665,0.3714279459092611,False,1.0,0.8539321246833255,72.12857733308228,0.12274322169059011,0.10768740031897926,
D:\CADtest\papertest\go_nogo1\sources\urdf_files_dataset\urdf_files\matlab\iiwa_description\meshes\iiwa14\visual\link_4.stl,10498.0,5260.0,0.12336477094019893,0.3399745637081853,False,1.0,0.8513199615062362,6.273903086743343,0.03267849195753068,0.03166126263589548,
D:\CADtest\papertest\go_nogo1\sources\urdf_files_dataset\urdf_files\matlab\iiwa_description\meshes\iiwa14\visual\link_5.stl,12902.0,6455.0,0.11268185053962973,0.3510212359480606,False,1.0,0.8511451286450288,10.063504067758416,0.08341516357434493,0.06739366375523283,
D:\CADtest\papertest\go_nogo1\sources\urdf_files_dataset\urdf_files\matlab\iiwa_description\meshes\iiwa14\visual\link_6.stl,7856.0,3930.0,0.08273101571769735,0.25390548419615094,True,1.0,0.8647119102585951,19.028226132937075,0.10760353021045485,0.09860828241683639,
D:\CADtest\papertest\go_nogo1\sources\urdf_files_dataset\urdf_files\matlab\iiwa_description\meshes\iiwa14\visual\link_7.stl,38138.0,19075.0,0.048327976217671306,0.1568076772599342,False,2.0,0.7450745705574167,9.99407675810492,0.06260161180357673,0.04824921769837246,
D:\CADtest\papertest\go_nogo1\sources\urdf_files_dataset\urdf_files\robotics-toolbox\kuka_description\kuka_lbr_iiwa\meshes\lbr_iiwa_14_r820\visual\base_link.dae,18462.0,9221.0,0.20095989198430114,0.3872305257572659,True,1.0,0.687273265106267,14.92988617710727,0.09731701151915646,0.05499584732603907,
D:\CADtest\papertest\go_nogo1\sources\urdf_files_dataset\urdf_files\robotics-toolbox\kuka_description\kuka_lbr_iiwa\meshes\lbr_iiwa_14_r820\visual\link_1.dae,4390.0,2197.0,0.16441230924726308,0.39810392219120433,True,1.0,0.814365669729687,12.156858005538433,0.0765375854214123,0.0630220197418375,
D:\CADtest\papertest\go_nogo1\sources\urdf_files_dataset\urdf_files\robotics-toolbox\kuka_description\kuka_lbr_iiwa\meshes\lbr_iiwa_14_r820\visual\link_2.dae,4921.0,3136.0,0.15595204506045884,0.3915802323897232,False,24.0,0.8214003758660602,8.786026863073086,0.02127026625018593,0.0,
D:\CADtest\papertest\go_nogo1\sources\urdf_files_dataset\urdf_files\robotics-toolbox\kuka_description\kuka_lbr_iiwa\meshes\lbr_iiwa_14_r820\visual\link_3.dae,5052.0,2900.0,0.1360945718894983,0.37140229963372356,False,14.0,0.84013300624102,52.97756821805383,0.14265889536497364,0.10893699694698862,
D:\CADtest\papertest\go_nogo1\sources\urdf_files_dataset\urdf_files\robotics-toolbox\kuka_description\kuka_lbr_iiwa\meshes\lbr_iiwa_14_r820\visual\link_4.dae,4563.0,2466.0,0.1252059321738157,0.3399163653349118,False,2.0,0.828683099803182,10.86032261465242,0.059437386569872956,0.04733817301875378,
D:\CADtest\papertest\go_nogo1\sources\urdf_files_dataset\urdf_files\robotics-toolbox\kuka_description\kuka_lbr_iiwa\meshes\lbr_iiwa_14_r820\visual\link_5.dae,5728.0,3120.0,0.11242429301108456,0.35095888260157876,False,12.0,0.8326589351005709,14.808782715358305,0.0978651954905253,0.07243943391700648,
D:\CADtest\papertest\go_nogo1\sources\urdf_files_dataset\urdf_files\robotics-toolbox\kuka_description\kuka_lbr_iiwa\meshes\lbr_iiwa_14_r820\visual\link_6.dae,6578.0,3815.0,0.08446828617974317,0.2537769539448036,False,83.0,0.8442013495793059,75.18521539764738,0.15402818113369904,0.1313326879638593,
D:\CADtest\papertest\go_nogo1\sources\urdf_files_dataset\urdf_files\robotics-toolbox\kuka_description\kuka_lbr_iiwa\meshes\lbr_iiwa_14_r820\visual\link_7.dae,23414.0,12073.0,0.035021209725236216,0.15675829005673372,False,27.0,0.7787412473789146,31.857177883035977,0.14659610572636544,0.10175731254853461,
D:\CADtest\papertest\go_nogo1\sources\urdf_files_dataset\urdf_files\matlab\iiwa_description\meshes\iiwa7\visual\link_0.stl,35644.0,17841.0,0.1591036526214234,0.33919376841901117,False,1.0,0.7125254707817794,9.293732730291275,0.04644808743169399,0.03533198592709035,
D:\CADtest\papertest\go_nogo1\sources\urdf_files_dataset\urdf_files\matlab\iiwa_description\meshes\iiwa7\visual\link_1.stl,9298.0,4663.0,0.12224296518676883,0.34632437517301445,False,1.0,0.8421969749125311,8.693133944463744,0.0791268758526603,0.06103252674660731,
D:\CADtest\papertest\go_nogo1\sources\urdf_files_dataset\urdf_files\matlab\iiwa_description\meshes\iiwa7\visual\link_2.stl,26558.0,13303.0,0.1268532124526865,0.33961238716639747,False,1.0,0.8688934014709889,9.728041306348905,0.07910342748014876,0.05930244245652829,
D:\CADtest\papertest\go_nogo1\sources\urdf_files_dataset\urdf_files\matlab\iiwa_description\meshes\iiwa7\visual\link_3.stl,10534.0,5284.0,0.1362307155523375,0.37141825168321,False,1.0,0.8533174027587594,72.6975264630659,0.12459577705915921,0.10893411958658297,
D:\CADtest\papertest\go_nogo1\sources\urdf_files_dataset\urdf_files\matlab\iiwa_description\meshes\iiwa7\visual\link_4.stl,26555.0,13298.0,0.12685321763152402,0.33961239269470245,False,1.0,0.8694777417829413,9.744152192177998,0.07925220494007086,0.05899942206698997,
D:\CADtest\papertest\go_nogo1\sources\urdf_files_dataset\urdf_files\matlab\iiwa_description\meshes\iiwa7\visual\link_5.stl,11608.0,5811.0,0.10132376093538856,0.35085343277894815,False,1.0,0.8276947511887659,8.227933498340516,0.06608435811975635,0.06045282151476842,
D:\CADtest\papertest\go_nogo1\sources\urdf_files_dataset\urdf_files\matlab\iiwa_description\meshes\iiwa7\visual\link_6.stl,26264.0,13135.0,0.0844417391509645,0.2604985838558816,False,1.0,0.9234029659798284,12.617720912801241,0.09288452263092428,0.0652146320412256,
D:\CADtest\papertest\go_nogo1\sources\urdf_files_dataset\urdf_files\matlab\iiwa_description\meshes\iiwa7\visual\link_7.stl,42616.0,21322.0,0.0350837347106899,0.1536291838725338,True,13.0,0.7779057502465263,13.395226130581984,0.09669294787560227,0.08416244290094488,
D:\CADtest\papertest\go_nogo1\sources\urdf_files_dataset\urdf_files\matlab\kortex_description\meshes\Bracelet_Link.STL,23296.0,11632.0,0.06588277122088315,0.15645549523078697,False,4.0,0.8120373050409769,86.11835722316228,0.2944493745169324,0.16643288580997911,
D:\CADtest\papertest\go_nogo1\sources\urdf_files_dataset\urdf_files\matlab\kortex_description\meshes\EndEffector_Link.STL,,,,,,,,,,,ValueError: scene has no triangle geometry
D:\CADtest\papertest\go_nogo1\sources\urdf_files_dataset\urdf_files\matlab\kortex_description\meshes\ForeArm_Link.STL,9124.0,4566.0,0.15354681072006673,0.29471069565673996,True,6.0,0.8737958935802017,44.90241774883923,0.17565395294461494,0.1337863510156364,
D:\CADtest\papertest\go_nogo1\sources\urdf_files_dataset\urdf_files\matlab\kortex_description\meshes\HalfArm1_Link.STL,10282.0,5145.0,0.18398433031708616,0.3013668506384117,True,6.0,0.8750411336621051,44.90189428622117,0.16793101212474876,0.11800557608766128,
D:\CADtest\papertest\go_nogo1\sources\urdf_files_dataset\urdf_files\matlab\kortex_description\meshes\HalfArm2_Link.STL,9782.0,4895.0,0.17979381838285335,0.2863656110238616,True,4.0,0.8941510249613093,45.05234722136501,0.18217133510529543,0.1230150616779118,
D:\CADtest\papertest\go_nogo1\sources\urdf_files_dataset\urdf_files\matlab\kortex_description\meshes\Shoulder_Link.STL,9522.0,4765.0,0.13135495461077212,0.21714053617285925,True,4.0,0.8819594325903038,30.02072600715026,0.16607155359518308,0.10277952811034097,
D:\CADtest\papertest\go_nogo1\sources\urdf_files_dataset\urdf_files\matlab\kortex_description\meshes\Wrist1_Link.STL,10928.0,5469.0,0.09872201617471352,0.1784242881697939,False,4.0,0.8976068454641661,45.16807801242101,0.12953020134228188,0.1153752287980476,
D:\CADtest\papertest\go_nogo1\sources\urdf_files_dataset\urdf_files\matlab\kortex_description\meshes\Wrist2_Link.STL,10335.0,5173.0,0.09874817255923848,0.19033220823736066,False,4.0,0.8997313551004132,45.19415825604441,0.14408310749774164,0.12117692605497483,
D:\CADtest\papertest\go_nogo1\sources\urdf_files_dataset\urdf_files\matlab\kortex_description\meshes\base_link.STL,3453.0,1756.0,0.07628042981326477,0.21502752452619225,False,15.0,0.7226611043623526,90.0,0.42338164251207727,0.314975845410628,
D:\CADtest\papertest\go_nogo1\sources\urdf_files_dataset\urdf_files\matlab\kortex_v12_description\arms\gen3\7dof\meshes\base_link.STL,3675.0,1867.0,0.07986669019136158,0.21502874110485956,False,15.0,0.7322428930496248,90.0,0.4250181554103123,0.3140885984023239,
D:\CADtest\papertest\go_nogo1\sources\urdf_files_dataset\urdf_files\matlab\kortex_v12_description\arms\gen3\7dof\meshes\bracelet_with_vision_link.STL,23280.0,11624.0,0.06632395731492804,0.15715601241445917,False,4.0,0.8209768348638578,82.6079501523205,0.2937637858431923,0.1655160560313959,
D:\CADtest\papertest\go_nogo1\sources\urdf_files_dataset\urdf_files\matlab\kortex_v12_description\arms\gen3\7dof\meshes\forearm_link.STL,9124.0,4566.0,0.15369743830821206,0.29471069565673996,True,6.0,0.8718282763187373,44.90241774883923,0.17565395294461494,0.1337863510156364,
D:\CADtest\papertest\go_nogo1\sources\urdf_files_dataset\urdf_files\matlab\kortex_v12_description\arms\gen3\7dof\meshes\half_arm_1_link.STL,10282.0,5145.0,0.18428557852206587,0.3013668506384117,True,6.0,0.8737079082933155,44.901888464830726,0.16793101212474876,0.11800557608766128,
D:\CADtest\papertest\go_nogo1\sources\urdf_files_dataset\urdf_files\matlab\kortex_v12_description\arms\gen3\7dof\meshes\half_arm_2_link.STL,9782.0,4895.0,0.18009506735305658,0.2863656110238616,True,4.0,0.8935498807425621,45.05234722136501,0.18217133510529543,0.1230150616779118,
D:\CADtest\papertest\go_nogo1\sources\urdf_files_dataset\urdf_files\matlab\kortex_v12_description\arms\gen3\7dof\meshes\shoulder_link.STL,9538.0,4773.0,0.13165620936101988,0.21714053617285925,True,4.0,0.8825270887710677,30.020763215300573,0.16621234360802403,0.10302649052911163,
D:\CADtest\papertest\go_nogo1\sources\urdf_files_dataset\urdf_files\matlab\kortex_v12_description\arms\gen3\7dof\meshes\spherical_wrist_1_link.STL,10928.0,5469.0,0.09872201655389073,0.1784242881697939,False,4.0,0.8968630059288023,45.16807801242101,0.12953020134228188,0.1153752287980476,
D:\CADtest\papertest\go_nogo1\sources\urdf_files_dataset\urdf_files\matlab\kortex_v12_description\arms\gen3\7dof\meshes\spherical_wrist_2_link.STL,10335.0,5173.0,0.09874817094587995,0.19033220823736066,False,4.0,0.8977513335549119,45.19415825604441,0.14408310749774164,0.12117692605497483,
D:\CADtest\papertest\go_nogo1\sources\urdf_files_dataset\urdf_files\oems\xacro_generated\kinova_robotics\kinova_description\meshes\arm.dae,8216.0,4110.0,0.0936483221012529,0.5012100488953121,True,1.0,0.7985790554210745,6.793700576287769,0.010548523206751054,0.006085686465433301,
D:\CADtest\papertest\go_nogo1\sources\urdf_files_dataset\urdf_files\oems\xacro_generated\kinova_robotics\kinova_description\meshes\base.dae,17068.0,8536.0,0.05861619287570354,0.19540484688885335,True,1.0,0.8046454420216246,8.758713841525411,0.025701117100226545,0.024177798609483634,
D:\CADtest\papertest\go_nogo1\sources\urdf_files_dataset\urdf_files\oems\xacro_generated\kinova_robotics\kinova_description\meshes\finger_distal.dae,1942.0,971.0,0.003963640267188445,0.06111987868032202,True,1.0,0.685868961066315,88.97435069346979,0.2588396841743907,0.25746652935118436,
D:\CADtest\papertest\go_nogo1\sources\urdf_files_dataset\urdf_files\oems\xacro_generated\kinova_robotics\kinova_description\meshes\finger_proximal.dae,2710.0,1357.0,0.005495629288938469,0.06771831407686363,True,1.0,0.7894286076786181,88.83222880603432,0.14169741697416974,0.13357933579335793,
D:\CADtest\papertest\go_nogo1\sources\urdf_files_dataset\urdf_files\oems\xacro_generated\kinova_robotics\kinova_description\meshes\forearm.dae,7006.0,3505.0,0.04974592469501548,0.26930918061297765,True,1.0,0.8537767968513053,6.393142712265857,0.00799314872966029,0.007422209534684556,
D:\CADtest\papertest\go_nogo1\sources\urdf_files_dataset\urdf_files\oems\xacro_generated\kinova_robotics\kinova_description\meshes\hand_3finger.dae,27908.0,13950.0,0.04238495296652621,0.18516129296707914,True,1.0,0.8995904588513227,9.28995460900664,0.03413597056996799,0.030767760737661843,
D:\CADtest\papertest\go_nogo1\sources\urdf_files_dataset\urdf_files\oems\xacro_generated\kinova_robotics\kinova_description\meshes\ring_big.dae,452.0,226.0,0.013334163840294753,0.12801562541540923,True,1.0,0.6903397255599873,90.0,0.3333333333333333,0.3333333333333333,
D:\CADtest\papertest\go_nogo1\sources\urdf_files_dataset\urdf_files\oems\xacro_generated\kinova_robotics\kinova_description\meshes\ring_small.dae,452.0,226.0,0.008572984632131134,0.09810113310866037,True,1.0,0.6907026076135029,90.0,0.3333333333333333,0.3333333333333333,
D:\CADtest\papertest\go_nogo1\sources\urdf_files_dataset\urdf_files\oems\xacro_generated\kinova_robotics\kinova_description\meshes\shoulder.dae,8202.0,4103.0,0.043723311988375715,0.19794703149223003,True,1.0,0.827451579524569,5.943484763949961,0.007802974884174592,0.007802974884174592,
D:\CADtest\papertest\go_nogo1\sources\urdf_files_dataset\urdf_files\matlab\kinova_description\meshes\arm.dae,8216.0,4110.0,0.09364838452326513,0.5012100680337671,True,1.0,0.7984993307203543,6.804110604516893,0.010548523206751054,0.006085686465433301,
D:\CADtest\papertest\go_nogo1\sources\urdf_files_dataset\urdf_files\matlab\kinova_description\meshes\base.dae,17068.0,8536.0,0.0586162344343259,0.19540486442389496,True,1.0,0.8068857732045583,8.759416084834957,0.025701117100226545,0.024138739161003047,
D:\CADtest\papertest\go_nogo1\sources\urdf_files_dataset\urdf_files\matlab\kinova_description\meshes\finger_distal.dae,1942.0,971.0,0.003963661231654963,0.06111997491310356,True,1.0,0.6849317873582486,88.97548645920263,0.2588396841743907,0.25746652935118436,
D:\CADtest\papertest\go_nogo1\sources\urdf_files_dataset\urdf_files\matlab\kinova_description\meshes\finger_proximal.dae,2710.0,1357.0,0.005495658275587418,0.06771837093642552,True,1.0,0.7907412551261472,88.83167356139948,0.14169741697416974,0.13357933579335793,
D:\CADtest\papertest\go_nogo1\sources\urdf_files_dataset\urdf_files\matlab\kinova_description\meshes\forearm.dae,7006.0,3505.0,0.049745997976688314,0.2693093036069413,True,1.0,0.8538555439505802,6.396287995154223,0.00799314872966029,0.007422209534684556,
D:\CADtest\papertest\go_nogo1\sources\urdf_files_dataset\urdf_files\matlab\kinova_description\meshes\hand_2finger.dae,50452.0,25232.0,0.04774115023516633,0.1739080102702945,False,3.0,0.9161552886093244,8.327722029919382,0.0541019135215139,0.04688656306163442,
D:\CADtest\papertest\go_nogo1\sources\urdf_files_dataset\urdf_files\matlab\kinova_description\meshes\ring_big.STL,452.0,226.0,0.013334184344537325,0.12801570341955354,True,1.0,0.690338743678315,90.0,0.3333333333333333,0.3333333333333333,
D:\CADtest\papertest\go_nogo1\sources\urdf_files_dataset\urdf_files\matlab\kinova_description\meshes\ring_small.STL,452.0,226.0,0.008573034396159494,0.09810119516581901,True,1.0,0.7027029647988661,90.0,0.3333333333333333,0.3333333333333333,
D:\CADtest\papertest\go_nogo1\sources\urdf_files_dataset\urdf_files\matlab\kinova_description\meshes\shoulder.dae,8202.0,4103.0,0.04372336849047715,0.19794704556568266,True,1.0,0.8291460016044174,5.940764036754227,0.007802974884174592,0.007802974884174592,
D:\CADtest\papertest\go_nogo1\sources\urdf_files_dataset\urdf_files\matlab\kinova_description\meshes\wrist.dae,3686.0,1845.0,0.02129215120406517,0.13933272290440052,True,1.0,0.8732062526762447,6.033031053589618,0.018086453246518357,0.018086453246518357,
D:\CADtest\papertest\go_nogo1\sources\urdf_files_dataset\urdf_files\matlab\kinova_description\meshes\hand_3finger.dae,27908.0,13950.0,0.04238497634429332,0.1851615851177508,True,1.0,0.8992373845994333,9.33772884323922,0.03576035545363337,0.030743872724666763,
D:\CADtest\papertest\go_nogo1\sources\urdf_files_dataset\urdf_files\matlab\kinova_description\meshes\arm_half_1.dae,6420.0,3212.0,0.060588853631073886,0.2731038941413986,True,1.0,0.8154790757402182,6.44260736796282,0.010488058151609553,0.008722741433021807,
D:\CADtest\papertest\go_nogo1\sources\urdf_files_dataset\urdf_files\matlab\kinova_description\meshes\arm_half_2.dae,6420.0,3212.0,0.0605888581794848,0.2731038906229687,True,1.0,0.81889949678097,6.456352668542257,0.010176531671858774,0.008722741433021807,
D:\CADtest\papertest\go_nogo1\sources\urdf_files_dataset\urdf_files\oems\xacro_generated\kinova_robotics\kinova_description\meshes\hand_2finger.dae,50452.0,25232.0,0.04774115023516633,0.1739080102702945,False,3.0,0.9161552886093244,8.327722029919382,0.0541019135215139,0.04688656306163442,
D:\CADtest\papertest\go_nogo1\sources\urdf_files_dataset\urdf_files\oems\xacro_generated\kinova_robotics\kinova_description\meshes\wrist_spherical_1.dae,7746.0,3875.0,0.02982951124356368,0.16878165938471276,True,1.0,0.871363466229129,5.8120701598093065,0.009122988208968069,0.007918065237972286,
D:\CADtest\papertest\go_nogo1\sources\urdf_files_dataset\urdf_files\oems\xacro_generated\kinova_robotics\kinova_description\meshes\wrist_spherical_2.dae,7746.0,3875.0,0.02982949742185681,0.16878166236416245,True,1.0,0.8858596671149712,5.811944001322676,0.009122988208968069,0.007918065237972286,
D:\CADtest\papertest\go_nogo1\sources\urdf_files_dataset\urdf_files\matlab\kinova_description\meshes\wrist_spherical_1.dae,7746.0,3875.0,0.02982951124356368,0.16878165938471276,True,1.0,0.871363466229129,5.8120701598093065,0.009122988208968069,0.007918065237972286,
D:\CADtest\papertest\go_nogo1\sources\urdf_files_dataset\urdf_files\matlab\kinova_description\meshes\wrist_spherical_2.dae,7746.0,3875.0,0.02982949742185681,0.16878166236416245,True,1.0,0.8858596671149712,5.811944001322676,0.009122988208968069,0.007918065237972286,
D:\CADtest\papertest\go_nogo1\sources\urdf_files_dataset\urdf_files\matlab\kinova_description\meshes\arm_mico.dae,8616.0,4310.0,0.07480669610858157,0.38403772408276976,True,1.0,0.8151921710517418,6.5295896260947055,0.008433921386567626,0.005725781491798205,
D:\CADtest\papertest\go_nogo1\sources\urdf_files_dataset\urdf_files\matlab\kinova_description\meshes\forearm_mico.dae,7632.0,3818.0,0.037470006022706365,0.19534421607622773,True,1.0,0.8497783306457336,6.084178525125001,0.007861635220125786,0.007861635220125786,
D:\CADtest\papertest\go_nogo1\sources\urdf_files_dataset\urdf_files\robotics-toolbox\al5d_description\meshes\base.stl,12510.0,6249.0,47345.22857622483,147.03146315067977,True,2.0,0.7713218010102532,71.93695952360363,0.3075939248601119,0.11926458832933653,
D:\CADtest\papertest\go_nogo1\sources\urdf_files_dataset\urdf_files\robotics-toolbox\al5d_description\meshes\link1.stl,7024.0,3442.0,46748.5572721933,150.4786189362939,True,3.0,0.5693821193678483,90.0,0.3891419893697798,0.2686977980258162,
D:\CADtest\papertest\go_nogo1\sources\urdf_files_dataset\urdf_files\robotics-toolbox\al5d_description\meshes\link2.stl,2272.0,1090.0,23387.832087547937,193.04582753174782,True,2.0,0.49993719101238016,90.0,0.4216549295774648,0.31866197183098594,
D:\CADtest\papertest\go_nogo1\sources\urdf_files_dataset\urdf_files\robotics-toolbox\al5d_description\meshes\link3.stl,13940.0,6665.0,55575.572281013505,264.0854905291762,False,9.0,0.6888595737822919,90.0,0.3895039750280447,0.2869336194703214,
D:\CADtest\papertest\go_nogo1\sources\urdf_files_dataset\urdf_files\robotics-toolbox\al5d_description\meshes\link4.stl,23206.0,11549.0,32480.519119271576,129.8693776353442,True,5.0,0.6008669247791569,80.25754477063069,0.29707834180815307,0.12809905484213852,
D:\CADtest\papertest\go_nogo1\sources\urdf_files_dataset\urdf_files\matlab\mecademic_description\meshes\meca_500_r3_base.dae,,,,,,,,,,,ModuleNotFoundError: No module named 'networkx'
D:\CADtest\papertest\go_nogo1\sources\urdf_files_dataset\urdf_files\matlab\mecademic_description\meshes\meca_500_r3_j1.dae,9552.0,4639.0,0.03820904181171522,0.15282491083206526,False,1.0,0.7745446122197538,89.65870117269442,0.3355803048065651,0.23417350527549824,
D:\CADtest\papertest\go_nogo1\sources\urdf_files_dataset\urdf_files\matlab\mecademic_description\meshes\meca_500_r3_j2.dae,,,,,,,,,,,ModuleNotFoundError: No module named 'networkx'
D:\CADtest\papertest\go_nogo1\sources\urdf_files_dataset\urdf_files\matlab\mecademic_description\meshes\meca_500_r3_j3.dae,,,,,,,,,,,ModuleNotFoundError: No module named 'networkx'
D:\CADtest\papertest\go_nogo1\sources\urdf_files_dataset\urdf_files\matlab\mecademic_description\meshes\meca_500_r3_j4.dae,,,,,,,,,,,ModuleNotFoundError: No module named 'networkx'
D:\CADtest\papertest\go_nogo1\sources\urdf_files_dataset\urdf_files\matlab\mecademic_description\meshes\meca_500_r3_j5.dae,,,,,,,,,,,ModuleNotFoundError: No module named 'networkx'
D:\CADtest\papertest\go_nogo1\sources\urdf_files_dataset\urdf_files\matlab\mecademic_description\meshes\meca_500_r3_j6.dae,800.0,402.0,0.0017528602645356607,0.037827351383421394,True,1.0,0.6657555394116346,90.0,0.4325,0.3258333333333333,
D:\CADtest\papertest\go_nogo1\sources\urdf_files_dataset\urdf_files\matlab\qarm_description\meshes\BICEP.STL,15884.0,7792.0,0.24976360392485805,0.4107225513241499,False,7.0,0.8372306634509274,90.0,0.40836351385496505,0.3067042870378169,
D:\CADtest\papertest\go_nogo1\sources\urdf_files_dataset\urdf_files\matlab\qarm_description\meshes\END-EFFECTOR.STL,4782.0,2359.0,0.005521359595513138,0.05150136890541928,True,2.0,0.7166796581370003,90.0,0.4179562247316325,0.3389098006412937,
D:\CADtest\papertest\go_nogo1\sources\urdf_files_dataset\urdf_files\matlab\qarm_description\meshes\FOREARM.STL,,,,,,,,,,,ModuleNotFoundError: No module named 'networkx'
D:\CADtest\papertest\go_nogo1\sources\urdf_files_dataset\urdf_files\matlab\qarm_description\meshes\YAW.STL,49392.0,24682.0,0.11677465075368362,0.22318755430670834,False,9.0,0.7477041155670061,66.29198364840276,0.382765044140277,0.28900407656380767,
D:\CADtest\papertest\go_nogo1\sources\urdf_files_dataset\urdf_files\matlab\qarm_description\meshes\base_link.STL,210862.0,105084.0,0.7178060487881877,0.4568483659438524,False,28.0,0.5058191174598641,63.001301393839945,0.3694245117141092,0.2784837396442206,
D:\CADtest\papertest\go_nogo1\sources\urdf_files_dataset\urdf_files\matlab\open_manipulator_description\meshes\chain_link1.stl,21376.0,10690.0,9386.59566794546,67.87238115235841,True,1.0,0.6703049024870723,89.99600556478491,0.3347367764471058,0.3347367764471058,
D:\CADtest\papertest\go_nogo1\sources\urdf_files_dataset\urdf_files\matlab\open_manipulator_description\meshes\chain_link2.stl,7866.0,3869.0,26056.92904434273,89.89203085813394,True,2.0,0.7662158615077702,90.0,0.49071955250444954,0.40469531316213236,
D:\CADtest\papertest\go_nogo1\sources\urdf_files_dataset\urdf_files\matlab\open_manipulator_description\meshes\chain_link3.stl,18412.0,8992.0,57629.223602547885,191.43736378463973,True,5.0,0.7638507704040681,90.0,0.44293576652907524,0.3416974436961402,
D:\CADtest\papertest\go_nogo1\sources\urdf_files_dataset\urdf_files\matlab\open_manipulator_description\meshes\chain_link4.stl,15638.0,7655.0,53422.33652012722,181.57816652993094,True,5.0,0.7552210425614472,90.0,0.45487487743530713,0.3645393699109008,
D:\CADtest\papertest\go_nogo1\sources\urdf_files_dataset\urdf_files\matlab\open_manipulator_description\meshes\chain_link5.stl,12958.0,6364.0,55734.34439350371,168.1909621082049,False,16.0,0.6705851268082944,90.0,0.4818383224277397,0.3836879798031841,
D:\CADtest\papertest\go_nogo1\sources\urdf_files_dataset\urdf_files\matlab\open_manipulator_description\meshes\chain_link_grip_l.stl,2682.0,1315.0,26215.929799122347,112.71944183331891,True,2.0,0.6798749475149402,90.0,0.4834700472284365,0.43823017648521007,
D:\CADtest\papertest\go_nogo1\sources\urdf_files_dataset\urdf_files\matlab\open_manipulator_description\meshes\chain_link_grip_r.stl,2712.0,1330.0,26223.995256518523,112.71944183331891,True,2.0,0.6971627770075121,90.0,0.4786135693215339,0.4358407079646018,
D:\CADtest\papertest\go_nogo1\sources\urdf_files_dataset\urdf_files\matlab\sawyer_description\meshes\sawyer_mp1\l6.DAE,22330.0,12123.0,0.044086032189700294,0.15152378795989807,False,21.0,0.773365670035291,88.44574456059568,0.19611578882674696,0.17856923360580174,
D:\CADtest\papertest\go_nogo1\sources\urdf_files_dataset\urdf_files\matlab\sawyer_description\meshes\sawyer_mp3\l0.DAE,43246.0,23888.0,0.18471680180651134,0.4087527124450962,False,42.0,0.8152100466667331,14.804028743448747,0.09627547434996486,0.07506548265508209,
D:\CADtest\papertest\go_nogo1\sources\urdf_files_dataset\urdf_files\matlab\sawyer_description\meshes\sawyer_mp3\l1.DAE,6426.0,4646.0,0.16501487663088552,0.3187039454618529,False,17.0,0.8678231527571864,5.590937010985798,0.0,0.0,
D:\CADtest\papertest\go_nogo1\sources\urdf_files_dataset\urdf_files\matlab\sawyer_description\meshes\sawyer_pv\base.DAE,11658.0,5861.0,0.1049745352800143,0.30823209857627176,False,2.0,0.6617495103485587,14.16056135539021,0.03396918141719654,0.015237440568253423,
D:\CADtest\papertest\go_nogo1\sources\urdf_files_dataset\urdf_files\matlab\sawyer_description\meshes\sawyer_pv\head.DAE,16158.0,9201.0,0.16520149539382026,0.3747792801297155,False,39.0,0.6782905409879539,23.676564420489424,0.1251891891891892,0.09050810810810811,
D:\CADtest\papertest\go_nogo1\sources\urdf_files_dataset\urdf_files\matlab\sawyer_description\meshes\sawyer_pv\l2.DAE,8252.0,5637.0,0.1052544294830039,0.34690114981296943,False,13.0,0.746298093663277,9.829116929595868,0.021104499814057272,0.005950167348456675,
D:\CADtest\papertest\go_nogo1\sources\urdf_files_dataset\urdf_files\matlab\sawyer_description\meshes\sawyer_pv\l3.DAE,8028.0,4438.0,0.09721052972241215,0.2753006947545638,False,5.0,0.8632448295229842,9.990737251270048,0.056449531021426726,0.05059805524481542,
D:\CADtest\papertest\go_nogo1\sources\urdf_files_dataset\urdf_files\matlab\sawyer_description\meshes\sawyer_pv\l4.DAE,54598.0,33156.0,0.11421693611334341,0.35001539538611154,False,75.0,0.8130224463588508,14.073263824128677,0.0663528297917105,0.041999789606564274,
D:\CADtest\papertest\go_nogo1\sources\urdf_files_dataset\urdf_files\matlab\sawyer_description\meshes\sawyer_pv\l5.DAE,24182.0,12867.0,0.06495029008681649,0.22176385494388295,False,8.0,0.9055804450524411,14.525309654275011,0.08810436154626394,0.07238250873436268,
D:\CADtest\papertest\go_nogo1\sources\urdf_files_dataset\urdf_files\matlab\sawyer_description\meshes\sawyer_pv\pedestal.DAE,32937.0,23136.0,2.5940619938027,1.3840723474777827,False,78.0,0.8681948612981147,89.99695409117246,0.43160467791411045,0.2664158358895706,
D:\CADtest\papertest\go_nogo1\sources\urdf_files_dataset\urdf_files\random\xacro_generated\schunk_modular_robotics\schunk_description\meshes\lwa4d\arm_1_link.stl,1834.0,921.0,0.1768809591942515,0.38320994852311496,True,2.0,0.8124418042736571,90.00000838729306,0.34714649218466015,0.3373318793166121,
D:\CADtest\papertest\go_nogo1\sources\urdf_files_dataset\urdf_files\random\xacro_generated\schunk_modular_robotics\schunk_description\meshes\lwa4d\arm_2_link.stl,1806.0,905.0,0.1666375219519962,0.2823297812241349,False,1.0,0.767587435352602,90.00000542817801,0.34835611377909126,0.33949021056520134,
D:\CADtest\papertest\go_nogo1\sources\urdf_files_dataset\urdf_files\random\xacro_generated\schunk_modular_robotics\schunk_description\meshes\lwa4d\arm_3_link.stl,1814.0,911.0,0.1316513157145161,0.3192737234493817,True,2.0,0.8299966497019244,90.0000170134785,0.350606394707828,0.3388460124954061,
D:\CADtest\papertest\go_nogo1\sources\urdf_files_dataset\urdf_files\random\xacro_generated\schunk_modular_robotics\schunk_description\meshes\lwa4d\arm_4_link.stl,1834.0,919.0,0.12312116732399464,0.2501581114813373,False,1.0,0.7884880176125768,90.00000394024498,0.3466715169152419,0.33139323390323755,
D:\CADtest\papertest\go_nogo1\sources\urdf_files_dataset\urdf_files\random\xacro_generated\schunk_modular_robotics\schunk_description\meshes\lwa4d\arm_5_link.stl,2368.0,1178.0,0.12263522289562796,0.3059941173599369,True,1.0,0.8064525679130037,90.00002355639722,0.33868243243243246,0.3372747747747748,
D:\CADtest\papertest\go_nogo1\sources\urdf_files_dataset\urdf_files\random\xacro_generated\schunk_modular_robotics\schunk_description\meshes\lwa4d\arm_6_link.stl,2074.0,1039.0,0.04569303522143496,0.2005833438262921,True,1.0,0.9580720888940425,8.144255896152286,0.07618129218900675,0.0742526518804243,
D:\CADtest\papertest\go_nogo1\sources\urdf_files_dataset\urdf_files\random\xacro_generated\schunk_modular_robotics\schunk_description\meshes\lwa4d\arm_7_link.stl,720.0,362.0,0.018750223664647535,0.12465735915900059,True,1.0,0.7221976090096379,90.0000014891354,0.27037037037037037,0.2574074074074074,
D:\CADtest\papertest\go_nogo1\sources\urdf_files_dataset\urdf_files\random\xacro_generated\schunk_modular_robotics\schunk_description\meshes\lwa4d\arm_podest_link.stl,248.0,128.0,0.1547664280534266,0.2967322057532524,True,2.0,0.6119714976736333,90.0,0.34408602150537637,0.34408602150537637,
D:\CADtest\papertest\go_nogo1\sources\urdf_files_dataset\urdf_files\random\xacro_generated\schunk_modular_robotics\schunk_description\meshes\lwa4p\arm_1_link.stl,2076.0,1040.0,0.0870519402225735,0.28520149696212826,True,1.0,0.9466050241037864,15.652178788303688,0.10822093770070648,0.09184328837508028,
D:\CADtest\papertest\go_nogo1\sources\urdf_files_dataset\urdf_files\random\xacro_generated\schunk_modular_robotics\schunk_description\meshes\lwa4p\arm_2_link.stl,3013.0,1510.0,0.154754936991891,0.4774681054506587,False,1.0,0.8242779890959534,22.607078876431352,0.21302037201062887,0.04650132860938884,
D:\CADtest\papertest\go_nogo1\sources\urdf_files_dataset\urdf_files\random\xacro_generated\schunk_modular_robotics\schunk_description\meshes\lwa4p\arm_3_link.stl,2076.0,1040.0,0.0870519402225735,0.28520149696212826,True,1.0,0.9442285942335477,15.652178788303688,0.10822093770070648,0.09184328837508028,
D:\CADtest\papertest\go_nogo1\sources\urdf_files_dataset\urdf_files\random\xacro_generated\schunk_modular_robotics\schunk_description\meshes\lwa4p\arm_4_link.stl,18408.0,9236.0,0.19056852572123895,0.3398643445016728,False,1.0,0.8910576652423116,14.975081603532384,0.09991631190190299,0.07306334825164647,
D:\CADtest\papertest\go_nogo1\sources\urdf_files_dataset\urdf_files\random\xacro_generated\schunk_modular_robotics\schunk_description\meshes\lwa4p\arm_5_link.stl,2074.0,1039.0,0.04569303521963744,0.20058333115870486,True,1.0,0.9309221920155485,8.144199365781699,0.07618129218900675,0.0742526518804243,
D:\CADtest\papertest\go_nogo1\sources\urdf_files_dataset\urdf_files\random\xacro_generated\schunk_modular_robotics\schunk_description\meshes\lwa4p\arm_6_link.stl,720.0,362.0,0.018750224115246617,0.12465736047390703,True,1.0,0.7221976146825417,90.0000014891354,0.27037037037037037,0.2574074074074074,
D:\CADtest\papertest\go_nogo1\sources\urdf_files_dataset\urdf_files\random\xacro_generated\schunk_modular_robotics\schunk_description\meshes\lwa4p\arm_base_link.stl,726.0,365.0,0.029464584039898052,0.1568646100460634,True,1.0,0.7076958611388616,90.00000298200403,0.26538108356290174,0.26538108356290174,
D:\CADtest\papertest\go_nogo1\sources\urdf_files_dataset\urdf_files\ros-industrial\staubli\staubli_rx160_support\meshes\rx160l\visual\link_4.stl,,,,,,,,,,,ModuleNotFoundError: No module named 'networkx'
D:\CADtest\papertest\go_nogo1\sources\urdf_files_dataset\urdf_files\ros-industrial\xacro_generated\staubli\staubli_tx60_support\meshes\tx60\visual\base_link.stl,8523.0,4263.0,0.2241521325772466,0.4322461460711,False,3.0,0.783301489512397,90.0,0.36098057644110276,0.22822681704260653,
D:\CADtest\papertest\go_nogo1\sources\urdf_files_dataset\urdf_files\ros-industrial\xacro_generated\staubli\staubli_tx60_support\meshes\tx60\visual\link_1.stl,3870.0,1937.0,0.2097998726990541,0.3925523900430247,True,1.0,0.8687038223141486,87.8878573781044,0.314900947459087,0.2509905254091301,
D:\CADtest\papertest\go_nogo1\sources\urdf_files_dataset\urdf_files\ros-industrial\xacro_generated\staubli\staubli_tx60_support\meshes\tx60\visual\link_2.stl,6750.0,3383.0,0.1999673014542517,0.4901296983339609,False,1.0,0.7107504281742237,36.45843527217011,0.25200356188780054,0.11081428712773325,
D:\CADtest\papertest\go_nogo1\sources\urdf_files_dataset\urdf_files\ros-industrial\xacro_generated\staubli\staubli_tx60_support\meshes\tx60\visual\link_3.stl,4068.0,2036.0,0.16395034653862894,0.347346326590759,True,1.0,0.8431534710471535,85.96778442080198,0.2695837430350705,0.24188790560471976,
D:\CADtest\papertest\go_nogo1\sources\urdf_files_dataset\urdf_files\ros-industrial\xacro_generated\staubli\staubli_tx60_support\meshes\tx60\visual\link_4.stl,9964.0,4988.0,0.15418902272438206,0.3044593258890075,False,13.0,0.7974094031500237,90.0,0.3581849819301298,0.2727881140409584,
D:\CADtest\papertest\go_nogo1\sources\urdf_files_dataset\urdf_files\ros-industrial\xacro_generated\staubli\staubli_tx60_support\meshes\tx60\visual\link_5.stl,3413.0,1707.0,0.02266265294192448,0.13008712982145065,False,1.0,0.7697287835767378,35.82952351706597,0.25973771775298493,0.11802701115678214,
D:\CADtest\papertest\go_nogo1\sources\urdf_files_dataset\urdf_files\ros-industrial\xacro_generated\staubli\staubli_tx60_support\meshes\tx60\visual\link_6.stl,992.0,486.0,0.004871460292912728,0.058833162595043,True,1.0,0.7499593698080972,90.0,0.3850806451612903,0.3131720430107527,
D:\CADtest\papertest\go_nogo1\sources\urdf_files_dataset\urdf_files\ros-industrial\xacro_generated\staubli\staubli_tx60_support\meshes\tx60l\visual\link_2.stl,6233.0,3125.0,0.24478257509876475,0.5931043181643357,False,1.0,0.6832845517838343,34.571716829151775,0.25712754555198286,0.10846730975348338,
D:\CADtest\papertest\go_nogo1\sources\urdf_files_dataset\urdf_files\ros-industrial\xacro_generated\staubli\staubli_tx60_support\meshes\tx60l\visual\link_4.stl,7775.0,3894.0,0.1830869180618121,0.4215855584914815,False,4.0,0.8329723561059652,90.0,0.39065180102915953,0.2897084048027444,
D:\CADtest\papertest\go_nogo1\sources\urdf_files_dataset\urdf_files\ros-industrial\xacro_generated\staubli\staubli_tx90_support\meshes\tx90\visual\base_link.stl,4832.0,2412.0,0.3099886668225246,0.45426161668522297,True,1.0,0.8251491498140888,62.287618182744765,0.25965783664459163,0.15631898454746138,
D:\CADtest\papertest\go_nogo1\sources\urdf_files_dataset\urdf_files\ros-industrial\xacro_generated\staubli\staubli_tx90_support\meshes\tx90\visual\link_1.stl,4900.0,2463.0,0.3747575092469242,0.5407042717642541,False,1.0,0.902763549678869,86.06789264749054,0.2954886193267003,0.22584162464222435,
D:\CADtest\papertest\go_nogo1\sources\urdf_files_dataset\urdf_files\ros-industrial\xacro_generated\staubli\staubli_tx90_support\meshes\tx90\visual\link_2.stl,5760.0,2882.0,0.3969169274776966,0.6958969897051085,True,1.0,0.7977784202563512,88.30642790002095,0.28425925925925927,0.1917824074074074,
D:\CADtest\papertest\go_nogo1\sources\urdf_files_dataset\urdf_files\ros-industrial\xacro_generated\staubli\staubli_tx90_support\meshes\tx90\visual\link_3.stl,6423.0,3213.0,0.21779220191437587,0.42114812503748844,False,1.0,0.902278361396373,68.74051828479071,0.2163845914235282,0.15117848613851106,
D:\CADtest\papertest\go_nogo1\sources\urdf_files_dataset\urdf_files\ros-industrial\xacro_generated\staubli\staubli_tx90_support\meshes\tx90\visual\link_4.stl,,,,,,,,,,,ModuleNotFoundError: No module named 'networkx'
D:\CADtest\papertest\go_nogo1\sources\urdf_files_dataset\urdf_files\ros-industrial\xacro_generated\staubli\staubli_tx90_support\meshes\tx90\visual\link_5.stl,6014.0,3007.0,0.04400060117838941,0.18506593643881727,False,1.0,0.8034860178190687,90.0,0.25673727403792834,0.17777531329710547,
D:\CADtest\papertest\go_nogo1\sources\urdf_files_dataset\urdf_files\ros-industrial\xacro_generated\staubli\staubli_tx90_support\meshes\tx90\visual\link_6.stl,4848.0,2416.0,0.014686676755675154,0.11076570039922883,True,1.0,0.7509948911037005,88.98527865087146,0.3738998899889989,0.3395214521452145,
D:\CADtest\papertest\go_nogo1\sources\urdf_files_dataset\urdf_files\ros-industrial\xacro_generated\staubli\staubli_tx90_support\meshes\tx90l\visual\link_2.stl,4455.0,2234.0,0.4371120116824232,0.7654717630533034,False,1.0,0.7862690433525819,88.47724446456047,0.31784107946026985,0.2143928035982009,
D:\CADtest\papertest\go_nogo1\sources\urdf_files_dataset\urdf_files\ros-industrial\xacro_generated\staubli\staubli_tx90_support\meshes\tx90l\visual\link_4.stl,,,,,,,,,,,ModuleNotFoundError: No module named 'networkx'
D:\CADtest\papertest\go_nogo1\sources\urdf_files_dataset\urdf_files\ros-industrial\xacro_generated\staubli\staubli_tx90_support\meshes\tx90xl\visual\link_2.stl,,,,,,,,,,,ModuleNotFoundError: No module named 'networkx'
D:\CADtest\papertest\go_nogo1\sources\urdf_files_dataset\urdf_files\ros-industrial\xacro_generated\staubli\staubli_tx90_support\meshes\tx90xl\visual\link_4.stl,5193.0,2605.0,0.31158669005329975,0.5965023561054854,False,7.0,0.844527700782451,89.92458487218552,0.5190035952747817,0.38662044170518745,
D:\CADtest\papertest\go_nogo1\sources\urdf_files_dataset\urdf_files\ros-industrial\xacro_generated\staubli\staubli_tx2_60_support\meshes\tx2_60\visual\base_link.stl,7893.0,3953.0,0.29442776030786444,0.4265523969864687,False,4.0,0.8834833158307419,89.2551470447056,0.38955551799898597,0.2656751732296772,
D:\CADtest\papertest\go_nogo1\sources\urdf_files_dataset\urdf_files\ros-industrial\xacro_generated\staubli\staubli_tx2_60_support\meshes\tx2_60\visual\link_1.stl,5688.0,2846.0,0.21600043124797347,0.4041361854231484,True,1.0,0.8820548045440723,35.236759822184716,0.243202062822316,0.11638537271448664,
D:\CADtest\papertest\go_nogo1\sources\urdf_files_dataset\urdf_files\ros-industrial\xacro_generated\staubli\staubli_tx2_60_support\meshes\tx2_60\visual\link_2.stl,5986.0,3003.0,0.18987892763165268,0.4948052162953993,False,3.0,0.7988836582688174,46.13827685216255,0.2884529647793134,0.15325456977262594,
D:\CADtest\papertest\go_nogo1\sources\urdf_files_dataset\urdf_files\ros-industrial\xacro_generated\staubli\staubli_tx2_60_support\meshes\tx2_60\visual\link_3.stl,5758.0,2883.0,0.1650059159150447,0.35082147366072186,False,1.0,0.8458252520336578,37.268195677078154,0.2398934321788486,0.12371134020618557,
D:\CADtest\papertest\go_nogo1\sources\urdf_files_dataset\urdf_files\ros-industrial\xacro_generated\staubli\staubli_tx2_60_support\meshes\tx2_60\visual\link_4.stl,7499.0,3769.0,0.14539930002210338,0.30889680881934173,False,4.0,0.8583556747898032,41.47960171130748,0.3012649207197577,0.1451986460003563,
D:\CADtest\papertest\go_nogo1\sources\urdf_files_dataset\urdf_files\ros-industrial\xacro_generated\staubli\staubli_tx2_60_support\meshes\tx2_60l\visual\link_2.stl,5572.0,2801.0,0.23787312499838625,0.5989519999001458,False,1.0,0.7919340339494572,56.121355501583665,0.3154926197047882,0.17436697467898715,
D:\CADtest\papertest\go_nogo1\sources\urdf_files_dataset\urdf_files\ros-industrial\xacro_generated\staubli\staubli_tx2_60_support\meshes\tx2_60l\visual\link_4.stl,6622.0,3320.0,0.17577847229283972,0.4300152640094972,False,3.0,0.8660282999677767,51.857718263314446,0.34102357445093695,0.17993149304855935,
D:\CADtest\papertest\go_nogo1\sources\urdf_files_dataset\urdf_files\ros-industrial\xacro_generated\staubli\staubli_tx2_90_support\meshes\tx2_90\visual\base_link.stl,7311.0,3658.0,0.42622835685722493,0.5078485486867518,False,9.0,0.8935852196053445,80.1981685064149,0.47944078947368424,0.29961622807017546,
D:\CADtest\papertest\go_nogo1\sources\urdf_files_dataset\urdf_files\ros-industrial\xacro_generated\staubli\staubli_tx2_90_support\meshes\tx2_90\visual\link_1.stl,3896.0,1951.0,0.3802823610870177,0.54295346108413,False,1.0,0.9113688745684891,34.95531835229993,0.24036979969183359,0.1246361924328026,
D:\CADtest\papertest\go_nogo1\sources\urdf_files_dataset\urdf_files\ros-industrial\xacro_generated\staubli\staubli_tx2_90_support\meshes\tx2_90\visual\link_2.stl,6747.0,3380.0,0.3692514270193755,0.7027747871368667,False,2.0,0.8173737522810794,40.119651150778864,0.3248294274695936,0.14713734796796202,
D:\CADtest\papertest\go_nogo1\sources\urdf_files_dataset\urdf_files\ros-industrial\xacro_generated\staubli\staubli_tx2_90_support\meshes\tx2_90\visual\link_3.stl,3862.0,1933.0,0.22111575834099373,0.4274551603632494,True,1.0,0.9254907398910768,38.292477566167754,0.26618332470222683,0.14155014672881064,
D:\CADtest\papertest\go_nogo1\sources\urdf_files_dataset\urdf_files\ros-industrial\xacro_generated\staubli\staubli_tx2_90_support\meshes\tx2_90\visual\link_4.stl,6787.0,3424.0,0.2403351686541948,0.40469115408083006,False,9.0,0.8809714885156257,58.31505809297876,0.4174948342024993,0.2344780084620683,
D:\CADtest\papertest\go_nogo1\sources\urdf_files_dataset\urdf_files\ros-industrial\xacro_generated\staubli\staubli_tx2_90_support\meshes\tx2_90\visual\link_5.stl,17106.0,8555.0,0.04504187505759453,0.18576520973997915,True,1.0,0.8367929996109778,13.84615160275942,0.07806227834288164,0.047780505865388366,
D:\CADtest\papertest\go_nogo1\sources\urdf_files_dataset\urdf_files\ros-industrial\xacro_generated\staubli\staubli_tx2_90_support\meshes\tx2_90\visual\link_6.stl,9254.0,4620.0,0.013787470500153318,0.11131333946576678,False,1.0,0.7421333103833593,42.20242819016321,0.1496613344862372,0.11601095258682807,
D:\CADtest\papertest\go_nogo1\sources\urdf_files_dataset\urdf_files\ros-industrial\xacro_generated\staubli\staubli_tx2_90_support\meshes\tx2_90l\visual\link_2.stl,7160.0,3584.0,0.4056291780266457,0.7720281660832549,False,1.0,0.806088486199511,34.73808465084254,0.31382780469623556,0.12551248602310847,
D:\CADtest\papertest\go_nogo1\sources\urdf_files_dataset\urdf_files\ros-industrial\xacro_generated\staubli\staubli_tx2_90_support\meshes\tx2_90l\visual\link_4.stl,7225.0,3629.0,0.29664336651207734,0.5113251655519309,False,9.0,0.869167879063505,61.19978643632727,0.3921188630490956,0.23338870431893688,
D:\CADtest\papertest\go_nogo1\sources\urdf_files_dataset\urdf_files\ros-industrial\xacro_generated\staubli\staubli_tx2_90_support\meshes\tx2_90xl\visual\link_2.stl,7974.0,3990.0,0.5142738729785128,0.9185460549808456,False,1.0,0.7835310062067786,36.5919201962614,0.3046750857238438,0.12820941707786235,
D:\CADtest\papertest\go_nogo1\sources\urdf_files_dataset\urdf_files\ros-industrial\xacro_generated\staubli\staubli_tx2_90_support\meshes\tx2_90xl\visual\link_4.stl,8151.0,4093.0,0.3428480849859533,0.6022812760298729,False,14.0,0.8611919634428225,62.344764924146276,0.38553428244149895,0.2284405171003109,
D:\CADtest\papertest\go_nogo1\sources\urdf_files_dataset\urdf_files\robotics-toolbox\pxpincher\meshes\F10.stl,1006.0,479.0,3051.106202258695,46.80725118999086,True,1.0,0.9005161661058806,104.61944771485119,0.7640821736249171,0.5897945659377071,
D:\CADtest\papertest\go_nogo1\sources\urdf_files_dataset\urdf_files\robotics-toolbox\pxpincher\meshes\F2.stl,1480.0,684.0,7466.003715299823,67.34549199046154,True,1.0,0.8427087775169984,91.58681655619819,0.6157657657657658,0.48333333333333334,
D:\CADtest\papertest\go_nogo1\sources\urdf_files_dataset\urdf_files\robotics-toolbox\pxpincher\meshes\F3.stl,1416.0,684.0,3615.6094801699646,46.37995383069943,True,1.0,0.7696969452374153,90.00001361133755,0.5353107344632768,0.4689265536723164,
D:\CADtest\papertest\go_nogo1\sources\urdf_files_dataset\urdf_files\robotics-toolbox\pxpincher\meshes\F4.stl,1254.0,559.0,12501.151690029748,87.43419256669553,True,1.0,0.8079363498781602,100.08078282696587,0.6687931951089846,0.5560871876661351,
D:\CADtest\papertest\go_nogo1\sources\urdf_files_dataset\urdf_files\robotics-toolbox\pxpincher\meshes\ax12_box.stl,4038.0,1973.0,10544.557358045668,70.49135983947208,True,2.0,0.8672230624520038,94.35716131610027,0.6587419514611194,0.5357437675416873,
D:\CADtest\papertest\go_nogo1\sources\urdf_files_dataset\urdf_files\robotics-toolbox\pxpincher\meshes\pincher_finger.stl,36.0,18.0,48.492665596531204,4.926459165990247,False,1.0,0.46756455302624356,90.0,0.6086956521739131,0.6086956521739131,
D:\CADtest\papertest\go_nogo1\sources\urdf_files_dataset\urdf_files\robotics-toolbox\pxpincher\meshes\pincher_finger_base.stl,12.0,8.0,64.60000006854534,8.502352615670093,True,1.0,0.23663278942968188,90.0,0.6666666666666666,0.6666666666666666,
D:\CADtest\papertest\go_nogo1\sources\urdf_files_dataset\urdf_files\robotics-toolbox\xacro_generated\interbotix_descriptions\meshes\meshes_px100\PXA-100-M-1-Base.stl,974.0,489.0,58071.5387983508,230.67154508861404,True,1.0,0.5994999292763179,90.0,0.3052703627652293,0.20396988364134155,
D:\CADtest\papertest\go_nogo1\sources\urdf_files_dataset\urdf_files\robotics-toolbox\xacro_generated\interbotix_descriptions\meshes\meshes_px100\PXA-100-M-2-Shoulder.stl,784.0,394.0,10262.151956256537,81.81444437726013,True,1.0,0.6207748464090711,90.0,0.35374149659863946,0.3469387755102041,
D:\CADtest\papertest\go_nogo1\sources\urdf_files_dataset\urdf_files\robotics-toolbox\xacro_generated\interbotix_descriptions\meshes\meshes_px100\PXA-100-M-3-UA.stl,568.0,286.0,19524.6079086029,137.24245537610574,True,1.0,0.5294990927929994,90.0,0.426056338028169,0.36502347417840375,
D:\CADtest\papertest\go_nogo1\sources\urdf_files_dataset\urdf_files\robotics-toolbox\xacro_generated\interbotix_descriptions\meshes\meshes_px100\PXA-100-M-4-Forearm.stl,732.0,364.0,15957.472718322577,125.66184892786465,True,1.0,0.5467404304757091,90.0,0.4134790528233151,0.36429872495446264,
D:\CADtest\papertest\go_nogo1\sources\urdf_files_dataset\urdf_files\robotics-toolbox\xacro_generated\interbotix_descriptions\meshes\meshes_px100\PXA-100-M-5-Wrist-Gripper.stl,1934.0,960.0,17606.465832520324,92.37091559003473,False,1.0,0.4736594183483211,90.0,0.3315954118873827,0.3315954118873827,
D:\CADtest\papertest\go_nogo1\sources\urdf_files_dataset\urdf_files\robotics-toolbox\xacro_generated\interbotix_descriptions\meshes\meshes_px100\PXA-100-M-6-Gripper-Prop.stl,452.0,228.0,1404.25974056003,42.15135330843059,True,1.0,0.4486048124923068,90.0,0.3392330383480826,0.3392330383480826,
D:\CADtest\papertest\go_nogo1\sources\urdf_files_dataset\urdf_files\robotics-toolbox\xacro_generated\interbotix_descriptions\meshes\meshes_px100\PXA-100-M-7-Gripper-Bar.stl,732.0,430.0,11396.98433854991,117.98036597230485,False,3.0,0.42417089294500354,90.0,0.3030888030888031,0.3030888030888031,
D:\CADtest\papertest\go_nogo1\sources\urdf_files_dataset\urdf_files\robotics-toolbox\xacro_generated\interbotix_descriptions\meshes\meshes_px100\PXA-100-M-8-Finger.stl,444.0,222.0,5466.433306973221,64.47169864848198,True,2.0,0.6235247662591237,90.0,0.4924924924924925,0.39039039039039036,
D:\CADtest\papertest\go_nogo1\sources\urdf_files_dataset\urdf_files\robotics-toolbox\xacro_generated\interbotix_descriptions\meshes\meshes_px150\PXA-150-M-1-Base.stl,4010.0,2011.0,164386.8994618855,299.0405602457313,True,4.0,0.5593611268582441,90.0,0.1885286783042394,0.14729842061512885,
D:\CADtest\papertest\go_nogo1\sources\urdf_files_dataset\urdf_files\robotics-toolbox\xacro_generated\interbotix_descriptions\meshes\meshes_px150\PXA-150-M-2-Shoulder.stl,1412.0,718.0,57479.69013712923,186.932130861622,True,6.0,0.5458751900583436,90.0,0.3465533522190746,0.3465533522190746,
D:\CADtest\papertest\go_nogo1\sources\urdf_files_dataset\urdf_files\robotics-toolbox\xacro_generated\interbotix_descriptions\meshes\meshes_px150\PXA-150-M-3-UA.stl,1486.0,745.0,41821.98220571541,225.52425536832928,True,2.0,0.632537584995353,90.0,0.37191565724540154,0.32166890982503366,
D:\CADtest\papertest\go_nogo1\sources\urdf_files_dataset\urdf_files\robotics-toolbox\xacro_generated\interbotix_descriptions\meshes\meshes_px150\PXA-150-M-4-Forearm.stl,632.0,316.0,23993.003970340535,184.42597591694735,True,1.0,0.6587023549524318,90.0,0.41244725738396626,0.3818565400843882,
D:\CADtest\papertest\go_nogo1\sources\urdf_files_dataset\urdf_files\robotics-toolbox\xacro_generated\interbotix_descriptions\meshes\meshes_px150\PXA-150-M-5-Wrist.stl,1152.0,574.0,14583.375514651952,98.35576336471124,True,1.0,0.5457081798130416,90.0,0.39467592592592593,0.3472222222222222,
D:\CADtest\papertest\go_nogo1\sources\urdf_files_dataset\urdf_files\robotics-toolbox\xacro_generated\interbotix_descriptions\meshes\meshes_px150\PXA-150-M-6-Gripper.stl,352.0,178.0,9777.150547739324,80.62305277692994,True,1.0,0.5147364066603772,90.00001851593053,0.36363636363636365,0.36363636363636365,
D:\CADtest\papertest\go_nogo1\sources\urdf_files_dataset\urdf_files\robotics-toolbox\xacro_generated\interbotix_descriptions\meshes\meshes_px150\PXA-150-M-7-Gripper-Prop.stl,452.0,228.0,1404.25974056003,42.15135330843059,True,1.0,0.4486048124923068,90.0,0.3392330383480826,0.3392330383480826,
D:\CADtest\papertest\go_nogo1\sources\urdf_files_dataset\urdf_files\robotics-toolbox\xacro_generated\interbotix_descriptions\meshes\meshes_px150\PXA-150-M-8-Gripper-Bar.stl,732.0,430.0,11396.98433854991,117.98036597230485,False,3.0,0.42417089294500354,90.0,0.3030888030888031,0.3030888030888031,
D:\CADtest\papertest\go_nogo1\sources\urdf_files_dataset\urdf_files\robotics-toolbox\xacro_generated\interbotix_descriptions\meshes\meshes_px150\PXA-150-M-9-Finger.stl,444.0,222.0,5466.433306973221,64.47169864848198,True,2.0,0.6235247662591237,90.0,0.4924924924924925,0.39039039039039036,
D:\CADtest\papertest\go_nogo1\sources\urdf_files_dataset\urdf_files\robotics-toolbox\xacro_generated\interbotix_descriptions\meshes\meshes_rx150\RXA-150-M-1-Base.stl,4010.0,2011.0,164386.8994618855,299.0405602457313,True,4.0,0.5593611268582441,90.0,0.1885286783042394,0.14729842061512885,
D:\CADtest\papertest\go_nogo1\sources\urdf_files_dataset\urdf_files\robotics-toolbox\xacro_generated\interbotix_descriptions\meshes\meshes_rx150\RXA-150-M-2-Shoulder.stl,1668.0,848.0,50502.76247208855,187.09726208688272,True,7.0,0.46806691952391516,90.0,0.34212629896083135,0.34212629896083135,
D:\CADtest\papertest\go_nogo1\sources\urdf_files_dataset\urdf_files\robotics-toolbox\xacro_generated\interbotix_descriptions\meshes\meshes_rx150\RXA-150-M-3-UA.stl,1340.0,672.0,28651.48497829381,193.34409882531048,True,1.0,0.6413801455480235,90.0,0.41592039800995023,0.32736318407960197,
D:\CADtest\papertest\go_nogo1\sources\urdf_files_dataset\urdf_files\robotics-toolbox\xacro_generated\interbotix_descriptions\meshes\meshes_rx150\RXA-150-M-4-Forearm.stl,1044.0,524.0,24835.67789686606,175.21241750909303,True,1.0,0.6454892140905982,90.0,0.35887611749680715,0.3275862068965517,
D:\CADtest\papertest\go_nogo1\sources\urdf_files_dataset\urdf_files\robotics-toolbox\xacro_generated\interbotix_descriptions\meshes\meshes_rx150\RXA-150-M-5-Wrist.stl,1152.0,574.0,14583.375514651952,98.35576336471124,True,1.0,0.5457081798130416,90.0,0.39467592592592593,0.3472222222222222,
D:\CADtest\papertest\go_nogo1\sources\urdf_files_dataset\urdf_files\robotics-toolbox\xacro_generated\interbotix_descriptions\meshes\meshes_rx150\RXA-150-M-6-Gripper.stl,352.0,178.0,9777.150547739324,80.62305277692994,True,1.0,0.5147364066603772,90.00001851593053,0.36363636363636365,0.36363636363636365,
D:\CADtest\papertest\go_nogo1\sources\urdf_files_dataset\urdf_files\robotics-toolbox\xacro_generated\interbotix_descriptions\meshes\meshes_rx150\RXA-150-M-7-Gripper-Prop.stl,452.0,228.0,1404.25974056003,42.15135330843059,True,1.0,0.4486048124923068,90.0,0.3392330383480826,0.3392330383480826,
D:\CADtest\papertest\go_nogo1\sources\urdf_files_dataset\urdf_files\robotics-toolbox\xacro_generated\interbotix_descriptions\meshes\meshes_rx150\RXA-150-M-8-Gripper-Bar.stl,732.0,430.0,11396.98433854991,117.98036597230485,False,3.0,0.42417089294500354,90.0,0.3030888030888031,0.3030888030888031,
D:\CADtest\papertest\go_nogo1\sources\urdf_files_dataset\urdf_files\robotics-toolbox\xacro_generated\interbotix_descriptions\meshes\meshes_rx150\RXA-150-M-9-Finger.stl,444.0,222.0,5466.433306973221,64.47169864848198,True,2.0,0.6235247662591237,90.0,0.4924924924924925,0.39039039039039036,
D:\CADtest\papertest\go_nogo1\sources\urdf_files_dataset\urdf_files\robotics-toolbox\xacro_generated\interbotix_descriptions\meshes\meshes_rx200\RXA-200-M-1-Base.stl,4010.0,2011.0,164386.8994618855,299.0405602457313,True,4.0,0.5593611268582441,90.0,0.1885286783042394,0.14729842061512885,
D:\CADtest\papertest\go_nogo1\sources\urdf_files_dataset\urdf_files\robotics-toolbox\xacro_generated\interbotix_descriptions\meshes\meshes_rx200\RXA-200-M-2-Shoulder.stl,1412.0,718.0,57479.69013712923,186.932130861622,True,6.0,0.5458751900583436,90.0,0.3465533522190746,0.3465533522190746,
D:\CADtest\papertest\go_nogo1\sources\urdf_files_dataset\urdf_files\robotics-toolbox\xacro_generated\interbotix_descriptions\meshes\meshes_rx200\RXA-200-M-3-UA.stl,872.0,436.0,31807.31386375674,248.49317322863655,True,1.0,0.667441165970731,90.0,0.5175840978593272,0.37003058103975534,
D:\CADtest\papertest\go_nogo1\sources\urdf_files_dataset\urdf_files\robotics-toolbox\xacro_generated\interbotix_descriptions\meshes\meshes_rx200\RXA-200-M-4-Forearm.stl,972.0,488.0,28834.143890839463,222.93141503038115,True,1.0,0.6345915744704169,90.0,0.39231824417009603,0.32578875171467764,
D:\CADtest\papertest\go_nogo1\sources\urdf_files_dataset\urdf_files\robotics-toolbox\xacro_generated\interbotix_descriptions\meshes\meshes_rx200\RXA-200-M-5-Wrist.stl,1152.0,574.0,14583.375514651952,98.35576336471124,True,1.0,0.5457081798130416,90.0,0.39467592592592593,0.3472222222222222,
D:\CADtest\papertest\go_nogo1\sources\urdf_files_dataset\urdf_files\robotics-toolbox\xacro_generated\interbotix_descriptions\meshes\meshes_rx200\RXA-200-M-6-Gripper.stl,352.0,178.0,9777.150547739324,80.62305277692994,True,1.0,0.5147364066603772,90.00001851593053,0.36363636363636365,0.36363636363636365,
D:\CADtest\papertest\go_nogo1\sources\urdf_files_dataset\urdf_files\robotics-toolbox\xacro_generated\interbotix_descriptions\meshes\meshes_rx200\RXA-200-M-7-Gripper-Prop.stl,452.0,228.0,1404.25974056003,42.15135330843059,True,1.0,0.4486048124923068,90.0,0.3392330383480826,0.3392330383480826,
D:\CADtest\papertest\go_nogo1\sources\urdf_files_dataset\urdf_files\robotics-toolbox\xacro_generated\interbotix_descriptions\meshes\meshes_rx200\RXA-200-M-8-Gripper-Bar.stl,732.0,430.0,11396.98433854991,117.98036597230485,False,3.0,0.42417089294500354,90.0,0.3030888030888031,0.3030888030888031,
D:\CADtest\papertest\go_nogo1\sources\urdf_files_dataset\urdf_files\robotics-toolbox\xacro_generated\interbotix_descriptions\meshes\meshes_rx200\RXA-200-M-9-Finger.stl,444.0,222.0,5466.433306973221,64.47169864848198,True,2.0,0.6235247662591237,90.0,0.4924924924924925,0.39039039039039036,
D:\CADtest\papertest\go_nogo1\sources\urdf_files_dataset\urdf_files\robotics-toolbox\pxpincher\meshes\turtlebot_finger.stl,166.0,77.0,7538.98273316783,89.70928389386431,True,1.0,0.6962632536280946,93.89804886628409,0.6867469879518072,0.6345381526104418,
D:\CADtest\papertest\go_nogo1\sources\urdf_files_dataset\urdf_files\robotics-toolbox\xacro_generated\interbotix_descriptions\meshes\meshes_vx300\VXA-300-M-1-Base.stl,1998.0,1001.0,141550.7015189386,370.7942486984734,True,1.0,0.5666193277909626,29.241660752561717,0.1314647981314648,0.09376042709376042,
D:\CADtest\papertest\go_nogo1\sources\urdf_files_dataset\urdf_files\robotics-toolbox\xacro_generated\interbotix_descriptions\meshes\meshes_vx300\VXA-300-M-2-Shoulder.stl,1276.0,640.0,40247.89139405888,185.4501431453011,True,1.0,0.6471730111082481,90.0,0.4169278996865204,0.34273772204806685,
D:\CADtest\papertest\go_nogo1\sources\urdf_files_dataset\urdf_files\robotics-toolbox\xacro_generated\interbotix_descriptions\meshes\meshes_vx300\VXA-300-M-3-UA.stl,2054.0,1035.0,70228.95208275793,352.4423803126262,True,4.0,0.6562347221123481,90.0,0.48685491723466406,0.3748782862706913,
D:\CADtest\papertest\go_nogo1\sources\urdf_files_dataset\urdf_files\robotics-toolbox\xacro_generated\interbotix_descriptions\meshes\meshes_vx300\VXA-300-M-4-Forearm.stl,1086.0,545.0,52090.09258757513,335.98019536779594,True,1.0,0.6244912468675329,45.99301336554643,0.45058317986494784,0.3425414364640884,
D:\CADtest\papertest\go_nogo1\sources\urdf_files_dataset\urdf_files\robotics-toolbox\xacro_generated\interbotix_descriptions\meshes\meshes_vx300\VXA-300-M-5-Wrist.stl,1414.0,711.0,16866.01264818304,108.19472718235139,False,3.0,0.5650278893531808,90.0,0.3906471421823335,0.3585262163438829,
D:\CADtest\papertest\go_nogo1\sources\urdf_files_dataset\urdf_files\robotics-toolbox\xacro_generated\interbotix_descriptions\meshes\meshes_vx300\VXA-300-M-6-Gripper.stl,9000.0,4522.0,11672.03713153085,80.52528212947223,False,12.0,0.5607846427150058,90.0,0.33738511710643343,0.3366439371479395,
D:\CADtest\papertest\go_nogo1\sources\urdf_files_dataset\urdf_files\robotics-toolbox\xacro_generated\interbotix_descriptions\meshes\meshes_vx300\VXA-300-M-7-Gripper-Prop.stl,630.0,316.0,1877.2519837587852,57.624674013499984,False,1.0,0.4716475337723011,90.0,0.33759318423855167,0.33759318423855167,
D:\CADtest\papertest\go_nogo1\sources\urdf_files_dataset\urdf_files\robotics-toolbox\xacro_generated\interbotix_descriptions\meshes\meshes_vx300\VXA-300-M-8-Gripper-Bar.stl,7571.0,3728.0,69006.59307064844,175.91682255745127,False,6.0,0.5627398943878381,90.0,0.3528570151122239,0.3466869355271394,
D:\CADtest\papertest\go_nogo1\sources\urdf_files_dataset\urdf_files\robotics-toolbox\xacro_generated\interbotix_descriptions\meshes\meshes_vx300\VXA-300-M-9-Finger.stl,855.0,426.0,14877.50738204475,103.16223367631291,False,1.0,0.5508839243854411,90.0,0.3774471417384495,0.3711824588880188,
D:\CADtest\papertest\go_nogo1\sources\urdf_files_dataset\urdf_files\robotics-toolbox\xacro_generated\interbotix_descriptions\meshes\meshes_vx300s\VXSA-300-M-1-Base.stl,1998.0,1001.0,141550.7015189386,370.7942486984734,True,1.0,0.5666193277909626,29.241660752561717,0.1314647981314648,0.09376042709376042,
D:\CADtest\papertest\go_nogo1\sources\urdf_files_dataset\urdf_files\robotics-toolbox\xacro_generated\interbotix_descriptions\meshes\meshes_vx300s\VXSA-300-M-10-Finger.stl,855.0,426.0,14877.50738204475,103.16223367631291,False,1.0,0.5508839243854411,90.0,0.3774471417384495,0.3711824588880188,
D:\CADtest\papertest\go_nogo1\sources\urdf_files_dataset\urdf_files\robotics-toolbox\xacro_generated\interbotix_descriptions\meshes\meshes_vx300s\VXSA-300-M-2-Shoulder.stl,1276.0,640.0,40247.89139405888,185.4501431453011,True,1.0,0.6471730111082481,90.0,0.4169278996865204,0.34273772204806685,
D:\CADtest\papertest\go_nogo1\sources\urdf_files_dataset\urdf_files\robotics-toolbox\xacro_generated\interbotix_descriptions\meshes\meshes_vx300s\VXSA-300-M-3-UA.stl,2054.0,1035.0,70228.95208275793,352.4423803126262,True,4.0,0.6562347221123481,90.0,0.48685491723466406,0.3748782862706913,
D:\CADtest\papertest\go_nogo1\sources\urdf_files_dataset\urdf_files\robotics-toolbox\xacro_generated\interbotix_descriptions\meshes\meshes_vx300s\VXSA-300-M-4-UF.stl,990.0,497.0,34591.72548762124,230.91787944146017,True,1.0,0.6519473327222216,90.0,0.42828282828282827,0.31986531986531985,
D:\CADtest\papertest\go_nogo1\sources\urdf_files_dataset\urdf_files\robotics-toolbox\xacro_generated\interbotix_descriptions\meshes\meshes_vx300s\VXSA-300-M-5-LF.stl,1996.0,1006.0,48650.29159939803,147.79358927854238,True,5.0,0.5621210714809168,90.0,0.38410153640614564,0.36072144288577157,
D:\CADtest\papertest\go_nogo1\sources\urdf_files_dataset\urdf_files\robotics-toolbox\xacro_generated\interbotix_descriptions\meshes\meshes_vx300s\VXSA-300-M-6-Wrist.stl,1414.0,711.0,16866.01264818304,108.19472718235139,False,3.0,0.5650278893531808,90.0,0.3906471421823335,0.3585262163438829,
D:\CADtest\papertest\go_nogo1\sources\urdf_files_dataset\urdf_files\robotics-toolbox\xacro_generated\interbotix_descriptions\meshes\meshes_vx300s\VXSA-300-M-7-Gripper.stl,9000.0,4522.0,11672.03713153085,80.52528212947223,False,12.0,0.5607846427150058,90.0,0.33738511710643343,0.3366439371479395,
D:\CADtest\papertest\go_nogo1\sources\urdf_files_dataset\urdf_files\robotics-toolbox\xacro_generated\interbotix_descriptions\meshes\meshes_vx300s\VXSA-300-M-8-Gripper-Prop.stl,630.0,316.0,1877.2519837587852,57.624674013499984,False,1.0,0.4716475337723011,90.0,0.33759318423855167,0.33759318423855167,
D:\CADtest\papertest\go_nogo1\sources\urdf_files_dataset\urdf_files\robotics-toolbox\xacro_generated\interbotix_descriptions\meshes\meshes_vx300s\VXSA-300-M-9-Gripper-Bar.stl,7571.0,3728.0,69006.59307064844,175.91682255745127,False,6.0,0.5627398943878381,90.0,0.3528570151122239,0.3466869355271394,
D:\CADtest\papertest\go_nogo1\sources\urdf_files_dataset\urdf_files\robotics-toolbox\xacro_generated\interbotix_descriptions\meshes\meshes_wx200\WXA-200-M-1-Base.stl,1510.0,757.0,91652.88131108938,288.264919194808,True,1.0,0.6215949526556154,45.00000000000001,0.13200883002207506,0.1055187637969095,
D:\CADtest\papertest\go_nogo1\sources\urdf_files_dataset\urdf_files\robotics-toolbox\xacro_generated\interbotix_descriptions\meshes\meshes_wx200\WXA-200-M-2-Shoulder.stl,1236.0,628.0,30079.272506065812,153.74664007650208,True,5.0,0.5704881362011927,90.0,0.42934196332254587,0.37540453074433655,
D:\CADtest\papertest\go_nogo1\sources\urdf_files_dataset\urdf_files\robotics-toolbox\xacro_generated\interbotix_descriptions\meshes\meshes_wx200\WXA-200-M-3-UA.stl,872.0,436.0,31807.31386375674,248.49317322863655,True,1.0,0.667441165970731,90.0,0.5175840978593272,0.37003058103975534,
D:\CADtest\papertest\go_nogo1\sources\urdf_files_dataset\urdf_files\robotics-toolbox\xacro_generated\interbotix_descriptions\meshes\meshes_wx200\WXA-200-M-4-Forearm.stl,972.0,488.0,28834.143890839463,222.93141503038115,True,1.0,0.6345915744704169,90.0,0.39231824417009603,0.32578875171467764,
D:\CADtest\papertest\go_nogo1\sources\urdf_files_dataset\urdf_files\robotics-toolbox\xacro_generated\interbotix_descriptions\meshes\meshes_wx200\WXA-200-M-5-Wrist.stl,1152.0,574.0,14583.375514651952,98.35576336471124,True,1.0,0.5457081798130416,90.0,0.39467592592592593,0.3472222222222222,
D:\CADtest\papertest\go_nogo1\sources\urdf_files_dataset\urdf_files\robotics-toolbox\xacro_generated\interbotix_descriptions\meshes\meshes_wx200\WXA-200-M-6-Gripper.stl,352.0,178.0,9777.150547739324,80.62305277692994,True,1.0,0.5147364066603772,90.00001851593053,0.36363636363636365,0.36363636363636365,
D:\CADtest\papertest\go_nogo1\sources\urdf_files_dataset\urdf_files\robotics-toolbox\xacro_generated\interbotix_descriptions\meshes\meshes_wx200\WXA-200-M-7-Gripper-Prop.stl,452.0,228.0,1404.25974056003,42.15135330843059,True,1.0,0.4486048124923068,90.0,0.3392330383480826,0.3392330383480826,
D:\CADtest\papertest\go_nogo1\sources\urdf_files_dataset\urdf_files\robotics-toolbox\xacro_generated\interbotix_descriptions\meshes\meshes_wx200\WXA-200-M-8-Gripper-Bar.stl,732.0,430.0,11396.98433854991,117.98036597230485,False,3.0,0.42417089294500354,90.0,0.3030888030888031,0.3030888030888031,
D:\CADtest\papertest\go_nogo1\sources\urdf_files_dataset\urdf_files\robotics-toolbox\xacro_generated\interbotix_descriptions\meshes\meshes_wx200\WXA-200-M-9-Finger.stl,444.0,222.0,5466.433306973221,64.47169864848198,True,2.0,0.6235247662591237,90.0,0.4924924924924925,0.39039039039039036,
D:\CADtest\papertest\go_nogo1\sources\urdf_files_dataset\urdf_files\robotics-toolbox\xacro_generated\interbotix_descriptions\meshes\meshes_wx250\WXA-250-M-1-Base.stl,1510.0,757.0,91652.88131108938,288.264919194808,True,1.0,0.6215949526556154,45.00000000000001,0.13200883002207506,0.1055187637969095,
D:\CADtest\papertest\go_nogo1\sources\urdf_files_dataset\urdf_files\robotics-toolbox\xacro_generated\interbotix_descriptions\meshes\meshes_wx250\WXA-250-M-2-Shoulder.stl,1236.0,628.0,30079.272506065812,153.74664007650208,True,5.0,0.5704881362011927,90.0,0.42934196332254587,0.37540453074433655,
D:\CADtest\papertest\go_nogo1\sources\urdf_files_dataset\urdf_files\robotics-toolbox\xacro_generated\interbotix_descriptions\meshes\meshes_wx250\WXA-250-M-3-UA.stl,1408.0,706.0,49884.99564060102,312.14157086270865,True,2.0,0.6228652505099669,90.0,0.39299242424242425,0.32954545454545453,
D:\CADtest\papertest\go_nogo1\sources\urdf_files_dataset\urdf_files\robotics-toolbox\xacro_generated\interbotix_descriptions\meshes\meshes_wx250\WXA-250-M-4-Forearm.stl,556.0,278.0,31989.693804725357,281.2380810576763,True,1.0,0.6230843261301378,90.0,0.4448441247002398,0.38848920863309355,
D:\CADtest\papertest\go_nogo1\sources\urdf_files_dataset\urdf_files\robotics-toolbox\xacro_generated\interbotix_descriptions\meshes\meshes_wx250\WXA-250-M-5-Wrist.stl,1152.0,574.0,14583.375514651952,98.35576336471124,True,1.0,0.5457081798130416,90.0,0.39467592592592593,0.3472222222222222,
D:\CADtest\papertest\go_nogo1\sources\urdf_files_dataset\urdf_files\robotics-toolbox\xacro_generated\interbotix_descriptions\meshes\meshes_wx250\WXA-250-M-6-Gripper.stl,352.0,178.0,9777.150547739324,80.62305277692994,True,1.0,0.5147364066603772,90.00001851593053,0.36363636363636365,0.36363636363636365,
D:\CADtest\papertest\go_nogo1\sources\urdf_files_dataset\urdf_files\robotics-toolbox\xacro_generated\interbotix_descriptions\meshes\meshes_wx250\WXA-250-M-7-Gripper-Prop.stl,452.0,228.0,1404.25974056003,42.15135330843059,True,1.0,0.4486048124923068,90.0,0.3392330383480826,0.3392330383480826,
D:\CADtest\papertest\go_nogo1\sources\urdf_files_dataset\urdf_files\robotics-toolbox\xacro_generated\interbotix_descriptions\meshes\meshes_wx250\WXA-250-M-8-Gripper-Bar.stl,732.0,430.0,11396.98433854991,117.98036597230485,False,3.0,0.42417089294500354,90.0,0.3030888030888031,0.3030888030888031,
D:\CADtest\papertest\go_nogo1\sources\urdf_files_dataset\urdf_files\robotics-toolbox\xacro_generated\interbotix_descriptions\meshes\meshes_wx250\WXA-250-M-9-Finger.stl,444.0,222.0,5466.433306973221,64.47169864848198,True,2.0,0.6235247662591237,90.0,0.4924924924924925,0.39039039039039036,
D:\CADtest\papertest\go_nogo1\sources\urdf_files_dataset\urdf_files\robotics-toolbox\xacro_generated\interbotix_descriptions\meshes\meshes_wx250s\WXSA-250-M-1-Base.stl,1510.0,757.0,91652.88131108938,288.264919194808,True,1.0,0.6215949526556154,45.00000000000001,0.13200883002207506,0.1055187637969095,
D:\CADtest\papertest\go_nogo1\sources\urdf_files_dataset\urdf_files\robotics-toolbox\xacro_generated\interbotix_descriptions\meshes\meshes_wx250s\WXSA-250-M-10-Finger.stl,444.0,222.0,5466.433306973221,64.47169864848198,True,2.0,0.6235247662591237,90.0,0.4924924924924925,0.39039039039039036,
D:\CADtest\papertest\go_nogo1\sources\urdf_files_dataset\urdf_files\robotics-toolbox\xacro_generated\interbotix_descriptions\meshes\meshes_wx250s\WXSA-250-M-2-Shoulder.stl,1236.0,628.0,30079.272506065812,153.74664007650208,True,5.0,0.5704881362011927,90.0,0.42934196332254587,0.37540453074433655,
D:\CADtest\papertest\go_nogo1\sources\urdf_files_dataset\urdf_files\robotics-toolbox\xacro_generated\interbotix_descriptions\meshes\meshes_wx250s\WXSA-250-M-3-UA.stl,1408.0,706.0,49884.99564060102,312.14157086270865,True,2.0,0.6228652505099669,90.0,0.39299242424242425,0.32954545454545453,
D:\CADtest\papertest\go_nogo1\sources\urdf_files_dataset\urdf_files\robotics-toolbox\xacro_generated\interbotix_descriptions\meshes\meshes_wx250s\WXSA-250-M-4-UF.stl,600.0,300.0,22211.170050828983,198.73109364669216,True,1.0,0.6778466568288576,90.0,0.3977777777777778,0.35555555555555557,
D:\CADtest\papertest\go_nogo1\sources\urdf_files_dataset\urdf_files\robotics-toolbox\xacro_generated\interbotix_descriptions\meshes\meshes_wx250s\WXSA-250-M-5-LF.stl,2980.0,1502.0,33301.1219933985,119.11070174530913,False,10.0,0.6210785372776104,90.0,0.39184952978056425,0.3618450515002239,
D:\CADtest\papertest\go_nogo1\sources\urdf_files_dataset\urdf_files\robotics-toolbox\xacro_generated\interbotix_descriptions\meshes\meshes_wx250s\WXSA-250-M-6-Wrist.stl,1152.0,574.0,14583.375514651952,98.35576336471124,True,1.0,0.5457081798130416,90.0,0.39467592592592593,0.3472222222222222,
D:\CADtest\papertest\go_nogo1\sources\urdf_files_dataset\urdf_files\robotics-toolbox\xacro_generated\interbotix_descriptions\meshes\meshes_wx250s\WXSA-250-M-7-Gripper.stl,352.0,178.0,9777.150547739324,80.62305277692994,True,1.0,0.5147364066603772,90.00001851593053,0.36363636363636365,0.36363636363636365,
D:\CADtest\papertest\go_nogo1\sources\urdf_files_dataset\urdf_files\robotics-toolbox\xacro_generated\interbotix_descriptions\meshes\meshes_wx250s\WXSA-250-M-8-Gripper-Prop.stl,452.0,228.0,1404.25974056003,42.15135330843059,True,1.0,0.4486048124923068,90.0,0.3392330383480826,0.3392330383480826,
D:\CADtest\papertest\go_nogo1\sources\urdf_files_dataset\urdf_files\robotics-toolbox\xacro_generated\interbotix_descriptions\meshes\meshes_wx250s\WXSA-250-M-9-Gripper-Bar.stl,732.0,430.0,11396.98433854991,117.98036597230485,False,3.0,0.42417089294500354,90.0,0.3030888030888031,0.3030888030888031,
D:\CADtest\papertest\go_nogo1\sources\urdf_files_dataset\urdf_files\robotics-toolbox\puma560_description\meshes\puma_link1.stl,1676.0,829.0,1219.1018831827482,33.04619869631921,False,1.0,0.7734007454953382,90.0,0.35099601593625496,0.350597609561753,
D:\CADtest\papertest\go_nogo1\sources\urdf_files_dataset\urdf_files\robotics-toolbox\puma560_description\meshes\puma_link2.stl,1702.0,853.0,275.8578077038402,14.051334304169803,True,1.0,0.7552145627738867,10.00004689363822,0.06698002350176263,0.045436741088915,
D:\CADtest\papertest\go_nogo1\sources\urdf_files_dataset\urdf_files\robotics-toolbox\puma560_description\meshes\puma_link3.stl,324.0,164.0,863.6771050528944,31.353354160118545,True,1.0,0.5561514317810261,90.0,0.345679012345679,0.345679012345679,
D:\CADtest\papertest\go_nogo1\sources\urdf_files_dataset\urdf_files\robotics-toolbox\puma560_description\meshes\puma_link4.stl,3026.0,1515.0,354.3089815051977,21.260590802122152,True,1.0,0.5518031722521549,17.500125434998818,0.1163251817580965,0.057061026657854154,
D:\CADtest\papertest\go_nogo1\sources\urdf_files_dataset\urdf_files\robotics-toolbox\puma560_description\meshes\puma_link5.stl,764.0,380.0,89.85962490038855,6.622688339279859,True,1.0,0.5579875618570517,90.0,0.33507853403141363,0.33507853403141363,
D:\CADtest\papertest\go_nogo1\sources\urdf_files_dataset\urdf_files\robotics-toolbox\puma560_description\meshes\puma_link6.stl,484.0,242.0,28.9807352553449,4.8125990660628775,True,1.0,0.6204564657662881,90.0,0.3415977961432507,0.3415977961432507,
D:\CADtest\papertest\go_nogo1\sources\urdf_files_dataset\urdf_files\robotics-toolbox\puma560_description\meshes\puma_link7.stl,140.0,72.0,8.76142006570645,2.856571372251772,True,1.0,0.5565082666698089,90.0,0.34285714285714286,0.34285714285714286,
D:\CADtest\papertest\go_nogo1\sources\urdf_files_dataset\urdf_files\matlab\ur_description\meshes\ur10\visual\base.dae,2000.0,990.0,0.06571968225768245,0.2277172533213275,True,3.0,0.6277509710348436,90.00356451535052,0.4543333333333333,0.345,
D:\CADtest\papertest\go_nogo1\sources\urdf_files_dataset\urdf_files\matlab\ur_description\meshes\ur10\visual\forearm.dae,26323.0,69858.0,0.35024706153440344,0.7014434027615235,False,21694.0,0.8668526349935063,0.22100332903307318,0.0,0.0,
D:\CADtest\papertest\go_nogo1\sources\urdf_files_dataset\urdf_files\matlab\ur_description\meshes\ur10\visual\shoulder.dae,,,,,,,,,,,ModuleNotFoundError: No module named 'networkx'
D:\CADtest\papertest\go_nogo1\sources\urdf_files_dataset\urdf_files\matlab\ur_description\meshes\ur10\visual\upperarm.dae,,,,,,,,,,,ModuleNotFoundError: No module named 'networkx'
D:\CADtest\papertest\go_nogo1\sources\urdf_files_dataset\urdf_files\matlab\ur_description\meshes\ur10\visual\wrist1.dae,13425.0,35280.0,0.07223659790919704,0.17990814023907395,False,10863.0,0.8311602601017132,0.23915921928135928,0.0,0.0,
D:\CADtest\papertest\go_nogo1\sources\urdf_files_dataset\urdf_files\matlab\ur_description\meshes\ur10\visual\wrist2.dae,37367.0,18691.0,0.07239901908285197,0.17990197935453658,False,6.0,0.8518180345915356,26.8790233809238,0.1816121491157628,0.08876278173349751,
D:\CADtest\papertest\go_nogo1\sources\urdf_files_dataset\urdf_files\matlab\ur_description\meshes\ur10\visual\wrist3.dae,1200.0,606.0,0.021669060196572706,0.13088453865511473,True,3.0,0.686981768176284,89.70288846011148,0.4361111111111111,0.3372222222222222,
D:\CADtest\papertest\go_nogo1\sources\urdf_files_dataset\urdf_files\matlab\ur_e_description\meshes\ur10e\visual\base.dae,5002.0,13386.0,104482.63537707848,286.3899900336169,False,4191.0,0.7055957421844168,0.24034445094523216,0.0,0.0,
D:\CADtest\papertest\go_nogo1\sources\urdf_files_dataset\urdf_files\matlab\ur_e_description\meshes\ur10e\visual\forearm.dae,17929.0,50338.0,216210.3805921483,697.5580457578019,False,16139.0,0.8865353325298643,0.31402363508320924,0.0,0.0,
D:\CADtest\papertest\go_nogo1\sources\urdf_files_dataset\urdf_files\matlab\ur_e_description\meshes\ur10e\visual\shoulder.dae,30093.0,84313.0,142342.09220769894,288.79198265912237,False,27014.0,0.8198922095678169,0.28687548006885144,0.0,0.0,
D:\CADtest\papertest\go_nogo1\sources\urdf_files_dataset\urdf_files\matlab\ur_e_description\meshes\ur10e\visual\upperarm.dae,41143.0,115644.0,364504.4077148332,784.1757913856262,False,37107.0,0.8994786436932427,0.29655234402406644,0.0,0.0,
D:\CADtest\papertest\go_nogo1\sources\urdf_files_dataset\urdf_files\matlab\ur_e_description\meshes\ur10e\visual\wrist1.dae,16053.0,44972.0,63315.73080705847,193.76120805299814,False,14393.0,0.8726533249279744,0.3471889311068826,0.0,0.0,
D:\CADtest\papertest\go_nogo1\sources\urdf_files_dataset\urdf_files\matlab\ur_e_description\meshes\ur10e\visual\wrist2.dae,18423.0,51713.0,59282.585285895984,185.52881980746014,False,16572.0,0.8869809505011222,0.3184742556563242,0.0,0.0,
D:\CADtest\papertest\go_nogo1\sources\urdf_files_dataset\urdf_files\matlab\ur_e_description\meshes\ur10e\visual\wrist3.dae,978.0,532.0,22969.181034726207,140.56706974061115,False,1.0,0.8650387191908799,87.9447076475325,0.5735714285714286,0.4057142857142857,
D:\CADtest\papertest\go_nogo1\sources\urdf_files_dataset\urdf_files\matlab\ur_e_description\meshes\ur16e\visual\forearm.dae,17929.0,50348.0,159562.87475420462,697.5580457578019,False,16144.0,0.9169038577621235,0.3145360085100644,0.0,0.0,
D:\CADtest\papertest\go_nogo1\sources\urdf_files_dataset\urdf_files\matlab\ur_e_description\meshes\ur16e\visual\upperarm.dae,,,,,,,,,,,ModuleNotFoundError: No module named 'networkx'
D:\CADtest\papertest\go_nogo1\sources\urdf_files_dataset\urdf_files\matlab\ur_description\meshes\ur3\visual\base.dae,7992.0,18983.0,0.06304405128115301,0.22505056569145335,False,5469.0,0.8775850923118972,0.10363676276631939,0.0,0.0,
D:\CADtest\papertest\go_nogo1\sources\urdf_files_dataset\urdf_files\matlab\ur_description\meshes\ur3\visual\forearm.dae,9481.0,4833.0,0.0956746569671683,0.30824038359372424,False,7.0,0.9146897849518792,76.78358401257579,0.38743270048172285,0.2372485123264381,
D:\CADtest\papertest\go_nogo1\sources\urdf_files_dataset\urdf_files\matlab\ur_description\meshes\ur3\visual\shoulder.dae,15506.0,7871.0,0.07342567974057147,0.1826659377992077,False,6.0,0.8698055480596262,35.49907833925777,0.29044276925743,0.13018802530110044,
D:\CADtest\papertest\go_nogo1\sources\urdf_files_dataset\urdf_files\matlab\ur_description\meshes\ur3\visual\upperarm.dae,19679.0,9925.0,0.17777098120262536,0.3622533946184705,False,12.0,0.934550957160101,38.77693793334629,0.29445974900520355,0.14134612114410094,
D:\CADtest\papertest\go_nogo1\sources\urdf_files_dataset\urdf_files\matlab\ur_description\meshes\ur3\visual\wrist1.dae,7018.0,3557.0,0.03662206238588318,0.13389880448668748,False,4.0,0.8752655087648086,73.01345902332935,0.4001913875598086,0.23645933014354067,
D:\CADtest\papertest\go_nogo1\sources\urdf_files_dataset\urdf_files\matlab\ur_description\meshes\ur3\visual\wrist2.dae,7070.0,3620.0,0.03659936741795243,0.13386087889605539,False,4.0,0.8534933573782978,80.65072789458833,0.4224466463414634,0.26000381097560976,
D:\CADtest\papertest\go_nogo1\sources\urdf_files_dataset\urdf_files\matlab\ur_description\meshes\ur3\visual\wrist3.dae,528.0,1350.0,0.019101952448065906,0.10229133238780107,False,413.0,0.833115670137852,0.011033464145788404,0.0,0.0,
D:\CADtest\papertest\go_nogo1\sources\urdf_files_dataset\urdf_files\matlab\ur_e_description\meshes\ur3e\visual\base.dae,3306.0,8627.0,55277.110643065476,204.39618677531868,False,2661.0,0.7217517408481638,0.20357683127231996,0.0,0.0,
D:\CADtest\papertest\go_nogo1\sources\urdf_files_dataset\urdf_files\matlab\ur_e_description\meshes\ur3e\visual\forearm.dae,16871.0,47099.0,70138.12272524872,308.28574734670434,False,15047.0,0.9154680177817053,0.30800537498349284,0.0,0.0,
D:\CADtest\papertest\go_nogo1\sources\urdf_files_dataset\urdf_files\matlab\ur_e_description\meshes\ur3e\visual\shoulder.dae,26245.0,73442.0,59844.89553259464,184.842421082481,False,23505.0,0.8950420136964875,0.30659361968049936,0.0,0.0,
D:\CADtest\papertest\go_nogo1\sources\urdf_files_dataset\urdf_files\matlab\ur_e_description\meshes\ur3e\visual\upperarm.dae,46744.0,129213.0,135432.07667010074,361.7802538004615,False,41108.0,0.9350529270400462,0.26922831856110546,0.0,0.0,
D:\CADtest\papertest\go_nogo1\sources\urdf_files_dataset\urdf_files\matlab\ur_e_description\meshes\ur3e\visual\wrist1.dae,18309.0,50573.0,35929.59628444671,144.72275175483688,False,16047.0,0.8524355266623646,0.28995683719340415,0.0,0.0,
D:\CADtest\papertest\go_nogo1\sources\urdf_files_dataset\urdf_files\matlab\ur_e_description\meshes\ur3e\visual\wrist2.dae,19215.0,53602.0,31437.031165370303,134.49913431741945,False,17121.0,0.8683972357960854,0.324430892338253,0.0,0.0,
D:\CADtest\papertest\go_nogo1\sources\urdf_files_dataset\urdf_files\matlab\ur_e_description\meshes\ur3e\visual\wrist3.dae,1127.0,605.0,13340.070949083896,102.68559027570275,False,1.0,0.874413405947218,72.32658900946093,0.4880147510755993,0.3159188690842041,
D:\CADtest\papertest\go_nogo1\sources\urdf_files_dataset\urdf_files\matlab\ur_description\meshes\ur5\visual\base.dae,1932.0,1877.0,0.046798452118847714,0.23607030059156597,False,57.0,0.6502267976562026,14.999403968443023,0.09836875926841325,0.06722689075630252,
D:\CADtest\papertest\go_nogo1\sources\urdf_files_dataset\urdf_files\matlab\ur_description\meshes\ur5\visual\forearm.dae,21021.0,10523.0,0.16762800579065237,0.5150045065415981,False,6.0,0.8462244002099281,10.090540118401053,0.048874088169996825,0.030764351411354265,
D:\CADtest\papertest\go_nogo1\sources\urdf_files_dataset\urdf_files\matlab\ur_description\meshes\ur5\visual\shoulder.dae,13487.0,6794.0,0.09890246918593276,0.2212224094408701,False,3.0,0.8086764900477375,11.87669087776697,0.06391517613833424,0.04370014368527969,
D:\CADtest\papertest\go_nogo1\sources\urdf_files_dataset\urdf_files\matlab\ur_description\meshes\ur5\visual\upperarm.dae,29428.0,14816.0,0.3101406327421386,0.5726911685673304,False,7.0,0.8996323151444526,11.947192508381672,0.06102156640181612,0.041793416572077184,
D:\CADtest\papertest\go_nogo1\sources\urdf_files_dataset\urdf_files\matlab\ur_description\meshes\ur5\visual\wrist1.dae,14072.0,7142.0,0.04607511745841854,0.1554619677639186,False,4.0,0.8586669038553497,10.495520088324433,0.04322574502523089,0.02075597448348091,
D:\CADtest\papertest\go_nogo1\sources\urdf_files_dataset\urdf_files\matlab\ur_description\meshes\ur5\visual\wrist2.dae,14072.0,7142.0,0.04607511865956475,0.1551332859100897,False,4.0,0.8449431470428223,10.479328169935359,0.0430829286870418,0.020660763591354853,
D:\CADtest\papertest\go_nogo1\sources\urdf_files_dataset\urdf_files\matlab\ur_description\meshes\ur5\visual\wrist3.dae,1658.0,1569.0,0.019274179448330542,0.11530600270642949,False,36.0,0.6594204705371418,15.019658387314763,0.11931818181818182,0.0659090909090909,
D:\CADtest\papertest\go_nogo1\sources\urdf_files_dataset\urdf_files\matlab\ur_e_description\meshes\ur5e\visual\base.dae,4838.0,12931.0,74518.43591010009,235.43742799593957,False,4042.0,0.7037469924044163,0.2558576658821657,0.0,0.0,
D:\CADtest\papertest\go_nogo1\sources\urdf_files_dataset\urdf_files\matlab\ur_e_description\meshes\ur5e\visual\forearm.dae,,,,,,,,,,,ModuleNotFoundError: No module named 'networkx'
D:\CADtest\papertest\go_nogo1\sources\urdf_files_dataset\urdf_files\matlab\ur_e_description\meshes\ur5e\visual\shoulder.dae,23290.0,64807.0,84089.69637911534,225.5562855708943,False,20679.0,0.8457859512322848,0.3056424195355771,0.0,0.0,
D:\CADtest\papertest\go_nogo1\sources\urdf_files_dataset\urdf_files\matlab\ur_e_description\meshes\ur5e\visual\upperarm.dae,40124.0,112203.0,242745.79798635526,577.9956292669668,False,35913.0,0.901936581140407,0.2939223740000081,0.0,0.0,
D:\CADtest\papertest\go_nogo1\sources\urdf_files_dataset\urdf_files\matlab\ur_e_description\meshes\ur5e\visual\wrist1.dae,17288.0,47359.0,48203.957430726085,175.64455161754358,False,14999.0,0.8643878993718292,0.26811697893119885,0.0,0.0,
D:\CADtest\papertest\go_nogo1\sources\urdf_files_dataset\urdf_files\matlab\ur_e_description\meshes\ur5e\visual\wrist2.dae,20280.0,55918.0,42401.205783202844,159.76691262315862,False,17767.0,0.9083756245478051,0.2664114382427134,0.0,0.0,
D:\CADtest\papertest\go_nogo1\sources\urdf_files_dataset\urdf_files\matlab\ur_e_description\meshes\ur5e\visual\wrist3.dae,911.0,485.0,16677.3600332414,119.96227646658376,False,1.0,0.8659678087444339,68.91476615346082,0.45665171898355755,0.3094170403587444,
D:\CADtest\papertest\go_nogo1\sources\urdf_files_dataset\urdf_files\matlab\motoman_mh5_support\meshes\mh5\visual\MH5_BASE_AXIS.stl,37546.0,18785.0,0.24445278021202146,0.37967100834455864,False,6.0,0.7509950625932832,23.95120150889399,0.10465632716871857,0.09810087228410524,
D:\CADtest\papertest\go_nogo1\sources\urdf_files_dataset\urdf_files\matlab\motoman_mh5_support\meshes\mh5\visual\MH5_B_AXIS.stl,6394.0,3200.0,0.03963715633251209,0.15320654979420378,False,1.0,0.7505767932642957,90.0,0.21472520596516842,0.18667222859526542,
D:\CADtest\papertest\go_nogo1\sources\urdf_files_dataset\urdf_files\matlab\motoman_mh5_support\meshes\mh5\visual\MH5_L_AXIS.stl,37793.0,18938.0,0.29032875094801736,0.5212969464403286,False,1.0,0.7117559681234432,9.891956086819462,0.05885885885885886,0.050344462109167994,
D:\CADtest\papertest\go_nogo1\sources\urdf_files_dataset\urdf_files\matlab\motoman_mh5_support\meshes\mh5\visual\MH5_R_AXIS.stl,24072.0,12057.0,0.13443820433765707,0.310652272283541,False,1.0,0.7349042902661281,58.90389948854457,0.12387025228721929,0.11616301635708345,
D:\CADtest\papertest\go_nogo1\sources\urdf_files_dataset\urdf_files\matlab\motoman_mh5_support\meshes\mh5\visual\MH5_S_AXIS.stl,24661.0,12380.0,0.13544593411357528,0.3512610295013391,False,1.0,0.8189499362197808,8.627978587524085,0.024663920208152647,0.019297484822202948,
D:\CADtest\papertest\go_nogo1\sources\urdf_files_dataset\urdf_files\matlab\motoman_mh5_support\meshes\mh5\visual\MH5_T_AXIS.stl,7608.0,3806.0,0.008597945188567059,0.07378415916885127,True,1.0,0.7462735263826147,24.492887051046633,0.10015772870662461,0.07851384507535927,
D:\CADtest\papertest\go_nogo1\sources\urdf_files_dataset\urdf_files\matlab\motoman_mh5_support\meshes\mh5\visual\MH5_U_AXIS.stl,46837.0,23451.0,0.11676589010357111,0.2684120021707353,False,2.0,0.7900695268111233,9.893971738053851,0.04329244839523057,0.03490177642919213,
D:\CADtest\papertest\go_nogo1\sources\urdf_files_dataset\urdf_files\ros-industrial\motoman\motoman_sia10d_support\meshes\sia10d\visual\MOTOMAN_AXIS_B.stl,1734.0,870.0,0.07637753255109866,0.2727375539732452,False,1.0,0.8862267263095346,9.64265822883866,0.05003849114703618,0.00038491147036181676,
D:\CADtest\papertest\go_nogo1\sources\urdf_files_dataset\urdf_files\ros-industrial\motoman\motoman_sia10d_support\meshes\sia10d\visual\MOTOMAN_AXIS_E.stl,1210.0,607.0,0.12496190742063167,0.32097297753409704,True,1.0,0.7531663322622268,11.872830615483698,0.07548209366391184,0.03746556473829201,
D:\CADtest\papertest\go_nogo1\sources\urdf_files_dataset\urdf_files\ros-industrial\motoman\motoman_sia10d_support\meshes\sia10d\visual\MOTOMAN_AXIS_L.stl,1889.0,948.0,0.15152914492149255,0.39454132289114713,False,1.0,0.8552538554009432,10.728366035986651,0.0689289501590668,0.0042417815482502655,
D:\CADtest\papertest\go_nogo1\sources\urdf_files_dataset\urdf_files\ros-industrial\motoman\motoman_sia10d_support\meshes\sia10d\visual\MOTOMAN_AXIS_R.stl,1324.0,665.0,0.09200312526744774,0.2740247272374412,False,1.0,0.7575447055789569,11.490971563480974,0.08572869389813415,0.0448814926878467,
D:\CADtest\papertest\go_nogo1\sources\urdf_files_dataset\urdf_files\ros-industrial\motoman\motoman_sia10d_support\meshes\sia10d\visual\MOTOMAN_AXIS_S.stl,1529.0,767.0,0.2034921186585768,0.40853227478640747,False,1.0,0.8356022487322451,10.614257725289146,0.0636998254799302,0.027050610820244327,
D:\CADtest\papertest\go_nogo1\sources\urdf_files_dataset\urdf_files\ros-industrial\motoman\motoman_sia10d_support\meshes\sia10d\visual\MOTOMAN_AXIS_T.stl,257.0,131.0,0.013302532536370709,0.114044767031727,False,1.0,0.6201644215286317,90.0,0.3307291666666667,0.23177083333333334,
D:\CADtest\papertest\go_nogo1\sources\urdf_files_dataset\urdf_files\ros-industrial\motoman\motoman_sia10d_support\meshes\sia10d\visual\MOTOMAN_AXIS_U.stl,1563.0,785.0,0.11835449779809626,0.3654418602274515,False,1.0,0.8410901641011714,10.29357222909249,0.052564102564102565,0.001282051282051282,
D:\CADtest\papertest\go_nogo1\sources\urdf_files_dataset\urdf_files\ros-industrial\motoman\motoman_sia10d_support\meshes\sia10d\visual\MOTOMAN_BASE.stl,381.0,193.0,0.20532993254399695,0.35731113638291556,False,1.0,0.6462623815297011,56.45159250831589,0.17192982456140352,0.12456140350877193,
D:\CADtest\papertest\go_nogo1\sources\urdf_files_dataset\urdf_files\ros-industrial\motoman\motoman_sia5d_support\meshes\sia5d\visual\link_b.dae,1342.0,673.0,0.054985296991158505,0.22818103505324577,True,1.0,0.8486013600763841,14.925786613333242,0.09786388474913064,0.01689021361152509,
D:\CADtest\papertest\go_nogo1\sources\urdf_files_dataset\urdf_files\ros-industrial\motoman\motoman_sia5d_support\meshes\sia5d\visual\link_e.dae,1366.0,685.0,0.10116094932249783,0.3025363616778219,True,1.0,0.7925140598727333,12.358878585164344,0.07564665690580771,0.029282576866764276,
D:\CADtest\papertest\go_nogo1\sources\urdf_files_dataset\urdf_files\ros-industrial\motoman\motoman_sia5d_support\meshes\sia5d\visual\link_l.dae,1615.0,810.0,0.11826462787663304,0.3253762810617312,False,1.0,0.8305201486228476,14.181833461000997,0.09087154068566708,0.01486988847583643,
D:\CADtest\papertest\go_nogo1\sources\urdf_files_dataset\urdf_files\ros-industrial\motoman\motoman_sia5d_support\meshes\sia5d\visual\link_r.dae,1970.0,987.0,0.07115780183785034,0.2337889024909548,True,1.0,0.7755425430100323,9.895899203864456,0.03654822335025381,0.028764805414551606,
D:\CADtest\papertest\go_nogo1\sources\urdf_files_dataset\urdf_files\ros-industrial\motoman\motoman_sia5d_support\meshes\sia5d\visual\link_s.dae,1010.0,507.0,0.1202665704020127,0.3071474292640821,True,1.0,0.7452048001002218,15.722975612399793,0.10957095709570958,0.048184818481848184,
D:\CADtest\papertest\go_nogo1\sources\urdf_files_dataset\urdf_files\ros-industrial\motoman\motoman_sia5d_support\meshes\sia5d\visual\link_t.dae,456.0,230.0,0.012781117392756433,0.11334190048035708,True,1.0,0.49756589303368043,45.082301340814105,0.33187134502923976,0.29385964912280704,
D:\CADtest\papertest\go_nogo1\sources\urdf_files_dataset\urdf_files\ros-industrial\motoman\motoman_sia5d_support\meshes\sia5d\visual\link_u.dae,1934.0,969.0,0.08721917048618005,0.2965052942498499,True,1.0,0.8368154833867075,10.072243909547447,0.07169941399517407,0.01861427094105481,
