dataset_id,graph_valid,joint_types,manufacturer,max_chain_depth,metadata_matched,n_actuated_joints,n_collision_mesh_refs,n_graph_roots,n_joints,n_links,n_links_with_mesh_visual,n_links_with_visual,n_primitive_visuals,n_resolved_visual_mesh_refs,n_visual_mesh_refs,name,nonfixed_visual_coverage,parse_error,parse_ok,qc_grade,relative_path,resolution_methods,resolved_visual_meshes,robot_xml_name,source,source_link,type,urdf_path,variant,visual_mesh_resolution_rate,xacro_generated,grade_rank,original_rank,native_rank,entity_id,n_available_records,available_sources,eligible_entity,manual_exclusion_reason,loaded_meshes,failed_meshes,mesh_load_errors,feature_ok,total_faces,total_vertices,total_surface_area,watertight_mesh_fraction,total_mesh_bodies,normal_entropy,dihedral_q90_deg,sharp_edge_rate_15deg,sharp_edge_rate_30deg,preliminary_complexity_score,complexity_stratum
157,True,"{""fixed"": 3, ""revolute"": 6}",ABB,8.0,True,6.0,7.0,1.0,9.0,10.0,7.0,7.0,0.0,7.0,7.0,CRB 15000,1.0,,True,A,ros-industrial\xacro_generated\abb\abb_crb15000_support\urdf\crb15000_5_95.urdf,"{""ancestor_suffix"": 7}","[""D:\\CADtest\\papertest\\go_nogo1\\sources\\urdf_files_dataset\\urdf_files\\ros-industrial\\xacro_generated\\abb\\abb_crb15000_support\\meshes\\crb15000_5_95\\visual\\base_link.stl"", ""D:\\CADtest\\papertest\\go_nogo1\\sources\\urdf_files_dataset\\urdf_files\\ros-industrial\\xacro_generated\\abb\\abb_crb15000_support\\meshes\\crb15000_5_95\\visual\\link_1.stl"", ""D:\\CADtest\\papertest\\go_nogo1\\sources\\urdf_files_dataset\\urdf_files\\ros-industrial\\xacro_generated\\abb\\abb_crb15000_support\\meshes\\crb15000_5_95\\visual\\link_2.stl"", ""D:\\CADtest\\papertest\\go_nogo1\\sources\\urdf_files_dataset\\urdf_files\\ros-industrial\\xacro_generated\\abb\\abb_crb15000_support\\meshes\\crb15000_5_95\\visual\\link_3.stl"", ""D:\\CADtest\\papertest\\go_nogo1\\sources\\urdf_files_dataset\\urdf_files\\ros-industrial\\xacro_generated\\abb\\abb_crb15000_support\\meshes\\crb15000_5_95\\visual\\link_4.stl"", ""D:\\CADtest\\papertest\\go_nogo1\\sources\\urdf_files_dataset\\urdf_files\\ros-industrial\\xacro_generated\\abb\\abb_crb15000_support\\meshes\\crb15000_5_95\\visual\\link_5.stl"", ""D:\\CADtest\\papertest\\go_nogo1\\sources\\urdf_files_dataset\\urdf_files\\ros-industrial\\xacro_generated\\abb\\abb_crb15000_support\\meshes\\crb15000_5_95\\visual\\link_6.stl""]",abb_crb15000_5_95,ros-industrial,https://github.com/ros-industrial/abb_experimental/tree/97cdd97b5d7882d349d8b2674eb74c110a78cccb/abb_crb15000_support,robotic arm,D:\CADtest\papertest\go_nogo1\sources\urdf_files_dataset\urdf_files\ros-industrial\xacro_generated\abb\abb_crb15000_support\urdf\crb15000_5_95.urdf,original,1.0,True,2,1,0,arm-fdadfa8bdd,1,"[""ros-industrial""]",True,,7.0,0.0,[],True,52539.0,31699.0,0.9187670001433749,0.0,17.0,0.8392132536700998,34.135401142682944,0.1472480269046617,0.09654661691374967,0.04516148528464381,medium
4,True,"{""fixed"": 2, ""revolute"": 6}",ABB,7.0,True,6.0,7.0,1.0,8.0,9.0,7.0,7.0,0.0,7.0,7.0,IRB 120,1.0,,True,A,matlab\abb_irb120_support\urdf\abbIrb120.urdf,"{""ancestor_suffix"": 7}","[""D:\\CADtest\\papertest\\go_nogo1\\sources\\urdf_files_dataset\\urdf_files\\matlab\\abb_irb120_support\\meshes\\irb120_3_58\\visual\\base_link.stl"", ""D:\\CADtest\\papertest\\go_nogo1\\sources\\urdf_files_dataset\\urdf_files\\matlab\\abb_irb120_support\\meshes\\irb120_3_58\\visual\\link_1.stl"", ""D:\\CADtest\\papertest\\go_nogo1\\sources\\urdf_files_dataset\\urdf_files\\matlab\\abb_irb120_support\\meshes\\irb120_3_58\\visual\\link_2.stl"", ""D:\\CADtest\\papertest\\go_nogo1\\sources\\urdf_files_dataset\\urdf_files\\matlab\\abb_irb120_support\\meshes\\irb120_3_58\\visual\\link_3.stl"", ""D:\\CADtest\\papertest\\go_nogo1\\sources\\urdf_files_dataset\\urdf_files\\matlab\\abb_irb120_support\\meshes\\irb120_3_58\\visual\\link_4.stl"", ""D:\\CADtest\\papertest\\go_nogo1\\sources\\urdf_files_dataset\\urdf_files\\matlab\\abb_irb120_support\\meshes\\irb120_3_58\\visual\\link_5.stl"", ""D:\\CADtest\\papertest\\go_nogo1\\sources\\urdf_files_dataset\\urdf_files\\matlab\\abb_irb120_support\\meshes\\irb120_3_58\\visual\\link_6.stl""]",abb_irb120_3_58,matlab,https://se.mathworks.com/matlabcentral/fileexchange/98714-robotics-system-toolbox-robot-library-data,robotic arm,D:\CADtest\papertest\go_nogo1\sources\urdf_files_dataset\urdf_files\matlab\abb_irb120_support\urdf\abbIrb120.urdf,original,1.0,False,2,1,1,arm-f7b0b901d3,1,"[""matlab""]",True,,7.0,0.0,[],True,39982.0,19856.0,1.3960620752962183,0.5714285714285714,87.0,0.6967849681870395,86.39278437622696,0.322183929123618,0.2200306442057868,0.18353611674207324,medium
160,True,"{""fixed"": 3, ""revolute"": 6}",ABB,8.0,True,6.0,7.0,1.0,9.0,10.0,7.0,7.0,0.0,7.0,7.0,IRB 120-3/0.6,1.0,,True,A,ros-industrial\xacro_generated\abb\abb_irb120_support\urdf\irb120_3_58.urdf,"{""ancestor_suffix"": 7}","[""D:\\CADtest\\papertest\\go_nogo1\\sources\\urdf_files_dataset\\urdf_files\\ros-industrial\\xacro_generated\\abb\\abb_irb120_support\\meshes\\irb120_3_58\\visual\\base_link.stl"", ""D:\\CADtest\\papertest\\go_nogo1\\sources\\urdf_files_dataset\\urdf_files\\ros-industrial\\xacro_generated\\abb\\abb_irb120_support\\meshes\\irb120_3_58\\visual\\link_1.stl"", ""D:\\CADtest\\papertest\\go_nogo1\\sources\\urdf_files_dataset\\urdf_files\\ros-industrial\\xacro_generated\\abb\\abb_irb120_support\\meshes\\irb120_3_58\\visual\\link_2.stl"", ""D:\\CADtest\\papertest\\go_nogo1\\sources\\urdf_files_dataset\\urdf_files\\ros-industrial\\xacro_generated\\abb\\abb_irb120_support\\meshes\\irb120_3_58\\visual\\link_3.stl"", ""D:\\CADtest\\papertest\\go_nogo1\\sources\\urdf_files_dataset\\urdf_files\\ros-industrial\\xacro_generated\\abb\\abb_irb120_support\\meshes\\irb120_3_58\\visual\\link_4.stl"", ""D:\\CADtest\\papertest\\go_nogo1\\sources\\urdf_files_dataset\\urdf_files\\ros-industrial\\xacro_generated\\abb\\abb_irb120_support\\meshes\\irb120_3_58\\visual\\link_5.stl"", ""D:\\CADtest\\papertest\\go_nogo1\\sources\\urdf_files_dataset\\urdf_files\\ros-industrial\\xacro_generated\\abb\\abb_irb120_support\\meshes\\irb120_3_58\\visual\\link_6.stl""]",abb_irb120_3_58,ros-industrial,https://github.com/ros-industrial/abb_experimental/tree/97cdd97b5d7882d349d8b2674eb74c110a78cccb/abb_irb120_support,robotic arm,D:\CADtest\papertest\go_nogo1\sources\urdf_files_dataset\urdf_files\ros-industrial\xacro_generated\abb\abb_irb120_support\urdf\irb120_3_58.urdf,original,1.0,True,2,1,0,arm-7d8304122a,1,"[""ros-industrial""]",True,,7.0,0.0,[],True,39982.0,19856.0,1.3960620752962183,0.5714285714285714,87.0,0.6967849681870395,86.39278437622696,0.322183929123618,0.2200306442057868,0.18353611674207324,medium
158,True,"{""fixed"": 3, ""revolute"": 6}",ABB,8.0,True,6.0,7.0,1.0,9.0,10.0,7.0,7.0,0.0,7.0,7.0,IRB 1200-5/0.9,1.0,,True,A,ros-industrial\xacro_generated\abb\abb_irb1200_support\urdf\irb1200_5_90.urdf,"{""ancestor_suffix"": 7}","[""D:\\CADtest\\papertest\\go_nogo1\\sources\\urdf_files_dataset\\urdf_files\\ros-industrial\\xacro_generated\\abb\\abb_irb1200_support\\meshes\\irb1200_5_90\\visual\\base_link.dae"", ""D:\\CADtest\\papertest\\go_nogo1\\sources\\urdf_files_dataset\\urdf_files\\ros-industrial\\xacro_generated\\abb\\abb_irb1200_support\\meshes\\irb1200_5_90\\visual\\link_1.dae"", ""D:\\CADtest\\papertest\\go_nogo1\\sources\\urdf_files_dataset\\urdf_files\\ros-industrial\\xacro_generated\\abb\\abb_irb1200_support\\meshes\\irb1200_5_90\\visual\\link_2.dae"", ""D:\\CADtest\\papertest\\go_nogo1\\sources\\urdf_files_dataset\\urdf_files\\ros-industrial\\xacro_generated\\abb\\abb_irb1200_support\\meshes\\irb1200_5_90\\visual\\link_3.dae"", ""D:\\CADtest\\papertest\\go_nogo1\\sources\\urdf_files_dataset\\urdf_files\\ros-industrial\\xacro_generated\\abb\\abb_irb1200_support\\meshes\\irb1200_5_90\\visual\\link_4.dae"", ""D:\\CADtest\\papertest\\go_nogo1\\sources\\urdf_files_dataset\\urdf_files\\ros-industrial\\xacro_generated\\abb\\abb_irb1200_support\\meshes\\irb1200_5_90\\visual\\link_5.dae"", ""D:\\CADtest\\papertest\\go_nogo1\\sources\\urdf_files_dataset\\urdf_files\\ros-industrial\\xacro_generated\\abb\\abb_irb1200_support\\meshes\\irb1200_5_90\\visual\\link_6.dae""]",abb_irb1200_5_90,ros-industrial,https://github.com/ros-industrial/abb_experimental/tree/97cdd97b5d7882d349d8b2674eb74c110a78cccb/abb_irb1200_support,robotic arm,D:\CADtest\papertest\go_nogo1\sources\urdf_files_dataset\urdf_files\ros-industrial\xacro_generated\abb\abb_irb1200_support\urdf\irb1200_5_90.urdf,original,1.0,True,2,1,0,arm-d23914e41d,1,"[""ros-industrial""]",True,,7.0,0.0,[],True,92843.0,49586.0,1.4114082270743697,0.42857142857142855,466.0,0.7595311669047922,46.17479226164665,0.25845916216226833,0.11411091428256423,0.028081951251653737,medium
159,True,"{""fixed"": 3, ""revolute"": 6}",ABB,8.0,True,6.0,7.0,1.0,9.0,10.0,7.0,7.0,0.0,7.0,7.0,IRB 1200-7/0.7,1.0,,True,A,ros-industrial\xacro_generated\abb\abb_irb1200_support\urdf\irb1200_7_70.urdf,"{""ancestor_suffix"": 7}","[""D:\\CADtest\\papertest\\go_nogo1\\sources\\urdf_files_dataset\\urdf_files\\ros-industrial\\xacro_generated\\abb\\abb_irb1200_support\\meshes\\irb1200_5_90\\visual\\base_link.dae"", ""D:\\CADtest\\papertest\\go_nogo1\\sources\\urdf_files_dataset\\urdf_files\\ros-industrial\\xacro_generated\\abb\\abb_irb1200_support\\meshes\\irb1200_5_90\\visual\\link_1.dae"", ""D:\\CADtest\\papertest\\go_nogo1\\sources\\urdf_files_dataset\\urdf_files\\ros-industrial\\xacro_generated\\abb\\abb_irb1200_support\\meshes\\irb1200_5_90\\visual\\link_4.dae"", ""D:\\CADtest\\papertest\\go_nogo1\\sources\\urdf_files_dataset\\urdf_files\\ros-industrial\\xacro_generated\\abb\\abb_irb1200_support\\meshes\\irb1200_5_90\\visual\\link_5.dae"", ""D:\\CADtest\\papertest\\go_nogo1\\sources\\urdf_files_dataset\\urdf_files\\ros-industrial\\xacro_generated\\abb\\abb_irb1200_support\\meshes\\irb1200_5_90\\visual\\link_6.dae"", ""D:\\CADtest\\papertest\\go_nogo1\\sources\\urdf_files_dataset\\urdf_files\\ros-industrial\\xacro_generated\\abb\\abb_irb1200_support\\meshes\\irb1200_7_70\\visual\\link_2.dae"", ""D:\\CADtest\\papertest\\go_nogo1\\sources\\urdf_files_dataset\\urdf_files\\ros-industrial\\xacro_generated\\abb\\abb_irb1200_support\\meshes\\irb1200_7_70\\visual\\link_3.dae""]",abb_irb1200_7_70,ros-industrial,https://github.com/ros-industrial/abb_experimental/tree/97cdd97b5d7882d349d8b2674eb74c110a78cccb/abb_irb1200_support,robotic arm,D:\CADtest\papertest\go_nogo1\sources\urdf_files_dataset\urdf_files\ros-industrial\xacro_generated\abb\abb_irb1200_support\urdf\irb1200_7_70.urdf,original,1.0,True,2,1,0,arm-402d7168a6,1,"[""ros-industrial""]",True,,7.0,0.0,[],True,78918.0,42559.0,1.3498742827185433,0.42857142857142855,434.0,0.7711762314396198,60.45651438277347,0.2631680815575545,0.1317277426717762,0.18565720554061596,high
5,True,"{""fixed"": 2, ""revolute"": 6}",ABB,7.0,True,6.0,7.0,1.0,8.0,9.0,7.0,7.0,0.0,7.0,7.0,IRB 120T,1.0,,True,A,matlab\abb_irb120_support\urdf\abbIrb120T.urdf,"{""ancestor_suffix"": 7}","[""D:\\CADtest\\papertest\\go_nogo1\\sources\\urdf_files_dataset\\urdf_files\\matlab\\abb_irb120_support\\meshes\\irb120_3_58\\visual\\base_link.stl"", ""D:\\CADtest\\papertest\\go_nogo1\\sources\\urdf_files_dataset\\urdf_files\\matlab\\abb_irb120_support\\meshes\\irb120_3_58\\visual\\link_1.stl"", ""D:\\CADtest\\papertest\\go_nogo1\\sources\\urdf_files_dataset\\urdf_files\\matlab\\abb_irb120_support\\meshes\\irb120_3_58\\visual\\link_2.stl"", ""D:\\CADtest\\papertest\\go_nogo1\\sources\\urdf_files_dataset\\urdf_files\\matlab\\abb_irb120_support\\meshes\\irb120_3_58\\visual\\link_3.stl"", ""D:\\CADtest\\papertest\\go_nogo1\\sources\\urdf_files_dataset\\urdf_files\\matlab\\abb_irb120_support\\meshes\\irb120_3_58\\visual\\link_4.stl"", ""D:\\CADtest\\papertest\\go_nogo1\\sources\\urdf_files_dataset\\urdf_files\\matlab\\abb_irb120_support\\meshes\\irb120_3_58\\visual\\link_5.stl"", ""D:\\CADtest\\papertest\\go_nogo1\\sources\\urdf_files_dataset\\urdf_files\\matlab\\abb_irb120_support\\meshes\\irb120_3_58\\visual\\link_6.stl""]",abb_irb120t_3_58,matlab,https://se.mathworks.com/matlabcentral/fileexchange/98714-robotics-system-toolbox-robot-library-data,robotic arm,D:\CADtest\papertest\go_nogo1\sources\urdf_files_dataset\urdf_files\matlab\abb_irb120_support\urdf\abbIrb120T.urdf,original,1.0,False,2,1,1,arm-936a2bbc83,1,"[""matlab""]",True,,7.0,0.0,[],True,39982.0,19856.0,1.3960620752962183,0.5714285714285714,87.0,0.6967849681870395,86.39278437622696,0.322183929123618,0.2200306442057868,0.18353611674207324,medium
161,True,"{""fixed"": 3, ""revolute"": 6}",ABB,8.0,True,6.0,7.0,1.0,9.0,10.0,7.0,7.0,0.0,7.0,7.0,IRB 120T-3/0.6,1.0,,True,A,ros-industrial\xacro_generated\abb\abb_irb120_support\urdf\irb120t_3_58.urdf,"{""ancestor_suffix"": 7}","[""D:\\CADtest\\papertest\\go_nogo1\\sources\\urdf_files_dataset\\urdf_files\\ros-industrial\\xacro_generated\\abb\\abb_irb120_support\\meshes\\irb120_3_58\\visual\\base_link.stl"", ""D:\\CADtest\\papertest\\go_nogo1\\sources\\urdf_files_dataset\\urdf_files\\ros-industrial\\xacro_generated\\abb\\abb_irb120_support\\meshes\\irb120_3_58\\visual\\link_1.stl"", ""D:\\CADtest\\papertest\\go_nogo1\\sources\\urdf_files_dataset\\urdf_files\\ros-industrial\\xacro_generated\\abb\\abb_irb120_support\\meshes\\irb120_3_58\\visual\\link_2.stl"", ""D:\\CADtest\\papertest\\go_nogo1\\sources\\urdf_files_dataset\\urdf_files\\ros-industrial\\xacro_generated\\abb\\abb_irb120_support\\meshes\\irb120_3_58\\visual\\link_3.stl"", ""D:\\CADtest\\papertest\\go_nogo1\\sources\\urdf_files_dataset\\urdf_files\\ros-industrial\\xacro_generated\\abb\\abb_irb120_support\\meshes\\irb120_3_58\\visual\\link_4.stl"", ""D:\\CADtest\\papertest\\go_nogo1\\sources\\urdf_files_dataset\\urdf_files\\ros-industrial\\xacro_generated\\abb\\abb_irb120_support\\meshes\\irb120_3_58\\visual\\link_5.stl"", ""D:\\CADtest\\papertest\\go_nogo1\\sources\\urdf_files_dataset\\urdf_files\\ros-industrial\\xacro_generated\\abb\\abb_irb120_support\\meshes\\irb120_3_58\\visual\\link_6.stl""]",abb_irb120t_3_58,ros-industrial,https://github.com/ros-industrial/abb_experimental/tree/97cdd97b5d7882d349d8b2674eb74c110a78cccb/abb_irb120_support,robotic arm,D:\CADtest\papertest\go_nogo1\sources\urdf_files_dataset\urdf_files\ros-industrial\xacro_generated\abb\abb_irb120_support\urdf\irb120t_3_58.urdf,original,1.0,True,2,1,0,arm-30008f0a9e,1,"[""ros-industrial""]",True,,7.0,0.0,[],True,39982.0,19856.0,1.3960620752962183,0.5714285714285714,87.0,0.6967849681870395,86.39278437622696,0.322183929123618,0.2200306442057868,0.18353611674207324,medium
111,True,"{""fixed"": 2, ""revolute"": 6}",ABB,7.0,True,6.0,7.0,1.0,8.0,9.0,7.0,7.0,0.0,7.0,7.0,IRB 140,1.0,,True,A,robotics-toolbox\abb_irb140\urdf\irb140.urdf,"{""ancestor_suffix"": 7}","[""D:\\CADtest\\papertest\\go_nogo1\\sources\\urdf_files_dataset\\urdf_files\\robotics-toolbox\\abb_irb140\\meshes\\irb140\\visual\\base_link.stl"", ""D:\\CADtest\\papertest\\go_nogo1\\sources\\urdf_files_dataset\\urdf_files\\robotics-toolbox\\abb_irb140\\meshes\\irb140\\visual\\link_1.stl"", ""D:\\CADtest\\papertest\\go_nogo1\\sources\\urdf_files_dataset\\urdf_files\\robotics-toolbox\\abb_irb140\\meshes\\irb140\\visual\\link_2.stl"", ""D:\\CADtest\\papertest\\go_nogo1\\sources\\urdf_files_dataset\\urdf_files\\robotics-toolbox\\abb_irb140\\meshes\\irb140\\visual\\link_3.stl"", ""D:\\CADtest\\papertest\\go_nogo1\\sources\\urdf_files_dataset\\urdf_files\\robotics-toolbox\\abb_irb140\\meshes\\irb140\\visual\\link_4.stl"", ""D:\\CADtest\\papertest\\go_nogo1\\sources\\urdf_files_dataset\\urdf_files\\robotics-toolbox\\abb_irb140\\meshes\\irb140\\visual\\link_5.stl"", ""D:\\CADtest\\papertest\\go_nogo1\\sources\\urdf_files_dataset\\urdf_files\\robotics-toolbox\\abb_irb140\\meshes\\irb140\\visual\\link_6.stl""]",abb_irb140,robotics-toolbox,https://github.com/petercorke/robotics-toolbox-python/tree/07ad1259338d6dfd41af6e5e50973e315284a912/rtb-data/rtbdata/xacro/abb_irb140,robotic arm,D:\CADtest\papertest\go_nogo1\sources\urdf_files_dataset\urdf_files\robotics-toolbox\abb_irb140\urdf\irb140.urdf,original,1.0,False,2,1,1,arm-d8cf128269,1,"[""robotics-toolbox""]",True,,7.0,0.0,[],True,19652.0,9827.0,28.08539053492061,0.8571428571428571,8.0,0.7315255747459376,89.27485860647053,0.43827702865309265,0.3380910534637693,0.5780345529633112,high
112,True,"{""fixed"": 2, ""revolute"": 6}",ABB,7.0,True,6.0,7.0,1.0,8.0,9.0,7.0,7.0,0.0,7.0,7.0,IRB 140T,1.0,,True,A,robotics-toolbox\abb_irb140\urdf\irb140QT.urdf,"{""ancestor_suffix"": 7}","[""D:\\CADtest\\papertest\\go_nogo1\\sources\\urdf_files_dataset\\urdf_files\\robotics-toolbox\\abb_irb140\\meshes\\irb140\\visual\\base_link.stl"", ""D:\\CADtest\\papertest\\go_nogo1\\sources\\urdf_files_dataset\\urdf_files\\robotics-toolbox\\abb_irb140\\meshes\\irb140\\visual\\link_1.stl"", ""D:\\CADtest\\papertest\\go_nogo1\\sources\\urdf_files_dataset\\urdf_files\\robotics-toolbox\\abb_irb140\\meshes\\irb140\\visual\\link_2.stl"", ""D:\\CADtest\\papertest\\go_nogo1\\sources\\urdf_files_dataset\\urdf_files\\robotics-toolbox\\abb_irb140\\meshes\\irb140\\visual\\link_3.stl"", ""D:\\CADtest\\papertest\\go_nogo1\\sources\\urdf_files_dataset\\urdf_files\\robotics-toolbox\\abb_irb140\\meshes\\irb140\\visual\\link_4.stl"", ""D:\\CADtest\\papertest\\go_nogo1\\sources\\urdf_files_dataset\\urdf_files\\robotics-toolbox\\abb_irb140\\meshes\\irb140\\visual\\link_5.stl"", ""D:\\CADtest\\papertest\\go_nogo1\\sources\\urdf_files_dataset\\urdf_files\\robotics-toolbox\\abb_irb140\\meshes\\irb140\\visual\\link_6.stl""]",abb_irb140,robotics-toolbox,https://github.com/petercorke/robotics-toolbox-python/tree/07ad1259338d6dfd41af6e5e50973e315284a912/rtb-data/rtbdata/xacro/abb_irb140,robotic arm,D:\CADtest\papertest\go_nogo1\sources\urdf_files_dataset\urdf_files\robotics-toolbox\abb_irb140\urdf\irb140QT.urdf,original,1.0,False,2,1,1,arm-f86e598566,1,"[""robotics-toolbox""]",True,,7.0,0.0,[],True,19652.0,9827.0,28.08539053492061,0.8571428571428571,8.0,0.7315255747459376,89.27485860647053,0.43827702865309265,0.3380910534637693,0.5780345529633112,high
6,True,"{""fixed"": 1, ""revolute"": 6}",ABB,7.0,True,6.0,7.0,1.0,7.0,8.0,7.0,7.0,0.0,7.0,7.0,IRB 1600,1.0,,True,A,matlab\abb_irb1600_support\urdf\abbIrb1600.urdf,"{""ancestor_suffix"": 7}","[""D:\\CADtest\\papertest\\go_nogo1\\sources\\urdf_files_dataset\\urdf_files\\matlab\\abb_irb1600_support\\meshes\\irb1600\\visual\\base_link.stl"", ""D:\\CADtest\\papertest\\go_nogo1\\sources\\urdf_files_dataset\\urdf_files\\matlab\\abb_irb1600_support\\meshes\\irb1600\\visual\\link_1.stl"", ""D:\\CADtest\\papertest\\go_nogo1\\sources\\urdf_files_dataset\\urdf_files\\matlab\\abb_irb1600_support\\meshes\\irb1600\\visual\\link_3.stl"", ""D:\\CADtest\\papertest\\go_nogo1\\sources\\urdf_files_dataset\\urdf_files\\matlab\\abb_irb1600_support\\meshes\\irb1600\\visual\\link_4.stl"", ""D:\\CADtest\\papertest\\go_nogo1\\sources\\urdf_files_dataset\\urdf_files\\matlab\\abb_irb1600_support\\meshes\\irb1600\\visual\\link_5.stl"", ""D:\\CADtest\\papertest\\go_nogo1\\sources\\urdf_files_dataset\\urdf_files\\matlab\\abb_irb1600_support\\meshes\\irb1600\\visual\\link_6.stl"", ""D:\\CADtest\\papertest\\go_nogo1\\sources\\urdf_files_dataset\\urdf_files\\matlab\\abb_irb1600_support\\meshes\\irb1600_6_12\\visual\\link_2.stl""]",abb_irb1600_6_12,matlab,https://se.mathworks.com/matlabcentral/fileexchange/98714-robotics-system-toolbox-robot-library-data,robotic arm,D:\CADtest\papertest\go_nogo1\sources\urdf_files_dataset\urdf_files\matlab\abb_irb1600_support\urdf\abbIrb1600.urdf,original,1.0,False,2,1,1,arm-4e79777e86,1,"[""matlab""]",True,,6.0,1.0,"[""link_3.stl: ModuleNotFoundError: No module named 'networkx'""]",True,14656.0,7917.0,2.3788163228100063,0.0,6.0,0.7021424687185407,88.13182065287192,0.36474746320795437,0.32709524350516317,0.3029058175069395,high
162,True,"{""fixed"": 3, ""revolute"": 6}",ABB,8.0,True,6.0,7.0,1.0,9.0,10.0,7.0,7.0,0.0,7.0,7.0,IRB 1600-6/1.2,1.0,,True,A,ros-industrial\xacro_generated\abb\abb_irb1600_support\urdf\irb1600_6_12.urdf,"{""ancestor_suffix"": 7}","[""D:\\CADtest\\papertest\\go_nogo1\\sources\\urdf_files_dataset\\urdf_files\\ros-industrial\\xacro_generated\\abb\\abb_irb1600_support\\meshes\\irb1600\\visual\\base_link.stl"", ""D:\\CADtest\\papertest\\go_nogo1\\sources\\urdf_files_dataset\\urdf_files\\ros-industrial\\xacro_generated\\abb\\abb_irb1600_support\\meshes\\irb1600\\visual\\link_1.stl"", ""D:\\CADtest\\papertest\\go_nogo1\\sources\\urdf_files_dataset\\urdf_files\\ros-industrial\\xacro_generated\\abb\\abb_irb1600_support\\meshes\\irb1600\\visual\\link_3.stl"", ""D:\\CADtest\\papertest\\go_nogo1\\sources\\urdf_files_dataset\\urdf_files\\ros-industrial\\xacro_generated\\abb\\abb_irb1600_support\\meshes\\irb1600\\visual\\link_4.stl"", ""D:\\CADtest\\papertest\\go_nogo1\\sources\\urdf_files_dataset\\urdf_files\\ros-industrial\\xacro_generated\\abb\\abb_irb1600_support\\meshes\\irb1600\\visual\\link_5.stl"", ""D:\\CADtest\\papertest\\go_nogo1\\sources\\urdf_files_dataset\\urdf_files\\ros-industrial\\xacro_generated\\abb\\abb_irb1600_support\\meshes\\irb1600\\visual\\link_6.stl"", ""D:\\CADtest\\papertest\\go_nogo1\\sources\\urdf_files_dataset\\urdf_files\\ros-industrial\\xacro_generated\\abb\\abb_irb1600_support\\meshes\\irb1600_6_12\\visual\\link_2.stl""]",abb_irb1600_6_12,ros-industrial,https://github.com/ros-industrial/abb_experimental/tree/97cdd97b5d7882d349d8b2674eb74c110a78cccb/abb_irb1600_support,robotic arm,D:\CADtest\papertest\go_nogo1\sources\urdf_files_dataset\urdf_files\ros-industrial\xacro_generated\abb\abb_irb1600_support\urdf\irb1600_6_12.urdf,original,1.0,True,2,1,0,arm-c92ba5c644,1,"[""ros-industrial""]",True,,6.0,1.0,"[""link_3.stl: ModuleNotFoundError: No module named 'networkx'""]",True,14656.0,7917.0,2.3788163228100063,0.0,6.0,0.7021424687185407,88.13182065287192,0.36474746320795437,0.32709524350516317,0.3029058175069395,high
163,True,"{""fixed"": 3, ""revolute"": 6}",ABB,8.0,True,6.0,7.0,1.0,9.0,10.0,7.0,7.0,0.0,7.0,7.0,IRB 1600-8/1.45,1.0,,True,A,ros-industrial\xacro_generated\abb\abb_irb1600_support\urdf\irb1600_8_145.urdf,"{""ancestor_suffix"": 7}","[""D:\\CADtest\\papertest\\go_nogo1\\sources\\urdf_files_dataset\\urdf_files\\ros-industrial\\xacro_generated\\abb\\abb_irb1600_support\\meshes\\irb1600\\visual\\base_link.stl"", ""D:\\CADtest\\papertest\\go_nogo1\\sources\\urdf_files_dataset\\urdf_files\\ros-industrial\\xacro_generated\\abb\\abb_irb1600_support\\meshes\\irb1600\\visual\\link_1.stl"", ""D:\\CADtest\\papertest\\go_nogo1\\sources\\urdf_files_dataset\\urdf_files\\ros-industrial\\xacro_generated\\abb\\abb_irb1600_support\\meshes\\irb1600\\visual\\link_3.stl"", ""D:\\CADtest\\papertest\\go_nogo1\\sources\\urdf_files_dataset\\urdf_files\\ros-industrial\\xacro_generated\\abb\\abb_irb1600_support\\meshes\\irb1600\\visual\\link_4.stl"", ""D:\\CADtest\\papertest\\go_nogo1\\sources\\urdf_files_dataset\\urdf_files\\ros-industrial\\xacro_generated\\abb\\abb_irb1600_support\\meshes\\irb1600\\visual\\link_5.stl"", ""D:\\CADtest\\papertest\\go_nogo1\\sources\\urdf_files_dataset\\urdf_files\\ros-industrial\\xacro_generated\\abb\\abb_irb1600_support\\meshes\\irb1600\\visual\\link_6.stl"", ""D:\\CADtest\\papertest\\go_nogo1\\sources\\urdf_files_dataset\\urdf_files\\ros-industrial\\xacro_generated\\abb\\abb_irb1600_support\\meshes\\irb1600_8_145\\visual\\link_2.stl""]",abb_irb1600_8_145,ros-industrial,https://github.com/ros-industrial/abb_experimental/tree/97cdd97b5d7882d349d8b2674eb74c110a78cccb/abb_irb1600_support,robotic arm,D:\CADtest\papertest\go_nogo1\sources\urdf_files_dataset\urdf_files\ros-industrial\xacro_generated\abb\abb_irb1600_support\urdf\irb1600_8_145.urdf,original,1.0,True,2,1,0,arm-674fb8e440,1,"[""ros-industrial""]",True,,6.0,1.0,"[""link_3.stl: ModuleNotFoundError: No module named 'networkx'""]",True,18935.0,9973.0,2.4756718541041653,0.16666666666666666,6.0,0.688363286556445,88.20490929865464,0.3509740654322105,0.3167698386082041,0.21966673592152774,high
140,True,"{""fixed"": 2, ""revolute"": 6}",ABB,7.0,True,6.0,7.0,1.0,8.0,9.0,7.0,7.0,0.0,7.0,7.0,IRB 2400,1.0,,True,A,ros-industrial\abb\abb_irb2400_support\urdf\irb2400.urdf,"{""indexed_suffix"": 7}","[""D:\\CADtest\\papertest\\go_nogo1\\sources\\urdf_files_dataset\\urdf_files\\ros-industrial\\kuka\\kuka_kr210_support\\meshes\\visual\\base_link.dae"", ""D:\\CADtest\\papertest\\go_nogo1\\sources\\urdf_files_dataset\\urdf_files\\ros-industrial\\kuka\\kuka_kr210_support\\meshes\\visual\\link_1.dae"", ""D:\\CADtest\\papertest\\go_nogo1\\sources\\urdf_files_dataset\\urdf_files\\ros-industrial\\kuka\\kuka_kr210_support\\meshes\\visual\\link_2.dae"", ""D:\\CADtest\\papertest\\go_nogo1\\sources\\urdf_files_dataset\\urdf_files\\ros-industrial\\kuka\\kuka_kr210_support\\meshes\\visual\\link_3.dae"", ""D:\\CADtest\\papertest\\go_nogo1\\sources\\urdf_files_dataset\\urdf_files\\ros-industrial\\kuka\\kuka_kr210_support\\meshes\\visual\\link_4.dae"", ""D:\\CADtest\\papertest\\go_nogo1\\sources\\urdf_files_dataset\\urdf_files\\ros-industrial\\kuka\\kuka_kr210_support\\meshes\\visual\\link_5.dae"", ""D:\\CADtest\\papertest\\go_nogo1\\sources\\urdf_files_dataset\\urdf_files\\ros-industrial\\kuka\\kuka_kr210_support\\meshes\\visual\\link_6.dae""]",abb_irb2400,ros-industrial,https://github.com/ros-industrial/abb/tree/4a35d76115a18e5390fd7387109625c6144e41b6/abb_irb2400_support,robotic arm,D:\CADtest\papertest\go_nogo1\sources\urdf_files_dataset\urdf_files\ros-industrial\abb\abb_irb2400_support\urdf\irb2400.urdf,original,1.0,False,2,1,1,arm-081210e630,1,"[""ros-industrial""]",True,,5.0,2.0,"[""link_1.dae: ModuleNotFoundError: No module named 'networkx'"", ""link_3.dae: ModuleNotFoundError: No module named 'networkx'""]",True,65127.0,143374.0,14067.350824352248,0.0,39355.0,0.8020491537869069,27.136143294580382,0.14887890179209498,0.1106154384585196,-0.15238203064926378,medium
164,True,"{""fixed"": 3, ""revolute"": 6}",ABB,8.0,True,6.0,7.0,1.0,9.0,10.0,7.0,7.0,0.0,7.0,7.0,IRB 2600,1.0,,True,A,ros-industrial\xacro_generated\abb\abb_irb2600_support\urdf\irb2600_12_165.urdf,"{""ancestor_suffix"": 7}","[""D:\\CADtest\\papertest\\go_nogo1\\sources\\urdf_files_dataset\\urdf_files\\ros-industrial\\xacro_generated\\abb\\abb_irb2600_support\\meshes\\irb2600_12_165\\visual\\base_link.stl"", ""D:\\CADtest\\papertest\\go_nogo1\\sources\\urdf_files_dataset\\urdf_files\\ros-industrial\\xacro_generated\\abb\\abb_irb2600_support\\meshes\\irb2600_12_165\\visual\\link_1.stl"", ""D:\\CADtest\\papertest\\go_nogo1\\sources\\urdf_files_dataset\\urdf_files\\ros-industrial\\xacro_generated\\abb\\abb_irb2600_support\\meshes\\irb2600_12_165\\visual\\link_2.stl"", ""D:\\CADtest\\papertest\\go_nogo1\\sources\\urdf_files_dataset\\urdf_files\\ros-industrial\\xacro_generated\\abb\\abb_irb2600_support\\meshes\\irb2600_12_165\\visual\\link_3.stl"", ""D:\\CADtest\\papertest\\go_nogo1\\sources\\urdf_files_dataset\\urdf_files\\ros-industrial\\xacro_generated\\abb\\abb_irb2600_support\\meshes\\irb2600_12_165\\visual\\link_4.stl"", ""D:\\CADtest\\papertest\\go_nogo1\\sources\\urdf_files_dataset\\urdf_files\\ros-industrial\\xacro_generated\\abb\\abb_irb2600_support\\meshes\\irb2600_12_165\\visual\\link_5.stl"", ""D:\\CADtest\\papertest\\go_nogo1\\sources\\urdf_files_dataset\\urdf_files\\ros-industrial\\xacro_generated\\abb\\abb_irb2600_support\\meshes\\irb2600_12_165\\visual\\link_6.stl""]",abb_irb2600_12_165,ros-industrial,https://github.com/ros-industrial/abb_experimental/tree/97cdd97b5d7882d349d8b2674eb74c110a78cccb/abb_irb2600_support,robotic arm,D:\CADtest\papertest\go_nogo1\sources\urdf_files_dataset\urdf_files\ros-industrial\xacro_generated\abb\abb_irb2600_support\urdf\irb2600_12_165.urdf,original,1.0,True,2,1,0,arm-f3a89fcc9e,1,"[""ros-industrial""]",True,,7.0,0.0,[],True,272043.0,136076.0,3.6057279983055963,0.5714285714285714,36.0,0.8241083201980236,60.73096729578279,0.1999042579144562,0.19289491287238714,0.27657972819569765,high
165,True,"{""fixed"": 2, ""revolute"": 6}",ABB,7.0,True,6.0,7.0,1.0,8.0,9.0,7.0,7.0,0.0,7.0,7.0,IRB 4400L/30,1.0,,True,A,ros-industrial\xacro_generated\abb\abb_irb4400_support\urdf\irb4400l_30_243.urdf,"{""ancestor_suffix"": 7}","[""D:\\CADtest\\papertest\\go_nogo1\\sources\\urdf_files_dataset\\urdf_files\\ros-industrial\\xacro_generated\\abb\\abb_irb4400_support\\meshes\\irb4400l_30_243\\visual\\base_link.stl"", ""D:\\CADtest\\papertest\\go_nogo1\\sources\\urdf_files_dataset\\urdf_files\\ros-industrial\\xacro_generated\\abb\\abb_irb4400_support\\meshes\\irb4400l_30_243\\visual\\link_1.stl"", ""D:\\CADtest\\papertest\\go_nogo1\\sources\\urdf_files_dataset\\urdf_files\\ros-industrial\\xacro_generated\\abb\\abb_irb4400_support\\meshes\\irb4400l_30_243\\visual\\link_2.stl"", ""D:\\CADtest\\papertest\\go_nogo1\\sources\\urdf_files_dataset\\urdf_files\\ros-industrial\\xacro_generated\\abb\\abb_irb4400_support\\meshes\\irb4400l_30_243\\visual\\link_3.stl"", ""D:\\CADtest\\papertest\\go_nogo1\\sources\\urdf_files_dataset\\urdf_files\\ros-industrial\\xacro_generated\\abb\\abb_irb4400_support\\meshes\\irb4400l_30_243\\visual\\link_4.stl"", ""D:\\CADtest\\papertest\\go_nogo1\\sources\\urdf_files_dataset\\urdf_files\\ros-industrial\\xacro_generated\\abb\\abb_irb4400_support\\meshes\\irb4400l_30_243\\visual\\link_5.stl"", ""D:\\CADtest\\papertest\\go_nogo1\\sources\\urdf_files_dataset\\urdf_files\\ros-industrial\\xacro_generated\\abb\\abb_irb4400_support\\meshes\\irb4400l_30_243\\visual\\link_6.stl""]",abb_irb4400l_30_243,ros-industrial,https://github.com/ros-industrial/abb/tree/4a35d76115a18e5390fd7387109625c6144e41b6/abb_irb4400_support,robotic arm,D:\CADtest\papertest\go_nogo1\sources\urdf_files_dataset\urdf_files\ros-industrial\xacro_generated\abb\abb_irb4400_support\urdf\irb4400l_30_243.urdf,original,1.0,True,2,1,0,arm-f817901d6a,1,"[""ros-industrial""]",True,,7.0,0.0,[],True,11696.0,5858.0,8.23451825793457,1.0,16.0,0.7009183509525556,90.0,0.39085187765525475,0.35956223474442806,0.3633858935025683,high
166,True,"{""fixed"": 3, ""revolute"": 6}",ABB,8.0,True,6.0,7.0,1.0,9.0,10.0,7.0,7.0,0.0,7.0,7.0,IRB 4600-20/2.50,1.0,,True,A,ros-industrial\xacro_generated\abb\abb_irb4600_support\urdf\irb4600_20_250.urdf,"{""ancestor_suffix"": 7}","[""D:\\CADtest\\papertest\\go_nogo1\\sources\\urdf_files_dataset\\urdf_files\\ros-industrial\\xacro_generated\\abb\\abb_irb4600_support\\meshes\\irb4600\\visual\\base_link.dae"", ""D:\\CADtest\\papertest\\go_nogo1\\sources\\urdf_files_dataset\\urdf_files\\ros-industrial\\xacro_generated\\abb\\abb_irb4600_support\\meshes\\irb4600\\visual\\link_1.dae"", ""D:\\CADtest\\papertest\\go_nogo1\\sources\\urdf_files_dataset\\urdf_files\\ros-industrial\\xacro_generated\\abb\\abb_irb4600_support\\meshes\\irb4600_20_250\\visual\\link_2.dae"", ""D:\\CADtest\\papertest\\go_nogo1\\sources\\urdf_files_dataset\\urdf_files\\ros-industrial\\xacro_generated\\abb\\abb_irb4600_support\\meshes\\irb4600_20_250\\visual\\link_3.dae"", ""D:\\CADtest\\papertest\\go_nogo1\\sources\\urdf_files_dataset\\urdf_files\\ros-industrial\\xacro_generated\\abb\\abb_irb4600_support\\meshes\\irb4600_20_250\\visual\\link_4.dae"", ""D:\\CADtest\\papertest\\go_nogo1\\sources\\urdf_files_dataset\\urdf_files\\ros-industrial\\xacro_generated\\abb\\abb_irb4600_support\\meshes\\irb4600_20_250\\visual\\link_5.dae"", ""D:\\CADtest\\papertest\\go_nogo1\\sources\\urdf_files_dataset\\urdf_files\\ros-industrial\\xacro_generated\\abb\\abb_irb4600_support\\meshes\\irb4600_20_250\\visual\\link_6.dae""]",abb_irb4600_20_250,ros-industrial,https://github.com/ros-industrial/abb_experimental/tree/97cdd97b5d7882d349d8b2674eb74c110a78cccb/abb_irb4600_support,robotic arm,D:\CADtest\papertest\go_nogo1\sources\urdf_files_dataset\urdf_files\ros-industrial\xacro_generated\abb\abb_irb4600_support\urdf\irb4600_20_250.urdf,original,1.0,True,2,1,0,arm-24c767f546,1,"[""ros-industrial""]",True,,7.0,0.0,[],True,36571.0,18287.0,4.880339607439174,0.14285714285714285,17.0,0.8301741879121092,86.13414316398111,0.4624040172512503,0.3629377580358368,1.006293230259635,high
167,True,"{""fixed"": 3, ""revolute"": 6}",ABB,8.0,True,6.0,7.0,1.0,9.0,10.0,7.0,7.0,0.0,7.0,7.0,IRB 4600-40/2.55,1.0,,True,A,ros-industrial\xacro_generated\abb\abb_irb4600_support\urdf\irb4600_40_255.urdf,"{""ancestor_suffix"": 7}","[""D:\\CADtest\\papertest\\go_nogo1\\sources\\urdf_files_dataset\\urdf_files\\ros-industrial\\xacro_generated\\abb\\abb_irb4600_support\\meshes\\irb4600\\visual\\base_link.dae"", ""D:\\CADtest\\papertest\\go_nogo1\\sources\\urdf_files_dataset\\urdf_files\\ros-industrial\\xacro_generated\\abb\\abb_irb4600_support\\meshes\\irb4600\\visual\\link_1.dae"", ""D:\\CADtest\\papertest\\go_nogo1\\sources\\urdf_files_dataset\\urdf_files\\ros-industrial\\xacro_generated\\abb\\abb_irb4600_support\\meshes\\irb4600_40_255\\visual\\link_2.dae"", ""D:\\CADtest\\papertest\\go_nogo1\\sources\\urdf_files_dataset\\urdf_files\\ros-industrial\\xacro_generated\\abb\\abb_irb4600_support\\meshes\\irb4600_40_255\\visual\\link_3.dae"", ""D:\\CADtest\\papertest\\go_nogo1\\sources\\urdf_files_dataset\\urdf_files\\ros-industrial\\xacro_generated\\abb\\abb_irb4600_support\\meshes\\irb4600_40_255\\visual\\link_4.dae"", ""D:\\CADtest\\papertest\\go_nogo1\\sources\\urdf_files_dataset\\urdf_files\\ros-industrial\\xacro_generated\\abb\\abb_irb4600_support\\meshes\\irb4600_40_255\\visual\\link_5.dae"", ""D:\\CADtest\\papertest\\go_nogo1\\sources\\urdf_files_dataset\\urdf_files\\ros-industrial\\xacro_generated\\abb\\abb_irb4600_support\\meshes\\irb4600_40_255\\visual\\link_6.dae""]",abb_irb4600_40_255,ros-industrial,https://github.com/ros-industrial/abb_experimental/tree/97cdd97b5d7882d349d8b2674eb74c110a78cccb/abb_irb4600_support,robotic arm,D:\CADtest\papertest\go_nogo1\sources\urdf_files_dataset\urdf_files\ros-industrial\xacro_generated\abb\abb_irb4600_support\urdf\irb4600_40_255.urdf,original,1.0,True,2,1,0,arm-304c9a08a5,1,"[""ros-industrial""]",True,,7.0,0.0,[],True,38491.0,19230.0,5.158194417404331,0.14285714285714285,9.0,0.8345316396468807,89.45908649214314,0.4517031125328975,0.3494050079866919,1.0260531911936297,high
168,True,"{""fixed"": 3, ""revolute"": 6}",ABB,8.0,True,6.0,7.0,1.0,9.0,10.0,7.0,7.0,0.0,7.0,7.0,IRB 4600-60/2.05,1.0,,True,A,ros-industrial\xacro_generated\abb\abb_irb4600_support\urdf\irb4600_60_205.urdf,"{""ancestor_suffix"": 7}","[""D:\\CADtest\\papertest\\go_nogo1\\sources\\urdf_files_dataset\\urdf_files\\ros-industrial\\xacro_generated\\abb\\abb_irb4600_support\\meshes\\irb4600\\visual\\base_link.dae"", ""D:\\CADtest\\papertest\\go_nogo1\\sources\\urdf_files_dataset\\urdf_files\\ros-industrial\\xacro_generated\\abb\\abb_irb4600_support\\meshes\\irb4600\\visual\\link_1.dae"", ""D:\\CADtest\\papertest\\go_nogo1\\sources\\urdf_files_dataset\\urdf_files\\ros-industrial\\xacro_generated\\abb\\abb_irb4600_support\\meshes\\irb4600_60_205\\visual\\link_2.dae"", ""D:\\CADtest\\papertest\\go_nogo1\\sources\\urdf_files_dataset\\urdf_files\\ros-industrial\\xacro_generated\\abb\\abb_irb4600_support\\meshes\\irb4600_60_205\\visual\\link_3.dae"", ""D:\\CADtest\\papertest\\go_nogo1\\sources\\urdf_files_dataset\\urdf_files\\ros-industrial\\xacro_generated\\abb\\abb_irb4600_support\\meshes\\irb4600_60_205\\visual\\link_4.dae"", ""D:\\CADtest\\papertest\\go_nogo1\\sources\\urdf_files_dataset\\urdf_files\\ros-industrial\\xacro_generated\\abb\\abb_irb4600_support\\meshes\\irb4600_60_205\\visual\\link_5.dae"", ""D:\\CADtest\\papertest\\go_nogo1\\sources\\urdf_files_dataset\\urdf_files\\ros-industrial\\xacro_generated\\abb\\abb_irb4600_support\\meshes\\irb4600_60_205\\visual\\link_6.dae""]",abb_irb4600_60_205,ros-industrial,https://github.com/ros-industrial/abb_experimental/tree/97cdd97b5d7882d349d8b2674eb74c110a78cccb/abb_irb4600_support,robotic arm,D:\CADtest\papertest\go_nogo1\sources\urdf_files_dataset\urdf_files\ros-industrial\xacro_generated\abb\abb_irb4600_support\urdf\irb4600_60_205.urdf,original,1.0,True,2,1,0,arm-44d423d29d,1,"[""ros-industrial""]",True,,7.0,0.0,[],True,60195.0,30092.0,4.930593017812122,0.0,9.0,0.8385139594903896,89.03540348238685,0.39775683736140843,0.327850376759104,0.9312173644345201,high
169,True,"{""fixed"": 3, ""revolute"": 6}",ABB,8.0,True,6.0,7.0,1.0,9.0,10.0,7.0,7.0,0.0,7.0,7.0,IRB 52-7/1.2,1.0,,True,A,ros-industrial\xacro_generated\abb\abb_irb52_support\urdf\irb52_7_120.urdf,"{""ancestor_suffix"": 7}","[""D:\\CADtest\\papertest\\go_nogo1\\sources\\urdf_files_dataset\\urdf_files\\ros-industrial\\xacro_generated\\abb\\abb_irb52_support\\meshes\\irb52\\visual\\base_link.stl"", ""D:\\CADtest\\papertest\\go_nogo1\\sources\\urdf_files_dataset\\urdf_files\\ros-industrial\\xacro_generated\\abb\\abb_irb52_support\\meshes\\irb52\\visual\\link_1.stl"", ""D:\\CADtest\\papertest\\go_nogo1\\sources\\urdf_files_dataset\\urdf_files\\ros-industrial\\xacro_generated\\abb\\abb_irb52_support\\meshes\\irb52\\visual\\link_3.stl"", ""D:\\CADtest\\papertest\\go_nogo1\\sources\\urdf_files_dataset\\urdf_files\\ros-industrial\\xacro_generated\\abb\\abb_irb52_support\\meshes\\irb52\\visual\\link_4.stl"", ""D:\\CADtest\\papertest\\go_nogo1\\sources\\urdf_files_dataset\\urdf_files\\ros-industrial\\xacro_generated\\abb\\abb_irb52_support\\meshes\\irb52\\visual\\link_5.stl"", ""D:\\CADtest\\papertest\\go_nogo1\\sources\\urdf_files_dataset\\urdf_files\\ros-industrial\\xacro_generated\\abb\\abb_irb52_support\\meshes\\irb52\\visual\\link_6.stl"", ""D:\\CADtest\\papertest\\go_nogo1\\sources\\urdf_files_dataset\\urdf_files\\ros-industrial\\xacro_generated\\abb\\abb_irb52_support\\meshes\\irb52_7_120\\visual\\link_2.stl""]",abb_irb52_7_120,ros-industrial,https://github.com/ros-industrial/abb_experimental/tree/97cdd97b5d7882d349d8b2674eb74c110a78cccb/abb_irb52_support,robotic arm,D:\CADtest\papertest\go_nogo1\sources\urdf_files_dataset\urdf_files\ros-industrial\xacro_generated\abb\abb_irb52_support\urdf\irb52_7_120.urdf,original,1.0,True,2,1,0,arm-8fcf241b6f,1,"[""ros-industrial""]",True,,7.0,0.0,[],True,26059.0,13026.0,2.9572016203093328,0.8571428571428571,8.0,0.7348798724327594,88.72964341656719,0.3327631675267809,0.3205313707703526,0.3764682121289815,high
170,True,"{""fixed"": 3, ""revolute"": 6}",ABB,8.0,True,6.0,7.0,1.0,9.0,10.0,7.0,7.0,0.0,7.0,7.0,IRB 52-7/1.45,1.0,,True,A,ros-industrial\xacro_generated\abb\abb_irb52_support\urdf\irb52_7_145.urdf,"{""ancestor_suffix"": 7}","[""D:\\CADtest\\papertest\\go_nogo1\\sources\\urdf_files_dataset\\urdf_files\\ros-industrial\\xacro_generated\\abb\\abb_irb52_support\\meshes\\irb52\\visual\\base_link.stl"", ""D:\\CADtest\\papertest\\go_nogo1\\sources\\urdf_files_dataset\\urdf_files\\ros-industrial\\xacro_generated\\abb\\abb_irb52_support\\meshes\\irb52\\visual\\link_1.stl"", ""D:\\CADtest\\papertest\\go_nogo1\\sources\\urdf_files_dataset\\urdf_files\\ros-industrial\\xacro_generated\\abb\\abb_irb52_support\\meshes\\irb52\\visual\\link_3.stl"", ""D:\\CADtest\\papertest\\go_nogo1\\sources\\urdf_files_dataset\\urdf_files\\ros-industrial\\xacro_generated\\abb\\abb_irb52_support\\meshes\\irb52\\visual\\link_4.stl"", ""D:\\CADtest\\papertest\\go_nogo1\\sources\\urdf_files_dataset\\urdf_files\\ros-industrial\\xacro_generated\\abb\\abb_irb52_support\\meshes\\irb52\\visual\\link_5.stl"", ""D:\\CADtest\\papertest\\go_nogo1\\sources\\urdf_files_dataset\\urdf_files\\ros-industrial\\xacro_generated\\abb\\abb_irb52_support\\meshes\\irb52\\visual\\link_6.stl"", ""D:\\CADtest\\papertest\\go_nogo1\\sources\\urdf_files_dataset\\urdf_files\\ros-industrial\\xacro_generated\\abb\\abb_irb52_support\\meshes\\irb52_7_145\\visual\\link_2.stl""]",abb_irb52_7_145,ros-industrial,https://github.com/ros-industrial/abb_experimental/tree/97cdd97b5d7882d349d8b2674eb74c110a78cccb/abb_irb52_support,robotic arm,D:\CADtest\papertest\go_nogo1\sources\urdf_files_dataset\urdf_files\ros-industrial\xacro_generated\abb\abb_irb52_support\urdf\irb52_7_145.urdf,original,1.0,True,2,1,0,arm-91f018718c,1,"[""ros-industrial""]",True,,7.0,0.0,[],True,26848.0,13420.0,3.048097363236572,1.0,8.0,0.7270571599872528,88.76752606652002,0.3286484004486098,0.32024181381067623,0.33660847315681597,high
141,True,"{""fixed"": 2, ""revolute"": 7}",ABB,8.0,True,7.0,8.0,1.0,9.0,10.0,8.0,8.0,0.0,8.0,8.0,IRB 5400,1.0,,True,A,ros-industrial\abb\abb_irb5400_support\urdf\irb5400.urdf,"{""indexed_suffix"": 8}","[""D:\\CADtest\\papertest\\go_nogo1\\sources\\urdf_files_dataset\\urdf_files\\ros-industrial\\abb\\abb_irb5400_support\\meshes\\irb5400\\visual\\link_5b.dae"", ""D:\\CADtest\\papertest\\go_nogo1\\sources\\urdf_files_dataset\\urdf_files\\ros-industrial\\kuka\\kuka_kr210_support\\meshes\\visual\\base_link.dae"", ""D:\\CADtest\\papertest\\go_nogo1\\sources\\urdf_files_dataset\\urdf_files\\ros-industrial\\kuka\\kuka_kr210_support\\meshes\\visual\\link_1.dae"", ""D:\\CADtest\\papertest\\go_nogo1\\sources\\urdf_files_dataset\\urdf_files\\ros-industrial\\kuka\\kuka_kr210_support\\meshes\\visual\\link_2.dae"", ""D:\\CADtest\\papertest\\go_nogo1\\sources\\urdf_files_dataset\\urdf_files\\ros-industrial\\kuka\\kuka_kr210_support\\meshes\\visual\\link_3.dae"", ""D:\\CADtest\\papertest\\go_nogo1\\sources\\urdf_files_dataset\\urdf_files\\ros-industrial\\kuka\\kuka_kr210_support\\meshes\\visual\\link_4.dae"", ""D:\\CADtest\\papertest\\go_nogo1\\sources\\urdf_files_dataset\\urdf_files\\ros-industrial\\kuka\\kuka_kr210_support\\meshes\\visual\\link_5.dae"", ""D:\\CADtest\\papertest\\go_nogo1\\sources\\urdf_files_dataset\\urdf_files\\ros-industrial\\kuka\\kuka_kr210_support\\meshes\\visual\\link_6.dae""]",abb_irb5400,ros-industrial,https://github.com/ros-industrial/abb/tree/4a35d76115a18e5390fd7387109625c6144e41b6/abb_irb5400_support,robotic arm,D:\CADtest\papertest\go_nogo1\sources\urdf_files_dataset\urdf_files\ros-industrial\abb\abb_irb5400_support\urdf\irb5400.urdf,original,1.0,False,2,1,1,arm-065970a45f,1,"[""ros-industrial""]",True,,6.0,2.0,"[""link_1.dae: ModuleNotFoundError: No module named 'networkx'"", ""link_3.dae: ModuleNotFoundError: No module named 'networkx'""]",True,66555.0,144090.0,14067.425281313486,0.16666666666666666,39356.0,0.8020486666875551,27.136258142638926,0.14887922080051805,0.11061589821544597,-0.1523825671686748,medium
171,True,"{""continuous"": 2, ""fixed"": 2, ""revolute"": 6}",ABB,7.0,True,8.0,9.0,1.0,10.0,11.0,9.0,9.0,0.0,9.0,9.0,IRB 6600-255/2.55,1.0,,True,A,ros-industrial\xacro_generated\abb\abb_irb6600_support\urdf\irb6600_225_255.urdf,"{""ancestor_suffix"": 9}","[""D:\\CADtest\\papertest\\go_nogo1\\sources\\urdf_files_dataset\\urdf_files\\ros-industrial\\xacro_generated\\abb\\abb_irb6600_support\\meshes\\irb6600_225_255\\visual\\base_link.dae"", ""D:\\CADtest\\papertest\\go_nogo1\\sources\\urdf_files_dataset\\urdf_files\\ros-industrial\\xacro_generated\\abb\\abb_irb6600_support\\meshes\\irb6600_225_255\\visual\\link_1.dae"", ""D:\\CADtest\\papertest\\go_nogo1\\sources\\urdf_files_dataset\\urdf_files\\ros-industrial\\xacro_generated\\abb\\abb_irb6600_support\\meshes\\irb6600_225_255\\visual\\link_2.dae"", ""D:\\CADtest\\papertest\\go_nogo1\\sources\\urdf_files_dataset\\urdf_files\\ros-industrial\\xacro_generated\\abb\\abb_irb6600_support\\meshes\\irb6600_225_255\\visual\\link_3.dae"", ""D:\\CADtest\\papertest\\go_nogo1\\sources\\urdf_files_dataset\\urdf_files\\ros-industrial\\xacro_generated\\abb\\abb_irb6600_support\\meshes\\irb6600_225_255\\visual\\link_4.dae"", ""D:\\CADtest\\papertest\\go_nogo1\\sources\\urdf_files_dataset\\urdf_files\\ros-industrial\\xacro_generated\\abb\\abb_irb6600_support\\meshes\\irb6600_225_255\\visual\\link_5.dae"", ""D:\\CADtest\\papertest\\go_nogo1\\sources\\urdf_files_dataset\\urdf_files\\ros-industrial\\xacro_generated\\abb\\abb_irb6600_support\\meshes\\irb6600_225_255\\visual\\link_6.dae"", ""D:\\CADtest\\papertest\\go_nogo1\\sources\\urdf_files_dataset\\urdf_files\\ros-industrial\\xacro_generated\\abb\\abb_irb6600_support\\meshes\\irb6600_225_255\\visual\\link_cylinder.dae"", ""D:\\CADtest\\papertest\\go_nogo1\\sources\\urdf_files_dataset\\urdf_files\\ros-industrial\\xacro_generated\\abb\\abb_irb6600_support\\meshes\\irb6600_225_255\\visual\\link_piston.dae""]",abb_irb6600_225_255,ros-industrial,https://github.com/ros-industrial/abb/tree/4a35d76115a18e5390fd7387109625c6144e41b6/abb_irb6600_support/urdf,robotic arm,D:\CADtest\papertest\go_nogo1\sources\urdf_files_dataset\urdf_files\ros-industrial\xacro_generated\abb\abb_irb6600_support\urdf\irb6600_225_255.urdf,original,1.0,True,2,1,0,arm-6af92e32a6,1,"[""ros-industrial""]",True,,9.0,0.0,[],True,22783.0,16891.0,11.810781440223238,0.4444444444444444,907.0,0.7464104339229009,54.89386746838387,0.23475446969713917,0.18706278040164967,-0.011420451488902111,medium
142,True,"{""fixed"": 4, ""revolute"": 6}",ABB,7.0,True,6.0,9.0,1.0,10.0,11.0,9.0,9.0,0.0,9.0,9.0,IRB 6640,1.0,,True,A,ros-industrial\abb\abb_irb6600_support\urdf\irb6640.urdf,"{""indexed_suffix"": 9}","[""D:\\CADtest\\papertest\\go_nogo1\\sources\\urdf_files_dataset\\urdf_files\\matlab\\abb_irb120_support\\meshes\\irb120_3_58\\visual\\base_link.stl"", ""D:\\CADtest\\papertest\\go_nogo1\\sources\\urdf_files_dataset\\urdf_files\\matlab\\abb_irb120_support\\meshes\\irb120_3_58\\visual\\link_1.stl"", ""D:\\CADtest\\papertest\\go_nogo1\\sources\\urdf_files_dataset\\urdf_files\\matlab\\abb_irb120_support\\meshes\\irb120_3_58\\visual\\link_2.stl"", ""D:\\CADtest\\papertest\\go_nogo1\\sources\\urdf_files_dataset\\urdf_files\\matlab\\abb_irb120_support\\meshes\\irb120_3_58\\visual\\link_3.stl"", ""D:\\CADtest\\papertest\\go_nogo1\\sources\\urdf_files_dataset\\urdf_files\\matlab\\abb_irb120_support\\meshes\\irb120_3_58\\visual\\link_4.stl"", ""D:\\CADtest\\papertest\\go_nogo1\\sources\\urdf_files_dataset\\urdf_files\\matlab\\abb_irb120_support\\meshes\\irb120_3_58\\visual\\link_5.stl"", ""D:\\CADtest\\papertest\\go_nogo1\\sources\\urdf_files_dataset\\urdf_files\\matlab\\abb_irb120_support\\meshes\\irb120_3_58\\visual\\link_6.stl"", ""D:\\CADtest\\papertest\\go_nogo1\\sources\\urdf_files_dataset\\urdf_files\\ros-industrial\\abb\\abb_irb6600_support\\meshes\\irb6640\\visual\\cylinder.stl"", ""D:\\CADtest\\papertest\\go_nogo1\\sources\\urdf_files_dataset\\urdf_files\\ros-industrial\\abb\\abb_irb6600_support\\meshes\\irb6640\\visual\\piston.stl""]",abb_irb6640,ros-industrial,https://github.com/ros-industrial/abb/tree/4a35d76115a18e5390fd7387109625c6144e41b6/abb_irb6600_support,robotic arm,D:\CADtest\papertest\go_nogo1\sources\urdf_files_dataset\urdf_files\ros-industrial\abb\abb_irb6600_support\urdf\irb6640.urdf,original,1.0,False,2,1,1,arm-0ef5af4e54,1,"[""ros-industrial""]",True,,7.0,2.0,"[""cylinder.stl: ModuleNotFoundError: No module named 'networkx'"", ""piston.stl: ModuleNotFoundError: No module named 'networkx'""]",True,39982.0,19856.0,1.3960620752962183,0.5714285714285714,87.0,0.6967849681870395,86.39278437622696,0.322183929123618,0.2200306442057868,0.18353611674207324,medium
143,True,"{""continuous"": 2, ""fixed"": 2, ""revolute"": 6}",ABB,7.0,True,8.0,9.0,1.0,10.0,11.0,9.0,9.0,0.0,9.0,9.0,IRB 6640-185/2.8,1.0,,True,A,ros-industrial\abb\abb_irb6640_support\urdf\irb6640_185_280.urdf,"{""indexed_suffix"": 9}","[""D:\\CADtest\\papertest\\go_nogo1\\sources\\urdf_files_dataset\\urdf_files\\ros-industrial\\abb\\abb_irb6640_support\\meshes\\irb6640_185_280\\visual\\cylinder_link.dae"", ""D:\\CADtest\\papertest\\go_nogo1\\sources\\urdf_files_dataset\\urdf_files\\ros-industrial\\abb\\abb_irb6640_support\\meshes\\irb6640_185_280\\visual\\piston_link.dae"", ""D:\\CADtest\\papertest\\go_nogo1\\sources\\urdf_files_dataset\\urdf_files\\ros-industrial\\kuka\\kuka_kr210_support\\meshes\\visual\\base_link.dae"", ""D:\\CADtest\\papertest\\go_nogo1\\sources\\urdf_files_dataset\\urdf_files\\ros-industrial\\kuka\\kuka_kr210_support\\meshes\\visual\\link_1.dae"", ""D:\\CADtest\\papertest\\go_nogo1\\sources\\urdf_files_dataset\\urdf_files\\ros-industrial\\kuka\\kuka_kr210_support\\meshes\\visual\\link_2.dae"", ""D:\\CADtest\\papertest\\go_nogo1\\sources\\urdf_files_dataset\\urdf_files\\ros-industrial\\kuka\\kuka_kr210_support\\meshes\\visual\\link_3.dae"", ""D:\\CADtest\\papertest\\go_nogo1\\sources\\urdf_files_dataset\\urdf_files\\ros-industrial\\kuka\\kuka_kr210_support\\meshes\\visual\\link_4.dae"", ""D:\\CADtest\\papertest\\go_nogo1\\sources\\urdf_files_dataset\\urdf_files\\ros-industrial\\kuka\\kuka_kr210_support\\meshes\\visual\\link_5.dae"", ""D:\\CADtest\\papertest\\go_nogo1\\sources\\urdf_files_dataset\\urdf_files\\ros-industrial\\kuka\\kuka_kr210_support\\meshes\\visual\\link_6.dae""]",abb_irb6640_185_280,ros-industrial,https://github.com/ros-industrial/abb/tree/4a35d76115a18e5390fd7387109625c6144e41b6/abb_irb6640_support,robotic arm,D:\CADtest\papertest\go_nogo1\sources\urdf_files_dataset\urdf_files\ros-industrial\abb\abb_irb6640_support\urdf\irb6640_185_280.urdf,original,1.0,False,2,1,1,arm-897106e190,1,"[""ros-industrial""]",True,,7.0,2.0,"[""link_1.dae: ModuleNotFoundError: No module named 'networkx'"", ""link_3.dae: ModuleNotFoundError: No module named 'networkx'""]",True,82917.0,152271.0,14068.955171699266,0.2857142857142857,39361.0,0.8020476112408513,27.13636542756598,0.14888646452665105,0.11061154932002443,-0.15237159994563484,medium
173,True,"{""fixed"": 3, ""revolute"": 6}",ABB,8.0,True,6.0,7.0,1.0,9.0,10.0,7.0,7.0,0.0,7.0,7.0,IRB 6650S-125/3.50,1.0,,True,A,ros-industrial\xacro_generated\abb\abb_irb6650s_support\urdf\irb6650s_125_350.urdf,"{""ancestor_suffix"": 7}","[""D:\\CADtest\\papertest\\go_nogo1\\sources\\urdf_files_dataset\\urdf_files\\ros-industrial\\xacro_generated\\abb\\abb_irb6650s_support\\meshes\\irb6650s\\visual\\base_link.stl"", ""D:\\CADtest\\papertest\\go_nogo1\\sources\\urdf_files_dataset\\urdf_files\\ros-industrial\\xacro_generated\\abb\\abb_irb6650s_support\\meshes\\irb6650s\\visual\\link_1.stl"", ""D:\\CADtest\\papertest\\go_nogo1\\sources\\urdf_files_dataset\\urdf_files\\ros-industrial\\xacro_generated\\abb\\abb_irb6650s_support\\meshes\\irb6650s\\visual\\link_2.stl"", ""D:\\CADtest\\papertest\\go_nogo1\\sources\\urdf_files_dataset\\urdf_files\\ros-industrial\\xacro_generated\\abb\\abb_irb6650s_support\\meshes\\irb6650s\\visual\\link_3.stl"", ""D:\\CADtest\\papertest\\go_nogo1\\sources\\urdf_files_dataset\\urdf_files\\ros-industrial\\xacro_generated\\abb\\abb_irb6650s_support\\meshes\\irb6650s\\visual\\link_5.stl"", ""D:\\CADtest\\papertest\\go_nogo1\\sources\\urdf_files_dataset\\urdf_files\\ros-industrial\\xacro_generated\\abb\\abb_irb6650s_support\\meshes\\irb6650s\\visual\\link_6.stl"", ""D:\\CADtest\\papertest\\go_nogo1\\sources\\urdf_files_dataset\\urdf_files\\ros-industrial\\xacro_generated\\abb\\abb_irb6650s_support\\meshes\\irb6650s_125_350\\visual\\link_4.stl""]",abb_irb6650s_125_350,ros-industrial,https://github.com/ros-industrial/abb_experimental/tree/97cdd97b5d7882d349d8b2674eb74c110a78cccb/abb_irb6650s_support,robotic arm,D:\CADtest\papertest\go_nogo1\sources\urdf_files_dataset\urdf_files\ros-industrial\xacro_generated\abb\abb_irb6650s_support\urdf\irb6650s_125_350.urdf,original,1.0,True,2,1,0,arm-ef24cb935c,1,"[""ros-industrial""]",True,,7.0,0.0,[],True,32418.0,16207.0,13.112503286266454,1.0,12.0,0.7487009699782131,87.84257977426637,0.35189454701,0.335128233320241,0.4648745498295204,high
172,True,"{""fixed"": 3, ""revolute"": 6}",ABB,8.0,True,6.0,7.0,1.0,9.0,10.0,7.0,7.0,0.0,7.0,7.0,IRB 6650S-90/3.90,1.0,,True,A,ros-industrial\xacro_generated\abb\abb_irb6650s_support\urdf\irb6650s_90_390.urdf,"{""ancestor_suffix"": 7}","[""D:\\CADtest\\papertest\\go_nogo1\\sources\\urdf_files_dataset\\urdf_files\\ros-industrial\\xacro_generated\\abb\\abb_irb6650s_support\\meshes\\irb6650s\\visual\\base_link.stl"", ""D:\\CADtest\\papertest\\go_nogo1\\sources\\urdf_files_dataset\\urdf_files\\ros-industrial\\xacro_generated\\abb\\abb_irb6650s_support\\meshes\\irb6650s\\visual\\link_1.stl"", ""D:\\CADtest\\papertest\\go_nogo1\\sources\\urdf_files_dataset\\urdf_files\\ros-industrial\\xacro_generated\\abb\\abb_irb6650s_support\\meshes\\irb6650s\\visual\\link_2.stl"", ""D:\\CADtest\\papertest\\go_nogo1\\sources\\urdf_files_dataset\\urdf_files\\ros-industrial\\xacro_generated\\abb\\abb_irb6650s_support\\meshes\\irb6650s\\visual\\link_3.stl"", ""D:\\CADtest\\papertest\\go_nogo1\\sources\\urdf_files_dataset\\urdf_files\\ros-industrial\\xacro_generated\\abb\\abb_irb6650s_support\\meshes\\irb6650s\\visual\\link_5.stl"", ""D:\\CADtest\\papertest\\go_nogo1\\sources\\urdf_files_dataset\\urdf_files\\ros-industrial\\xacro_generated\\abb\\abb_irb6650s_support\\meshes\\irb6650s\\visual\\link_6.stl"", ""D:\\CADtest\\papertest\\go_nogo1\\sources\\urdf_files_dataset\\urdf_files\\ros-industrial\\xacro_generated\\abb\\abb_irb6650s_support\\meshes\\irb6650s_90_390\\visual\\link_4.stl""]",abb_irb6650s_90_390,ros-industrial,https://github.com/ros-industrial/abb_experimental/tree/97cdd97b5d7882d349d8b2674eb74c110a78cccb/abb_irb6650s_support,robotic arm,D:\CADtest\papertest\go_nogo1\sources\urdf_files_dataset\urdf_files\ros-industrial\xacro_generated\abb\abb_irb6650s_support\urdf\irb6650s_90_390.urdf,original,1.0,True,2,1,0,arm-cd4762843b,1,"[""ros-industrial""]",True,,7.0,0.0,[],True,34044.0,17020.0,13.424424849583625,1.0,12.0,0.7499978086499056,87.56774999544423,0.34845859552738206,0.3318652913415979,0.4613388195319659,high
174,True,"{""fixed"": 3, ""prismatic"": 1, ""revolute"": 7}",ABB,8.0,True,8.0,9.0,1.0,11.0,12.0,9.0,9.0,0.0,9.0,9.0,IRB 6700-200/2.60,1.0,,True,A,ros-industrial\xacro_generated\abb\abb_irb6700_support\urdf\irb6700_200_260.urdf,"{""ancestor_suffix"": 9}","[""D:\\CADtest\\papertest\\go_nogo1\\sources\\urdf_files_dataset\\urdf_files\\ros-industrial\\xacro_generated\\abb\\abb_irb6700_support\\meshes\\irb6700\\visual\\base_link.stl"", ""D:\\CADtest\\papertest\\go_nogo1\\sources\\urdf_files_dataset\\urdf_files\\ros-industrial\\xacro_generated\\abb\\abb_irb6700_support\\meshes\\irb6700\\visual\\cylinder.stl"", ""D:\\CADtest\\papertest\\go_nogo1\\sources\\urdf_files_dataset\\urdf_files\\ros-industrial\\xacro_generated\\abb\\abb_irb6700_support\\meshes\\irb6700\\visual\\link_1.stl"", ""D:\\CADtest\\papertest\\go_nogo1\\sources\\urdf_files_dataset\\urdf_files\\ros-industrial\\xacro_generated\\abb\\abb_irb6700_support\\meshes\\irb6700\\visual\\link_5.stl"", ""D:\\CADtest\\papertest\\go_nogo1\\sources\\urdf_files_dataset\\urdf_files\\ros-industrial\\xacro_generated\\abb\\abb_irb6700_support\\meshes\\irb6700\\visual\\link_6.stl"", ""D:\\CADtest\\papertest\\go_nogo1\\sources\\urdf_files_dataset\\urdf_files\\ros-industrial\\xacro_generated\\abb\\abb_irb6700_support\\meshes\\irb6700\\visual\\piston.stl"", ""D:\\CADtest\\papertest\\go_nogo1\\sources\\urdf_files_dataset\\urdf_files\\ros-industrial\\xacro_generated\\abb\\abb_irb6700_support\\meshes\\irb6700_200_260\\visual\\link_2.stl"", ""D:\\CADtest\\papertest\\go_nogo1\\sources\\urdf_files_dataset\\urdf_files\\ros-industrial\\xacro_generated\\abb\\abb_irb6700_support\\meshes\\irb6700_200_260\\visual\\link_3.stl"", ""D:\\CADtest\\papertest\\go_nogo1\\sources\\urdf_files_dataset\\urdf_files\\ros-industrial\\xacro_generated\\abb\\abb_irb6700_support\\meshes\\irb6700_200_260\\visual\\link_4.stl""]",abb_irb6700_200_260,ros-industrial,https://github.com/ros-industrial/abb_experimental/tree/97cdd97b5d7882d349d8b2674eb74c110a78cccb/abb_irb6700_support,robotic arm,D:\CADtest\papertest\go_nogo1\sources\urdf_files_dataset\urdf_files\ros-industrial\xacro_generated\abb\abb_irb6700_support\urdf\irb6700_200_260.urdf,original,1.0,True,2,1,0,arm-fa8324d39f,1,"[""ros-industrial""]",True,,9.0,0.0,[],True,66530.0,33208.0,11.694222626435463,0.7777777777777778,10.0,0.8216364239940184,89.46902748105114,0.3790114893523807,0.29834876486501055,0.8279307908763228,high
175,True,"{""fixed"": 3, ""prismatic"": 1, ""revolute"": 7}",ABB,8.0,True,8.0,9.0,1.0,11.0,12.0,9.0,9.0,0.0,9.0,9.0,IRB 6700-235/2.65,1.0,,True,A,ros-industrial\xacro_generated\abb\abb_irb6700_support\urdf\irb6700_235_265.urdf,"{""ancestor_suffix"": 9}","[""D:\\CADtest\\papertest\\go_nogo1\\sources\\urdf_files_dataset\\urdf_files\\ros-industrial\\xacro_generated\\abb\\abb_irb6700_support\\meshes\\irb6700\\visual\\base_link.stl"", ""D:\\CADtest\\papertest\\go_nogo1\\sources\\urdf_files_dataset\\urdf_files\\ros-industrial\\xacro_generated\\abb\\abb_irb6700_support\\meshes\\irb6700\\visual\\cylinder.stl"", ""D:\\CADtest\\papertest\\go_nogo1\\sources\\urdf_files_dataset\\urdf_files\\ros-industrial\\xacro_generated\\abb\\abb_irb6700_support\\meshes\\irb6700\\visual\\link_1.stl"", ""D:\\CADtest\\papertest\\go_nogo1\\sources\\urdf_files_dataset\\urdf_files\\ros-industrial\\xacro_generated\\abb\\abb_irb6700_support\\meshes\\irb6700\\visual\\link_5.stl"", ""D:\\CADtest\\papertest\\go_nogo1\\sources\\urdf_files_dataset\\urdf_files\\ros-industrial\\xacro_generated\\abb\\abb_irb6700_support\\meshes\\irb6700\\visual\\link_6.stl"", ""D:\\CADtest\\papertest\\go_nogo1\\sources\\urdf_files_dataset\\urdf_files\\ros-industrial\\xacro_generated\\abb\\abb_irb6700_support\\meshes\\irb6700\\visual\\piston.stl"", ""D:\\CADtest\\papertest\\go_nogo1\\sources\\urdf_files_dataset\\urdf_files\\ros-industrial\\xacro_generated\\abb\\abb_irb6700_support\\meshes\\irb6700_235_265\\visual\\link_2.stl"", ""D:\\CADtest\\papertest\\go_nogo1\\sources\\urdf_files_dataset\\urdf_files\\ros-industrial\\xacro_generated\\abb\\abb_irb6700_support\\meshes\\irb6700_235_265\\visual\\link_3.stl"", ""D:\\CADtest\\papertest\\go_nogo1\\sources\\urdf_files_dataset\\urdf_files\\ros-industrial\\xacro_generated\\abb\\abb_irb6700_support\\meshes\\irb6700_235_265\\visual\\link_4.stl""]",abb_irb6700_235_265,ros-industrial,https://github.com/ros-industrial/abb_experimental/tree/97cdd97b5d7882d349d8b2674eb74c110a78cccb/abb_irb6700_support,robotic arm,D:\CADtest\papertest\go_nogo1\sources\urdf_files_dataset\urdf_files\ros-industrial\xacro_generated\abb\abb_irb6700_support\urdf\irb6700_235_265.urdf,original,1.0,True,2,1,0,arm-87daff3862,1,"[""ros-industrial""]",True,,9.0,0.0,[],True,61201.0,30539.0,11.87987371042654,0.8888888888888888,10.0,0.8111444968949166,89.63452110406534,0.4145184977732382,0.31730438439929276,0.8574728113462348,high
176,True,"{""fixed"": 4, ""revolute"": 6}",ABB,8.0,True,6.0,8.0,1.0,10.0,11.0,8.0,8.0,0.0,9.0,9.0,IRB 7600-150/3.50,1.0,,True,A,ros-industrial\xacro_generated\abb\abb_irb7600_support\urdf\irb7600_150_350.urdf,"{""ancestor_suffix"": 9}","[""D:\\CADtest\\papertest\\go_nogo1\\sources\\urdf_files_dataset\\urdf_files\\ros-industrial\\xacro_generated\\abb\\abb_irb7600_support\\meshes\\irb7600\\visual\\balancer_piston.stl"", ""D:\\CADtest\\papertest\\go_nogo1\\sources\\urdf_files_dataset\\urdf_files\\ros-industrial\\xacro_generated\\abb\\abb_irb7600_support\\meshes\\irb7600\\visual\\base_link.stl"", ""D:\\CADtest\\papertest\\go_nogo1\\sources\\urdf_files_dataset\\urdf_files\\ros-industrial\\xacro_generated\\abb\\abb_irb7600_support\\meshes\\irb7600\\visual\\link_1.stl"", ""D:\\CADtest\\papertest\\go_nogo1\\sources\\urdf_files_dataset\\urdf_files\\ros-industrial\\xacro_generated\\abb\\abb_irb7600_support\\meshes\\irb7600\\visual\\link_2.stl"", ""D:\\CADtest\\papertest\\go_nogo1\\sources\\urdf_files_dataset\\urdf_files\\ros-industrial\\xacro_generated\\abb\\abb_irb7600_support\\meshes\\irb7600\\visual\\link_3.stl"", ""D:\\CADtest\\papertest\\go_nogo1\\sources\\urdf_files_dataset\\urdf_files\\ros-industrial\\xacro_generated\\abb\\abb_irb7600_support\\meshes\\irb7600\\visual\\link_5.stl"", ""D:\\CADtest\\papertest\\go_nogo1\\sources\\urdf_files_dataset\\urdf_files\\ros-industrial\\xacro_generated\\abb\\abb_irb7600_support\\meshes\\irb7600\\visual\\link_6.stl"", ""D:\\CADtest\\papertest\\go_nogo1\\sources\\urdf_files_dataset\\urdf_files\\ros-industrial\\xacro_generated\\abb\\abb_irb7600_support\\meshes\\irb7600_150_350\\visual\\abb_logos.stl"", ""D:\\CADtest\\papertest\\go_nogo1\\sources\\urdf_files_dataset\\urdf_files\\ros-industrial\\xacro_generated\\abb\\abb_irb7600_support\\meshes\\irb7600_150_350\\visual\\link_4.stl""]",abb_irb7600_150_350,ros-industrial,https://github.com/ros-industrial/abb_experimental/tree/97cdd97b5d7882d349d8b2674eb74c110a78cccb/abb_irb7600_support,robotic arm,D:\CADtest\papertest\go_nogo1\sources\urdf_files_dataset\urdf_files\ros-industrial\xacro_generated\abb\abb_irb7600_support\urdf\irb7600_150_350.urdf,original,1.0,True,2,1,0,arm-022ef09303,1,"[""ros-industrial""]",True,,9.0,0.0,[],True,29816.0,14882.0,14.489090506898144,1.0,14.0,0.7534300710609988,86.7789861179501,0.35413686087388185,0.31640098130452404,0.4811434964420828,high
7,True,"{""continuous"": 4, ""fixed"": 11}",Adept Mobile Robots,3.0,True,4.0,5.0,1.0,15.0,16.0,16.0,16.0,0.0,16.0,16.0,Pioneer 3-AT,1.0,,True,A,matlab\amr_robots_description\urdf\amrPioneer3AT.urdf,"{""ancestor_suffix"": 16}","[""D:\\CADtest\\papertest\\go_nogo1\\sources\\urdf_files_dataset\\urdf_files\\matlab\\amr_robots_description\\meshes\\p3at_meshes\\axle.stl"", ""D:\\CADtest\\papertest\\go_nogo1\\sources\\urdf_files_dataset\\urdf_files\\matlab\\amr_robots_description\\meshes\\p3at_meshes\\back_sonar.stl"", ""D:\\CADtest\\papertest\\go_nogo1\\sources\\urdf_files_dataset\\urdf_files\\matlab\\amr_robots_description\\meshes\\p3at_meshes\\chassis.stl"", ""D:\\CADtest\\papertest\\go_nogo1\\sources\\urdf_files_dataset\\urdf_files\\matlab\\amr_robots_description\\meshes\\p3at_meshes\\front_sonar.stl"", ""D:\\CADtest\\papertest\\go_nogo1\\sources\\urdf_files_dataset\\urdf_files\\matlab\\amr_robots_description\\meshes\\p3at_meshes\\left_hubcap.stl"", ""D:\\CADtest\\papertest\\go_nogo1\\sources\\urdf_files_dataset\\urdf_files\\matlab\\amr_robots_description\\meshes\\p3at_meshes\\right_hubcap.stl"", ""D:\\CADtest\\papertest\\go_nogo1\\sources\\urdf_files_dataset\\urdf_files\\matlab\\amr_robots_description\\meshes\\p3at_meshes\\top.stl"", ""D:\\CADtest\\papertest\\go_nogo1\\sources\\urdf_files_dataset\\urdf_files\\matlab\\amr_robots_description\\meshes\\p3at_meshes\\wheel.stl""]",pioneer3at,matlab,https://se.mathworks.com/matlabcentral/fileexchange/98714-robotics-system-toolbox-robot-library-data,robotic arm,D:\CADtest\papertest\go_nogo1\sources\urdf_files_dataset\urdf_files\matlab\amr_robots_description\urdf\amrPioneer3AT.urdf,original,1.0,False,2,1,1,arm-58a81c9a48,2,"[""matlab"", ""oems""]",False,"metadata type error: mobile base, not an arm",,,,False,,,,,,,,,,,ineligible
8,True,"{""continuous"": 2, ""fixed"": 8}",Adept Mobile Robots,3.0,True,2.0,0.0,1.0,10.0,11.0,11.0,11.0,0.0,11.0,11.0,Pioneer 3-DX,1.0,,True,A,matlab\amr_robots_description\urdf\amrPioneer3DX.urdf,"{""ancestor_suffix"": 11}","[""D:\\CADtest\\papertest\\go_nogo1\\sources\\urdf_files_dataset\\urdf_files\\matlab\\amr_robots_description\\meshes\\p3dx_meshes\\back_sonar.stl"", ""D:\\CADtest\\papertest\\go_nogo1\\sources\\urdf_files_dataset\\urdf_files\\matlab\\amr_robots_description\\meshes\\p3dx_meshes\\caster_hubcap.stl"", ""D:\\CADtest\\papertest\\go_nogo1\\sources\\urdf_files_dataset\\urdf_files\\matlab\\amr_robots_description\\meshes\\p3dx_meshes\\caster_swivel.stl"", ""D:\\CADtest\\papertest\\go_nogo1\\sources\\urdf_files_dataset\\urdf_files\\matlab\\amr_robots_description\\meshes\\p3dx_meshes\\caster_wheel.stl"", ""D:\\CADtest\\papertest\\go_nogo1\\sources\\urdf_files_dataset\\urdf_files\\matlab\\amr_robots_description\\meshes\\p3dx_meshes\\chassis.stl"", ""D:\\CADtest\\papertest\\go_nogo1\\sources\\urdf_files_dataset\\urdf_files\\matlab\\amr_robots_description\\meshes\\p3dx_meshes\\front_sonar.stl"", ""D:\\CADtest\\papertest\\go_nogo1\\sources\\urdf_files_dataset\\urdf_files\\matlab\\amr_robots_description\\meshes\\p3dx_meshes\\left_hubcap.stl"", ""D:\\CADtest\\papertest\\go_nogo1\\sources\\urdf_files_dataset\\urdf_files\\matlab\\amr_robots_description\\meshes\\p3dx_meshes\\left_wheel.stl"", ""D:\\CADtest\\papertest\\go_nogo1\\sources\\urdf_files_dataset\\urdf_files\\matlab\\amr_robots_description\\meshes\\p3dx_meshes\\right_hubcap.stl"", ""D:\\CADtest\\papertest\\go_nogo1\\sources\\urdf_files_dataset\\urdf_files\\matlab\\amr_robots_description\\meshes\\p3dx_meshes\\right_wheel.stl"", ""D:\\CADtest\\papertest\\go_nogo1\\sources\\urdf_files_dataset\\urdf_files\\matlab\\amr_robots_description\\meshes\\p3dx_meshes\\top.stl""]",pioneer3dx,matlab,https://se.mathworks.com/matlabcentral/fileexchange/98714-robotics-system-toolbox-robot-library-data,robotic arm,D:\CADtest\papertest\go_nogo1\sources\urdf_files_dataset\urdf_files\matlab\amr_robots_description\urdf\amrPioneer3DX.urdf,original,1.0,False,2,1,1,arm-6979bbf794,2,"[""matlab"", ""oems""]",False,"metadata type error: mobile base, not an arm",,,,False,,,,,,,,,,,ineligible
9,True,"{""continuous"": 2, ""fixed"": 1}",Adept Mobile Robots,1.0,True,2.0,0.0,1.0,3.0,4.0,1.0,2.0,1.0,1.0,1.0,Pioneer LX,0.333333,,True,C,matlab\amr_robots_description\urdf\amrPioneerLX.urdf,"{""ancestor_suffix"": 1}","[""D:\\CADtest\\papertest\\go_nogo1\\sources\\urdf_files_dataset\\urdf_files\\matlab\\amr_robots_description\\meshes\\pioneer-lx\\pioneer-lx_visual.stl""]",pioneer-lx,matlab,https://se.mathworks.com/matlabcentral/fileexchange/98714-robotics-system-toolbox-robot-library-data,robotic arm,D:\CADtest\papertest\go_nogo1\sources\urdf_files_dataset\urdf_files\matlab\amr_robots_description\urdf\amrPioneerLX.urdf,original,1.0,False,0,1,1,arm-991188694b,3,"[""matlab"", ""oems""]",False,metadata type error: mobile base/compound variant,,,,False,,,,,,,,,,,ineligible
99,False,"{""fixed"": 1, ""revolute"": 7}",Boston Dynamics,0.0,True,7.0,8.0,0.0,8.0,8.0,8.0,8.0,0.0,8.0,8.0,Spot Arm,1.0,,True,C,random\spot_ros\spot_description\urdf\spot_arm.urdf,"{""ancestor_suffix"": 8}","[""D:\\CADtest\\papertest\\go_nogo1\\sources\\urdf_files_dataset\\urdf_files\\random\\spot_ros\\spot_description\\meshes\\arm\\base_link.stl"", ""D:\\CADtest\\papertest\\go_nogo1\\sources\\urdf_files_dataset\\urdf_files\\random\\spot_ros\\spot_description\\meshes\\arm\\finger.stl"", ""D:\\CADtest\\papertest\\go_nogo1\\sources\\urdf_files_dataset\\urdf_files\\random\\spot_ros\\spot_description\\meshes\\arm\\gripper.stl"", ""D:\\CADtest\\papertest\\go_nogo1\\sources\\urdf_files_dataset\\urdf_files\\random\\spot_ros\\spot_description\\meshes\\arm\\link1.stl"", ""D:\\CADtest\\papertest\\go_nogo1\\sources\\urdf_files_dataset\\urdf_files\\random\\spot_ros\\spot_description\\meshes\\arm\\link2.stl"", ""D:\\CADtest\\papertest\\go_nogo1\\sources\\urdf_files_dataset\\urdf_files\\random\\spot_ros\\spot_description\\meshes\\arm\\link3.stl"", ""D:\\CADtest\\papertest\\go_nogo1\\sources\\urdf_files_dataset\\urdf_files\\random\\spot_ros\\spot_description\\meshes\\arm\\link4.stl"", ""D:\\CADtest\\papertest\\go_nogo1\\sources\\urdf_files_dataset\\urdf_files\\random\\spot_ros\\spot_description\\meshes\\arm\\wrist.stl""]",spot_arm,random,https://github.com/heuristicus/spot_ros/tree/3f89ebedb2062e22282948333cb48fa6e478641b/spot_description,robotic arm,D:\CADtest\papertest\go_nogo1\sources\urdf_files_dataset\urdf_files\random\spot_ros\spot_description\urdf\spot_arm.urdf,original,1.0,False,0,1,1,arm-ea794ac549,1,"[""random""]",False,,,,,False,,,,,,,,,,,ineligible
177,True,"{""fixed"": 3, ""revolute"": 6}",Fanuc,8.0,True,6.0,7.0,1.0,9.0,10.0,7.0,7.0,0.0,7.0,7.0,CR-35iA,1.0,,True,A,ros-industrial\xacro_generated\fanuc\fanuc_cr35ia_support\urdf\cr35ia.urdf,"{""ancestor_suffix"": 7}","[""D:\\CADtest\\papertest\\go_nogo1\\sources\\urdf_files_dataset\\urdf_files\\ros-industrial\\xacro_generated\\fanuc\\fanuc_cr35ia_support\\meshes\\cr35ia\\visual\\base_link.stl"", ""D:\\CADtest\\papertest\\go_nogo1\\sources\\urdf_files_dataset\\urdf_files\\ros-industrial\\xacro_generated\\fanuc\\fanuc_cr35ia_support\\meshes\\cr35ia\\visual\\link_1.stl"", ""D:\\CADtest\\papertest\\go_nogo1\\sources\\urdf_files_dataset\\urdf_files\\ros-industrial\\xacro_generated\\fanuc\\fanuc_cr35ia_support\\meshes\\cr35ia\\visual\\link_2.stl"", ""D:\\CADtest\\papertest\\go_nogo1\\sources\\urdf_files_dataset\\urdf_files\\ros-industrial\\xacro_generated\\fanuc\\fanuc_cr35ia_support\\meshes\\cr35ia\\visual\\link_3.stl"", ""D:\\CADtest\\papertest\\go_nogo1\\sources\\urdf_files_dataset\\urdf_files\\ros-industrial\\xacro_generated\\fanuc\\fanuc_cr35ia_support\\meshes\\cr35ia\\visual\\link_4.stl"", ""D:\\CADtest\\papertest\\go_nogo1\\sources\\urdf_files_dataset\\urdf_files\\ros-industrial\\xacro_generated\\fanuc\\fanuc_cr35ia_support\\meshes\\cr35ia\\visual\\link_5.stl"", ""D:\\CADtest\\papertest\\go_nogo1\\sources\\urdf_files_dataset\\urdf_files\\ros-industrial\\xacro_generated\\fanuc\\fanuc_cr35ia_support\\meshes\\cr35ia\\visual\\link_6.stl""]",fanuc_cr35ia,ros-industrial,https://github.com/ros-industrial/fanuc/tree/74d7d441311590d3950b03da9a1a86409332c2e8/fanuc_cr35ia_support,robotic arm,D:\CADtest\papertest\go_nogo1\sources\urdf_files_dataset\urdf_files\ros-industrial\xacro_generated\fanuc\fanuc_cr35ia_support\urdf\cr35ia.urdf,original,1.0,True,2,1,0,arm-19acb3833f,1,"[""ros-industrial""]",True,,7.0,0.0,[],True,54884.0,27456.0,6.206678085590099,1.0,7.0,0.7859649212871498,3.125645541155293,0.026710089092025283,0.019268576397856705,-0.6319606676932824,low
178,True,"{""fixed"": 3, ""revolute"": 6}",Fanuc,8.0,True,6.0,7.0,1.0,9.0,10.0,7.0,7.0,0.0,7.0,7.0,CR-7iA,1.0,,True,A,ros-industrial\xacro_generated\fanuc\fanuc_cr7ia_support\urdf\cr7ia.urdf,"{""ancestor_suffix"": 7}","[""D:\\CADtest\\papertest\\go_nogo1\\sources\\urdf_files_dataset\\urdf_files\\ros-industrial\\xacro_generated\\fanuc\\fanuc_cr7ia_support\\meshes\\cr7ia\\visual\\base_link.stl"", ""D:\\CADtest\\papertest\\go_nogo1\\sources\\urdf_files_dataset\\urdf_files\\ros-industrial\\xacro_generated\\fanuc\\fanuc_cr7ia_support\\meshes\\cr7ia\\visual\\link_1.stl"", ""D:\\CADtest\\papertest\\go_nogo1\\sources\\urdf_files_dataset\\urdf_files\\ros-industrial\\xacro_generated\\fanuc\\fanuc_cr7ia_support\\meshes\\cr7ia\\visual\\link_2.stl"", ""D:\\CADtest\\papertest\\go_nogo1\\sources\\urdf_files_dataset\\urdf_files\\ros-industrial\\xacro_generated\\fanuc\\fanuc_cr7ia_support\\meshes\\cr7ia\\visual\\link_3.stl"", ""D:\\CADtest\\papertest\\go_nogo1\\sources\\urdf_files_dataset\\urdf_files\\ros-industrial\\xacro_generated\\fanuc\\fanuc_cr7ia_support\\meshes\\cr7ia\\visual\\link_4.stl"", ""D:\\CADtest\\papertest\\go_nogo1\\sources\\urdf_files_dataset\\urdf_files\\ros-industrial\\xacro_generated\\fanuc\\fanuc_cr7ia_support\\meshes\\cr7ia\\visual\\link_5.stl"", ""D:\\CADtest\\papertest\\go_nogo1\\sources\\urdf_files_dataset\\urdf_files\\ros-industrial\\xacro_generated\\fanuc\\fanuc_cr7ia_support\\meshes\\cr7ia\\visual\\link_6.stl""]",fanuc_cr7ia,ros-industrial,https://github.com/ros-industrial/fanuc/tree/74d7d441311590d3950b03da9a1a86409332c2e8/fanuc_cr7ia_support,robotic arm,D:\CADtest\papertest\go_nogo1\sources\urdf_files_dataset\urdf_files\ros-industrial\xacro_generated\fanuc\fanuc_cr7ia_support\urdf\cr7ia.urdf,original,1.0,True,2,1,0,arm-8802f2b8b4,1,"[""ros-industrial""]",True,,6.0,1.0,"[""link_6.stl: ModuleNotFoundError: No module named 'networkx'""]",True,1659.0,840.0,1.067992706787141,0.3333333333333333,6.0,0.7527525603122559,126.05337872291646,0.48699929240595224,0.28183841605081733,1.0214339653620375,high
179,True,"{""fixed"": 3, ""revolute"": 6}",Fanuc,8.0,True,6.0,7.0,1.0,9.0,10.0,7.0,7.0,0.0,7.0,7.0,CR-7iA/L,1.0,,True,A,ros-industrial\xacro_generated\fanuc\fanuc_cr7ia_support\urdf\cr7ial.urdf,"{""ancestor_suffix"": 7}","[""D:\\CADtest\\papertest\\go_nogo1\\sources\\urdf_files_dataset\\urdf_files\\ros-industrial\\xacro_generated\\fanuc\\fanuc_cr7ia_support\\meshes\\cr7ia\\visual\\base_link.stl"", ""D:\\CADtest\\papertest\\go_nogo1\\sources\\urdf_files_dataset\\urdf_files\\ros-industrial\\xacro_generated\\fanuc\\fanuc_cr7ia_support\\meshes\\cr7ia\\visual\\link_1.stl"", ""D:\\CADtest\\papertest\\go_nogo1\\sources\\urdf_files_dataset\\urdf_files\\ros-industrial\\xacro_generated\\fanuc\\fanuc_cr7ia_support\\meshes\\cr7ia\\visual\\link_3.stl"", ""D:\\CADtest\\papertest\\go_nogo1\\sources\\urdf_files_dataset\\urdf_files\\ros-industrial\\xacro_generated\\fanuc\\fanuc_cr7ia_support\\meshes\\cr7ia\\visual\\link_5.stl"", ""D:\\CADtest\\papertest\\go_nogo1\\sources\\urdf_files_dataset\\urdf_files\\ros-industrial\\xacro_generated\\fanuc\\fanuc_cr7ia_support\\meshes\\cr7ia\\visual\\link_6.stl"", ""D:\\CADtest\\papertest\\go_nogo1\\sources\\urdf_files_dataset\\urdf_files\\ros-industrial\\xacro_generated\\fanuc\\fanuc_cr7ia_support\\meshes\\cr7ial\\visual\\link_2.stl"", ""D:\\CADtest\\papertest\\go_nogo1\\sources\\urdf_files_dataset\\urdf_files\\ros-industrial\\xacro_generated\\fanuc\\fanuc_cr7ia_support\\meshes\\cr7ial\\visual\\link_4.stl""]",fanuc_cr7ial,ros-industrial,https://github.com/ros-industrial/fanuc/tree/74d7d441311590d3950b03da9a1a86409332c2e8/fanuc_cr7ia_support,robotic arm,D:\CADtest\papertest\go_nogo1\sources\urdf_files_dataset\urdf_files\ros-industrial\xacro_generated\fanuc\fanuc_cr7ia_support\urdf\cr7ial.urdf,original,1.0,True,2,1,0,arm-3acdb3f5e2,1,"[""ros-industrial""]",True,,6.0,1.0,"[""link_6.stl: ModuleNotFoundError: No module named 'networkx'""]",True,1677.0,849.0,1.1518836229705935,0.3333333333333333,6.0,0.7728162864899175,85.83510256416386,0.44901596069273053,0.2440607374872255,0.7435893290193908,high
180,True,"{""fixed"": 3, ""revolute"": 6}",Fanuc,8.0,True,6.0,7.0,1.0,9.0,10.0,7.0,7.0,0.0,7.0,7.0,CRX-10iA/L,1.0,,True,A,ros-industrial\xacro_generated\fanuc\fanuc_crx10ia_support\urdf\crx10ial.urdf,"{""ancestor_suffix"": 7}","[""D:\\CADtest\\papertest\\go_nogo1\\sources\\urdf_files_dataset\\urdf_files\\ros-industrial\\xacro_generated\\fanuc\\fanuc_crx10ia_support\\meshes\\crx10ial\\visual\\base_link.stl"", ""D:\\CADtest\\papertest\\go_nogo1\\sources\\urdf_files_dataset\\urdf_files\\ros-industrial\\xacro_generated\\fanuc\\fanuc_crx10ia_support\\meshes\\crx10ial\\visual\\link_1.stl"", ""D:\\CADtest\\papertest\\go_nogo1\\sources\\urdf_files_dataset\\urdf_files\\ros-industrial\\xacro_generated\\fanuc\\fanuc_crx10ia_support\\meshes\\crx10ial\\visual\\link_2.stl"", ""D:\\CADtest\\papertest\\go_nogo1\\sources\\urdf_files_dataset\\urdf_files\\ros-industrial\\xacro_generated\\fanuc\\fanuc_crx10ia_support\\meshes\\crx10ial\\visual\\link_3.stl"", ""D:\\CADtest\\papertest\\go_nogo1\\sources\\urdf_files_dataset\\urdf_files\\ros-industrial\\xacro_generated\\fanuc\\fanuc_crx10ia_support\\meshes\\crx10ial\\visual\\link_4.stl"", ""D:\\CADtest\\papertest\\go_nogo1\\sources\\urdf_files_dataset\\urdf_files\\ros-industrial\\xacro_generated\\fanuc\\fanuc_crx10ia_support\\meshes\\crx10ial\\visual\\link_5.stl"", ""D:\\CADtest\\papertest\\go_nogo1\\sources\\urdf_files_dataset\\urdf_files\\ros-industrial\\xacro_generated\\fanuc\\fanuc_crx10ia_support\\meshes\\crx10ial\\visual\\link_6.stl""]",fanuc_crx10ial,ros-industrial,https://github.com/ros-industrial/fanuc_experimental/tree/faf8a758f7b25ae7b31ee836933102bd066dc528/fanuc_crx10ia_support,robotic arm,D:\CADtest\papertest\go_nogo1\sources\urdf_files_dataset\urdf_files\ros-industrial\xacro_generated\fanuc\fanuc_crx10ia_support\urdf\crx10ial.urdf,original,1.0,True,2,1,0,arm-98c28568ba,1,"[""ros-industrial""]",True,,7.0,0.0,[],True,24482.0,12255.0,1.21033291325063,1.0,7.0,0.7127761089687686,12.035629515771063,0.05169242290225037,0.037941984217080955,-0.8173933104750963,low
195,True,"{""fixed"": 3, ""revolute"": 6}",Fanuc,8.0,True,6.0,7.0,1.0,9.0,10.0,7.0,7.0,0.0,7.0,7.0,LR Mate 200i,1.0,,True,A,ros-industrial\xacro_generated\fanuc\fanuc_lrmate200i_support\urdf\lrmate200i.urdf,"{""ancestor_suffix"": 7}","[""D:\\CADtest\\papertest\\go_nogo1\\sources\\urdf_files_dataset\\urdf_files\\ros-industrial\\xacro_generated\\fanuc\\fanuc_lrmate200i_support\\meshes\\lrmate200i\\visual\\base_link.stl"", ""D:\\CADtest\\papertest\\go_nogo1\\sources\\urdf_files_dataset\\urdf_files\\ros-industrial\\xacro_generated\\fanuc\\fanuc_lrmate200i_support\\meshes\\lrmate200i\\visual\\link_1.stl"", ""D:\\CADtest\\papertest\\go_nogo1\\sources\\urdf_files_dataset\\urdf_files\\ros-industrial\\xacro_generated\\fanuc\\fanuc_lrmate200i_support\\meshes\\lrmate200i\\visual\\link_2.stl"", ""D:\\CADtest\\papertest\\go_nogo1\\sources\\urdf_files_dataset\\urdf_files\\ros-industrial\\xacro_generated\\fanuc\\fanuc_lrmate200i_support\\meshes\\lrmate200i\\visual\\link_3.stl"", ""D:\\CADtest\\papertest\\go_nogo1\\sources\\urdf_files_dataset\\urdf_files\\ros-industrial\\xacro_generated\\fanuc\\fanuc_lrmate200i_support\\meshes\\lrmate200i\\visual\\link_4.stl"", ""D:\\CADtest\\papertest\\go_nogo1\\sources\\urdf_files_dataset\\urdf_files\\ros-industrial\\xacro_generated\\fanuc\\fanuc_lrmate200i_support\\meshes\\lrmate200i\\visual\\link_5.stl"", ""D:\\CADtest\\papertest\\go_nogo1\\sources\\urdf_files_dataset\\urdf_files\\ros-industrial\\xacro_generated\\fanuc\\fanuc_lrmate200i_support\\meshes\\lrmate200i\\visual\\link_6.stl""]",fanuc_lrmate200i,ros-industrial,https://github.com/ros-industrial/fanuc/tree/74d7d441311590d3950b03da9a1a86409332c2e8/fanuc_lrmate200i_support,robotic arm,D:\CADtest\papertest\go_nogo1\sources\urdf_files_dataset\urdf_files\ros-industrial\xacro_generated\fanuc\fanuc_lrmate200i_support\urdf\lrmate200i.urdf,original,1.0,True,2,1,0,arm-cf88bb5d3f,1,"[""ros-industrial""]",True,,7.0,0.0,[],True,4277.0,2153.0,1.2984336332382465,0.8571428571428571,7.0,0.6550304228843288,33.90430349313342,0.17232775094453928,0.08119554330972902,-0.6568939283121049,low
12,True,"{""fixed"": 3, ""revolute"": 6}",Fanuc,7.0,True,6.0,7.0,1.0,9.0,10.0,7.0,7.0,0.0,7.0,7.0,LR Mate 200iB,1.0,,True,A,matlab\fanuc_lrmate200ib_support\urdf\fanucLRMate200ib.urdf,"{""ancestor_suffix"": 7}","[""D:\\CADtest\\papertest\\go_nogo1\\sources\\urdf_files_dataset\\urdf_files\\matlab\\fanuc_lrmate200ib_support\\meshes\\lrmate200ib\\visual\\base_link.stl"", ""D:\\CADtest\\papertest\\go_nogo1\\sources\\urdf_files_dataset\\urdf_files\\matlab\\fanuc_lrmate200ib_support\\meshes\\lrmate200ib\\visual\\link_1.stl"", ""D:\\CADtest\\papertest\\go_nogo1\\sources\\urdf_files_dataset\\urdf_files\\matlab\\fanuc_lrmate200ib_support\\meshes\\lrmate200ib\\visual\\link_2.stl"", ""D:\\CADtest\\papertest\\go_nogo1\\sources\\urdf_files_dataset\\urdf_files\\matlab\\fanuc_lrmate200ib_support\\meshes\\lrmate200ib\\visual\\link_3.stl"", ""D:\\CADtest\\papertest\\go_nogo1\\sources\\urdf_files_dataset\\urdf_files\\matlab\\fanuc_lrmate200ib_support\\meshes\\lrmate200ib\\visual\\link_4.stl"", ""D:\\CADtest\\papertest\\go_nogo1\\sources\\urdf_files_dataset\\urdf_files\\matlab\\fanuc_lrmate200ib_support\\meshes\\lrmate200ib\\visual\\link_5.stl"", ""D:\\CADtest\\papertest\\go_nogo1\\sources\\urdf_files_dataset\\urdf_files\\matlab\\fanuc_lrmate200ib_support\\meshes\\lrmate200ib\\visual\\link_6.stl""]",fanuc_lrmate200ib,matlab,https://se.mathworks.com/matlabcentral/fileexchange/98714-robotics-system-toolbox-robot-library-data,robotic arm,D:\CADtest\papertest\go_nogo1\sources\urdf_files_dataset\urdf_files\matlab\fanuc_lrmate200ib_support\urdf\fanucLRMate200ib.urdf,original,1.0,False,2,1,1,arm-fa86494fa0,2,"[""matlab"", ""ros-industrial""]",True,,7.0,0.0,[],True,25209.0,12619.0,1.174121839528274,0.8571428571428571,7.0,0.7441632560928252,19.93666085486438,0.08754067632663291,0.05537038380927254,-0.5619494758891458,low
182,True,"{""fixed"": 3, ""revolute"": 6}",Fanuc,8.0,True,6.0,7.0,1.0,9.0,10.0,7.0,7.0,0.0,7.0,7.0,LR Mate 200iB/3L,1.0,,True,A,ros-industrial\xacro_generated\fanuc\fanuc_lrmate200ib_support\urdf\lrmate200ib3l.urdf,"{""ancestor_suffix"": 7}","[""D:\\CADtest\\papertest\\go_nogo1\\sources\\urdf_files_dataset\\urdf_files\\ros-industrial\\xacro_generated\\fanuc\\fanuc_lrmate200ib_support\\meshes\\lrmate200ib3l\\visual\\link_4.stl"", ""D:\\CADtest\\papertest\\go_nogo1\\sources\\urdf_files_dataset\\urdf_files\\ros-industrial\\xacro_generated\\fanuc\\fanuc_lrmate200ib_support\\meshes\\lrmate200ib\\visual\\base_link.stl"", ""D:\\CADtest\\papertest\\go_nogo1\\sources\\urdf_files_dataset\\urdf_files\\ros-industrial\\xacro_generated\\fanuc\\fanuc_lrmate200ib_support\\meshes\\lrmate200ib\\visual\\link_1.stl"", ""D:\\CADtest\\papertest\\go_nogo1\\sources\\urdf_files_dataset\\urdf_files\\ros-industrial\\xacro_generated\\fanuc\\fanuc_lrmate200ib_support\\meshes\\lrmate200ib\\visual\\link_2.stl"", ""D:\\CADtest\\papertest\\go_nogo1\\sources\\urdf_files_dataset\\urdf_files\\ros-industrial\\xacro_generated\\fanuc\\fanuc_lrmate200ib_support\\meshes\\lrmate200ib\\visual\\link_3.stl"", ""D:\\CADtest\\papertest\\go_nogo1\\sources\\urdf_files_dataset\\urdf_files\\ros-industrial\\xacro_generated\\fanuc\\fanuc_lrmate200ib_support\\meshes\\lrmate200ib\\visual\\link_5.stl"", ""D:\\CADtest\\papertest\\go_nogo1\\sources\\urdf_files_dataset\\urdf_files\\ros-industrial\\xacro_generated\\fanuc\\fanuc_lrmate200ib_support\\meshes\\lrmate200ib\\visual\\link_6.stl""]",fanuc_lrmate200ib3l,ros-industrial,https://github.com/ros-industrial/fanuc/tree/74d7d441311590d3950b03da9a1a86409332c2e8/fanuc_lrmate200ib_support,robotic arm,D:\CADtest\papertest\go_nogo1\sources\urdf_files_dataset\urdf_files\ros-industrial\xacro_generated\fanuc\fanuc_lrmate200ib_support\urdf\lrmate200ib3l.urdf,original,1.0,True,2,1,0,arm-4c7b408826,1,"[""ros-industrial""]",True,,7.0,0.0,[],True,25109.0,12569.0,1.2486809094177684,0.8571428571428571,7.0,0.7493818306721377,19.293242195931523,0.08559697226556602,0.05132976601961964,-0.5491101151069614,low
183,True,"{""fixed"": 3, ""revolute"": 6}",Fanuc,8.0,True,6.0,7.0,1.0,9.0,10.0,7.0,7.0,0.0,7.0,7.0,LR Mate 200iC,1.0,,True,A,ros-industrial\xacro_generated\fanuc\fanuc_lrmate200ic_support\urdf\lrmate200ic.urdf,"{""ancestor_suffix"": 7}","[""D:\\CADtest\\papertest\\go_nogo1\\sources\\urdf_files_dataset\\urdf_files\\ros-industrial\\xacro_generated\\fanuc\\fanuc_lrmate200ic_support\\meshes\\lrmate200ic\\visual\\base_link.stl"", ""D:\\CADtest\\papertest\\go_nogo1\\sources\\urdf_files_dataset\\urdf_files\\ros-industrial\\xacro_generated\\fanuc\\fanuc_lrmate200ic_support\\meshes\\lrmate200ic\\visual\\link_1.stl"", ""D:\\CADtest\\papertest\\go_nogo1\\sources\\urdf_files_dataset\\urdf_files\\ros-industrial\\xacro_generated\\fanuc\\fanuc_lrmate200ic_support\\meshes\\lrmate200ic\\visual\\link_2.stl"", ""D:\\CADtest\\papertest\\go_nogo1\\sources\\urdf_files_dataset\\urdf_files\\ros-industrial\\xacro_generated\\fanuc\\fanuc_lrmate200ic_support\\meshes\\lrmate200ic\\visual\\link_3.stl"", ""D:\\CADtest\\papertest\\go_nogo1\\sources\\urdf_files_dataset\\urdf_files\\ros-industrial\\xacro_generated\\fanuc\\fanuc_lrmate200ic_support\\meshes\\lrmate200ic\\visual\\link_4.stl"", ""D:\\CADtest\\papertest\\go_nogo1\\sources\\urdf_files_dataset\\urdf_files\\ros-industrial\\xacro_generated\\fanuc\\fanuc_lrmate200ic_support\\meshes\\lrmate200ic\\visual\\link_5.stl"", ""D:\\CADtest\\papertest\\go_nogo1\\sources\\urdf_files_dataset\\urdf_files\\ros-industrial\\xacro_generated\\fanuc\\fanuc_lrmate200ic_support\\meshes\\lrmate200ic\\visual\\link_6.stl""]",fanuc_lrmate200ic,ros-industrial,https://github.com/ros-industrial/fanuc/tree/74d7d441311590d3950b03da9a1a86409332c2e8/fanuc_lrmate200ic_support,robotic arm,D:\CADtest\papertest\go_nogo1\sources\urdf_files_dataset\urdf_files\ros-industrial\xacro_generated\fanuc\fanuc_lrmate200ic_support\urdf\lrmate200ic.urdf,original,1.0,True,2,1,0,arm-cb42051aad,1,"[""ros-industrial""]",True,,7.0,0.0,[],True,20341.0,10191.0,0.963548111852158,0.2857142857142857,7.0,0.7148893099852968,7.70903923936091,0.01714406344379189,0.014080051683027468,-0.9084975809373473,low
184,True,"{""fixed"": 3, ""revolute"": 5}",Fanuc,7.0,True,5.0,6.0,1.0,8.0,9.0,6.0,6.0,0.0,6.0,6.0,LR Mate 200iC/5F,1.0,,True,A,ros-industrial\xacro_generated\fanuc\fanuc_lrmate200ic_support\urdf\lrmate200ic5f.urdf,"{""ancestor_suffix"": 6}","[""D:\\CADtest\\papertest\\go_nogo1\\sources\\urdf_files_dataset\\urdf_files\\ros-industrial\\xacro_generated\\fanuc\\fanuc_lrmate200ic_support\\meshes\\lrmate200ic5h\\visual\\link_3.stl"", ""D:\\CADtest\\papertest\\go_nogo1\\sources\\urdf_files_dataset\\urdf_files\\ros-industrial\\xacro_generated\\fanuc\\fanuc_lrmate200ic_support\\meshes\\lrmate200ic\\visual\\base_link.stl"", ""D:\\CADtest\\papertest\\go_nogo1\\sources\\urdf_files_dataset\\urdf_files\\ros-industrial\\xacro_generated\\fanuc\\fanuc_lrmate200ic_support\\meshes\\lrmate200ic\\visual\\link_1.stl"", ""D:\\CADtest\\papertest\\go_nogo1\\sources\\urdf_files_dataset\\urdf_files\\ros-industrial\\xacro_generated\\fanuc\\fanuc_lrmate200ic_support\\meshes\\lrmate200ic\\visual\\link_2.stl"", ""D:\\CADtest\\papertest\\go_nogo1\\sources\\urdf_files_dataset\\urdf_files\\ros-industrial\\xacro_generated\\fanuc\\fanuc_lrmate200ic_support\\meshes\\lrmate200ic\\visual\\link_5.stl"", ""D:\\CADtest\\papertest\\go_nogo1\\sources\\urdf_files_dataset\\urdf_files\\ros-industrial\\xacro_generated\\fanuc\\fanuc_lrmate200ic_support\\meshes\\lrmate200ic\\visual\\link_6.stl""]",fanuc_lrmate200ic5f,ros-industrial,https://github.com/ros-industrial/fanuc/tree/74d7d441311590d3950b03da9a1a86409332c2e8/fanuc_lrmate200ic_support,robotic arm,D:\CADtest\papertest\go_nogo1\sources\urdf_files_dataset\urdf_files\ros-industrial\xacro_generated\fanuc\fanuc_lrmate200ic_support\urdf\lrmate200ic5f.urdf,original,1.0,True,2,1,0,arm-de1be0b74e,1,"[""ros-industrial""]",True,,6.0,0.0,[],True,13046.0,6542.0,0.9607944539017429,0.3333333333333333,6.0,0.709944754759579,9.32508825883944,0.03434667570944887,0.01398382745636627,-0.8827927662176868,low
185,True,"{""fixed"": 3, ""revolute"": 5}",Fanuc,7.0,True,5.0,6.0,1.0,8.0,9.0,6.0,6.0,0.0,6.0,6.0,LR Mate 200iC/5H,1.0,,True,A,ros-industrial\xacro_generated\fanuc\fanuc_lrmate200ic_support\urdf\lrmate200ic5h.urdf,"{""ancestor_suffix"": 6}","[""D:\\CADtest\\papertest\\go_nogo1\\sources\\urdf_files_dataset\\urdf_files\\ros-industrial\\xacro_generated\\fanuc\\fanuc_lrmate200ic_support\\meshes\\lrmate200ic5h\\visual\\link_3.stl"", ""D:\\CADtest\\papertest\\go_nogo1\\sources\\urdf_files_dataset\\urdf_files\\ros-industrial\\xacro_generated\\fanuc\\fanuc_lrmate200ic_support\\meshes\\lrmate200ic\\visual\\base_link.stl"", ""D:\\CADtest\\papertest\\go_nogo1\\sources\\urdf_files_dataset\\urdf_files\\ros-industrial\\xacro_generated\\fanuc\\fanuc_lrmate200ic_support\\meshes\\lrmate200ic\\visual\\link_1.stl"", ""D:\\CADtest\\papertest\\go_nogo1\\sources\\urdf_files_dataset\\urdf_files\\ros-industrial\\xacro_generated\\fanuc\\fanuc_lrmate200ic_support\\meshes\\lrmate200ic\\visual\\link_2.stl"", ""D:\\CADtest\\papertest\\go_nogo1\\sources\\urdf_files_dataset\\urdf_files\\ros-industrial\\xacro_generated\\fanuc\\fanuc_lrmate200ic_support\\meshes\\lrmate200ic\\visual\\link_5.stl"", ""D:\\CADtest\\papertest\\go_nogo1\\sources\\urdf_files_dataset\\urdf_files\\ros-industrial\\xacro_generated\\fanuc\\fanuc_lrmate200ic_support\\meshes\\lrmate200ic\\visual\\link_6.stl""]",fanuc_lrmate200ic5h,ros-industrial,https://github.com/ros-industrial/fanuc/tree/74d7d441311590d3950b03da9a1a86409332c2e8/fanuc_lrmate200ic_support,robotic arm,D:\CADtest\papertest\go_nogo1\sources\urdf_files_dataset\urdf_files\ros-industrial\xacro_generated\fanuc\fanuc_lrmate200ic_support\urdf\lrmate200ic5h.urdf,original,1.0,True,2,1,0,arm-53f9b9bc6b,1,"[""ros-industrial""]",True,,6.0,0.0,[],True,13046.0,6542.0,0.9607944539017429,0.3333333333333333,6.0,0.709944754759579,9.32508825883944,0.03434667570944887,0.01398382745636627,-0.8827927662176868,low
186,True,"{""fixed"": 3, ""revolute"": 5}",Fanuc,7.0,True,5.0,6.0,1.0,8.0,9.0,6.0,6.0,0.0,6.0,6.0,LR Mate 200iC/5HS,1.0,,True,A,ros-industrial\xacro_generated\fanuc\fanuc_lrmate200ic_support\urdf\lrmate200ic5hs.urdf,"{""ancestor_suffix"": 6}","[""D:\\CADtest\\papertest\\go_nogo1\\sources\\urdf_files_dataset\\urdf_files\\ros-industrial\\xacro_generated\\fanuc\\fanuc_lrmate200ic_support\\meshes\\lrmate200ic5h\\visual\\link_3.stl"", ""D:\\CADtest\\papertest\\go_nogo1\\sources\\urdf_files_dataset\\urdf_files\\ros-industrial\\xacro_generated\\fanuc\\fanuc_lrmate200ic_support\\meshes\\lrmate200ic\\visual\\base_link.stl"", ""D:\\CADtest\\papertest\\go_nogo1\\sources\\urdf_files_dataset\\urdf_files\\ros-industrial\\xacro_generated\\fanuc\\fanuc_lrmate200ic_support\\meshes\\lrmate200ic\\visual\\link_1.stl"", ""D:\\CADtest\\papertest\\go_nogo1\\sources\\urdf_files_dataset\\urdf_files\\ros-industrial\\xacro_generated\\fanuc\\fanuc_lrmate200ic_support\\meshes\\lrmate200ic\\visual\\link_2.stl"", ""D:\\CADtest\\papertest\\go_nogo1\\sources\\urdf_files_dataset\\urdf_files\\ros-industrial\\xacro_generated\\fanuc\\fanuc_lrmate200ic_support\\meshes\\lrmate200ic\\visual\\link_5.stl"", ""D:\\CADtest\\papertest\\go_nogo1\\sources\\urdf_files_dataset\\urdf_files\\ros-industrial\\xacro_generated\\fanuc\\fanuc_lrmate200ic_support\\meshes\\lrmate200ic\\visual\\link_6.stl""]",fanuc_lrmate200ic5hs,ros-industrial,https://github.com/ros-industrial/fanuc/tree/74d7d441311590d3950b03da9a1a86409332c2e8/fanuc_lrmate200ic_support,robotic arm,D:\CADtest\papertest\go_nogo1\sources\urdf_files_dataset\urdf_files\ros-industrial\xacro_generated\fanuc\fanuc_lrmate200ic_support\urdf\lrmate200ic5hs.urdf,original,1.0,True,2,1,0,arm-63ba00c5ba,1,"[""ros-industrial""]",True,,6.0,0.0,[],True,13046.0,6542.0,0.9607944539017429,0.3333333333333333,6.0,0.709944754759579,9.32508825883944,0.03434667570944887,0.01398382745636627,-0.8827927662176868,low
187,True,"{""fixed"": 3, ""revolute"": 6}",Fanuc,8.0,True,6.0,7.0,1.0,9.0,10.0,7.0,7.0,0.0,7.0,7.0,LR Mate 200iC/5L,1.0,,True,A,ros-industrial\xacro_generated\fanuc\fanuc_lrmate200ic_support\urdf\lrmate200ic5l.urdf,"{""ancestor_suffix"": 7}","[""D:\\CADtest\\papertest\\go_nogo1\\sources\\urdf_files_dataset\\urdf_files\\ros-industrial\\xacro_generated\\fanuc\\fanuc_lrmate200ic_support\\meshes\\lrmate200ic5l\\visual\\link_2.stl"", ""D:\\CADtest\\papertest\\go_nogo1\\sources\\urdf_files_dataset\\urdf_files\\ros-industrial\\xacro_generated\\fanuc\\fanuc_lrmate200ic_support\\meshes\\lrmate200ic5l\\visual\\link_4.stl"", ""D:\\CADtest\\papertest\\go_nogo1\\sources\\urdf_files_dataset\\urdf_files\\ros-industrial\\xacro_generated\\fanuc\\fanuc_lrmate200ic_support\\meshes\\lrmate200ic\\visual\\base_link.stl"", ""D:\\CADtest\\papertest\\go_nogo1\\sources\\urdf_files_dataset\\urdf_files\\ros-industrial\\xacro_generated\\fanuc\\fanuc_lrmate200ic_support\\meshes\\lrmate200ic\\visual\\link_1.stl"", ""D:\\CADtest\\papertest\\go_nogo1\\sources\\urdf_files_dataset\\urdf_files\\ros-industrial\\xacro_generated\\fanuc\\fanuc_lrmate200ic_support\\meshes\\lrmate200ic\\visual\\link_3.stl"", ""D:\\CADtest\\papertest\\go_nogo1\\sources\\urdf_files_dataset\\urdf_files\\ros-industrial\\xacro_generated\\fanuc\\fanuc_lrmate200ic_support\\meshes\\lrmate200ic\\visual\\link_5.stl"", ""D:\\CADtest\\papertest\\go_nogo1\\sources\\urdf_files_dataset\\urdf_files\\ros-industrial\\xacro_generated\\fanuc\\fanuc_lrmate200ic_support\\meshes\\lrmate200ic\\visual\\link_6.stl""]",fanuc_lrmate200ic5l,ros-industrial,https://github.com/ros-industrial/fanuc/tree/74d7d441311590d3950b03da9a1a86409332c2e8/fanuc_lrmate200ic_support,robotic arm,D:\CADtest\papertest\go_nogo1\sources\urdf_files_dataset\urdf_files\ros-industrial\xacro_generated\fanuc\fanuc_lrmate200ic_support\urdf\lrmate200ic5l.urdf,original,1.0,True,2,1,0,arm-697cb5dd8b,1,"[""ros-industrial""]",True,,7.0,0.0,[],True,12600.0,6318.0,1.059391117982654,0.5714285714285714,7.0,0.7054096753088566,10.932013454119382,0.04688202976700034,0.014968605765203648,-0.8648340871064616,low
188,True,"{""fixed"": 3, ""revolute"": 6}",Fanuc,8.0,True,6.0,7.0,1.0,9.0,10.0,7.0,7.0,0.0,7.0,7.0,LR Mate 200iD,1.0,,True,A,ros-industrial\xacro_generated\fanuc\fanuc_lrmate200id_support\urdf\lrmate200id.urdf,"{""ancestor_suffix"": 7}","[""D:\\CADtest\\papertest\\go_nogo1\\sources\\urdf_files_dataset\\urdf_files\\ros-industrial\\xacro_generated\\fanuc\\fanuc_lrmate200id_support\\meshes\\lrmate200id\\visual\\base_link.stl"", ""D:\\CADtest\\papertest\\go_nogo1\\sources\\urdf_files_dataset\\urdf_files\\ros-industrial\\xacro_generated\\fanuc\\fanuc_lrmate200id_support\\meshes\\lrmate200id\\visual\\link_1.stl"", ""D:\\CADtest\\papertest\\go_nogo1\\sources\\urdf_files_dataset\\urdf_files\\ros-industrial\\xacro_generated\\fanuc\\fanuc_lrmate200id_support\\meshes\\lrmate200id\\visual\\link_2.stl"", ""D:\\CADtest\\papertest\\go_nogo1\\sources\\urdf_files_dataset\\urdf_files\\ros-industrial\\xacro_generated\\fanuc\\fanuc_lrmate200id_support\\meshes\\lrmate200id\\visual\\link_3.stl"", ""D:\\CADtest\\papertest\\go_nogo1\\sources\\urdf_files_dataset\\urdf_files\\ros-industrial\\xacro_generated\\fanuc\\fanuc_lrmate200id_support\\meshes\\lrmate200id\\visual\\link_4.stl"", ""D:\\CADtest\\papertest\\go_nogo1\\sources\\urdf_files_dataset\\urdf_files\\ros-industrial\\xacro_generated\\fanuc\\fanuc_lrmate200id_support\\meshes\\lrmate200id\\visual\\link_5.stl"", ""D:\\CADtest\\papertest\\go_nogo1\\sources\\urdf_files_dataset\\urdf_files\\ros-industrial\\xacro_generated\\fanuc\\fanuc_lrmate200id_support\\meshes\\lrmate200id\\visual\\link_6.stl""]",fanuc_lrmate200id,ros-industrial,https://github.com/ros-industrial/fanuc/tree/74d7d441311590d3950b03da9a1a86409332c2e8/fanuc_lrmate200id_support,robotic arm,D:\CADtest\papertest\go_nogo1\sources\urdf_files_dataset\urdf_files\ros-industrial\xacro_generated\fanuc\fanuc_lrmate200id_support\urdf\lrmate200id.urdf,original,1.0,True,2,1,0,arm-927835d1e3,1,"[""ros-industrial""]",True,,7.0,0.0,[],True,25085.0,12564.0,0.9167659411467138,0.5714285714285714,7.0,0.7420010893199003,7.781323051510455,0.017653659496027096,0.013600215603206074,-0.7964677494936366,low
189,True,"{""fixed"": 3, ""revolute"": 6}",Fanuc,8.0,True,6.0,7.0,1.0,9.0,10.0,7.0,7.0,0.0,7.0,7.0,LR Mate 200iD/4S,1.0,,True,A,ros-industrial\xacro_generated\fanuc\fanuc_lrmate200id_support\urdf\lrmate200id4s.urdf,"{""ancestor_suffix"": 7}","[""D:\\CADtest\\papertest\\go_nogo1\\sources\\urdf_files_dataset\\urdf_files\\ros-industrial\\xacro_generated\\fanuc\\fanuc_lrmate200id_support\\meshes\\lrmate200id4s\\visual\\base_link.stl"", ""D:\\CADtest\\papertest\\go_nogo1\\sources\\urdf_files_dataset\\urdf_files\\ros-industrial\\xacro_generated\\fanuc\\fanuc_lrmate200id_support\\meshes\\lrmate200id4s\\visual\\link_1.stl"", ""D:\\CADtest\\papertest\\go_nogo1\\sources\\urdf_files_dataset\\urdf_files\\ros-industrial\\xacro_generated\\fanuc\\fanuc_lrmate200id_support\\meshes\\lrmate200id4s\\visual\\link_2.stl"", ""D:\\CADtest\\papertest\\go_nogo1\\sources\\urdf_files_dataset\\urdf_files\\ros-industrial\\xacro_generated\\fanuc\\fanuc_lrmate200id_support\\meshes\\lrmate200id4s\\visual\\link_3.stl"", ""D:\\CADtest\\papertest\\go_nogo1\\sources\\urdf_files_dataset\\urdf_files\\ros-industrial\\xacro_generated\\fanuc\\fanuc_lrmate200id_support\\meshes\\lrmate200id4s\\visual\\link_4.stl"", ""D:\\CADtest\\papertest\\go_nogo1\\sources\\urdf_files_dataset\\urdf_files\\ros-industrial\\xacro_generated\\fanuc\\fanuc_lrmate200id_support\\meshes\\lrmate200id4s\\visual\\link_5.stl"", ""D:\\CADtest\\papertest\\go_nogo1\\sources\\urdf_files_dataset\\urdf_files\\ros-industrial\\xacro_generated\\fanuc\\fanuc_lrmate200id_support\\meshes\\lrmate200id4s\\visual\\link_6.stl""]",fanuc_lrmate200id4s,ros-industrial,https://github.com/ros-industrial/fanuc/tree/74d7d441311590d3950b03da9a1a86409332c2e8/fanuc_lrmate200id_support,robotic arm,D:\CADtest\papertest\go_nogo1\sources\urdf_files_dataset\urdf_files\ros-industrial\xacro_generated\fanuc\fanuc_lrmate200id_support\urdf\lrmate200id4s.urdf,original,1.0,True,2,1,0,arm-81ab4eaee7,1,"[""ros-industrial""]",True,,7.0,0.0,[],True,14627.0,7331.0,0.7512985032311789,0.5714285714285714,7.0,0.7320576171858175,11.421485327203829,0.014779818699888711,0.011558811328459345,-0.8170905351523271,low
190,True,"{""fixed"": 3, ""revolute"": 6}",Fanuc,8.0,True,6.0,7.0,1.0,9.0,10.0,7.0,7.0,0.0,7.0,7.0,LR Mate 200iD/4SC,1.0,,True,A,ros-industrial\xacro_generated\fanuc\fanuc_lrmate200id_support\urdf\lrmate200id4sc.urdf,"{""ancestor_suffix"": 7}","[""D:\\CADtest\\papertest\\go_nogo1\\sources\\urdf_files_dataset\\urdf_files\\ros-industrial\\xacro_generated\\fanuc\\fanuc_lrmate200id_support\\meshes\\lrmate200id4s\\visual\\base_link.stl"", ""D:\\CADtest\\papertest\\go_nogo1\\sources\\urdf_files_dataset\\urdf_files\\ros-industrial\\xacro_generated\\fanuc\\fanuc_lrmate200id_support\\meshes\\lrmate200id4s\\visual\\link_1.stl"", ""D:\\CADtest\\papertest\\go_nogo1\\sources\\urdf_files_dataset\\urdf_files\\ros-industrial\\xacro_generated\\fanuc\\fanuc_lrmate200id_support\\meshes\\lrmate200id4s\\visual\\link_2.stl"", ""D:\\CADtest\\papertest\\go_nogo1\\sources\\urdf_files_dataset\\urdf_files\\ros-industrial\\xacro_generated\\fanuc\\fanuc_lrmate200id_support\\meshes\\lrmate200id4s\\visual\\link_3.stl"", ""D:\\CADtest\\papertest\\go_nogo1\\sources\\urdf_files_dataset\\urdf_files\\ros-industrial\\xacro_generated\\fanuc\\fanuc_lrmate200id_support\\meshes\\lrmate200id4s\\visual\\link_4.stl"", ""D:\\CADtest\\papertest\\go_nogo1\\sources\\urdf_files_dataset\\urdf_files\\ros-industrial\\xacro_generated\\fanuc\\fanuc_lrmate200id_support\\meshes\\lrmate200id4s\\visual\\link_5.stl"", ""D:\\CADtest\\papertest\\go_nogo1\\sources\\urdf_files_dataset\\urdf_files\\ros-industrial\\xacro_generated\\fanuc\\fanuc_lrmate200id_support\\meshes\\lrmate200id4s\\visual\\link_6.stl""]",fanuc_lrmate200id4sc,ros-industrial,https://github.com/ros-industrial/fanuc/tree/74d7d441311590d3950b03da9a1a86409332c2e8/fanuc_lrmate200id_support,robotic arm,D:\CADtest\papertest\go_nogo1\sources\urdf_files_dataset\urdf_files\ros-industrial\xacro_generated\fanuc\fanuc_lrmate200id_support\urdf\lrmate200id4sc.urdf,original,1.0,True,2,1,0,arm-417b7c6e76,1,"[""ros-industrial""]",True,,7.0,0.0,[],True,14627.0,7331.0,0.7512985032311789,0.5714285714285714,7.0,0.7320576171858175,11.421485327203829,0.014779818699888711,0.011558811328459345,-0.8170905351523271,low
191,True,"{""fixed"": 3, ""revolute"": 5}",Fanuc,7.0,True,5.0,7.0,1.0,8.0,9.0,6.0,6.0,0.0,7.0,7.0,LR Mate 200iD/4SH,1.0,,True,A,ros-industrial\xacro_generated\fanuc\fanuc_lrmate200id_support\urdf\lrmate200id4sh.urdf,"{""ancestor_suffix"": 7}","[""D:\\CADtest\\papertest\\go_nogo1\\sources\\urdf_files_dataset\\urdf_files\\ros-industrial\\xacro_generated\\fanuc\\fanuc_lrmate200id_support\\meshes\\lrmate200id4s\\visual\\base_link.stl"", ""D:\\CADtest\\papertest\\go_nogo1\\sources\\urdf_files_dataset\\urdf_files\\ros-industrial\\xacro_generated\\fanuc\\fanuc_lrmate200id_support\\meshes\\lrmate200id4s\\visual\\link_1.stl"", ""D:\\CADtest\\papertest\\go_nogo1\\sources\\urdf_files_dataset\\urdf_files\\ros-industrial\\xacro_generated\\fanuc\\fanuc_lrmate200id_support\\meshes\\lrmate200id4s\\visual\\link_2.stl"", ""D:\\CADtest\\papertest\\go_nogo1\\sources\\urdf_files_dataset\\urdf_files\\ros-industrial\\xacro_generated\\fanuc\\fanuc_lrmate200id_support\\meshes\\lrmate200id4s\\visual\\link_3.stl"", ""D:\\CADtest\\papertest\\go_nogo1\\sources\\urdf_files_dataset\\urdf_files\\ros-industrial\\xacro_generated\\fanuc\\fanuc_lrmate200id_support\\meshes\\lrmate200id4s\\visual\\link_4.stl"", ""D:\\CADtest\\papertest\\go_nogo1\\sources\\urdf_files_dataset\\urdf_files\\ros-industrial\\xacro_generated\\fanuc\\fanuc_lrmate200id_support\\meshes\\lrmate200id4s\\visual\\link_5.stl"", ""D:\\CADtest\\papertest\\go_nogo1\\sources\\urdf_files_dataset\\urdf_files\\ros-industrial\\xacro_generated\\fanuc\\fanuc_lrmate200id_support\\meshes\\lrmate200id4s\\visual\\link_6.stl""]",fanuc_lrmate200id4sh,ros-industrial,https://github.com/ros-industrial/fanuc/tree/74d7d441311590d3950b03da9a1a86409332c2e8/fanuc_lrmate200id_support,robotic arm,D:\CADtest\papertest\go_nogo1\sources\urdf_files_dataset\urdf_files\ros-industrial\xacro_generated\fanuc\fanuc_lrmate200id_support\urdf\lrmate200id4sh.urdf,original,1.0,True,2,1,0,arm-ed32f9fe54,1,"[""ros-industrial""]",True,,7.0,0.0,[],True,14627.0,7331.0,0.7512985032311789,0.5714285714285714,7.0,0.7320576171858175,11.421485327203829,0.014779818699888711,0.011558811328459345,-0.8170905351523271,low
192,True,"{""fixed"": 3, ""revolute"": 5}",Fanuc,7.0,True,5.0,7.0,1.0,8.0,9.0,6.0,6.0,0.0,7.0,7.0,LR Mate 200iD/7H,1.0,,True,A,ros-industrial\xacro_generated\fanuc\fanuc_lrmate200id_support\urdf\lrmate200id7h.urdf,"{""ancestor_suffix"": 7}","[""D:\\CADtest\\papertest\\go_nogo1\\sources\\urdf_files_dataset\\urdf_files\\ros-industrial\\xacro_generated\\fanuc\\fanuc_lrmate200id_support\\meshes\\lrmate200id\\visual\\base_link.stl"", ""D:\\CADtest\\papertest\\go_nogo1\\sources\\urdf_files_dataset\\urdf_files\\ros-industrial\\xacro_generated\\fanuc\\fanuc_lrmate200id_support\\meshes\\lrmate200id\\visual\\link_1.stl"", ""D:\\CADtest\\papertest\\go_nogo1\\sources\\urdf_files_dataset\\urdf_files\\ros-industrial\\xacro_generated\\fanuc\\fanuc_lrmate200id_support\\meshes\\lrmate200id\\visual\\link_2.stl"", ""D:\\CADtest\\papertest\\go_nogo1\\sources\\urdf_files_dataset\\urdf_files\\ros-industrial\\xacro_generated\\fanuc\\fanuc_lrmate200id_support\\meshes\\lrmate200id\\visual\\link_3.stl"", ""D:\\CADtest\\papertest\\go_nogo1\\sources\\urdf_files_dataset\\urdf_files\\ros-industrial\\xacro_generated\\fanuc\\fanuc_lrmate200id_support\\meshes\\lrmate200id\\visual\\link_4.stl"", ""D:\\CADtest\\papertest\\go_nogo1\\sources\\urdf_files_dataset\\urdf_files\\ros-industrial\\xacro_generated\\fanuc\\fanuc_lrmate200id_support\\meshes\\lrmate200id\\visual\\link_5.stl"", ""D:\\CADtest\\papertest\\go_nogo1\\sources\\urdf_files_dataset\\urdf_files\\ros-industrial\\xacro_generated\\fanuc\\fanuc_lrmate200id_support\\meshes\\lrmate200id\\visual\\link_6.stl""]",fanuc_lrmate200id7h,ros-industrial,https://github.com/ros-industrial/fanuc/tree/74d7d441311590d3950b03da9a1a86409332c2e8/fanuc_lrmate200id_support,robotic arm,D:\CADtest\papertest\go_nogo1\sources\urdf_files_dataset\urdf_files\ros-industrial\xacro_generated\fanuc\fanuc_lrmate200id_support\urdf\lrmate200id7h.urdf,original,1.0,True,2,1,0,arm-f9636ec28a,1,"[""ros-industrial""]",True,,7.0,0.0,[],True,25085.0,12564.0,0.9167659411467138,0.5714285714285714,7.0,0.7420010893199003,7.781323051510455,0.017653659496027096,0.013600215603206074,-0.7964677494936366,low
193,True,"{""fixed"": 3, ""revolute"": 6}",Fanuc,8.0,True,6.0,7.0,1.0,9.0,10.0,7.0,7.0,0.0,7.0,7.0,LR Mate 200iD/7L,1.0,,True,A,ros-industrial\xacro_generated\fanuc\fanuc_lrmate200id_support\urdf\lrmate200id7l.urdf,"{""ancestor_suffix"": 7}","[""D:\\CADtest\\papertest\\go_nogo1\\sources\\urdf_files_dataset\\urdf_files\\ros-industrial\\xacro_generated\\fanuc\\fanuc_lrmate200id_support\\meshes\\lrmate200id7l\\visual\\link_2.stl"", ""D:\\CADtest\\papertest\\go_nogo1\\sources\\urdf_files_dataset\\urdf_files\\ros-industrial\\xacro_generated\\fanuc\\fanuc_lrmate200id_support\\meshes\\lrmate200id7l\\visual\\link_4.stl"", ""D:\\CADtest\\papertest\\go_nogo1\\sources\\urdf_files_dataset\\urdf_files\\ros-industrial\\xacro_generated\\fanuc\\fanuc_lrmate200id_support\\meshes\\lrmate200id\\visual\\base_link.stl"", ""D:\\CADtest\\papertest\\go_nogo1\\sources\\urdf_files_dataset\\urdf_files\\ros-industrial\\xacro_generated\\fanuc\\fanuc_lrmate200id_support\\meshes\\lrmate200id\\visual\\link_1.stl"", ""D:\\CADtest\\papertest\\go_nogo1\\sources\\urdf_files_dataset\\urdf_files\\ros-industrial\\xacro_generated\\fanuc\\fanuc_lrmate200id_support\\meshes\\lrmate200id\\visual\\link_3.stl"", ""D:\\CADtest\\papertest\\go_nogo1\\sources\\urdf_files_dataset\\urdf_files\\ros-industrial\\xacro_generated\\fanuc\\fanuc_lrmate200id_support\\meshes\\lrmate200id\\visual\\link_5.stl"", ""D:\\CADtest\\papertest\\go_nogo1\\sources\\urdf_files_dataset\\urdf_files\\ros-industrial\\xacro_generated\\fanuc\\fanuc_lrmate200id_support\\meshes\\lrmate200id\\visual\\link_6.stl""]",fanuc_lrmate200id7l,ros-industrial,https://github.com/ros-industrial/fanuc/tree/74d7d441311590d3950b03da9a1a86409332c2e8/fanuc_lrmate200id_support,robotic arm,D:\CADtest\papertest\go_nogo1\sources\urdf_files_dataset\urdf_files\ros-industrial\xacro_generated\fanuc\fanuc_lrmate200id_support\urdf\lrmate200id7l.urdf,original,1.0,True,2,1,0,arm-7e0c14e59c,1,"[""ros-industrial""]",True,,7.0,0.0,[],True,22060.0,11051.0,1.0165201532669708,0.5714285714285714,7.0,0.7403221678661017,8.224665376865769,0.016797204247676535,0.012995679080142614,-0.8019010489352741,low
194,True,"{""fixed"": 3, ""revolute"": 6}",Fanuc,8.0,True,6.0,7.0,1.0,9.0,10.0,7.0,7.0,0.0,7.0,7.0,LR Mate 200iD/7LC,1.0,,True,A,ros-industrial\xacro_generated\fanuc\fanuc_lrmate200id_support\urdf\lrmate200id7lc.urdf,"{""ancestor_suffix"": 7}","[""D:\\CADtest\\papertest\\go_nogo1\\sources\\urdf_files_dataset\\urdf_files\\ros-industrial\\xacro_generated\\fanuc\\fanuc_lrmate200id_support\\meshes\\lrmate200id7l\\visual\\link_2.stl"", ""D:\\CADtest\\papertest\\go_nogo1\\sources\\urdf_files_dataset\\urdf_files\\ros-industrial\\xacro_generated\\fanuc\\fanuc_lrmate200id_support\\meshes\\lrmate200id7l\\visual\\link_4.stl"", ""D:\\CADtest\\papertest\\go_nogo1\\sources\\urdf_files_dataset\\urdf_files\\ros-industrial\\xacro_generated\\fanuc\\fanuc_lrmate200id_support\\meshes\\lrmate200id\\visual\\base_link.stl"", ""D:\\CADtest\\papertest\\go_nogo1\\sources\\urdf_files_dataset\\urdf_files\\ros-industrial\\xacro_generated\\fanuc\\fanuc_lrmate200id_support\\meshes\\lrmate200id\\visual\\link_1.stl"", ""D:\\CADtest\\papertest\\go_nogo1\\sources\\urdf_files_dataset\\urdf_files\\ros-industrial\\xacro_generated\\fanuc\\fanuc_lrmate200id_support\\meshes\\lrmate200id\\visual\\link_3.stl"", ""D:\\CADtest\\papertest\\go_nogo1\\sources\\urdf_files_dataset\\urdf_files\\ros-industrial\\xacro_generated\\fanuc\\fanuc_lrmate200id_support\\meshes\\lrmate200id\\visual\\link_5.stl"", ""D:\\CADtest\\papertest\\go_nogo1\\sources\\urdf_files_dataset\\urdf_files\\ros-industrial\\xacro_generated\\fanuc\\fanuc_lrmate200id_support\\meshes\\lrmate200id\\visual\\link_6.stl""]",fanuc_lrmate200id7lc,ros-industrial,https://github.com/ros-industrial/fanuc/tree/74d7d441311590d3950b03da9a1a86409332c2e8/fanuc_lrmate200id_support,robotic arm,D:\CADtest\papertest\go_nogo1\sources\urdf_files_dataset\urdf_files\ros-industrial\xacro_generated\fanuc\fanuc_lrmate200id_support\urdf\lrmate200id7lc.urdf,original,1.0,True,2,1,0,arm-d7b62265c9,1,"[""ros-industrial""]",True,,7.0,0.0,[],True,22060.0,11051.0,1.0165201532669708,0.5714285714285714,7.0,0.7403221678661017,8.224665376865769,0.016797204247676535,0.012995679080142614,-0.8019010489352741,low
196,True,"{""fixed"": 3, ""revolute"": 6}",Fanuc,8.0,True,6.0,7.0,1.0,9.0,10.0,7.0,7.0,0.0,7.0,7.0,M-10iA,1.0,,True,A,ros-industrial\xacro_generated\fanuc\fanuc_m10ia_support\urdf\m10ia.urdf,"{""ancestor_suffix"": 7}","[""D:\\CADtest\\papertest\\go_nogo1\\sources\\urdf_files_dataset\\urdf_files\\ros-industrial\\xacro_generated\\fanuc\\fanuc_m10ia_support\\meshes\\m10ia\\visual\\base_link.stl"", ""D:\\CADtest\\papertest\\go_nogo1\\sources\\urdf_files_dataset\\urdf_files\\ros-industrial\\xacro_generated\\fanuc\\fanuc_m10ia_support\\meshes\\m10ia\\visual\\link_1.stl"", ""D:\\CADtest\\papertest\\go_nogo1\\sources\\urdf_files_dataset\\urdf_files\\ros-industrial\\xacro_generated\\fanuc\\fanuc_m10ia_support\\meshes\\m10ia\\visual\\link_2.stl"", ""D:\\CADtest\\papertest\\go_nogo1\\sources\\urdf_files_dataset\\urdf_files\\ros-industrial\\xacro_generated\\fanuc\\fanuc_m10ia_support\\meshes\\m10ia\\visual\\link_3.stl"", ""D:\\CADtest\\papertest\\go_nogo1\\sources\\urdf_files_dataset\\urdf_files\\ros-industrial\\xacro_generated\\fanuc\\fanuc_m10ia_support\\meshes\\m10ia\\visual\\link_4.stl"", ""D:\\CADtest\\papertest\\go_nogo1\\sources\\urdf_files_dataset\\urdf_files\\ros-industrial\\xacro_generated\\fanuc\\fanuc_m10ia_support\\meshes\\m10ia\\visual\\link_5.stl"", ""D:\\CADtest\\papertest\\go_nogo1\\sources\\urdf_files_dataset\\urdf_files\\ros-industrial\\xacro_generated\\fanuc\\fanuc_m10ia_support\\meshes\\m10ia\\visual\\link_6.stl""]",fanuc_m10ia,ros-industrial,https://github.com/ros-industrial/fanuc/tree/74d7d441311590d3950b03da9a1a86409332c2e8/fanuc_m10ia_support,robotic arm,D:\CADtest\papertest\go_nogo1\sources\urdf_files_dataset\urdf_files\ros-industrial\xacro_generated\fanuc\fanuc_m10ia_support\urdf\m10ia.urdf,original,1.0,True,2,1,0,arm-785e16bb50,1,"[""ros-industrial""]",True,,7.0,0.0,[],True,6932.0,3481.0,1.6923955290285544,0.7142857142857143,7.0,0.715933692433358,24.65503100058003,0.0954696495499352,0.06343712528682616,-0.6278567927866097,low
197,True,"{""fixed"": 3, ""revolute"": 6}",Fanuc,8.0,True,6.0,7.0,1.0,9.0,10.0,7.0,7.0,0.0,7.0,7.0,M-10iA/7L,1.0,,True,A,ros-industrial\xacro_generated\fanuc\fanuc_m10ia_support\urdf\m10ia7l.urdf,"{""ancestor_suffix"": 7}","[""D:\\CADtest\\papertest\\go_nogo1\\sources\\urdf_files_dataset\\urdf_files\\ros-industrial\\xacro_generated\\fanuc\\fanuc_m10ia_support\\meshes\\m10ia7l\\visual\\base_link.stl"", ""D:\\CADtest\\papertest\\go_nogo1\\sources\\urdf_files_dataset\\urdf_files\\ros-industrial\\xacro_generated\\fanuc\\fanuc_m10ia_support\\meshes\\m10ia7l\\visual\\link_1.stl"", ""D:\\CADtest\\papertest\\go_nogo1\\sources\\urdf_files_dataset\\urdf_files\\ros-industrial\\xacro_generated\\fanuc\\fanuc_m10ia_support\\meshes\\m10ia7l\\visual\\link_2.stl"", ""D:\\CADtest\\papertest\\go_nogo1\\sources\\urdf_files_dataset\\urdf_files\\ros-industrial\\xacro_generated\\fanuc\\fanuc_m10ia_support\\meshes\\m10ia7l\\visual\\link_3.stl"", ""D:\\CADtest\\papertest\\go_nogo1\\sources\\urdf_files_dataset\\urdf_files\\ros-industrial\\xacro_generated\\fanuc\\fanuc_m10ia_support\\meshes\\m10ia7l\\visual\\link_4.stl"", ""D:\\CADtest\\papertest\\go_nogo1\\sources\\urdf_files_dataset\\urdf_files\\ros-industrial\\xacro_generated\\fanuc\\fanuc_m10ia_support\\meshes\\m10ia7l\\visual\\link_5.stl"", ""D:\\CADtest\\papertest\\go_nogo1\\sources\\urdf_files_dataset\\urdf_files\\ros-industrial\\xacro_generated\\fanuc\\fanuc_m10ia_support\\meshes\\m10ia7l\\visual\\link_6.stl""]",fanuc_m10ia7l,ros-industrial,https://github.com/ros-industrial/fanuc/tree/74d7d441311590d3950b03da9a1a86409332c2e8/fanuc_m10ia_support,robotic arm,D:\CADtest\papertest\go_nogo1\sources\urdf_files_dataset\urdf_files\ros-industrial\xacro_generated\fanuc\fanuc_m10ia_support\urdf\m10ia7l.urdf,original,1.0,True,2,1,0,arm-1a2726f62c,1,"[""ros-industrial""]",True,,7.0,0.0,[],True,3590.0,1810.0,1.7724261479938548,0.8571428571428571,7.0,0.7642754457692134,37.31246547579885,0.22068390423465536,0.13302389148751445,-0.09073863675251674,medium
13,True,"{""fixed"": 1, ""revolute"": 6}",Fanuc,7.0,True,6.0,7.0,1.0,7.0,8.0,7.0,7.0,0.0,7.0,7.0,M-16iB,1.0,,True,A,matlab\fanuc_m16ib_support\urdf\fanucM16ib.urdf,"{""ancestor_suffix"": 7}","[""D:\\CADtest\\papertest\\go_nogo1\\sources\\urdf_files_dataset\\urdf_files\\matlab\\fanuc_m16ib_support\\meshes\\m16ib20\\visual\\base_link.stl"", ""D:\\CADtest\\papertest\\go_nogo1\\sources\\urdf_files_dataset\\urdf_files\\matlab\\fanuc_m16ib_support\\meshes\\m16ib20\\visual\\link_1.stl"", ""D:\\CADtest\\papertest\\go_nogo1\\sources\\urdf_files_dataset\\urdf_files\\matlab\\fanuc_m16ib_support\\meshes\\m16ib20\\visual\\link_2.stl"", ""D:\\CADtest\\papertest\\go_nogo1\\sources\\urdf_files_dataset\\urdf_files\\matlab\\fanuc_m16ib_support\\meshes\\m16ib20\\visual\\link_3.stl"", ""D:\\CADtest\\papertest\\go_nogo1\\sources\\urdf_files_dataset\\urdf_files\\matlab\\fanuc_m16ib_support\\meshes\\m16ib20\\visual\\link_4.stl"", ""D:\\CADtest\\papertest\\go_nogo1\\sources\\urdf_files_dataset\\urdf_files\\matlab\\fanuc_m16ib_support\\meshes\\m16ib20\\visual\\link_5.stl"", ""D:\\CADtest\\papertest\\go_nogo1\\sources\\urdf_files_dataset\\urdf_files\\matlab\\fanuc_m16ib_support\\meshes\\m16ib20\\visual\\link_6.stl""]",fanuc_m16ib20,matlab,https://se.mathworks.com/matlabcentral/fileexchange/98714-robotics-system-toolbox-robot-library-data,robotic arm,D:\CADtest\papertest\go_nogo1\sources\urdf_files_dataset\urdf_files\matlab\fanuc_m16ib_support\urdf\fanucM16ib.urdf,original,1.0,False,2,1,1,arm-b9fde37ad7,2,"[""matlab"", ""ros-industrial""]",True,,7.0,0.0,[],True,3055.0,1542.0,2.452581205911163,0.8571428571428571,7.0,0.7186392726072225,28.01967787268282,0.19797516263747378,0.09560095395136374,-0.38774372945926583,low
199,True,"{""fixed"": 3, ""revolute"": 6}",Fanuc,8.0,True,6.0,7.0,1.0,9.0,10.0,7.0,7.0,0.0,7.0,7.0,M-20iA,1.0,,True,A,ros-industrial\xacro_generated\fanuc\fanuc_m20ia_support\urdf\m20ia.urdf,"{""ancestor_suffix"": 7}","[""D:\\CADtest\\papertest\\go_nogo1\\sources\\urdf_files_dataset\\urdf_files\\ros-industrial\\xacro_generated\\fanuc\\fanuc_m20ia_support\\meshes\\m20ia\\visual\\base_link.stl"", ""D:\\CADtest\\papertest\\go_nogo1\\sources\\urdf_files_dataset\\urdf_files\\ros-industrial\\xacro_generated\\fanuc\\fanuc_m20ia_support\\meshes\\m20ia\\visual\\link_1.stl"", ""D:\\CADtest\\papertest\\go_nogo1\\sources\\urdf_files_dataset\\urdf_files\\ros-industrial\\xacro_generated\\fanuc\\fanuc_m20ia_support\\meshes\\m20ia\\visual\\link_2.stl"", ""D:\\CADtest\\papertest\\go_nogo1\\sources\\urdf_files_dataset\\urdf_files\\ros-industrial\\xacro_generated\\fanuc\\fanuc_m20ia_support\\meshes\\m20ia\\visual\\link_3.stl"", ""D:\\CADtest\\papertest\\go_nogo1\\sources\\urdf_files_dataset\\urdf_files\\ros-industrial\\xacro_generated\\fanuc\\fanuc_m20ia_support\\meshes\\m20ia\\visual\\link_4.stl"", ""D:\\CADtest\\papertest\\go_nogo1\\sources\\urdf_files_dataset\\urdf_files\\ros-industrial\\xacro_generated\\fanuc\\fanuc_m20ia_support\\meshes\\m20ia\\visual\\link_5.stl"", ""D:\\CADtest\\papertest\\go_nogo1\\sources\\urdf_files_dataset\\urdf_files\\ros-industrial\\xacro_generated\\fanuc\\fanuc_m20ia_support\\meshes\\m20ia\\visual\\link_6.stl""]",fanuc_m20ia,ros-industrial,https://github.com/ros-industrial/fanuc/tree/74d7d441311590d3950b03da9a1a86409332c2e8/fanuc_m20ia_support,robotic arm,D:\CADtest\papertest\go_nogo1\sources\urdf_files_dataset\urdf_files\ros-industrial\xacro_generated\fanuc\fanuc_m20ia_support\urdf\m20ia.urdf,original,1.0,True,2,1,0,arm-ca973d7c40,1,"[""ros-industrial""]",True,,7.0,0.0,[],True,12035.0,6033.0,2.6357546642140344,0.8571428571428571,7.0,0.751545699093684,12.791200123138546,0.07418187732444483,0.029988262601846505,-0.6089969666287338,low
200,True,"{""fixed"": 3, ""revolute"": 6}",Fanuc,8.0,True,6.0,7.0,1.0,9.0,10.0,7.0,7.0,0.0,7.0,7.0,M-20iA/10L,1.0,,True,A,ros-industrial\xacro_generated\fanuc\fanuc_m20ia_support\urdf\m20ia10l.urdf,"{""ancestor_suffix"": 7}","[""D:\\CADtest\\papertest\\go_nogo1\\sources\\urdf_files_dataset\\urdf_files\\ros-industrial\\xacro_generated\\fanuc\\fanuc_m20ia_support\\meshes\\m20ia10l\\visual\\base_link.stl"", ""D:\\CADtest\\papertest\\go_nogo1\\sources\\urdf_files_dataset\\urdf_files\\ros-industrial\\xacro_generated\\fanuc\\fanuc_m20ia_support\\meshes\\m20ia10l\\visual\\link_1.stl"", ""D:\\CADtest\\papertest\\go_nogo1\\sources\\urdf_files_dataset\\urdf_files\\ros-industrial\\xacro_generated\\fanuc\\fanuc_m20ia_support\\meshes\\m20ia10l\\visual\\link_2.stl"", ""D:\\CADtest\\papertest\\go_nogo1\\sources\\urdf_files_dataset\\urdf_files\\ros-industrial\\xacro_generated\\fanuc\\fanuc_m20ia_support\\meshes\\m20ia10l\\visual\\link_3.stl"", ""D:\\CADtest\\papertest\\go_nogo1\\sources\\urdf_files_dataset\\urdf_files\\ros-industrial\\xacro_generated\\fanuc\\fanuc_m20ia_support\\meshes\\m20ia10l\\visual\\link_4.stl"", ""D:\\CADtest\\papertest\\go_nogo1\\sources\\urdf_files_dataset\\urdf_files\\ros-industrial\\xacro_generated\\fanuc\\fanuc_m20ia_support\\meshes\\m20ia10l\\visual\\link_5.stl"", ""D:\\CADtest\\papertest\\go_nogo1\\sources\\urdf_files_dataset\\urdf_files\\ros-industrial\\xacro_generated\\fanuc\\fanuc_m20ia_support\\meshes\\m20ia10l\\visual\\link_6.stl""]",fanuc_m20ia10l,ros-industrial,https://github.com/ros-industrial/fanuc/tree/74d7d441311590d3950b03da9a1a86409332c2e8/fanuc_m20ia_support,robotic arm,D:\CADtest\papertest\go_nogo1\sources\urdf_files_dataset\urdf_files\ros-industrial\xacro_generated\fanuc\fanuc_m20ia_support\urdf\m20ia10l.urdf,original,1.0,True,2,1,0,arm-58bea95949,1,"[""ros-industrial""]",True,,7.0,0.0,[],True,3970.0,2000.0,2.6441798501116973,0.7142857142857143,7.0,0.7365527179406643,20.612239023456407,0.1530706736523847,0.03987244901948613,-0.45691776669645695,low
201,True,"{""fixed"": 3, ""revolute"": 6}",Fanuc,8.0,True,6.0,7.0,1.0,9.0,10.0,7.0,7.0,0.0,7.0,7.0,M-20iB/25,1.0,,True,A,ros-industrial\xacro_generated\fanuc\fanuc_m20ib_support\urdf\m20ib25.urdf,"{""ancestor_suffix"": 7}","[""D:\\CADtest\\papertest\\go_nogo1\\sources\\urdf_files_dataset\\urdf_files\\ros-industrial\\xacro_generated\\fanuc\\fanuc_m20ib_support\\meshes\\m20ib25\\visual\\base_link.stl"", ""D:\\CADtest\\papertest\\go_nogo1\\sources\\urdf_files_dataset\\urdf_files\\ros-industrial\\xacro_generated\\fanuc\\fanuc_m20ib_support\\meshes\\m20ib25\\visual\\link_1.stl"", ""D:\\CADtest\\papertest\\go_nogo1\\sources\\urdf_files_dataset\\urdf_files\\ros-industrial\\xacro_generated\\fanuc\\fanuc_m20ib_support\\meshes\\m20ib25\\visual\\link_2.stl"", ""D:\\CADtest\\papertest\\go_nogo1\\sources\\urdf_files_dataset\\urdf_files\\ros-industrial\\xacro_generated\\fanuc\\fanuc_m20ib_support\\meshes\\m20ib25\\visual\\link_3.stl"", ""D:\\CADtest\\papertest\\go_nogo1\\sources\\urdf_files_dataset\\urdf_files\\ros-industrial\\xacro_generated\\fanuc\\fanuc_m20ib_support\\meshes\\m20ib25\\visual\\link_4.stl"", ""D:\\CADtest\\papertest\\go_nogo1\\sources\\urdf_files_dataset\\urdf_files\\ros-industrial\\xacro_generated\\fanuc\\fanuc_m20ib_support\\meshes\\m20ib25\\visual\\link_5.stl"", ""D:\\CADtest\\papertest\\go_nogo1\\sources\\urdf_files_dataset\\urdf_files\\ros-industrial\\xacro_generated\\fanuc\\fanuc_m20ib_support\\meshes\\m20ib25\\visual\\link_6.stl""]",fanuc_m20ib25,ros-industrial,https://github.com/ros-industrial/fanuc/tree/74d7d441311590d3950b03da9a1a86409332c2e8/fanuc_m20ib_support,robotic arm,D:\CADtest\papertest\go_nogo1\sources\urdf_files_dataset\urdf_files\ros-industrial\xacro_generated\fanuc\fanuc_m20ib_support\urdf\m20ib25.urdf,original,1.0,True,2,1,0,arm-f39f0bc934,1,"[""ros-industrial""]",True,,7.0,0.0,[],True,12598.0,6314.0,4.055608924262729,0.7142857142857143,7.0,0.7282497837554089,10.00038562839079,0.042603395764808615,0.02411927389785147,-0.7868844557083493,low
202,True,"{""fixed"": 3, ""revolute"": 5}",Fanuc,6.0,True,5.0,6.0,1.0,8.0,9.0,6.0,6.0,0.0,6.0,6.0,M-430iA/2F,1.0,,True,A,ros-industrial\xacro_generated\fanuc\fanuc_m430ia_support\urdf\m430ia2f.urdf,"{""ancestor_suffix"": 6}","[""D:\\CADtest\\papertest\\go_nogo1\\sources\\urdf_files_dataset\\urdf_files\\ros-industrial\\xacro_generated\\fanuc\\fanuc_m430ia_support\\meshes\\m430ia2f\\visual\\base_link.stl"", ""D:\\CADtest\\papertest\\go_nogo1\\sources\\urdf_files_dataset\\urdf_files\\ros-industrial\\xacro_generated\\fanuc\\fanuc_m430ia_support\\meshes\\m430ia2f\\visual\\link_1.stl"", ""D:\\CADtest\\papertest\\go_nogo1\\sources\\urdf_files_dataset\\urdf_files\\ros-industrial\\xacro_generated\\fanuc\\fanuc_m430ia_support\\meshes\\m430ia2f\\visual\\link_2.stl"", ""D:\\CADtest\\papertest\\go_nogo1\\sources\\urdf_files_dataset\\urdf_files\\ros-industrial\\xacro_generated\\fanuc\\fanuc_m430ia_support\\meshes\\m430ia2f\\visual\\link_3.stl"", ""D:\\CADtest\\papertest\\go_nogo1\\sources\\urdf_files_dataset\\urdf_files\\ros-industrial\\xacro_generated\\fanuc\\fanuc_m430ia_support\\meshes\\m430ia2f\\visual\\link_4.stl"", ""D:\\CADtest\\papertest\\go_nogo1\\sources\\urdf_files_dataset\\urdf_files\\ros-industrial\\xacro_generated\\fanuc\\fanuc_m430ia_support\\meshes\\m430ia2f\\visual\\link_5.stl""]",fanuc_m430ia2f,ros-industrial,https://github.com/ros-industrial/fanuc/tree/74d7d441311590d3950b03da9a1a86409332c2e8/fanuc_m430ia_support,robotic arm,D:\CADtest\papertest\go_nogo1\sources\urdf_files_dataset\urdf_files\ros-industrial\xacro_generated\fanuc\fanuc_m430ia_support\urdf\m430ia2f.urdf,original,1.0,True,2,1,0,arm-80ddefb001,1,"[""ros-industrial""]",True,,6.0,0.0,[],True,6614.0,3319.0,1.3356445398987589,1.0,6.0,0.72658587057349,22.46040038187624,0.09869318284322032,0.07626274209910625,-0.5934546283245322,low
203,True,"{""fixed"": 3, ""revolute"": 6}",Fanuc,7.0,True,6.0,7.0,1.0,9.0,10.0,7.0,7.0,0.0,7.0,7.0,M-430iA/2P,1.0,,True,A,ros-industrial\xacro_generated\fanuc\fanuc_m430ia_support\urdf\m430ia2p.urdf,"{""ancestor_suffix"": 7}","[""D:\\CADtest\\papertest\\go_nogo1\\sources\\urdf_files_dataset\\urdf_files\\ros-industrial\\xacro_generated\\fanuc\\fanuc_m430ia_support\\meshes\\m430ia2p\\visual\\base_link.stl"", ""D:\\CADtest\\papertest\\go_nogo1\\sources\\urdf_files_dataset\\urdf_files\\ros-industrial\\xacro_generated\\fanuc\\fanuc_m430ia_support\\meshes\\m430ia2p\\visual\\link_1.stl"", ""D:\\CADtest\\papertest\\go_nogo1\\sources\\urdf_files_dataset\\urdf_files\\ros-industrial\\xacro_generated\\fanuc\\fanuc_m430ia_support\\meshes\\m430ia2p\\visual\\link_2.stl"", ""D:\\CADtest\\papertest\\go_nogo1\\sources\\urdf_files_dataset\\urdf_files\\ros-industrial\\xacro_generated\\fanuc\\fanuc_m430ia_support\\meshes\\m430ia2p\\visual\\link_3.stl"", ""D:\\CADtest\\papertest\\go_nogo1\\sources\\urdf_files_dataset\\urdf_files\\ros-industrial\\xacro_generated\\fanuc\\fanuc_m430ia_support\\meshes\\m430ia2p\\visual\\link_4.stl"", ""D:\\CADtest\\papertest\\go_nogo1\\sources\\urdf_files_dataset\\urdf_files\\ros-industrial\\xacro_generated\\fanuc\\fanuc_m430ia_support\\meshes\\m430ia2p\\visual\\link_5.stl"", ""D:\\CADtest\\papertest\\go_nogo1\\sources\\urdf_files_dataset\\urdf_files\\ros-industrial\\xacro_generated\\fanuc\\fanuc_m430ia_support\\meshes\\m430ia2p\\visual\\link_6.stl""]",fanuc_m430ia2p,ros-industrial,https://github.com/ros-industrial/fanuc/tree/74d7d441311590d3950b03da9a1a86409332c2e8/fanuc_m430ia_support,robotic arm,D:\CADtest\papertest\go_nogo1\sources\urdf_files_dataset\urdf_files\ros-industrial\xacro_generated\fanuc\fanuc_m430ia_support\urdf\m430ia2p.urdf,original,1.0,True,2,1,0,arm-de477bc804,1,"[""ros-industrial""]",True,,7.0,0.0,[],True,8286.0,4157.0,1.1281338250573323,1.0,7.0,0.7234475886440337,31.166486974359664,0.11748975247427342,0.0943698528708931,-0.507213152784293,low
204,True,"{""fixed"": 3, ""revolute"": 6}",Fanuc,8.0,True,6.0,7.0,1.0,9.0,10.0,7.0,7.0,0.0,7.0,7.0,M-6iB,1.0,,True,A,ros-industrial\xacro_generated\fanuc\fanuc_m6ib_support\urdf\m6ib.urdf,"{""ancestor_suffix"": 7}","[""D:\\CADtest\\papertest\\go_nogo1\\sources\\urdf_files_dataset\\urdf_files\\ros-industrial\\xacro_generated\\fanuc\\fanuc_m6ib_support\\meshes\\m6ib\\visual\\base_link.stl"", ""D:\\CADtest\\papertest\\go_nogo1\\sources\\urdf_files_dataset\\urdf_files\\ros-industrial\\xacro_generated\\fanuc\\fanuc_m6ib_support\\meshes\\m6ib\\visual\\link_1.stl"", ""D:\\CADtest\\papertest\\go_nogo1\\sources\\urdf_files_dataset\\urdf_files\\ros-industrial\\xacro_generated\\fanuc\\fanuc_m6ib_support\\meshes\\m6ib\\visual\\link_2.stl"", ""D:\\CADtest\\papertest\\go_nogo1\\sources\\urdf_files_dataset\\urdf_files\\ros-industrial\\xacro_generated\\fanuc\\fanuc_m6ib_support\\meshes\\m6ib\\visual\\link_3.stl"", ""D:\\CADtest\\papertest\\go_nogo1\\sources\\urdf_files_dataset\\urdf_files\\ros-industrial\\xacro_generated\\fanuc\\fanuc_m6ib_support\\meshes\\m6ib\\visual\\link_4.stl"", ""D:\\CADtest\\papertest\\go_nogo1\\sources\\urdf_files_dataset\\urdf_files\\ros-industrial\\xacro_generated\\fanuc\\fanuc_m6ib_support\\meshes\\m6ib\\visual\\link_5.stl"", ""D:\\CADtest\\papertest\\go_nogo1\\sources\\urdf_files_dataset\\urdf_files\\ros-industrial\\xacro_generated\\fanuc\\fanuc_m6ib_support\\meshes\\m6ib\\visual\\link_6.stl""]",fanuc_m6ib,ros-industrial,https://github.com/ros-industrial/fanuc/tree/74d7d441311590d3950b03da9a1a86409332c2e8/fanuc_m6ib_support,robotic arm,D:\CADtest\papertest\go_nogo1\sources\urdf_files_dataset\urdf_files\ros-industrial\xacro_generated\fanuc\fanuc_m6ib_support\urdf\m6ib.urdf,original,1.0,True,2,1,0,arm-c10bd68349,1,"[""ros-industrial""]",True,,7.0,0.0,[],True,1866.0,947.0,1.7619605880653872,1.0,7.0,0.7239305540315131,48.2032343305621,0.26179278511009485,0.15192832729609668,-0.09603686812726119,medium
205,True,"{""fixed"": 3, ""revolute"": 6}",Fanuc,7.0,True,6.0,7.0,1.0,9.0,10.0,7.0,7.0,0.0,7.0,7.0,M-6iB/6S,1.0,,True,A,ros-industrial\xacro_generated\fanuc\fanuc_m6ib_support\urdf\m6ib6s.urdf,"{""ancestor_suffix"": 7}","[""D:\\CADtest\\papertest\\go_nogo1\\sources\\urdf_files_dataset\\urdf_files\\ros-industrial\\xacro_generated\\fanuc\\fanuc_m6ib_support\\meshes\\m6ib6s\\visual\\link_2.stl"", ""D:\\CADtest\\papertest\\go_nogo1\\sources\\urdf_files_dataset\\urdf_files\\ros-industrial\\xacro_generated\\fanuc\\fanuc_m6ib_support\\meshes\\m6ib6s\\visual\\link_4.stl"", ""D:\\CADtest\\papertest\\go_nogo1\\sources\\urdf_files_dataset\\urdf_files\\ros-industrial\\xacro_generated\\fanuc\\fanuc_m6ib_support\\meshes\\m6ib\\visual\\base_link.stl"", ""D:\\CADtest\\papertest\\go_nogo1\\sources\\urdf_files_dataset\\urdf_files\\ros-industrial\\xacro_generated\\fanuc\\fanuc_m6ib_support\\meshes\\m6ib\\visual\\link_1.stl"", ""D:\\CADtest\\papertest\\go_nogo1\\sources\\urdf_files_dataset\\urdf_files\\ros-industrial\\xacro_generated\\fanuc\\fanuc_m6ib_support\\meshes\\m6ib\\visual\\link_3.stl"", ""D:\\CADtest\\papertest\\go_nogo1\\sources\\urdf_files_dataset\\urdf_files\\ros-industrial\\xacro_generated\\fanuc\\fanuc_m6ib_support\\meshes\\m6ib\\visual\\link_5.stl"", ""D:\\CADtest\\papertest\\go_nogo1\\sources\\urdf_files_dataset\\urdf_files\\ros-industrial\\xacro_generated\\fanuc\\fanuc_m6ib_support\\meshes\\m6ib\\visual\\link_6.stl""]",fanuc_m6ib6s,ros-industrial,https://github.com/ros-industrial/fanuc/tree/74d7d441311590d3950b03da9a1a86409332c2e8/fanuc_m6ib_support,robotic arm,D:\CADtest\papertest\go_nogo1\sources\urdf_files_dataset\urdf_files\ros-industrial\xacro_generated\fanuc\fanuc_m6ib_support\urdf\m6ib6s.urdf,original,1.0,True,2,1,0,arm-b7a6f7cec6,1,"[""ros-industrial""]",True,,7.0,0.0,[],True,2188.0,1108.0,1.574035370771719,1.0,7.0,0.7445528367103088,42.84583240664327,0.24258328710822893,0.1444180298455936,-0.08823956791772075,medium
207,True,"{""fixed"": 3, ""revolute"": 6}",Fanuc,8.0,True,6.0,7.0,1.0,9.0,10.0,7.0,7.0,0.0,7.0,7.0,M-710iC/45M,1.0,,True,A,ros-industrial\xacro_generated\fanuc\fanuc_m710ic_support\urdf\m710ic45m.urdf,"{""ancestor_suffix"": 7}","[""D:\\CADtest\\papertest\\go_nogo1\\sources\\urdf_files_dataset\\urdf_files\\ros-industrial\\xacro_generated\\fanuc\\fanuc_m710ic_support\\meshes\\m710ic45m\\visual\\link_2.stl"", ""D:\\CADtest\\papertest\\go_nogo1\\sources\\urdf_files_dataset\\urdf_files\\ros-industrial\\xacro_generated\\fanuc\\fanuc_m710ic_support\\meshes\\m710ic45m\\visual\\link_4.stl"", ""D:\\CADtest\\papertest\\go_nogo1\\sources\\urdf_files_dataset\\urdf_files\\ros-industrial\\xacro_generated\\fanuc\\fanuc_m710ic_support\\meshes\\m710ic50\\visual\\base_link.stl"", ""D:\\CADtest\\papertest\\go_nogo1\\sources\\urdf_files_dataset\\urdf_files\\ros-industrial\\xacro_generated\\fanuc\\fanuc_m710ic_support\\meshes\\m710ic50\\visual\\link_1.stl"", ""D:\\CADtest\\papertest\\go_nogo1\\sources\\urdf_files_dataset\\urdf_files\\ros-industrial\\xacro_generated\\fanuc\\fanuc_m710ic_support\\meshes\\m710ic50\\visual\\link_3.stl"", ""D:\\CADtest\\papertest\\go_nogo1\\sources\\urdf_files_dataset\\urdf_files\\ros-industrial\\xacro_generated\\fanuc\\fanuc_m710ic_support\\meshes\\m710ic50\\visual\\link_5.stl"", ""D:\\CADtest\\papertest\\go_nogo1\\sources\\urdf_files_dataset\\urdf_files\\ros-industrial\\xacro_generated\\fanuc\\fanuc_m710ic_support\\meshes\\m710ic50\\visual\\link_6.stl""]",fanuc_m710ic45m,ros-industrial,https://github.com/ros-industrial/fanuc/tree/74d7d441311590d3950b03da9a1a86409332c2e8/fanuc_m710ic_support,robotic arm,D:\CADtest\papertest\go_nogo1\sources\urdf_files_dataset\urdf_files\ros-industrial\xacro_generated\fanuc\fanuc_m710ic_support\urdf\m710ic45m.urdf,original,1.0,True,2,1,0,arm-ac0ed3c3ba,1,"[""ros-industrial""]",True,,7.0,0.0,[],True,3164.0,1596.0,4.8023610567090635,1.0,7.0,0.7063435662449762,41.4920433062699,0.27216133045373425,0.17843756106862232,-0.19425367409876004,medium
206,True,"{""fixed"": 3, ""revolute"": 6}",Fanuc,8.0,True,6.0,7.0,1.0,9.0,10.0,7.0,7.0,0.0,7.0,7.0,M-710iC/50,1.0,,True,A,ros-industrial\xacro_generated\fanuc\fanuc_m710ic_support\urdf\m710ic50.urdf,"{""ancestor_suffix"": 7}","[""D:\\CADtest\\papertest\\go_nogo1\\sources\\urdf_files_dataset\\urdf_files\\ros-industrial\\xacro_generated\\fanuc\\fanuc_m710ic_support\\meshes\\m710ic50\\visual\\base_link.stl"", ""D:\\CADtest\\papertest\\go_nogo1\\sources\\urdf_files_dataset\\urdf_files\\ros-industrial\\xacro_generated\\fanuc\\fanuc_m710ic_support\\meshes\\m710ic50\\visual\\link_1.stl"", ""D:\\CADtest\\papertest\\go_nogo1\\sources\\urdf_files_dataset\\urdf_files\\ros-industrial\\xacro_generated\\fanuc\\fanuc_m710ic_support\\meshes\\m710ic50\\visual\\link_2.stl"", ""D:\\CADtest\\papertest\\go_nogo1\\sources\\urdf_files_dataset\\urdf_files\\ros-industrial\\xacro_generated\\fanuc\\fanuc_m710ic_support\\meshes\\m710ic50\\visual\\link_3.stl"", ""D:\\CADtest\\papertest\\go_nogo1\\sources\\urdf_files_dataset\\urdf_files\\ros-industrial\\xacro_generated\\fanuc\\fanuc_m710ic_support\\meshes\\m710ic50\\visual\\link_4.stl"", ""D:\\CADtest\\papertest\\go_nogo1\\sources\\urdf_files_dataset\\urdf_files\\ros-industrial\\xacro_generated\\fanuc\\fanuc_m710ic_support\\meshes\\m710ic50\\visual\\link_5.stl"", ""D:\\CADtest\\papertest\\go_nogo1\\sources\\urdf_files_dataset\\urdf_files\\ros-industrial\\xacro_generated\\fanuc\\fanuc_m710ic_support\\meshes\\m710ic50\\visual\\link_6.stl""]",fanuc_m710ic50,ros-industrial,https://github.com/ros-industrial/fanuc/tree/74d7d441311590d3950b03da9a1a86409332c2e8/fanuc_m710ic_support,robotic arm,D:\CADtest\papertest\go_nogo1\sources\urdf_files_dataset\urdf_files\ros-industrial\xacro_generated\fanuc\fanuc_m710ic_support\urdf\m710ic50.urdf,original,1.0,True,2,1,0,arm-0cf081ce97,1,"[""ros-industrial""]",True,,7.0,0.0,[],True,1454.0,741.0,4.407350428120028,1.0,7.0,0.7131330402505114,42.79077447619874,0.320560291898648,0.1792660681469781,-0.060460522822756345,medium
208,True,"{""continuous"": 2, ""fixed"": 3, ""revolute"": 6}",Fanuc,8.0,True,8.0,9.0,1.0,11.0,12.0,9.0,9.0,0.0,9.0,9.0,M-900iA/260L,1.0,,True,A,ros-industrial\xacro_generated\fanuc\fanuc_m900ia_support\urdf\m900ia260l.urdf,"{""ancestor_suffix"": 9}","[""D:\\CADtest\\papertest\\go_nogo1\\sources\\urdf_files_dataset\\urdf_files\\ros-industrial\\xacro_generated\\fanuc\\fanuc_m900ia_support\\meshes\\m900ia260l\\visual\\base_link.stl"", ""D:\\CADtest\\papertest\\go_nogo1\\sources\\urdf_files_dataset\\urdf_files\\ros-industrial\\xacro_generated\\fanuc\\fanuc_m900ia_support\\meshes\\m900ia260l\\visual\\link_1.stl"", ""D:\\CADtest\\papertest\\go_nogo1\\sources\\urdf_files_dataset\\urdf_files\\ros-industrial\\xacro_generated\\fanuc\\fanuc_m900ia_support\\meshes\\m900ia260l\\visual\\link_2.stl"", ""D:\\CADtest\\papertest\\go_nogo1\\sources\\urdf_files_dataset\\urdf_files\\ros-industrial\\xacro_generated\\fanuc\\fanuc_m900ia_support\\meshes\\m900ia260l\\visual\\link_3.stl"", ""D:\\CADtest\\papertest\\go_nogo1\\sources\\urdf_files_dataset\\urdf_files\\ros-industrial\\xacro_generated\\fanuc\\fanuc_m900ia_support\\meshes\\m900ia260l\\visual\\link_4.stl"", ""D:\\CADtest\\papertest\\go_nogo1\\sources\\urdf_files_dataset\\urdf_files\\ros-industrial\\xacro_generated\\fanuc\\fanuc_m900ia_support\\meshes\\m900ia260l\\visual\\link_5.stl"", ""D:\\CADtest\\papertest\\go_nogo1\\sources\\urdf_files_dataset\\urdf_files\\ros-industrial\\xacro_generated\\fanuc\\fanuc_m900ia_support\\meshes\\m900ia260l\\visual\\link_6.stl"", ""D:\\CADtest\\papertest\\go_nogo1\\sources\\urdf_files_dataset\\urdf_files\\ros-industrial\\xacro_generated\\fanuc\\fanuc_m900ia_support\\meshes\\m900ia260l\\visual\\plink_1.stl"", ""D:\\CADtest\\papertest\\go_nogo1\\sources\\urdf_files_dataset\\urdf_files\\ros-industrial\\xacro_generated\\fanuc\\fanuc_m900ia_support\\meshes\\m900ia260l\\visual\\plink_2.stl""]",fanuc_m900ia260l,ros-industrial,https://github.com/ros-industrial/fanuc/tree/74d7d441311590d3950b03da9a1a86409332c2e8/fanuc_m900ia_support,robotic arm,D:\CADtest\papertest\go_nogo1\sources\urdf_files_dataset\urdf_files\ros-industrial\xacro_generated\fanuc\fanuc_m900ia_support\urdf\m900ia260l.urdf,original,1.0,True,2,1,0,arm-ee37d02375,1,"[""ros-industrial""]",True,,9.0,0.0,[],True,3479.0,1758.0,11.160794344125812,0.8888888888888888,9.0,0.7082768258506199,46.71360520982162,0.24626247490393366,0.16259731152904053,-0.20145236536424305,medium
209,True,"{""continuous"": 6, ""fixed"": 3, ""revolute"": 6}",Fanuc,8.0,True,12.0,13.0,1.0,15.0,16.0,13.0,13.0,0.0,13.0,13.0,M-900iB/700,1.0,,True,A,ros-industrial\xacro_generated\fanuc\fanuc_m900ib_support\urdf\m900ib700.urdf,"{""ancestor_suffix"": 13}","[""D:\\CADtest\\papertest\\go_nogo1\\sources\\urdf_files_dataset\\urdf_files\\ros-industrial\\xacro_generated\\fanuc\\fanuc_m900ib_support\\meshes\\m900ib700\\visual\\balancer.stl"", ""D:\\CADtest\\papertest\\go_nogo1\\sources\\urdf_files_dataset\\urdf_files\\ros-industrial\\xacro_generated\\fanuc\\fanuc_m900ib_support\\meshes\\m900ib700\\visual\\bar.stl"", ""D:\\CADtest\\papertest\\go_nogo1\\sources\\urdf_files_dataset\\urdf_files\\ros-industrial\\xacro_generated\\fanuc\\fanuc_m900ib_support\\meshes\\m900ib700\\visual\\base_link.stl"", ""D:\\CADtest\\papertest\\go_nogo1\\sources\\urdf_files_dataset\\urdf_files\\ros-industrial\\xacro_generated\\fanuc\\fanuc_m900ib_support\\meshes\\m900ib700\\visual\\counterweight.stl"", ""D:\\CADtest\\papertest\\go_nogo1\\sources\\urdf_files_dataset\\urdf_files\\ros-industrial\\xacro_generated\\fanuc\\fanuc_m900ib_support\\meshes\\m900ib700\\visual\\link_1.stl"", ""D:\\CADtest\\papertest\\go_nogo1\\sources\\urdf_files_dataset\\urdf_files\\ros-industrial\\xacro_generated\\fanuc\\fanuc_m900ib_support\\meshes\\m900ib700\\visual\\link_2.stl"", ""D:\\CADtest\\papertest\\go_nogo1\\sources\\urdf_files_dataset\\urdf_files\\ros-industrial\\xacro_generated\\fanuc\\fanuc_m900ib_support\\meshes\\m900ib700\\visual\\link_3.stl"", ""D:\\CADtest\\papertest\\go_nogo1\\sources\\urdf_files_dataset\\urdf_files\\ros-industrial\\xacro_generated\\fanuc\\fanuc_m900ib_support\\meshes\\m900ib700\\visual\\link_4.stl"", ""D:\\CADtest\\papertest\\go_nogo1\\sources\\urdf_files_dataset\\urdf_files\\ros-industrial\\xacro_generated\\fanuc\\fanuc_m900ib_support\\meshes\\m900ib700\\visual\\link_5.stl"", ""D:\\CADtest\\papertest\\go_nogo1\\sources\\urdf_files_dataset\\urdf_files\\ros-industrial\\xacro_generated\\fanuc\\fanuc_m900ib_support\\meshes\\m900ib700\\visual\\link_6.stl"", ""D:\\CADtest\\papertest\\go_nogo1\\sources\\urdf_files_dataset\\urdf_files\\ros-industrial\\xacro_generated\\fanuc\\fanuc_m900ib_support\\meshes\\m900ib700\\visual\\piston.stl""]",fanuc_m900ib700,ros-industrial,https://github.com/ros-industrial/fanuc/tree/74d7d441311590d3950b03da9a1a86409332c2e8/fanuc_m900ib_support,robotic arm,D:\CADtest\papertest\go_nogo1\sources\urdf_files_dataset\urdf_files\ros-industrial\xacro_generated\fanuc\fanuc_m900ib_support\urdf\m900ib700.urdf,original,1.0,True,2,1,0,arm-ad68760742,1,"[""ros-industrial""]",True,,11.0,0.0,[],True,3750.0,1897.0,15.543954205671344,1.0,11.0,0.7301912936551475,38.74653875784128,0.2065378638958566,0.12284455717685269,-0.24788683652824262,medium
210,True,"{""fixed"": 3, ""revolute"": 6}",Fanuc,8.0,True,6.0,7.0,1.0,9.0,10.0,7.0,7.0,0.0,7.0,7.0,R-1000iA/80F,1.0,,True,A,ros-industrial\xacro_generated\fanuc\fanuc_r1000ia_support\urdf\r1000ia80f.urdf,"{""ancestor_suffix"": 7}","[""D:\\CADtest\\papertest\\go_nogo1\\sources\\urdf_files_dataset\\urdf_files\\ros-industrial\\xacro_generated\\fanuc\\fanuc_r1000ia_support\\meshes\\r1000ia80f\\visual\\base_link.stl"", ""D:\\CADtest\\papertest\\go_nogo1\\sources\\urdf_files_dataset\\urdf_files\\ros-industrial\\xacro_generated\\fanuc\\fanuc_r1000ia_support\\meshes\\r1000ia80f\\visual\\link_1.stl"", ""D:\\CADtest\\papertest\\go_nogo1\\sources\\urdf_files_dataset\\urdf_files\\ros-industrial\\xacro_generated\\fanuc\\fanuc_r1000ia_support\\meshes\\r1000ia80f\\visual\\link_2.stl"", ""D:\\CADtest\\papertest\\go_nogo1\\sources\\urdf_files_dataset\\urdf_files\\ros-industrial\\xacro_generated\\fanuc\\fanuc_r1000ia_support\\meshes\\r1000ia80f\\visual\\link_3.stl"", ""D:\\CADtest\\papertest\\go_nogo1\\sources\\urdf_files_dataset\\urdf_files\\ros-industrial\\xacro_generated\\fanuc\\fanuc_r1000ia_support\\meshes\\r1000ia80f\\visual\\link_4.stl"", ""D:\\CADtest\\papertest\\go_nogo1\\sources\\urdf_files_dataset\\urdf_files\\ros-industrial\\xacro_generated\\fanuc\\fanuc_r1000ia_support\\meshes\\r1000ia80f\\visual\\link_5.stl"", ""D:\\CADtest\\papertest\\go_nogo1\\sources\\urdf_files_dataset\\urdf_files\\ros-industrial\\xacro_generated\\fanuc\\fanuc_r1000ia_support\\meshes\\r1000ia80f\\visual\\link_6.stl""]",fanuc_r1000ia80f,ros-industrial,https://github.com/ros-industrial/fanuc/tree/74d7d441311590d3950b03da9a1a86409332c2e8/fanuc_r1000ia_support,robotic arm,D:\CADtest\papertest\go_nogo1\sources\urdf_files_dataset\urdf_files\ros-industrial\xacro_generated\fanuc\fanuc_r1000ia_support\urdf\r1000ia80f.urdf,original,1.0,True,2,1,0,arm-1ec48d9c1f,1,"[""ros-industrial""]",True,,7.0,0.0,[],True,1953.0,991.0,4.580938487319611,0.7142857142857143,7.0,0.7643709053221139,45.893071902642006,0.30422861468734735,0.15808272564306233,0.13751900118931767,medium
211,True,"{""fixed"": 3, ""revolute"": 6}",Fanuc,8.0,True,6.0,7.0,1.0,9.0,10.0,7.0,7.0,0.0,7.0,7.0,R-2000iB/210F,1.0,,True,A,ros-industrial\xacro_generated\fanuc\fanuc_r2000ib_support\urdf\r2000ib210f.urdf,"{""ancestor_suffix"": 7}","[""D:\\CADtest\\papertest\\go_nogo1\\sources\\urdf_files_dataset\\urdf_files\\ros-industrial\\xacro_generated\\fanuc\\fanuc_r2000ib_support\\meshes\\r2000ib210f\\visual\\base_link.stl"", ""D:\\CADtest\\papertest\\go_nogo1\\sources\\urdf_files_dataset\\urdf_files\\ros-industrial\\xacro_generated\\fanuc\\fanuc_r2000ib_support\\meshes\\r2000ib210f\\visual\\link_1.stl"", ""D:\\CADtest\\papertest\\go_nogo1\\sources\\urdf_files_dataset\\urdf_files\\ros-industrial\\xacro_generated\\fanuc\\fanuc_r2000ib_support\\meshes\\r2000ib210f\\visual\\link_2.stl"", ""D:\\CADtest\\papertest\\go_nogo1\\sources\\urdf_files_dataset\\urdf_files\\ros-industrial\\xacro_generated\\fanuc\\fanuc_r2000ib_support\\meshes\\r2000ib210f\\visual\\link_3.stl"", ""D:\\CADtest\\papertest\\go_nogo1\\sources\\urdf_files_dataset\\urdf_files\\ros-industrial\\xacro_generated\\fanuc\\fanuc_r2000ib_support\\meshes\\r2000ib210f\\visual\\link_4.stl"", ""D:\\CADtest\\papertest\\go_nogo1\\sources\\urdf_files_dataset\\urdf_files\\ros-industrial\\xacro_generated\\fanuc\\fanuc_r2000ib_support\\meshes\\r2000ib210f\\visual\\link_5.stl"", ""D:\\CADtest\\papertest\\go_nogo1\\sources\\urdf_files_dataset\\urdf_files\\ros-industrial\\xacro_generated\\fanuc\\fanuc_r2000ib_support\\meshes\\r2000ib210f\\visual\\link_6.stl""]",fanuc_r2000ib210f,ros-industrial,https://github.com/ros-industrial/fanuc_experimental/tree/faf8a758f7b25ae7b31ee836933102bd066dc528/fanuc_r2000ib_support,robotic arm,D:\CADtest\papertest\go_nogo1\sources\urdf_files_dataset\urdf_files\ros-industrial\xacro_generated\fanuc\fanuc_r2000ib_support\urdf\r2000ib210f.urdf,original,1.0,True,2,1,0,arm-f999a17088,1,"[""ros-industrial""]",True,,7.0,0.0,[],True,2366.0,1197.0,7.517279898444299,1.0,7.0,0.7195386801804119,50.303311742374405,0.2794039695149766,0.18475863702947104,-0.06384876092448773,medium
212,True,"{""fixed"": 3, ""revolute"": 6}",Fanuc,7.0,True,6.0,7.0,1.0,9.0,10.0,7.0,7.0,0.0,7.0,7.0,R-2000iC/125L,1.0,,True,A,ros-industrial\xacro_generated\fanuc\fanuc_r2000ic_support\urdf\r2000ic125l.urdf,"{""ancestor_suffix"": 7}","[""D:\\CADtest\\papertest\\go_nogo1\\sources\\urdf_files_dataset\\urdf_files\\ros-industrial\\xacro_generated\\fanuc\\fanuc_r2000ic_support\\meshes\\r2000ic125l\\visual\\base_link.stl"", ""D:\\CADtest\\papertest\\go_nogo1\\sources\\urdf_files_dataset\\urdf_files\\ros-industrial\\xacro_generated\\fanuc\\fanuc_r2000ic_support\\meshes\\r2000ic125l\\visual\\link_1.stl"", ""D:\\CADtest\\papertest\\go_nogo1\\sources\\urdf_files_dataset\\urdf_files\\ros-industrial\\xacro_generated\\fanuc\\fanuc_r2000ic_support\\meshes\\r2000ic125l\\visual\\link_2.stl"", ""D:\\CADtest\\papertest\\go_nogo1\\sources\\urdf_files_dataset\\urdf_files\\ros-industrial\\xacro_generated\\fanuc\\fanuc_r2000ic_support\\meshes\\r2000ic125l\\visual\\link_3.stl"", ""D:\\CADtest\\papertest\\go_nogo1\\sources\\urdf_files_dataset\\urdf_files\\ros-industrial\\xacro_generated\\fanuc\\fanuc_r2000ic_support\\meshes\\r2000ic125l\\visual\\link_4.stl"", ""D:\\CADtest\\papertest\\go_nogo1\\sources\\urdf_files_dataset\\urdf_files\\ros-industrial\\xacro_generated\\fanuc\\fanuc_r2000ic_support\\meshes\\r2000ic125l\\visual\\link_5.stl"", ""D:\\CADtest\\papertest\\go_nogo1\\sources\\urdf_files_dataset\\urdf_files\\ros-industrial\\xacro_generated\\fanuc\\fanuc_r2000ic_support\\meshes\\r2000ic125l\\visual\\link_6.stl""]",fanuc_r2000ic125l,ros-industrial,https://github.com/ros-industrial/fanuc_experimental/tree/faf8a758f7b25ae7b31ee836933102bd066dc528/fanuc_r2000ic_support,robotic arm,D:\CADtest\papertest\go_nogo1\sources\urdf_files_dataset\urdf_files\ros-industrial\xacro_generated\fanuc\fanuc_r2000ic_support\urdf\r2000ic125l.urdf,original,1.0,True,2,1,0,arm-3179bae95f,1,"[""ros-industrial""]",True,,7.0,0.0,[],True,2788.0,1408.0,8.342724165880595,1.0,7.0,0.7359515163628744,33.74207655800002,0.23410311159798478,0.11422317800056121,-0.2044628514741369,medium
213,True,"{""fixed"": 3, ""revolute"": 6}",Fanuc,7.0,True,6.0,7.0,1.0,9.0,10.0,7.0,7.0,0.0,7.0,7.0,R-2000iC/165F,1.0,,True,A,ros-industrial\xacro_generated\fanuc\fanuc_r2000ic_support\urdf\r2000ic165f.urdf,"{""ancestor_suffix"": 7}","[""D:\\CADtest\\papertest\\go_nogo1\\sources\\urdf_files_dataset\\urdf_files\\ros-industrial\\xacro_generated\\fanuc\\fanuc_r2000ic_support\\meshes\\r2000ic165f\\visual\\base_link.stl"", ""D:\\CADtest\\papertest\\go_nogo1\\sources\\urdf_files_dataset\\urdf_files\\ros-industrial\\xacro_generated\\fanuc\\fanuc_r2000ic_support\\meshes\\r2000ic165f\\visual\\link_1.stl"", ""D:\\CADtest\\papertest\\go_nogo1\\sources\\urdf_files_dataset\\urdf_files\\ros-industrial\\xacro_generated\\fanuc\\fanuc_r2000ic_support\\meshes\\r2000ic165f\\visual\\link_2.stl"", ""D:\\CADtest\\papertest\\go_nogo1\\sources\\urdf_files_dataset\\urdf_files\\ros-industrial\\xacro_generated\\fanuc\\fanuc_r2000ic_support\\meshes\\r2000ic165f\\visual\\link_3.stl"", ""D:\\CADtest\\papertest\\go_nogo1\\sources\\urdf_files_dataset\\urdf_files\\ros-industrial\\xacro_generated\\fanuc\\fanuc_r2000ic_support\\meshes\\r2000ic165f\\visual\\link_4.stl"", ""D:\\CADtest\\papertest\\go_nogo1\\sources\\urdf_files_dataset\\urdf_files\\ros-industrial\\xacro_generated\\fanuc\\fanuc_r2000ic_support\\meshes\\r2000ic165f\\visual\\link_5.stl"", ""D:\\CADtest\\papertest\\go_nogo1\\sources\\urdf_files_dataset\\urdf_files\\ros-industrial\\xacro_generated\\fanuc\\fanuc_r2000ic_support\\meshes\\r2000ic165f\\visual\\link_6.stl""]",fanuc_r2000ic165f,ros-industrial,https://github.com/ros-industrial/fanuc_experimental/tree/faf8a758f7b25ae7b31ee836933102bd066dc528/fanuc_r2000ic_support,robotic arm,D:\CADtest\papertest\go_nogo1\sources\urdf_files_dataset\urdf_files\ros-industrial\xacro_generated\fanuc\fanuc_r2000ic_support\urdf\r2000ic165f.urdf,original,1.0,True,2,1,0,arm-41abb9dda3,1,"[""ros-industrial""]",True,,7.0,0.0,[],True,2834.0,1432.0,7.510770815488517,0.8571428571428571,7.0,0.7301273499112904,52.26260219816919,0.26559618680445,0.1818233987709424,-0.03454400797235806,medium
214,True,"{""fixed"": 3, ""revolute"": 6}",Fanuc,7.0,True,6.0,7.0,1.0,9.0,10.0,7.0,7.0,0.0,7.0,7.0,R-2000iC/210F,1.0,,True,A,ros-industrial\xacro_generated\fanuc\fanuc_r2000ic_support\urdf\r2000ic210f.urdf,"{""ancestor_suffix"": 7}","[""D:\\CADtest\\papertest\\go_nogo1\\sources\\urdf_files_dataset\\urdf_files\\ros-industrial\\xacro_generated\\fanuc\\fanuc_r2000ic_support\\meshes\\r2000ic165f\\visual\\base_link.stl"", ""D:\\CADtest\\papertest\\go_nogo1\\sources\\urdf_files_dataset\\urdf_files\\ros-industrial\\xacro_generated\\fanuc\\fanuc_r2000ic_support\\meshes\\r2000ic165f\\visual\\link_1.stl"", ""D:\\CADtest\\papertest\\go_nogo1\\sources\\urdf_files_dataset\\urdf_files\\ros-industrial\\xacro_generated\\fanuc\\fanuc_r2000ic_support\\meshes\\r2000ic165f\\visual\\link_2.stl"", ""D:\\CADtest\\papertest\\go_nogo1\\sources\\urdf_files_dataset\\urdf_files\\ros-industrial\\xacro_generated\\fanuc\\fanuc_r2000ic_support\\meshes\\r2000ic165f\\visual\\link_3.stl"", ""D:\\CADtest\\papertest\\go_nogo1\\sources\\urdf_files_dataset\\urdf_files\\ros-industrial\\xacro_generated\\fanuc\\fanuc_r2000ic_support\\meshes\\r2000ic165f\\visual\\link_4.stl"", ""D:\\CADtest\\papertest\\go_nogo1\\sources\\urdf_files_dataset\\urdf_files\\ros-industrial\\xacro_generated\\fanuc\\fanuc_r2000ic_support\\meshes\\r2000ic165f\\visual\\link_5.stl"", ""D:\\CADtest\\papertest\\go_nogo1\\sources\\urdf_files_dataset\\urdf_files\\ros-industrial\\xacro_generated\\fanuc\\fanuc_r2000ic_support\\meshes\\r2000ic165f\\visual\\link_6.stl""]",fanuc_r2000ic210f,ros-industrial,https://github.com/ros-industrial/fanuc_experimental/tree/faf8a758f7b25ae7b31ee836933102bd066dc528/fanuc_r2000ic_support,robotic arm,D:\CADtest\papertest\go_nogo1\sources\urdf_files_dataset\urdf_files\ros-industrial\xacro_generated\fanuc\fanuc_r2000ic_support\urdf\r2000ic210f.urdf,original,1.0,True,2,1,0,arm-594e86b100,1,"[""ros-industrial""]",True,,7.0,0.0,[],True,2834.0,1432.0,7.510770815488517,0.8571428571428571,7.0,0.7301273499112904,52.26260219816919,0.26559618680445,0.1818233987709424,-0.03454400797235806,medium
215,True,"{""fixed"": 3, ""revolute"": 6}",Fanuc,7.0,True,6.0,7.0,1.0,9.0,10.0,7.0,7.0,0.0,7.0,7.0,R-2000iC/210L,1.0,,True,A,ros-industrial\xacro_generated\fanuc\fanuc_r2000ic_support\urdf\r2000ic210l.urdf,"{""ancestor_suffix"": 7}","[""D:\\CADtest\\papertest\\go_nogo1\\sources\\urdf_files_dataset\\urdf_files\\ros-industrial\\xacro_generated\\fanuc\\fanuc_r2000ic_support\\meshes\\r2000ic210l\\visual\\base_link.stl"", ""D:\\CADtest\\papertest\\go_nogo1\\sources\\urdf_files_dataset\\urdf_files\\ros-industrial\\xacro_generated\\fanuc\\fanuc_r2000ic_support\\meshes\\r2000ic210l\\visual\\link_1.stl"", ""D:\\CADtest\\papertest\\go_nogo1\\sources\\urdf_files_dataset\\urdf_files\\ros-industrial\\xacro_generated\\fanuc\\fanuc_r2000ic_support\\meshes\\r2000ic210l\\visual\\link_2.stl"", ""D:\\CADtest\\papertest\\go_nogo1\\sources\\urdf_files_dataset\\urdf_files\\ros-industrial\\xacro_generated\\fanuc\\fanuc_r2000ic_support\\meshes\\r2000ic210l\\visual\\link_3.stl"", ""D:\\CADtest\\papertest\\go_nogo1\\sources\\urdf_files_dataset\\urdf_files\\ros-industrial\\xacro_generated\\fanuc\\fanuc_r2000ic_support\\meshes\\r2000ic210l\\visual\\link_4.stl"", ""D:\\CADtest\\papertest\\go_nogo1\\sources\\urdf_files_dataset\\urdf_files\\ros-industrial\\xacro_generated\\fanuc\\fanuc_r2000ic_support\\meshes\\r2000ic210l\\visual\\link_5.stl"", ""D:\\CADtest\\papertest\\go_nogo1\\sources\\urdf_files_dataset\\urdf_files\\ros-industrial\\xacro_generated\\fanuc\\fanuc_r2000ic_support\\meshes\\r2000ic210l\\visual\\link_6.stl""]",fanuc_r2000ic210l,ros-industrial,https://github.com/ros-industrial/fanuc_experimental/tree/faf8a758f7b25ae7b31ee836933102bd066dc528/fanuc_r2000ic_support,robotic arm,D:\CADtest\papertest\go_nogo1\sources\urdf_files_dataset\urdf_files\ros-industrial\xacro_generated\fanuc\fanuc_r2000ic_support\urdf\r2000ic210l.urdf,original,1.0,True,2,1,0,arm-6c6b40b711,1,"[""ros-industrial""]",True,,7.0,0.0,[],True,4437.0,2233.0,9.214018513500962,0.8571428571428571,7.0,0.7422115035150993,35.50869709941106,0.2048345830173718,0.12864048607604808,-0.22513386389488657,medium
216,True,"{""fixed"": 3, ""revolute"": 6}",Fanuc,7.0,True,6.0,7.0,1.0,9.0,10.0,7.0,7.0,0.0,7.0,7.0,R-2000iC/270F,1.0,,True,A,ros-industrial\xacro_generated\fanuc\fanuc_r2000ic_support\urdf\r2000ic270f.urdf,"{""ancestor_suffix"": 7}","[""D:\\CADtest\\papertest\\go_nogo1\\sources\\urdf_files_dataset\\urdf_files\\ros-industrial\\xacro_generated\\fanuc\\fanuc_r2000ic_support\\meshes\\r2000ic270f\\visual\\base_link.stl"", ""D:\\CADtest\\papertest\\go_nogo1\\sources\\urdf_files_dataset\\urdf_files\\ros-industrial\\xacro_generated\\fanuc\\fanuc_r2000ic_support\\meshes\\r2000ic270f\\visual\\link_1.stl"", ""D:\\CADtest\\papertest\\go_nogo1\\sources\\urdf_files_dataset\\urdf_files\\ros-industrial\\xacro_generated\\fanuc\\fanuc_r2000ic_support\\meshes\\r2000ic270f\\visual\\link_2.stl"", ""D:\\CADtest\\papertest\\go_nogo1\\sources\\urdf_files_dataset\\urdf_files\\ros-industrial\\xacro_generated\\fanuc\\fanuc_r2000ic_support\\meshes\\r2000ic270f\\visual\\link_3.stl"", ""D:\\CADtest\\papertest\\go_nogo1\\sources\\urdf_files_dataset\\urdf_files\\ros-industrial\\xacro_generated\\fanuc\\fanuc_r2000ic_support\\meshes\\r2000ic270f\\visual\\link_4.stl"", ""D:\\CADtest\\papertest\\go_nogo1\\sources\\urdf_files_dataset\\urdf_files\\ros-industrial\\xacro_generated\\fanuc\\fanuc_r2000ic_support\\meshes\\r2000ic270f\\visual\\link_5.stl"", ""D:\\CADtest\\papertest\\go_nogo1\\sources\\urdf_files_dataset\\urdf_files\\ros-industrial\\xacro_generated\\fanuc\\fanuc_r2000ic_support\\meshes\\r2000ic270f\\visual\\link_6.stl""]",fanuc_r2000ic270f,ros-industrial,https://github.com/ros-industrial/fanuc_experimental/tree/faf8a758f7b25ae7b31ee836933102bd066dc528/fanuc_r2000ic_support,robotic arm,D:\CADtest\papertest\go_nogo1\sources\urdf_files_dataset\urdf_files\ros-industrial\xacro_generated\fanuc\fanuc_r2000ic_support\urdf\r2000ic270f.urdf,original,1.0,True,2,1,0,arm-42320609fa,1,"[""ros-industrial""]",True,,7.0,0.0,[],True,1331.0,680.0,8.565411806721094,0.8571428571428571,7.0,0.7231712136374985,43.08414594977227,0.31989401909132265,0.15754664096347967,-0.01881473273708088,medium
64,True,"{""fixed"": 9, ""revolute"": 7}",Franka Emika,8.0,True,7.0,8.0,1.0,16.0,17.0,8.0,8.0,0.0,8.0,8.0,FR3,1.0,,True,A,oems\xacro_generated\franka_emika\franka_description\robots\fr3\fr3.urdf,"{""ancestor_suffix"": 8}","[""D:\\CADtest\\papertest\\go_nogo1\\sources\\urdf_files_dataset\\urdf_files\\oems\\xacro_generated\\franka_emika\\franka_description\\meshes\\visual\\link0.dae"", ""D:\\CADtest\\papertest\\go_nogo1\\sources\\urdf_files_dataset\\urdf_files\\oems\\xacro_generated\\franka_emika\\franka_description\\meshes\\visual\\link1.dae"", ""D:\\CADtest\\papertest\\go_nogo1\\sources\\urdf_files_dataset\\urdf_files\\oems\\xacro_generated\\franka_emika\\franka_description\\meshes\\visual\\link2.dae"", ""D:\\CADtest\\papertest\\go_nogo1\\sources\\urdf_files_dataset\\urdf_files\\oems\\xacro_generated\\franka_emika\\franka_description\\meshes\\visual\\link3.dae"", ""D:\\CADtest\\papertest\\go_nogo1\\sources\\urdf_files_dataset\\urdf_files\\oems\\xacro_generated\\franka_emika\\franka_description\\meshes\\visual\\link4.dae"", ""D:\\CADtest\\papertest\\go_nogo1\\sources\\urdf_files_dataset\\urdf_files\\oems\\xacro_generated\\franka_emika\\franka_description\\meshes\\visual\\link5.dae"", ""D:\\CADtest\\papertest\\go_nogo1\\sources\\urdf_files_dataset\\urdf_files\\oems\\xacro_generated\\franka_emika\\franka_description\\meshes\\visual\\link6.dae"", ""D:\\CADtest\\papertest\\go_nogo1\\sources\\urdf_files_dataset\\urdf_files\\oems\\xacro_generated\\franka_emika\\franka_description\\meshes\\visual\\link7.dae""]",fr3,oems,https://github.com/frankaemika/franka_ros/tree/a58d3052a241304392847df6464234c83d728a38/franka_description,robotic arm,D:\CADtest\papertest\go_nogo1\sources\urdf_files_dataset\urdf_files\oems\xacro_generated\franka_emika\franka_description\robots\fr3\fr3.urdf,original,1.0,True,2,1,0,arm-43fa322555,1,"[""oems""]",True,,8.0,0.0,[],True,126586.0,140188.0,0.8485758999601278,0.25,29434.0,0.8835853293468853,19.88297101353049,0.08100889124932881,0.05527979990259038,-0.007172558617220511,medium
14,True,"{""fixed"": 2, ""prismatic"": 2, ""revolute"": 7}",Franka Emika,10.0,True,9.0,11.0,1.0,11.0,12.0,11.0,11.0,0.0,11.0,11.0,Panda,1.0,,True,A,matlab\franka_description\robots\frankaEmikaPanda.urdf,"{""ancestor_suffix"": 11}","[""D:\\CADtest\\papertest\\go_nogo1\\sources\\urdf_files_dataset\\urdf_files\\matlab\\franka_description\\meshes\\visual\\finger.dae"", ""D:\\CADtest\\papertest\\go_nogo1\\sources\\urdf_files_dataset\\urdf_files\\matlab\\franka_description\\meshes\\visual\\hand.dae"", ""D:\\CADtest\\papertest\\go_nogo1\\sources\\urdf_files_dataset\\urdf_files\\matlab\\franka_description\\meshes\\visual\\link0.dae"", ""D:\\CADtest\\papertest\\go_nogo1\\sources\\urdf_files_dataset\\urdf_files\\matlab\\franka_description\\meshes\\visual\\link1.dae"", ""D:\\CADtest\\papertest\\go_nogo1\\sources\\urdf_files_dataset\\urdf_files\\matlab\\franka_description\\meshes\\visual\\link2.dae"", ""D:\\CADtest\\papertest\\go_nogo1\\sources\\urdf_files_dataset\\urdf_files\\matlab\\franka_description\\meshes\\visual\\link3.dae"", ""D:\\CADtest\\papertest\\go_nogo1\\sources\\urdf_files_dataset\\urdf_files\\matlab\\franka_description\\meshes\\visual\\link4.dae"", ""D:\\CADtest\\papertest\\go_nogo1\\sources\\urdf_files_dataset\\urdf_files\\matlab\\franka_description\\meshes\\visual\\link5.dae"", ""D:\\CADtest\\papertest\\go_nogo1\\sources\\urdf_files_dataset\\urdf_files\\matlab\\franka_description\\meshes\\visual\\link6.dae"", ""D:\\CADtest\\papertest\\go_nogo1\\sources\\urdf_files_dataset\\urdf_files\\matlab\\franka_description\\meshes\\visual\\link7.dae""]",panda,matlab,https://se.mathworks.com/matlabcentral/fileexchange/98714-robotics-system-toolbox-robot-library-data,robotic arm,D:\CADtest\papertest\go_nogo1\sources\urdf_files_dataset\urdf_files\matlab\franka_description\robots\frankaEmikaPanda.urdf,original,1.0,False,2,1,1,arm-07307859e2,5,"[""matlab"", ""oems"", ""random"", ""robotics-toolbox""]",True,,10.0,0.0,[],True,134288.0,161760.0,0.9154320475196026,0.2,36352.0,0.8796260613365283,18.448845087686262,0.0750926220935031,0.051242586578718094,-0.04527229989043924,medium
218,True,"{""fixed"": 3, ""revolute"": 6}",KUKA,8.0,True,6.0,7.0,1.0,9.0,10.0,7.0,7.0,0.0,7.0,7.0,KR 10 R1100 sixx,1.0,,True,A,ros-industrial\xacro_generated\kuka\kuka_kr10_support\urdf\kr10r1100sixx.urdf,"{""ancestor_suffix"": 7}","[""D:\\CADtest\\papertest\\go_nogo1\\sources\\urdf_files_dataset\\urdf_files\\ros-industrial\\xacro_generated\\kuka\\kuka_kr10_support\\meshes\\kr10r1100sixx\\visual\\base_link.stl"", ""D:\\CADtest\\papertest\\go_nogo1\\sources\\urdf_files_dataset\\urdf_files\\ros-industrial\\xacro_generated\\kuka\\kuka_kr10_support\\meshes\\kr10r1100sixx\\visual\\link_1.stl"", ""D:\\CADtest\\papertest\\go_nogo1\\sources\\urdf_files_dataset\\urdf_files\\ros-industrial\\xacro_generated\\kuka\\kuka_kr10_support\\meshes\\kr10r1100sixx\\visual\\link_2.stl"", ""D:\\CADtest\\papertest\\go_nogo1\\sources\\urdf_files_dataset\\urdf_files\\ros-industrial\\xacro_generated\\kuka\\kuka_kr10_support\\meshes\\kr10r1100sixx\\visual\\link_3.stl"", ""D:\\CADtest\\papertest\\go_nogo1\\sources\\urdf_files_dataset\\urdf_files\\ros-industrial\\xacro_generated\\kuka\\kuka_kr10_support\\meshes\\kr10r1100sixx\\visual\\link_4.stl"", ""D:\\CADtest\\papertest\\go_nogo1\\sources\\urdf_files_dataset\\urdf_files\\ros-industrial\\xacro_generated\\kuka\\kuka_kr10_support\\meshes\\kr10r1100sixx\\visual\\link_5.stl"", ""D:\\CADtest\\papertest\\go_nogo1\\sources\\urdf_files_dataset\\urdf_files\\ros-industrial\\xacro_generated\\kuka\\kuka_kr10_support\\meshes\\kr10r1100sixx\\visual\\link_6.stl""]",kuka_kr10r1100sixx,ros-industrial,https://github.com/ros-industrial/kuka_experimental/tree/e906e76700cec944c3f04728157f487b771cf399/kuka_kr10_support,robotic arm,D:\CADtest\papertest\go_nogo1\sources\urdf_files_dataset\urdf_files\ros-industrial\xacro_generated\kuka\kuka_kr10_support\urdf\kr10r1100sixx.urdf,original,1.0,True,2,1,0,arm-dcc2b0ce1e,1,"[""ros-industrial""]",True,,7.0,0.0,[],True,59781.0,29944.0,1.4834755318400987,0.2857142857142857,10.0,0.7978473057354062,89.37465007271174,0.2512092083995331,0.24533535416419425,0.4742602024063612,high
219,True,"{""fixed"": 3, ""revolute"": 6}",KUKA,8.0,True,6.0,7.0,1.0,9.0,10.0,7.0,7.0,0.0,7.0,7.0,KR 10 R1420,1.0,,True,A,ros-industrial\xacro_generated\kuka\kuka_kr10_support\urdf\kr10r1420.urdf,"{""ancestor_suffix"": 7}","[""D:\\CADtest\\papertest\\go_nogo1\\sources\\urdf_files_dataset\\urdf_files\\ros-industrial\\xacro_generated\\kuka\\kuka_kr10_support\\meshes\\kr10r1420\\visual\\base_link.stl"", ""D:\\CADtest\\papertest\\go_nogo1\\sources\\urdf_files_dataset\\urdf_files\\ros-industrial\\xacro_generated\\kuka\\kuka_kr10_support\\meshes\\kr10r1420\\visual\\link_1.stl"", ""D:\\CADtest\\papertest\\go_nogo1\\sources\\urdf_files_dataset\\urdf_files\\ros-industrial\\xacro_generated\\kuka\\kuka_kr10_support\\meshes\\kr10r1420\\visual\\link_2.stl"", ""D:\\CADtest\\papertest\\go_nogo1\\sources\\urdf_files_dataset\\urdf_files\\ros-industrial\\xacro_generated\\kuka\\kuka_kr10_support\\meshes\\kr10r1420\\visual\\link_3.stl"", ""D:\\CADtest\\papertest\\go_nogo1\\sources\\urdf_files_dataset\\urdf_files\\ros-industrial\\xacro_generated\\kuka\\kuka_kr10_support\\meshes\\kr10r1420\\visual\\link_4.stl"", ""D:\\CADtest\\papertest\\go_nogo1\\sources\\urdf_files_dataset\\urdf_files\\ros-industrial\\xacro_generated\\kuka\\kuka_kr10_support\\meshes\\kr10r1420\\visual\\link_5.stl"", ""D:\\CADtest\\papertest\\go_nogo1\\sources\\urdf_files_dataset\\urdf_files\\ros-industrial\\xacro_generated\\kuka\\kuka_kr10_support\\meshes\\kr10r1420\\visual\\link_6.stl""]",kuka_kr10r1420,ros-industrial,https://github.com/ros-industrial/kuka_experimental/tree/e906e76700cec944c3f04728157f487b771cf399/kuka_kr10_support,robotic arm,D:\CADtest\papertest\go_nogo1\sources\urdf_files_dataset\urdf_files\ros-industrial\xacro_generated\kuka\kuka_kr10_support\urdf\kr10r1420.urdf,original,1.0,True,2,1,0,arm-a751040684,1,"[""ros-industrial""]",True,,6.0,1.0,"[""link_1.stl: ModuleNotFoundError: No module named 'networkx'""]",True,102666.0,51357.0,1.604913736017816,0.6666666666666666,52.0,0.8047786942508441,86.92326667246562,0.3050782897962943,0.19235955231994822,0.5931544517355998,high
217,True,"{""fixed"": 3, ""revolute"": 6}",KUKA,8.0,True,6.0,7.0,1.0,9.0,10.0,7.0,7.0,0.0,7.0,7.0,KR 10 R900-2,1.0,,True,A,ros-industrial\xacro_generated\kuka\kuka_kr10_support\urdf\kr10r900_2.urdf,"{""ancestor_suffix"": 7}","[""D:\\CADtest\\papertest\\go_nogo1\\sources\\urdf_files_dataset\\urdf_files\\ros-industrial\\xacro_generated\\kuka\\kuka_kr10_support\\meshes\\kr10r900_2\\visual\\base_link.stl"", ""D:\\CADtest\\papertest\\go_nogo1\\sources\\urdf_files_dataset\\urdf_files\\ros-industrial\\xacro_generated\\kuka\\kuka_kr10_support\\meshes\\kr10r900_2\\visual\\link_1.stl"", ""D:\\CADtest\\papertest\\go_nogo1\\sources\\urdf_files_dataset\\urdf_files\\ros-industrial\\xacro_generated\\kuka\\kuka_kr10_support\\meshes\\kr10r900_2\\visual\\link_2.stl"", ""D:\\CADtest\\papertest\\go_nogo1\\sources\\urdf_files_dataset\\urdf_files\\ros-industrial\\xacro_generated\\kuka\\kuka_kr10_support\\meshes\\kr10r900_2\\visual\\link_3.stl"", ""D:\\CADtest\\papertest\\go_nogo1\\sources\\urdf_files_dataset\\urdf_files\\ros-industrial\\xacro_generated\\kuka\\kuka_kr10_support\\meshes\\kr10r900_2\\visual\\link_4.stl"", ""D:\\CADtest\\papertest\\go_nogo1\\sources\\urdf_files_dataset\\urdf_files\\ros-industrial\\xacro_generated\\kuka\\kuka_kr10_support\\meshes\\kr10r900_2\\visual\\link_5.stl"", ""D:\\CADtest\\papertest\\go_nogo1\\sources\\urdf_files_dataset\\urdf_files\\ros-industrial\\xacro_generated\\kuka\\kuka_kr10_support\\meshes\\kr10r900_2\\visual\\link_6.stl""]",kuka_kr10r900_2,ros-industrial,https://github.com/ros-industrial/kuka_experimental/tree/e906e76700cec944c3f04728157f487b771cf399/kuka_kr10_support,robotic arm,D:\CADtest\papertest\go_nogo1\sources\urdf_files_dataset\urdf_files\ros-industrial\xacro_generated\kuka\kuka_kr10_support\urdf\kr10r900_2.urdf,original,1.0,True,2,1,0,arm-3ce41d3c31,1,"[""ros-industrial""]",True,,7.0,0.0,[],True,20336.0,10176.0,1.4360203482858613,0.42857142857142855,9.0,0.8577420550430845,81.94654905037254,0.35241994699039925,0.25135561758246155,0.8687810039749388,high
144,True,"{""fixed"": 2, ""revolute"": 6}",KUKA,7.0,True,6.0,7.0,1.0,8.0,9.0,7.0,7.0,0.0,7.0,7.0,KR 120 R2500 pro,1.0,,True,A,ros-industrial\kuka\kuka_kr120_support\urdf\kr120r2500pro.urdf,"{""indexed_suffix"": 7}","[""D:\\CADtest\\papertest\\go_nogo1\\sources\\urdf_files_dataset\\urdf_files\\ros-industrial\\kuka\\kuka_kr210_support\\meshes\\visual\\base_link.dae"", ""D:\\CADtest\\papertest\\go_nogo1\\sources\\urdf_files_dataset\\urdf_files\\ros-industrial\\kuka\\kuka_kr210_support\\meshes\\visual\\link_1.dae"", ""D:\\CADtest\\papertest\\go_nogo1\\sources\\urdf_files_dataset\\urdf_files\\ros-industrial\\kuka\\kuka_kr210_support\\meshes\\visual\\link_2.dae"", ""D:\\CADtest\\papertest\\go_nogo1\\sources\\urdf_files_dataset\\urdf_files\\ros-industrial\\kuka\\kuka_kr210_support\\meshes\\visual\\link_3.dae"", ""D:\\CADtest\\papertest\\go_nogo1\\sources\\urdf_files_dataset\\urdf_files\\ros-industrial\\kuka\\kuka_kr210_support\\meshes\\visual\\link_4.dae"", ""D:\\CADtest\\papertest\\go_nogo1\\sources\\urdf_files_dataset\\urdf_files\\ros-industrial\\kuka\\kuka_kr210_support\\meshes\\visual\\link_5.dae"", ""D:\\CADtest\\papertest\\go_nogo1\\sources\\urdf_files_dataset\\urdf_files\\ros-industrial\\kuka\\kuka_kr210_support\\meshes\\visual\\link_6.dae""]",kuka_kr120r2500pro,ros-industrial,https://github.com/ros-industrial/kuka_experimental/tree/e906e76700cec944c3f04728157f487b771cf399/kuka_kr120_support,robotic arm,D:\CADtest\papertest\go_nogo1\sources\urdf_files_dataset\urdf_files\ros-industrial\kuka\kuka_kr120_support\urdf\kr120r2500pro.urdf,original,1.0,False,2,1,1,arm-a0fb4a920d,1,"[""ros-industrial""]",True,,5.0,2.0,"[""link_1.dae: ModuleNotFoundError: No module named 'networkx'"", ""link_3.dae: ModuleNotFoundError: No module named 'networkx'""]",True,65127.0,143374.0,14067.350824352248,0.0,39355.0,0.8020491537869069,27.136143294580382,0.14887890179209498,0.1106154384585196,-0.15238203064926378,medium
221,True,"{""fixed"": 3, ""revolute"": 6}",KUKA,8.0,True,6.0,7.0,1.0,9.0,10.0,7.0,7.0,0.0,7.0,7.0,KR 150 R3100-2,1.0,,True,A,ros-industrial\xacro_generated\kuka\kuka_kr150_support\urdf\kr150r3100_2.urdf,"{""ancestor_suffix"": 7}","[""D:\\CADtest\\papertest\\go_nogo1\\sources\\urdf_files_dataset\\urdf_files\\ros-industrial\\xacro_generated\\kuka\\kuka_kr150_support\\meshes\\kr150r3100_2\\visual\\base_link.stl"", ""D:\\CADtest\\papertest\\go_nogo1\\sources\\urdf_files_dataset\\urdf_files\\ros-industrial\\xacro_generated\\kuka\\kuka_kr150_support\\meshes\\kr150r3100_2\\visual\\link_1.stl"", ""D:\\CADtest\\papertest\\go_nogo1\\sources\\urdf_files_dataset\\urdf_files\\ros-industrial\\xacro_generated\\kuka\\kuka_kr150_support\\meshes\\kr150r3100_2\\visual\\link_2.stl"", ""D:\\CADtest\\papertest\\go_nogo1\\sources\\urdf_files_dataset\\urdf_files\\ros-industrial\\xacro_generated\\kuka\\kuka_kr150_support\\meshes\\kr150r3100_2\\visual\\link_3.stl"", ""D:\\CADtest\\papertest\\go_nogo1\\sources\\urdf_files_dataset\\urdf_files\\ros-industrial\\xacro_generated\\kuka\\kuka_kr150_support\\meshes\\kr150r3100_2\\visual\\link_4.stl"", ""D:\\CADtest\\papertest\\go_nogo1\\sources\\urdf_files_dataset\\urdf_files\\ros-industrial\\xacro_generated\\kuka\\kuka_kr150_support\\meshes\\kr150r3100_2\\visual\\link_5.stl"", ""D:\\CADtest\\papertest\\go_nogo1\\sources\\urdf_files_dataset\\urdf_files\\ros-industrial\\xacro_generated\\kuka\\kuka_kr150_support\\meshes\\kr150r3100_2\\visual\\link_6.stl""]",kuka_kr150r3100_2,ros-industrial,https://github.com/ros-industrial/kuka_experimental/tree/e906e76700cec944c3f04728157f487b771cf399/kuka_kr150_support,robotic arm,D:\CADtest\papertest\go_nogo1\sources\urdf_files_dataset\urdf_files\ros-industrial\xacro_generated\kuka\kuka_kr150_support\urdf\kr150r3100_2.urdf,original,1.0,True,2,1,0,arm-79c861f26a,1,"[""ros-industrial""]",True,,6.0,1.0,"[""link_1.stl: ModuleNotFoundError: No module named 'networkx'""]",True,38891.0,18540.0,6.896196866208607,0.3333333333333333,41.0,0.8761147769294584,89.28452891828455,0.45687821555254093,0.3224651990675348,1.2046709345482842,high
220,True,"{""fixed"": 3, ""revolute"": 6}",KUKA,8.0,True,6.0,7.0,1.0,9.0,10.0,7.0,7.0,0.0,7.0,7.0,KR 150-2,1.0,,True,A,ros-industrial\xacro_generated\kuka\kuka_kr150_support\urdf\kr150_2.urdf,"{""ancestor_suffix"": 7}","[""D:\\CADtest\\papertest\\go_nogo1\\sources\\urdf_files_dataset\\urdf_files\\ros-industrial\\xacro_generated\\kuka\\kuka_kr150_support\\meshes\\kr150_2\\visual\\base_link.dae"", ""D:\\CADtest\\papertest\\go_nogo1\\sources\\urdf_files_dataset\\urdf_files\\ros-industrial\\xacro_generated\\kuka\\kuka_kr150_support\\meshes\\kr150_2\\visual\\link_1.dae"", ""D:\\CADtest\\papertest\\go_nogo1\\sources\\urdf_files_dataset\\urdf_files\\ros-industrial\\xacro_generated\\kuka\\kuka_kr150_support\\meshes\\kr150_2\\visual\\link_2.dae"", ""D:\\CADtest\\papertest\\go_nogo1\\sources\\urdf_files_dataset\\urdf_files\\ros-industrial\\xacro_generated\\kuka\\kuka_kr150_support\\meshes\\kr150_2\\visual\\link_3.dae"", ""D:\\CADtest\\papertest\\go_nogo1\\sources\\urdf_files_dataset\\urdf_files\\ros-industrial\\xacro_generated\\kuka\\kuka_kr150_support\\meshes\\kr150_2\\visual\\link_4.dae"", ""D:\\CADtest\\papertest\\go_nogo1\\sources\\urdf_files_dataset\\urdf_files\\ros-industrial\\xacro_generated\\kuka\\kuka_kr150_support\\meshes\\kr150_2\\visual\\link_5.dae"", ""D:\\CADtest\\papertest\\go_nogo1\\sources\\urdf_files_dataset\\urdf_files\\ros-industrial\\xacro_generated\\kuka\\kuka_kr150_support\\meshes\\kr150_2\\visual\\link_6.dae""]",kuka_kr150_2,ros-industrial,https://github.com/ros-industrial/kuka_experimental/tree/e906e76700cec944c3f04728157f487b771cf399/kuka_kr150_support,robotic arm,D:\CADtest\papertest\go_nogo1\sources\urdf_files_dataset\urdf_files\ros-industrial\xacro_generated\kuka\kuka_kr150_support\urdf\kr150_2.urdf,original,1.0,True,2,1,0,arm-a72160b62d,1,"[""ros-industrial""]",True,,7.0,0.0,[],True,51117.0,77030.0,13.23152195137322,0.42857142857142855,18455.0,0.7312354225003624,34.17650188725386,0.11112411094167883,0.10584897837467361,-0.4670065288426164,low
145,True,"{""fixed"": 2, ""revolute"": 6}",KUKA,7.0,True,6.0,7.0,1.0,8.0,9.0,7.0,7.0,0.0,7.0,7.0,KR 16-2,1.0,,True,A,ros-industrial\kuka\kuka_kr16_support\urdf\kr16_2.urdf,"{""indexed_suffix"": 7}","[""D:\\CADtest\\papertest\\go_nogo1\\sources\\urdf_files_dataset\\urdf_files\\ros-industrial\\kuka\\kuka_kr210_support\\meshes\\visual\\base_link.dae"", ""D:\\CADtest\\papertest\\go_nogo1\\sources\\urdf_files_dataset\\urdf_files\\ros-industrial\\kuka\\kuka_kr210_support\\meshes\\visual\\link_1.dae"", ""D:\\CADtest\\papertest\\go_nogo1\\sources\\urdf_files_dataset\\urdf_files\\ros-industrial\\kuka\\kuka_kr210_support\\meshes\\visual\\link_2.dae"", ""D:\\CADtest\\papertest\\go_nogo1\\sources\\urdf_files_dataset\\urdf_files\\ros-industrial\\kuka\\kuka_kr210_support\\meshes\\visual\\link_3.dae"", ""D:\\CADtest\\papertest\\go_nogo1\\sources\\urdf_files_dataset\\urdf_files\\ros-industrial\\kuka\\kuka_kr210_support\\meshes\\visual\\link_4.dae"", ""D:\\CADtest\\papertest\\go_nogo1\\sources\\urdf_files_dataset\\urdf_files\\ros-industrial\\kuka\\kuka_kr210_support\\meshes\\visual\\link_5.dae"", ""D:\\CADtest\\papertest\\go_nogo1\\sources\\urdf_files_dataset\\urdf_files\\ros-industrial\\kuka\\kuka_kr210_support\\meshes\\visual\\link_6.dae""]",kuka_kr16_2,ros-industrial,https://github.com/ros-industrial/kuka_experimental/tree/e906e76700cec944c3f04728157f487b771cf399/kuka_kr16_support,robotic arm,D:\CADtest\papertest\go_nogo1\sources\urdf_files_dataset\urdf_files\ros-industrial\kuka\kuka_kr16_support\urdf\kr16_2.urdf,original,1.0,False,2,1,1,arm-a49344adee,1,"[""ros-industrial""]",True,,5.0,2.0,"[""link_1.dae: ModuleNotFoundError: No module named 'networkx'"", ""link_3.dae: ModuleNotFoundError: No module named 'networkx'""]",True,65127.0,143374.0,14067.350824352248,0.0,39355.0,0.8020491537869069,27.136143294580382,0.14887890179209498,0.1106154384585196,-0.15238203064926378,medium
146,True,"{""fixed"": 2, ""revolute"": 6}",KUKA,7.0,True,6.0,7.0,1.0,8.0,9.0,7.0,7.0,0.0,7.0,7.0,KR 210 L150,1.0,,True,A,ros-industrial\kuka\kuka_kr210_support\urdf\kr210l150.urdf,"{""indexed_suffix"": 7}","[""D:\\CADtest\\papertest\\go_nogo1\\sources\\urdf_files_dataset\\urdf_files\\ros-industrial\\kuka\\kuka_kr210_support\\meshes\\visual\\base_link.dae"", ""D:\\CADtest\\papertest\\go_nogo1\\sources\\urdf_files_dataset\\urdf_files\\ros-industrial\\kuka\\kuka_kr210_support\\meshes\\visual\\link_1.dae"", ""D:\\CADtest\\papertest\\go_nogo1\\sources\\urdf_files_dataset\\urdf_files\\ros-industrial\\kuka\\kuka_kr210_support\\meshes\\visual\\link_2.dae"", ""D:\\CADtest\\papertest\\go_nogo1\\sources\\urdf_files_dataset\\urdf_files\\ros-industrial\\kuka\\kuka_kr210_support\\meshes\\visual\\link_3.dae"", ""D:\\CADtest\\papertest\\go_nogo1\\sources\\urdf_files_dataset\\urdf_files\\ros-industrial\\kuka\\kuka_kr210_support\\meshes\\visual\\link_4.dae"", ""D:\\CADtest\\papertest\\go_nogo1\\sources\\urdf_files_dataset\\urdf_files\\ros-industrial\\kuka\\kuka_kr210_support\\meshes\\visual\\link_5.dae"", ""D:\\CADtest\\papertest\\go_nogo1\\sources\\urdf_files_dataset\\urdf_files\\ros-industrial\\kuka\\kuka_kr210_support\\meshes\\visual\\link_6.dae""]",kuka_kr210,ros-industrial,https://github.com/ros-industrial/kuka_experimental/tree/e906e76700cec944c3f04728157f487b771cf399/kuka_kr210_support,robotic arm,D:\CADtest\papertest\go_nogo1\sources\urdf_files_dataset\urdf_files\ros-industrial\kuka\kuka_kr210_support\urdf\kr210l150.urdf,original,1.0,False,2,1,1,arm-eb642d29c4,1,"[""ros-industrial""]",True,,5.0,2.0,"[""link_1.dae: ModuleNotFoundError: No module named 'networkx'"", ""link_3.dae: ModuleNotFoundError: No module named 'networkx'""]",True,65127.0,143374.0,14067.350824352248,0.0,39355.0,0.8020491537869069,27.136143294580382,0.14887890179209498,0.1106154384585196,-0.15238203064926378,medium
222,True,"{""fixed"": 3, ""revolute"": 6}",KUKA,8.0,True,6.0,7.0,1.0,9.0,10.0,7.0,7.0,0.0,7.0,7.0,KR 3 R540,1.0,,True,A,ros-industrial\xacro_generated\kuka\kuka_kr3_support\urdf\kr3r540.urdf,"{""ancestor_suffix"": 7}","[""D:\\CADtest\\papertest\\go_nogo1\\sources\\urdf_files_dataset\\urdf_files\\ros-industrial\\xacro_generated\\kuka\\kuka_kr3_support\\meshes\\kr3r540\\visual\\base_link.stl"", ""D:\\CADtest\\papertest\\go_nogo1\\sources\\urdf_files_dataset\\urdf_files\\ros-industrial\\xacro_generated\\kuka\\kuka_kr3_support\\meshes\\kr3r540\\visual\\link_1.stl"", ""D:\\CADtest\\papertest\\go_nogo1\\sources\\urdf_files_dataset\\urdf_files\\ros-industrial\\xacro_generated\\kuka\\kuka_kr3_support\\meshes\\kr3r540\\visual\\link_2.stl"", ""D:\\CADtest\\papertest\\go_nogo1\\sources\\urdf_files_dataset\\urdf_files\\ros-industrial\\xacro_generated\\kuka\\kuka_kr3_support\\meshes\\kr3r540\\visual\\link_3.stl"", ""D:\\CADtest\\papertest\\go_nogo1\\sources\\urdf_files_dataset\\urdf_files\\ros-industrial\\xacro_generated\\kuka\\kuka_kr3_support\\meshes\\kr3r540\\visual\\link_4.stl"", ""D:\\CADtest\\papertest\\go_nogo1\\sources\\urdf_files_dataset\\urdf_files\\ros-industrial\\xacro_generated\\kuka\\kuka_kr3_support\\meshes\\kr3r540\\visual\\link_5.stl"", ""D:\\CADtest\\papertest\\go_nogo1\\sources\\urdf_files_dataset\\urdf_files\\ros-industrial\\xacro_generated\\kuka\\kuka_kr3_support\\meshes\\kr3r540\\visual\\link_6.stl""]",kuka_kr3r540,ros-industrial,https://github.com/ros-industrial/kuka_experimental/tree/e906e76700cec944c3f04728157f487b771cf399/kuka_kr3_support,robotic arm,D:\CADtest\papertest\go_nogo1\sources\urdf_files_dataset\urdf_files\ros-industrial\xacro_generated\kuka\kuka_kr3_support\urdf\kr3r540.urdf,original,1.0,True,2,1,0,arm-1d928e951e,1,"[""ros-industrial""]",True,,7.0,0.0,[],True,74572.0,37405.0,0.8892852864856228,0.42857142857142855,32.0,0.8427332398197629,47.14141836502602,0.22130845927830806,0.11220618838703263,0.29957201593641586,high
223,True,"{""fixed"": 3, ""revolute"": 6}",KUKA,8.0,True,6.0,7.0,1.0,9.0,10.0,7.0,7.0,0.0,7.0,7.0,KR 5 ARC,1.0,,True,A,ros-industrial\xacro_generated\kuka\kuka_kr5_support\urdf\kr5_arc.urdf,"{""ancestor_suffix"": 7}","[""D:\\CADtest\\papertest\\go_nogo1\\sources\\urdf_files_dataset\\urdf_files\\ros-industrial\\xacro_generated\\kuka\\kuka_kr5_support\\meshes\\kr5_arc\\visual\\base_link.dae"", ""D:\\CADtest\\papertest\\go_nogo1\\sources\\urdf_files_dataset\\urdf_files\\ros-industrial\\xacro_generated\\kuka\\kuka_kr5_support\\meshes\\kr5_arc\\visual\\link_1.dae"", ""D:\\CADtest\\papertest\\go_nogo1\\sources\\urdf_files_dataset\\urdf_files\\ros-industrial\\xacro_generated\\kuka\\kuka_kr5_support\\meshes\\kr5_arc\\visual\\link_2.dae"", ""D:\\CADtest\\papertest\\go_nogo1\\sources\\urdf_files_dataset\\urdf_files\\ros-industrial\\xacro_generated\\kuka\\kuka_kr5_support\\meshes\\kr5_arc\\visual\\link_3.dae"", ""D:\\CADtest\\papertest\\go_nogo1\\sources\\urdf_files_dataset\\urdf_files\\ros-industrial\\xacro_generated\\kuka\\kuka_kr5_support\\meshes\\kr5_arc\\visual\\link_4.dae"", ""D:\\CADtest\\papertest\\go_nogo1\\sources\\urdf_files_dataset\\urdf_files\\ros-industrial\\xacro_generated\\kuka\\kuka_kr5_support\\meshes\\kr5_arc\\visual\\link_5.dae"", ""D:\\CADtest\\papertest\\go_nogo1\\sources\\urdf_files_dataset\\urdf_files\\ros-industrial\\xacro_generated\\kuka\\kuka_kr5_support\\meshes\\kr5_arc\\visual\\link_6.dae""]",kuka_kr5_arc,ros-industrial,https://github.com/ros-industrial/kuka_experimental/tree/e906e76700cec944c3f04728157f487b771cf399/kuka_kr5_support,robotic arm,D:\CADtest\papertest\go_nogo1\sources\urdf_files_dataset\urdf_files\ros-industrial\xacro_generated\kuka\kuka_kr5_support\urdf\kr5_arc.urdf,original,1.0,True,2,1,0,arm-b746f2cfd4,1,"[""ros-industrial""]",True,,7.0,0.0,[],True,29074.0,58153.0,3.2957941369218258,0.2857142857142857,15170.0,0.8006387258590795,1.8166707679082288,0.006621144043384798,0.0062479579540795135,-0.6216299989729507,low
224,True,"{""fixed"": 3, ""revolute"": 6}",KUKA,8.0,True,6.0,7.0,1.0,9.0,10.0,7.0,7.0,0.0,7.0,7.0,KR 6 R700 sixx,1.0,,True,A,ros-industrial\xacro_generated\kuka\kuka_kr6_support\urdf\kr6r700sixx.urdf,"{""ancestor_suffix"": 7}","[""D:\\CADtest\\papertest\\go_nogo1\\sources\\urdf_files_dataset\\urdf_files\\ros-industrial\\xacro_generated\\kuka\\kuka_kr6_support\\meshes\\kr6_agilus\\visual\\base_link.dae"", ""D:\\CADtest\\papertest\\go_nogo1\\sources\\urdf_files_dataset\\urdf_files\\ros-industrial\\xacro_generated\\kuka\\kuka_kr6_support\\meshes\\kr6_agilus\\visual\\link_1.dae"", ""D:\\CADtest\\papertest\\go_nogo1\\sources\\urdf_files_dataset\\urdf_files\\ros-industrial\\xacro_generated\\kuka\\kuka_kr6_support\\meshes\\kr6_agilus\\visual\\link_3.dae"", ""D:\\CADtest\\papertest\\go_nogo1\\sources\\urdf_files_dataset\\urdf_files\\ros-industrial\\xacro_generated\\kuka\\kuka_kr6_support\\meshes\\kr6_agilus\\visual\\link_5.dae"", ""D:\\CADtest\\papertest\\go_nogo1\\sources\\urdf_files_dataset\\urdf_files\\ros-industrial\\xacro_generated\\kuka\\kuka_kr6_support\\meshes\\kr6_agilus\\visual\\link_6.dae"", ""D:\\CADtest\\papertest\\go_nogo1\\sources\\urdf_files_dataset\\urdf_files\\ros-industrial\\xacro_generated\\kuka\\kuka_kr6_support\\meshes\\kr6r700sixx\\visual\\link_2.dae"", ""D:\\CADtest\\papertest\\go_nogo1\\sources\\urdf_files_dataset\\urdf_files\\ros-industrial\\xacro_generated\\kuka\\kuka_kr6_support\\meshes\\kr6r700sixx\\visual\\link_4.dae""]",kuka_kr6r700sixx,ros-industrial,https://github.com/ros-industrial/kuka_experimental/tree/e906e76700cec944c3f04728157f487b771cf399/kuka_kr6_support,robotic arm,D:\CADtest\papertest\go_nogo1\sources\urdf_files_dataset\urdf_files\ros-industrial\xacro_generated\kuka\kuka_kr6_support\urdf\kr6r700sixx.urdf,original,1.0,True,2,1,0,arm-e07d114785,1,"[""ros-industrial""]",True,,7.0,0.0,[],True,44700.0,22380.0,781201.0073625875,0.5714285714285714,8.0,0.838453253184447,89.26320906205272,0.21071436831281065,0.19575391820615826,0.5578417714331287,high
226,True,"{""fixed"": 3, ""revolute"": 6}",KUKA,8.0,True,6.0,7.0,1.0,9.0,10.0,7.0,7.0,0.0,7.0,7.0,KR 6 R900 sixx,1.0,,True,A,ros-industrial\xacro_generated\kuka\kuka_kr6_support\urdf\kr6r900sixx.urdf,"{""ancestor_suffix"": 7}","[""D:\\CADtest\\papertest\\go_nogo1\\sources\\urdf_files_dataset\\urdf_files\\ros-industrial\\xacro_generated\\kuka\\kuka_kr6_support\\meshes\\kr6_agilus\\visual\\base_link.dae"", ""D:\\CADtest\\papertest\\go_nogo1\\sources\\urdf_files_dataset\\urdf_files\\ros-industrial\\xacro_generated\\kuka\\kuka_kr6_support\\meshes\\kr6_agilus\\visual\\link_1.dae"", ""D:\\CADtest\\papertest\\go_nogo1\\sources\\urdf_files_dataset\\urdf_files\\ros-industrial\\xacro_generated\\kuka\\kuka_kr6_support\\meshes\\kr6_agilus\\visual\\link_3.dae"", ""D:\\CADtest\\papertest\\go_nogo1\\sources\\urdf_files_dataset\\urdf_files\\ros-industrial\\xacro_generated\\kuka\\kuka_kr6_support\\meshes\\kr6_agilus\\visual\\link_5.dae"", ""D:\\CADtest\\papertest\\go_nogo1\\sources\\urdf_files_dataset\\urdf_files\\ros-industrial\\xacro_generated\\kuka\\kuka_kr6_support\\meshes\\kr6_agilus\\visual\\link_6.dae"", ""D:\\CADtest\\papertest\\go_nogo1\\sources\\urdf_files_dataset\\urdf_files\\ros-industrial\\xacro_generated\\kuka\\kuka_kr6_support\\meshes\\kr6r900sixx\\visual\\link_2.dae"", ""D:\\CADtest\\papertest\\go_nogo1\\sources\\urdf_files_dataset\\urdf_files\\ros-industrial\\xacro_generated\\kuka\\kuka_kr6_support\\meshes\\kr6r900sixx\\visual\\link_4.dae""]",kuka_kr6r900sixx,ros-industrial,https://github.com/ros-industrial/kuka_experimental/tree/e906e76700cec944c3f04728157f487b771cf399/kuka_kr6_support,robotic arm,D:\CADtest\papertest\go_nogo1\sources\urdf_files_dataset\urdf_files\ros-industrial\xacro_generated\kuka\kuka_kr6_support\urdf\kr6r900sixx.urdf,original,1.0,True,2,1,0,arm-c8e061a405,1,"[""ros-industrial""]",True,,7.0,0.0,[],True,36758.0,18417.0,1348125.6935011775,0.42857142857142855,15.0,0.8311993903618576,88.54495177039117,0.2165583802634148,0.19871047114840587,0.5349221830484673,high
225,True,"{""fixed"": 3, ""revolute"": 6}",KUKA,8.0,True,6.0,7.0,1.0,9.0,10.0,7.0,7.0,0.0,7.0,7.0,KR 6 R900-2,1.0,,True,A,ros-industrial\xacro_generated\kuka\kuka_kr6_support\urdf\kr6r900_2.urdf,"{""ancestor_suffix"": 7}","[""D:\\CADtest\\papertest\\go_nogo1\\sources\\urdf_files_dataset\\urdf_files\\ros-industrial\\xacro_generated\\kuka\\kuka_kr10_support\\meshes\\kr10r900_2\\visual\\base_link.stl"", ""D:\\CADtest\\papertest\\go_nogo1\\sources\\urdf_files_dataset\\urdf_files\\ros-industrial\\xacro_generated\\kuka\\kuka_kr10_support\\meshes\\kr10r900_2\\visual\\link_1.stl"", ""D:\\CADtest\\papertest\\go_nogo1\\sources\\urdf_files_dataset\\urdf_files\\ros-industrial\\xacro_generated\\kuka\\kuka_kr10_support\\meshes\\kr10r900_2\\visual\\link_2.stl"", ""D:\\CADtest\\papertest\\go_nogo1\\sources\\urdf_files_dataset\\urdf_files\\ros-industrial\\xacro_generated\\kuka\\kuka_kr10_support\\meshes\\kr10r900_2\\visual\\link_3.stl"", ""D:\\CADtest\\papertest\\go_nogo1\\sources\\urdf_files_dataset\\urdf_files\\ros-industrial\\xacro_generated\\kuka\\kuka_kr10_support\\meshes\\kr10r900_2\\visual\\link_4.stl"", ""D:\\CADtest\\papertest\\go_nogo1\\sources\\urdf_files_dataset\\urdf_files\\ros-industrial\\xacro_generated\\kuka\\kuka_kr10_support\\meshes\\kr10r900_2\\visual\\link_5.stl"", ""D:\\CADtest\\papertest\\go_nogo1\\sources\\urdf_files_dataset\\urdf_files\\ros-industrial\\xacro_generated\\kuka\\kuka_kr10_support\\meshes\\kr10r900_2\\visual\\link_6.stl""]",kuka_kr6r900_2,ros-industrial,https://github.com/ros-industrial/kuka_experimental/tree/e906e76700cec944c3f04728157f487b771cf399/kuka_kr6_support,robotic arm,D:\CADtest\papertest\go_nogo1\sources\urdf_files_dataset\urdf_files\ros-industrial\xacro_generated\kuka\kuka_kr6_support\urdf\kr6r900_2.urdf,original,1.0,True,2,1,0,arm-aa1b44f60a,1,"[""ros-industrial""]",True,,7.0,0.0,[],True,20336.0,10176.0,1.4360203482858613,0.42857142857142855,9.0,0.8577420550430845,81.94654905037254,0.35241994699039925,0.25135561758246155,0.8687810039749388,high
17,True,"{""fixed"": 3, ""revolute"": 7}",KUKA,9.0,True,7.0,8.0,1.0,10.0,11.0,8.0,8.0,0.0,8.0,8.0,LBR iiwa 14,1.0,,True,A,matlab\iiwa_description\urdf\kukaIiwa14.urdf,"{""ancestor_suffix"": 8}","[""D:\\CADtest\\papertest\\go_nogo1\\sources\\urdf_files_dataset\\urdf_files\\matlab\\iiwa_description\\meshes\\iiwa14\\visual\\link_0.stl"", ""D:\\CADtest\\papertest\\go_nogo1\\sources\\urdf_files_dataset\\urdf_files\\matlab\\iiwa_description\\meshes\\iiwa14\\visual\\link_1.stl"", ""D:\\CADtest\\papertest\\go_nogo1\\sources\\urdf_files_dataset\\urdf_files\\matlab\\iiwa_description\\meshes\\iiwa14\\visual\\link_2.stl"", ""D:\\CADtest\\papertest\\go_nogo1\\sources\\urdf_files_dataset\\urdf_files\\matlab\\iiwa_description\\meshes\\iiwa14\\visual\\link_3.stl"", ""D:\\CADtest\\papertest\\go_nogo1\\sources\\urdf_files_dataset\\urdf_files\\matlab\\iiwa_description\\meshes\\iiwa14\\visual\\link_4.stl"", ""D:\\CADtest\\papertest\\go_nogo1\\sources\\urdf_files_dataset\\urdf_files\\matlab\\iiwa_description\\meshes\\iiwa14\\visual\\link_5.stl"", ""D:\\CADtest\\papertest\\go_nogo1\\sources\\urdf_files_dataset\\urdf_files\\matlab\\iiwa_description\\meshes\\iiwa14\\visual\\link_6.stl"", ""D:\\CADtest\\papertest\\go_nogo1\\sources\\urdf_files_dataset\\urdf_files\\matlab\\iiwa_description\\meshes\\iiwa14\\visual\\link_7.stl""]",iiwa14,matlab,https://se.mathworks.com/matlabcentral/fileexchange/98714-robotics-system-toolbox-robot-library-data,robotic arm,D:\CADtest\papertest\go_nogo1\sources\urdf_files_dataset\urdf_files\matlab\iiwa_description\urdf\kukaIiwa14.urdf,original,1.0,False,2,1,1,arm-f1f8f0dd95,8,"[""drake"", ""matlab""]",True,,8.0,0.0,[],True,109951.0,55020.0,1.0248228973625158,0.125,9.0,0.8228704730409296,20.594970072041388,0.1028987737979862,0.0649655798628435,-0.20575271481584634,medium
117,True,"{""fixed"": 2, ""revolute"": 7}",KUKA,8.0,True,7.0,8.0,1.0,9.0,10.0,8.0,8.0,0.0,8.0,8.0,LBR iiwa 14 R820,1.0,,True,A,robotics-toolbox\kuka_description\kuka_lbr_iiwa\urdf\lbr_iiwa_14_r820.urdf,"{""ancestor_suffix"": 8}","[""D:\\CADtest\\papertest\\go_nogo1\\sources\\urdf_files_dataset\\urdf_files\\robotics-toolbox\\kuka_description\\kuka_lbr_iiwa\\meshes\\lbr_iiwa_14_r820\\visual\\base_link.dae"", ""D:\\CADtest\\papertest\\go_nogo1\\sources\\urdf_files_dataset\\urdf_files\\robotics-toolbox\\kuka_description\\kuka_lbr_iiwa\\meshes\\lbr_iiwa_14_r820\\visual\\link_1.dae"", ""D:\\CADtest\\papertest\\go_nogo1\\sources\\urdf_files_dataset\\urdf_files\\robotics-toolbox\\kuka_description\\kuka_lbr_iiwa\\meshes\\lbr_iiwa_14_r820\\visual\\link_2.dae"", ""D:\\CADtest\\papertest\\go_nogo1\\sources\\urdf_files_dataset\\urdf_files\\robotics-toolbox\\kuka_description\\kuka_lbr_iiwa\\meshes\\lbr_iiwa_14_r820\\visual\\link_3.dae"", ""D:\\CADtest\\papertest\\go_nogo1\\sources\\urdf_files_dataset\\urdf_files\\robotics-toolbox\\kuka_description\\kuka_lbr_iiwa\\meshes\\lbr_iiwa_14_r820\\visual\\link_4.dae"", ""D:\\CADtest\\papertest\\go_nogo1\\sources\\urdf_files_dataset\\urdf_files\\robotics-toolbox\\kuka_description\\kuka_lbr_iiwa\\meshes\\lbr_iiwa_14_r820\\visual\\link_5.dae"", ""D:\\CADtest\\papertest\\go_nogo1\\sources\\urdf_files_dataset\\urdf_files\\robotics-toolbox\\kuka_description\\kuka_lbr_iiwa\\meshes\\lbr_iiwa_14_r820\\visual\\link_6.dae"", ""D:\\CADtest\\papertest\\go_nogo1\\sources\\urdf_files_dataset\\urdf_files\\robotics-toolbox\\kuka_description\\kuka_lbr_iiwa\\meshes\\lbr_iiwa_14_r820\\visual\\link_7.dae""]",kuka_lbr_iiwa_14_r820,robotics-toolbox,https://github.com/petercorke/robotics-toolbox-python/tree/07ad1259338d6dfd41af6e5e50973e315284a912/rtb-data/rtbdata/xacro/kuka_description/kuka_lbr_iiwa,robotic arm,D:\CADtest\papertest\go_nogo1\sources\urdf_files_dataset\urdf_files\robotics-toolbox\kuka_description\kuka_lbr_iiwa\urdf\lbr_iiwa_14_r820.urdf,original,1.0,False,2,1,1,arm-6e913f41ef,2,"[""robotics-toolbox"", ""ros-industrial""]",True,,8.0,0.0,[],True,73108.0,38928.0,1.014538539271401,0.25,164.0,0.7987774876438624,23.725358619385066,0.0901509255783789,0.06403637739230564,-0.3074205270016573,medium
16,True,"{""fixed"": 3, ""revolute"": 7}",KUKA,9.0,True,7.0,8.0,1.0,10.0,11.0,8.0,8.0,0.0,8.0,8.0,LBR iiwa 7,1.0,,True,A,matlab\iiwa_description\urdf\kukaIiwa7.urdf,"{""ancestor_suffix"": 8}","[""D:\\CADtest\\papertest\\go_nogo1\\sources\\urdf_files_dataset\\urdf_files\\matlab\\iiwa_description\\meshes\\iiwa7\\visual\\link_0.stl"", ""D:\\CADtest\\papertest\\go_nogo1\\sources\\urdf_files_dataset\\urdf_files\\matlab\\iiwa_description\\meshes\\iiwa7\\visual\\link_1.stl"", ""D:\\CADtest\\papertest\\go_nogo1\\sources\\urdf_files_dataset\\urdf_files\\matlab\\iiwa_description\\meshes\\iiwa7\\visual\\link_2.stl"", ""D:\\CADtest\\papertest\\go_nogo1\\sources\\urdf_files_dataset\\urdf_files\\matlab\\iiwa_description\\meshes\\iiwa7\\visual\\link_3.stl"", ""D:\\CADtest\\papertest\\go_nogo1\\sources\\urdf_files_dataset\\urdf_files\\matlab\\iiwa_description\\meshes\\iiwa7\\visual\\link_4.stl"", ""D:\\CADtest\\papertest\\go_nogo1\\sources\\urdf_files_dataset\\urdf_files\\matlab\\iiwa_description\\meshes\\iiwa7\\visual\\link_5.stl"", ""D:\\CADtest\\papertest\\go_nogo1\\sources\\urdf_files_dataset\\urdf_files\\matlab\\iiwa_description\\meshes\\iiwa7\\visual\\link_6.stl"", ""D:\\CADtest\\papertest\\go_nogo1\\sources\\urdf_files_dataset\\urdf_files\\matlab\\iiwa_description\\meshes\\iiwa7\\visual\\link_7.stl""]",iiwa7,matlab,https://se.mathworks.com/matlabcentral/fileexchange/98714-robotics-system-toolbox-robot-library-data,robotic arm,D:\CADtest\papertest\go_nogo1\sources\urdf_files_dataset\urdf_files\matlab\iiwa_description\urdf\kukaIiwa7.urdf,original,1.0,False,2,1,1,arm-91bce84f44,2,"[""matlab"", ""random""]",True,,8.0,0.0,[],True,189077.0,94657.0,0.8921329982417832,0.125,20.0,0.8319553331379361,19.37400561464402,0.08076828618924364,0.06446826548500181,-0.22167061068212235,medium
28,True,"{""continuous"": 4, ""fixed"": 1, ""revolute"": 3}",Kinova Robotics,8.0,True,7.0,9.0,1.0,8.0,9.0,9.0,9.0,0.0,9.0,9.0,Gen3,1.0,,True,A,matlab\kortex_description\urdf\kinovaGen3.urdf,"{""ancestor_suffix"": 9}","[""D:\\CADtest\\papertest\\go_nogo1\\sources\\urdf_files_dataset\\urdf_files\\matlab\\kortex_description\\meshes\\Bracelet_Link.STL"", ""D:\\CADtest\\papertest\\go_nogo1\\sources\\urdf_files_dataset\\urdf_files\\matlab\\kortex_description\\meshes\\EndEffector_Link.STL"", ""D:\\CADtest\\papertest\\go_nogo1\\sources\\urdf_files_dataset\\urdf_files\\matlab\\kortex_description\\meshes\\ForeArm_Link.STL"", ""D:\\CADtest\\papertest\\go_nogo1\\sources\\urdf_files_dataset\\urdf_files\\matlab\\kortex_description\\meshes\\HalfArm1_Link.STL"", ""D:\\CADtest\\papertest\\go_nogo1\\sources\\urdf_files_dataset\\urdf_files\\matlab\\kortex_description\\meshes\\HalfArm2_Link.STL"", ""D:\\CADtest\\papertest\\go_nogo1\\sources\\urdf_files_dataset\\urdf_files\\matlab\\kortex_description\\meshes\\Shoulder_Link.STL"", ""D:\\CADtest\\papertest\\go_nogo1\\sources\\urdf_files_dataset\\urdf_files\\matlab\\kortex_description\\meshes\\Wrist1_Link.STL"", ""D:\\CADtest\\papertest\\go_nogo1\\sources\\urdf_files_dataset\\urdf_files\\matlab\\kortex_description\\meshes\\Wrist2_Link.STL"", ""D:\\CADtest\\papertest\\go_nogo1\\sources\\urdf_files_dataset\\urdf_files\\matlab\\kortex_description\\meshes\\base_link.STL""]",JACO3_URDF_V10,matlab,https://se.mathworks.com/matlabcentral/fileexchange/98714-robotics-system-toolbox-robot-library-data,robotic arm,D:\CADtest\papertest\go_nogo1\sources\urdf_files_dataset\urdf_files\matlab\kortex_description\urdf\kinovaGen3.urdf,original,1.0,False,2,1,1,arm-23fbd5742a,2,"[""matlab"", ""robotics-toolbox""]",True,,8.0,1.0,"[""EndEffector_Link.STL: ValueError: scene has no triangle geometry""]",True,86722.0,43401.0,0.9883133037988783,0.5,47.0,0.8680036450503908,49.235653728964486,0.19340595770191243,0.13782999743748048,0.36142796575893815,high
29,True,"{""continuous"": 4, ""fixed"": 5, ""revolute"": 3}",Kinova Robotics,9.0,True,7.0,8.0,1.0,12.0,13.0,8.0,8.0,0.0,8.0,8.0,Gen3 V12,1.0,,True,A,matlab\kortex_v12_description\robots\kinovaGen3V12.urdf,"{""ancestor_suffix"": 8}","[""D:\\CADtest\\papertest\\go_nogo1\\sources\\urdf_files_dataset\\urdf_files\\matlab\\kortex_v12_description\\arms\\gen3\\7dof\\meshes\\base_link.STL"", ""D:\\CADtest\\papertest\\go_nogo1\\sources\\urdf_files_dataset\\urdf_files\\matlab\\kortex_v12_description\\arms\\gen3\\7dof\\meshes\\bracelet_with_vision_link.STL"", ""D:\\CADtest\\papertest\\go_nogo1\\sources\\urdf_files_dataset\\urdf_files\\matlab\\kortex_v12_description\\arms\\gen3\\7dof\\meshes\\forearm_link.STL"", ""D:\\CADtest\\papertest\\go_nogo1\\sources\\urdf_files_dataset\\urdf_files\\matlab\\kortex_v12_description\\arms\\gen3\\7dof\\meshes\\half_arm_1_link.STL"", ""D:\\CADtest\\papertest\\go_nogo1\\sources\\urdf_files_dataset\\urdf_files\\matlab\\kortex_v12_description\\arms\\gen3\\7dof\\meshes\\half_arm_2_link.STL"", ""D:\\CADtest\\papertest\\go_nogo1\\sources\\urdf_files_dataset\\urdf_files\\matlab\\kortex_v12_description\\arms\\gen3\\7dof\\meshes\\shoulder_link.STL"", ""D:\\CADtest\\papertest\\go_nogo1\\sources\\urdf_files_dataset\\urdf_files\\matlab\\kortex_v12_description\\arms\\gen3\\7dof\\meshes\\spherical_wrist_1_link.STL"", ""D:\\CADtest\\papertest\\go_nogo1\\sources\\urdf_files_dataset\\urdf_files\\matlab\\kortex_v12_description\\arms\\gen3\\7dof\\meshes\\spherical_wrist_2_link.STL""]",gen3,matlab,https://se.mathworks.com/matlabcentral/fileexchange/98714-robotics-system-toolbox-robot-library-data,robotic arm,D:\CADtest\papertest\go_nogo1\sources\urdf_files_dataset\urdf_files\matlab\kortex_v12_description\robots\kinovaGen3V12.urdf,original,1.0,False,2,1,1,arm-19d6bdecaf,1,"[""matlab""]",True,,8.0,0.0,[],True,86944.0,43512.0,0.9933951285504147,0.5,47.0,0.8679802103928063,49.15576244805985,0.19436341380173222,0.13836065432297207,0.3626874928667707,high
68,True,"{""continuous"": 2, ""fixed"": 3, ""revolute"": 8}",Kinova Robotics,8.0,True,10.0,11.0,1.0,13.0,14.0,11.0,11.0,0.0,15.0,15.0,Jaco J2N4S300,1.0,,True,A,oems\xacro_generated\kinova_robotics\kinova_description\urdf\j2n4s300_standalone.urdf,"{""ancestor_suffix"": 15}","[""D:\\CADtest\\papertest\\go_nogo1\\sources\\urdf_files_dataset\\urdf_files\\oems\\xacro_generated\\kinova_robotics\\kinova_description\\meshes\\arm.dae"", ""D:\\CADtest\\papertest\\go_nogo1\\sources\\urdf_files_dataset\\urdf_files\\oems\\xacro_generated\\kinova_robotics\\kinova_description\\meshes\\base.dae"", ""D:\\CADtest\\papertest\\go_nogo1\\sources\\urdf_files_dataset\\urdf_files\\oems\\xacro_generated\\kinova_robotics\\kinova_description\\meshes\\finger_distal.dae"", ""D:\\CADtest\\papertest\\go_nogo1\\sources\\urdf_files_dataset\\urdf_files\\oems\\xacro_generated\\kinova_robotics\\kinova_description\\meshes\\finger_proximal.dae"", ""D:\\CADtest\\papertest\\go_nogo1\\sources\\urdf_files_dataset\\urdf_files\\oems\\xacro_generated\\kinova_robotics\\kinova_description\\meshes\\forearm.dae"", ""D:\\CADtest\\papertest\\go_nogo1\\sources\\urdf_files_dataset\\urdf_files\\oems\\xacro_generated\\kinova_robotics\\kinova_description\\meshes\\hand_3finger.dae"", ""D:\\CADtest\\papertest\\go_nogo1\\sources\\urdf_files_dataset\\urdf_files\\oems\\xacro_generated\\kinova_robotics\\kinova_description\\meshes\\ring_big.dae"", ""D:\\CADtest\\papertest\\go_nogo1\\sources\\urdf_files_dataset\\urdf_files\\oems\\xacro_generated\\kinova_robotics\\kinova_description\\meshes\\ring_small.dae"", ""D:\\CADtest\\papertest\\go_nogo1\\sources\\urdf_files_dataset\\urdf_files\\oems\\xacro_generated\\kinova_robotics\\kinova_description\\meshes\\shoulder.dae""]",j2n4s300,oems,https://github.com/Kinovarobotics/kinova-ros/tree/09521579f49ffc8af88aafd749450ae9ed718ec9/kinova_description,robotic arm,D:\CADtest\papertest\go_nogo1\sources\urdf_files_dataset\urdf_files\oems\xacro_generated\kinova_robotics\kinova_description\urdf\j2n4s300_standalone.urdf,original,1.0,True,2,1,0,arm-8feb5af658,2,"[""oems"", ""robotics-toolbox""]",True,,9.0,0.0,[],True,73956.0,36984.0,0.31948512265542667,1.0,9.0,0.816670925444889,15.44288410842208,0.043153965050268916,0.040873895584040996,-0.387036899931748,low
19,True,"{""continuous"": 4, ""fixed"": 5, ""revolute"": 4}",Kinova Robotics,10.0,True,8.0,11.0,1.0,13.0,14.0,11.0,13.0,2.0,17.0,17.0,Jaco J2N6S200,1.0,,True,A,matlab\kinova_description\urdf\kinovaJacoJ2N6S200.urdf,"{""ancestor_suffix"": 17}","[""D:\\CADtest\\papertest\\go_nogo1\\sources\\urdf_files_dataset\\urdf_files\\matlab\\kinova_description\\meshes\\arm.dae"", ""D:\\CADtest\\papertest\\go_nogo1\\sources\\urdf_files_dataset\\urdf_files\\matlab\\kinova_description\\meshes\\base.dae"", ""D:\\CADtest\\papertest\\go_nogo1\\sources\\urdf_files_dataset\\urdf_files\\matlab\\kinova_description\\meshes\\finger_distal.dae"", ""D:\\CADtest\\papertest\\go_nogo1\\sources\\urdf_files_dataset\\urdf_files\\matlab\\kinova_description\\meshes\\finger_proximal.dae"", ""D:\\CADtest\\papertest\\go_nogo1\\sources\\urdf_files_dataset\\urdf_files\\matlab\\kinova_description\\meshes\\forearm.dae"", ""D:\\CADtest\\papertest\\go_nogo1\\sources\\urdf_files_dataset\\urdf_files\\matlab\\kinova_description\\meshes\\hand_2finger.dae"", ""D:\\CADtest\\papertest\\go_nogo1\\sources\\urdf_files_dataset\\urdf_files\\matlab\\kinova_description\\meshes\\ring_big.STL"", ""D:\\CADtest\\papertest\\go_nogo1\\sources\\urdf_files_dataset\\urdf_files\\matlab\\kinova_description\\meshes\\ring_small.STL"", ""D:\\CADtest\\papertest\\go_nogo1\\sources\\urdf_files_dataset\\urdf_files\\matlab\\kinova_description\\meshes\\shoulder.dae"", ""D:\\CADtest\\papertest\\go_nogo1\\sources\\urdf_files_dataset\\urdf_files\\matlab\\kinova_description\\meshes\\wrist.dae""]",j2n6s200,matlab,https://se.mathworks.com/matlabcentral/fileexchange/98714-robotics-system-toolbox-robot-library-data,robotic arm,D:\CADtest\papertest\go_nogo1\sources\urdf_files_dataset\urdf_files\matlab\kinova_description\urdf\kinovaJacoJ2N6S200.urdf,original,1.0,False,2,1,1,arm-0d0d196c9d,2,"[""matlab"", ""oems""]",True,,10.0,0.0,[],True,100186.0,50111.0,0.3461338251119272,0.9,12.0,0.8246069540463624,14.639181908608462,0.04422630782635565,0.041532418682819656,-0.35820939089225146,low
20,True,"{""continuous"": 4, ""fixed"": 6, ""revolute"": 5}",Kinova Robotics,10.0,True,9.0,13.0,1.0,15.0,16.0,13.0,15.0,2.0,19.0,19.0,Jaco J2N6S300,1.0,,True,A,matlab\kinova_description\urdf\kinovaJacoJ2N6S300.urdf,"{""ancestor_suffix"": 19}","[""D:\\CADtest\\papertest\\go_nogo1\\sources\\urdf_files_dataset\\urdf_files\\matlab\\kinova_description\\meshes\\arm.dae"", ""D:\\CADtest\\papertest\\go_nogo1\\sources\\urdf_files_dataset\\urdf_files\\matlab\\kinova_description\\meshes\\base.dae"", ""D:\\CADtest\\papertest\\go_nogo1\\sources\\urdf_files_dataset\\urdf_files\\matlab\\kinova_description\\meshes\\finger_distal.dae"", ""D:\\CADtest\\papertest\\go_nogo1\\sources\\urdf_files_dataset\\urdf_files\\matlab\\kinova_description\\meshes\\finger_proximal.dae"", ""D:\\CADtest\\papertest\\go_nogo1\\sources\\urdf_files_dataset\\urdf_files\\matlab\\kinova_description\\meshes\\forearm.dae"", ""D:\\CADtest\\papertest\\go_nogo1\\sources\\urdf_files_dataset\\urdf_files\\matlab\\kinova_description\\meshes\\hand_3finger.dae"", ""D:\\CADtest\\papertest\\go_nogo1\\sources\\urdf_files_dataset\\urdf_files\\matlab\\kinova_description\\meshes\\ring_big.STL"", ""D:\\CADtest\\papertest\\go_nogo1\\sources\\urdf_files_dataset\\urdf_files\\matlab\\kinova_description\\meshes\\ring_small.STL"", ""D:\\CADtest\\papertest\\go_nogo1\\sources\\urdf_files_dataset\\urdf_files\\matlab\\kinova_description\\meshes\\shoulder.dae"", ""D:\\CADtest\\papertest\\go_nogo1\\sources\\urdf_files_dataset\\urdf_files\\matlab\\kinova_description\\meshes\\wrist.dae""]",j2n6s300,matlab,https://se.mathworks.com/matlabcentral/fileexchange/98714-robotics-system-toolbox-robot-library-data,robotic arm,D:\CADtest\papertest\go_nogo1\sources\urdf_files_dataset\urdf_files\matlab\kinova_description\urdf\kinovaJacoJ2N6S300.urdf,original,1.0,False,2,1,1,arm-9c4ffe22a9,2,"[""matlab"", ""oems""]",True,,10.0,0.0,[],True,77642.0,38829.0,0.3407776512210542,1.0,10.0,0.821063840945292,14.86400413867884,0.041789815987086046,0.039440481979103825,-0.37594658400634806,low
21,True,"{""continuous"": 5, ""fixed"": 6, ""revolute"": 5}",Kinova Robotics,11.0,True,10.0,14.0,1.0,16.0,17.0,14.0,16.0,2.0,21.0,21.0,Jaco J2N7S300,1.0,,True,A,matlab\kinova_description\urdf\kinovaJacoJ2N7S300.urdf,"{""ancestor_suffix"": 21}","[""D:\\CADtest\\papertest\\go_nogo1\\sources\\urdf_files_dataset\\urdf_files\\matlab\\kinova_description\\meshes\\arm_half_1.dae"", ""D:\\CADtest\\papertest\\go_nogo1\\sources\\urdf_files_dataset\\urdf_files\\matlab\\kinova_description\\meshes\\arm_half_2.dae"", ""D:\\CADtest\\papertest\\go_nogo1\\sources\\urdf_files_dataset\\urdf_files\\matlab\\kinova_description\\meshes\\base.dae"", ""D:\\CADtest\\papertest\\go_nogo1\\sources\\urdf_files_dataset\\urdf_files\\matlab\\kinova_description\\meshes\\finger_distal.dae"", ""D:\\CADtest\\papertest\\go_nogo1\\sources\\urdf_files_dataset\\urdf_files\\matlab\\kinova_description\\meshes\\finger_proximal.dae"", ""D:\\CADtest\\papertest\\go_nogo1\\sources\\urdf_files_dataset\\urdf_files\\matlab\\kinova_description\\meshes\\forearm.dae"", ""D:\\CADtest\\papertest\\go_nogo1\\sources\\urdf_files_dataset\\urdf_files\\matlab\\kinova_description\\meshes\\hand_3finger.dae"", ""D:\\CADtest\\papertest\\go_nogo1\\sources\\urdf_files_dataset\\urdf_files\\matlab\\kinova_description\\meshes\\ring_big.STL"", ""D:\\CADtest\\papertest\\go_nogo1\\sources\\urdf_files_dataset\\urdf_files\\matlab\\kinova_description\\meshes\\ring_small.STL"", ""D:\\CADtest\\papertest\\go_nogo1\\sources\\urdf_files_dataset\\urdf_files\\matlab\\kinova_description\\meshes\\shoulder.dae"", ""D:\\CADtest\\papertest\\go_nogo1\\sources\\urdf_files_dataset\\urdf_files\\matlab\\kinova_description\\meshes\\wrist.dae""]",j2n7s300,matlab,https://se.mathworks.com/matlabcentral/fileexchange/98714-robotics-system-toolbox-robot-library-data,robotic arm,D:\CADtest\papertest\go_nogo1\sources\urdf_files_dataset\urdf_files\matlab\kinova_description\urdf\kinovaJacoJ2N7S300.urdf,original,1.0,False,2,1,1,arm-fb66eee2b5,2,"[""matlab"", ""oems""]",True,,11.0,0.0,[],True,82266.0,41143.0,0.36830697850834776,1.0,11.0,0.8255264777206882,14.144884530829831,0.039383524832504416,0.03781498251713266,-0.3676486294503524,low
73,True,"{""continuous"": 3, ""fixed"": 3, ""revolute"": 7}",Kinova Robotics,10.0,True,10.0,11.0,1.0,13.0,14.0,11.0,11.0,0.0,17.0,17.0,Jaco J2S6S200,1.0,,True,A,oems\xacro_generated\kinova_robotics\kinova_description\urdf\j2s6s200_standalone.urdf,"{""ancestor_suffix"": 17}","[""D:\\CADtest\\papertest\\go_nogo1\\sources\\urdf_files_dataset\\urdf_files\\oems\\xacro_generated\\kinova_robotics\\kinova_description\\meshes\\arm.dae"", ""D:\\CADtest\\papertest\\go_nogo1\\sources\\urdf_files_dataset\\urdf_files\\oems\\xacro_generated\\kinova_robotics\\kinova_description\\meshes\\base.dae"", ""D:\\CADtest\\papertest\\go_nogo1\\sources\\urdf_files_dataset\\urdf_files\\oems\\xacro_generated\\kinova_robotics\\kinova_description\\meshes\\finger_distal.dae"", ""D:\\CADtest\\papertest\\go_nogo1\\sources\\urdf_files_dataset\\urdf_files\\oems\\xacro_generated\\kinova_robotics\\kinova_description\\meshes\\finger_proximal.dae"", ""D:\\CADtest\\papertest\\go_nogo1\\sources\\urdf_files_dataset\\urdf_files\\oems\\xacro_generated\\kinova_robotics\\kinova_description\\meshes\\forearm.dae"", ""D:\\CADtest\\papertest\\go_nogo1\\sources\\urdf_files_dataset\\urdf_files\\oems\\xacro_generated\\kinova_robotics\\kinova_description\\meshes\\hand_2finger.dae"", ""D:\\CADtest\\papertest\\go_nogo1\\sources\\urdf_files_dataset\\urdf_files\\oems\\xacro_generated\\kinova_robotics\\kinova_description\\meshes\\ring_big.dae"", ""D:\\CADtest\\papertest\\go_nogo1\\sources\\urdf_files_dataset\\urdf_files\\oems\\xacro_generated\\kinova_robotics\\kinova_description\\meshes\\ring_small.dae"", ""D:\\CADtest\\papertest\\go_nogo1\\sources\\urdf_files_dataset\\urdf_files\\oems\\xacro_generated\\kinova_robotics\\kinova_description\\meshes\\shoulder.dae"", ""D:\\CADtest\\papertest\\go_nogo1\\sources\\urdf_files_dataset\\urdf_files\\oems\\xacro_generated\\kinova_robotics\\kinova_description\\meshes\\wrist_spherical_1.dae"", ""D:\\CADtest\\papertest\\go_nogo1\\sources\\urdf_files_dataset\\urdf_files\\oems\\xacro_generated\\kinova_robotics\\kinova_description\\meshes\\wrist_spherical_2.dae""]",j2s6s200,oems,https://github.com/Kinovarobotics/kinova-ros/tree/09521579f49ffc8af88aafd749450ae9ed718ec9/kinova_description,robotic arm,D:\CADtest\papertest\go_nogo1\sources\urdf_files_dataset\urdf_files\oems\xacro_generated\kinova_robotics\kinova_description\urdf\j2s6s200_standalone.urdf,original,1.0,True,2,1,0,arm-1998f45a5c,1,"[""oems""]",True,,11.0,0.0,[],True,111992.0,56016.0,0.38450032858948724,0.9090909090909091,13.0,0.8294934751006027,13.743371983802946,0.04022715502187783,0.03762107012799691,-0.35262064827192957,low
22,True,"{""continuous"": 3, ""fixed"": 6, ""revolute"": 6}",Kinova Robotics,10.0,True,9.0,13.0,1.0,15.0,16.0,13.0,15.0,2.0,19.0,19.0,Jaco J2S6S300,1.0,,True,A,matlab\kinova_description\urdf\kinovaJacoJ2S6S300.urdf,"{""ancestor_suffix"": 19}","[""D:\\CADtest\\papertest\\go_nogo1\\sources\\urdf_files_dataset\\urdf_files\\matlab\\kinova_description\\meshes\\arm.dae"", ""D:\\CADtest\\papertest\\go_nogo1\\sources\\urdf_files_dataset\\urdf_files\\matlab\\kinova_description\\meshes\\base.dae"", ""D:\\CADtest\\papertest\\go_nogo1\\sources\\urdf_files_dataset\\urdf_files\\matlab\\kinova_description\\meshes\\finger_distal.dae"", ""D:\\CADtest\\papertest\\go_nogo1\\sources\\urdf_files_dataset\\urdf_files\\matlab\\kinova_description\\meshes\\finger_proximal.dae"", ""D:\\CADtest\\papertest\\go_nogo1\\sources\\urdf_files_dataset\\urdf_files\\matlab\\kinova_description\\meshes\\forearm.dae"", ""D:\\CADtest\\papertest\\go_nogo1\\sources\\urdf_files_dataset\\urdf_files\\matlab\\kinova_description\\meshes\\hand_3finger.dae"", ""D:\\CADtest\\papertest\\go_nogo1\\sources\\urdf_files_dataset\\urdf_files\\matlab\\kinova_description\\meshes\\ring_big.STL"", ""D:\\CADtest\\papertest\\go_nogo1\\sources\\urdf_files_dataset\\urdf_files\\matlab\\kinova_description\\meshes\\ring_small.STL"", ""D:\\CADtest\\papertest\\go_nogo1\\sources\\urdf_files_dataset\\urdf_files\\matlab\\kinova_description\\meshes\\shoulder.dae"", ""D:\\CADtest\\papertest\\go_nogo1\\sources\\urdf_files_dataset\\urdf_files\\matlab\\kinova_description\\meshes\\wrist_spherical_1.dae"", ""D:\\CADtest\\papertest\\go_nogo1\\sources\\urdf_files_dataset\\urdf_files\\matlab\\kinova_description\\meshes\\wrist_spherical_2.dae""]",j2s6s300,matlab,https://se.mathworks.com/matlabcentral/fileexchange/98714-robotics-system-toolbox-robot-library-data,robotic arm,D:\CADtest\papertest\go_nogo1\sources\urdf_files_dataset\urdf_files\matlab\kinova_description\urdf\kinovaJacoJ2S6S300.urdf,original,1.0,False,2,1,1,arm-9c6c2f8aef,2,"[""matlab"", ""oems""]",True,,11.0,0.0,[],True,89448.0,44734.0,0.3791445086824095,1.0,11.0,0.8271908347424056,13.935590964649334,0.037980780263508464,0.035679586351525516,-0.36515099806291856,low
23,True,"{""continuous"": 4, ""fixed"": 6, ""revolute"": 6}",Kinova Robotics,11.0,True,10.0,14.0,1.0,16.0,17.0,14.0,16.0,2.0,21.0,21.0,Jaco J2S7S300,1.0,,True,A,matlab\kinova_description\urdf\kinovaJacoJ2S7S300.urdf,"{""ancestor_suffix"": 21}","[""D:\\CADtest\\papertest\\go_nogo1\\sources\\urdf_files_dataset\\urdf_files\\matlab\\kinova_description\\meshes\\arm_half_1.dae"", ""D:\\CADtest\\papertest\\go_nogo1\\sources\\urdf_files_dataset\\urdf_files\\matlab\\kinova_description\\meshes\\arm_half_2.dae"", ""D:\\CADtest\\papertest\\go_nogo1\\sources\\urdf_files_dataset\\urdf_files\\matlab\\kinova_description\\meshes\\base.dae"", ""D:\\CADtest\\papertest\\go_nogo1\\sources\\urdf_files_dataset\\urdf_files\\matlab\\kinova_description\\meshes\\finger_distal.dae"", ""D:\\CADtest\\papertest\\go_nogo1\\sources\\urdf_files_dataset\\urdf_files\\matlab\\kinova_description\\meshes\\finger_proximal.dae"", ""D:\\CADtest\\papertest\\go_nogo1\\sources\\urdf_files_dataset\\urdf_files\\matlab\\kinova_description\\meshes\\forearm.dae"", ""D:\\CADtest\\papertest\\go_nogo1\\sources\\urdf_files_dataset\\urdf_files\\matlab\\kinova_description\\meshes\\hand_3finger.dae"", ""D:\\CADtest\\papertest\\go_nogo1\\sources\\urdf_files_dataset\\urdf_files\\matlab\\kinova_description\\meshes\\ring_big.STL"", ""D:\\CADtest\\papertest\\go_nogo1\\sources\\urdf_files_dataset\\urdf_files\\matlab\\kinova_description\\meshes\\ring_small.STL"", ""D:\\CADtest\\papertest\\go_nogo1\\sources\\urdf_files_dataset\\urdf_files\\matlab\\kinova_description\\meshes\\shoulder.dae"", ""D:\\CADtest\\papertest\\go_nogo1\\sources\\urdf_files_dataset\\urdf_files\\matlab\\kinova_description\\meshes\\wrist_spherical_1.dae"", ""D:\\CADtest\\papertest\\go_nogo1\\sources\\urdf_files_dataset\\urdf_files\\matlab\\kinova_description\\meshes\\wrist_spherical_2.dae""]",j2s7s300,matlab,https://se.mathworks.com/matlabcentral/fileexchange/98714-robotics-system-toolbox-robot-library-data,robotic arm,D:\CADtest\papertest\go_nogo1\sources\urdf_files_dataset\urdf_files\matlab\kinova_description\urdf\kinovaJacoJ2S7S300.urdf,original,1.0,False,2,1,1,arm-296b557ef0,2,"[""matlab"", ""oems""]",True,,12.0,0.0,[],True,94072.0,47048.0,0.4066738359697031,1.0,12.0,0.8308176927277031,13.347163191181481,0.036059354382719386,0.03446203108982563,-0.3583666930312363,low
25,True,"{""continuous"": 2, ""fixed"": 5, ""revolute"": 4}",Kinova Robotics,8.0,True,6.0,9.0,1.0,11.0,12.0,9.0,11.0,2.0,13.0,13.0,Mico M1N4S200,1.0,,True,A,matlab\kinova_description\urdf\kinovaMicoM1N4S200.urdf,"{""ancestor_suffix"": 13}","[""D:\\CADtest\\papertest\\go_nogo1\\sources\\urdf_files_dataset\\urdf_files\\matlab\\kinova_description\\meshes\\arm_mico.dae"", ""D:\\CADtest\\papertest\\go_nogo1\\sources\\urdf_files_dataset\\urdf_files\\matlab\\kinova_description\\meshes\\base.dae"", ""D:\\CADtest\\papertest\\go_nogo1\\sources\\urdf_files_dataset\\urdf_files\\matlab\\kinova_description\\meshes\\finger_distal.dae"", ""D:\\CADtest\\papertest\\go_nogo1\\sources\\urdf_files_dataset\\urdf_files\\matlab\\kinova_description\\meshes\\finger_proximal.dae"", ""D:\\CADtest\\papertest\\go_nogo1\\sources\\urdf_files_dataset\\urdf_files\\matlab\\kinova_description\\meshes\\forearm_mico.dae"", ""D:\\CADtest\\papertest\\go_nogo1\\sources\\urdf_files_dataset\\urdf_files\\matlab\\kinova_description\\meshes\\hand_2finger.dae"", ""D:\\CADtest\\papertest\\go_nogo1\\sources\\urdf_files_dataset\\urdf_files\\matlab\\kinova_description\\meshes\\ring_big.STL"", ""D:\\CADtest\\papertest\\go_nogo1\\sources\\urdf_files_dataset\\urdf_files\\matlab\\kinova_description\\meshes\\ring_small.STL"", ""D:\\CADtest\\papertest\\go_nogo1\\sources\\urdf_files_dataset\\urdf_files\\matlab\\kinova_description\\meshes\\shoulder.dae""]",m1n4s200,matlab,https://se.mathworks.com/matlabcentral/fileexchange/98714-robotics-system-toolbox-robot-library-data,robotic arm,D:\CADtest\papertest\go_nogo1\sources\urdf_files_dataset\urdf_files\matlab\kinova_description\urdf\kinovaMicoM1N4S200.urdf,original,1.0,False,2,1,1,arm-30ac22fcc7,2,"[""matlab"", ""oems""]",True,,9.0,0.0,[],True,97526.0,48779.0,0.2937239935391965,0.8888888888888888,11.0,0.8252675594644654,16.00042033152373,0.04924055206466292,0.046895855084837595,-0.3358749901827142,medium
26,True,"{""continuous"": 4, ""fixed"": 5, ""revolute"": 4}",Kinova Robotics,10.0,True,8.0,11.0,1.0,13.0,14.0,11.0,13.0,2.0,17.0,17.0,Mico M1N6S200,1.0,,True,A,matlab\kinova_description\urdf\kinovaMicoM1N6S200.urdf,"{""ancestor_suffix"": 17}","[""D:\\CADtest\\papertest\\go_nogo1\\sources\\urdf_files_dataset\\urdf_files\\matlab\\kinova_description\\meshes\\arm_mico.dae"", ""D:\\CADtest\\papertest\\go_nogo1\\sources\\urdf_files_dataset\\urdf_files\\matlab\\kinova_description\\meshes\\base.dae"", ""D:\\CADtest\\papertest\\go_nogo1\\sources\\urdf_files_dataset\\urdf_files\\matlab\\kinova_description\\meshes\\finger_distal.dae"", ""D:\\CADtest\\papertest\\go_nogo1\\sources\\urdf_files_dataset\\urdf_files\\matlab\\kinova_description\\meshes\\finger_proximal.dae"", ""D:\\CADtest\\papertest\\go_nogo1\\sources\\urdf_files_dataset\\urdf_files\\matlab\\kinova_description\\meshes\\forearm_mico.dae"", ""D:\\CADtest\\papertest\\go_nogo1\\sources\\urdf_files_dataset\\urdf_files\\matlab\\kinova_description\\meshes\\hand_2finger.dae"", ""D:\\CADtest\\papertest\\go_nogo1\\sources\\urdf_files_dataset\\urdf_files\\matlab\\kinova_description\\meshes\\ring_big.STL"", ""D:\\CADtest\\papertest\\go_nogo1\\sources\\urdf_files_dataset\\urdf_files\\matlab\\kinova_description\\meshes\\ring_small.STL"", ""D:\\CADtest\\papertest\\go_nogo1\\sources\\urdf_files_dataset\\urdf_files\\matlab\\kinova_description\\meshes\\shoulder.dae"", ""D:\\CADtest\\papertest\\go_nogo1\\sources\\urdf_files_dataset\\urdf_files\\matlab\\kinova_description\\meshes\\wrist.dae""]",m1n6s200,matlab,https://se.mathworks.com/matlabcentral/fileexchange/98714-robotics-system-toolbox-robot-library-data,robotic arm,D:\CADtest\papertest\go_nogo1\sources\urdf_files_dataset\urdf_files\matlab\kinova_description\urdf\kinovaMicoM1N6S200.urdf,original,1.0,False,2,1,1,arm-fbeebf16bf,2,"[""matlab"", ""oems""]",True,,10.0,0.0,[],True,101212.0,50624.0,0.3150161447432617,0.9,12.0,0.8285077676932291,15.326717846247888,0.047134825759101856,0.04494860841105172,-0.33163693777745573,medium
27,True,"{""continuous"": 4, ""fixed"": 6, ""revolute"": 5}",Kinova Robotics,10.0,True,9.0,13.0,1.0,15.0,16.0,13.0,15.0,2.0,19.0,19.0,Mico M1N6S300,1.0,,True,A,matlab\kinova_description\urdf\kinovaMicoM1N6S300.urdf,"{""ancestor_suffix"": 19}","[""D:\\CADtest\\papertest\\go_nogo1\\sources\\urdf_files_dataset\\urdf_files\\matlab\\kinova_description\\meshes\\arm_mico.dae"", ""D:\\CADtest\\papertest\\go_nogo1\\sources\\urdf_files_dataset\\urdf_files\\matlab\\kinova_description\\meshes\\base.dae"", ""D:\\CADtest\\papertest\\go_nogo1\\sources\\urdf_files_dataset\\urdf_files\\matlab\\kinova_description\\meshes\\finger_distal.dae"", ""D:\\CADtest\\papertest\\go_nogo1\\sources\\urdf_files_dataset\\urdf_files\\matlab\\kinova_description\\meshes\\finger_proximal.dae"", ""D:\\CADtest\\papertest\\go_nogo1\\sources\\urdf_files_dataset\\urdf_files\\matlab\\kinova_description\\meshes\\forearm_mico.dae"", ""D:\\CADtest\\papertest\\go_nogo1\\sources\\urdf_files_dataset\\urdf_files\\matlab\\kinova_description\\meshes\\hand_3finger.dae"", ""D:\\CADtest\\papertest\\go_nogo1\\sources\\urdf_files_dataset\\urdf_files\\matlab\\kinova_description\\meshes\\ring_big.STL"", ""D:\\CADtest\\papertest\\go_nogo1\\sources\\urdf_files_dataset\\urdf_files\\matlab\\kinova_description\\meshes\\ring_small.STL"", ""D:\\CADtest\\papertest\\go_nogo1\\sources\\urdf_files_dataset\\urdf_files\\matlab\\kinova_description\\meshes\\shoulder.dae"", ""D:\\CADtest\\papertest\\go_nogo1\\sources\\urdf_files_dataset\\urdf_files\\matlab\\kinova_description\\meshes\\wrist.dae""]",m1n6s300,matlab,https://se.mathworks.com/matlabcentral/fileexchange/98714-robotics-system-toolbox-robot-library-data,robotic arm,D:\CADtest\papertest\go_nogo1\sources\urdf_files_dataset\urdf_files\matlab\kinova_description\urdf\kinovaMicoM1N6S300.urdf,original,1.0,False,2,1,1,arm-6db670c663,2,"[""matlab"", ""oems""]",True,,10.0,0.0,[],True,78668.0,39342.0,0.30965997085238867,1.0,10.0,0.8246760799193179,15.586024702483952,0.044503799746439025,0.04270554299883584,-0.35069691609121545,low
113,True,"{""revolute"": 4}",Lynxmotion,4.0,True,4.0,0.0,1.0,4.0,5.0,5.0,5.0,0.0,5.0,5.0,AL5D,1.0,,True,A,robotics-toolbox\al5d_description\urdf\al5d_robot.urdf,"{""ancestor_suffix"": 5}","[""D:\\CADtest\\papertest\\go_nogo1\\sources\\urdf_files_dataset\\urdf_files\\robotics-toolbox\\al5d_description\\meshes\\base.stl"", ""D:\\CADtest\\papertest\\go_nogo1\\sources\\urdf_files_dataset\\urdf_files\\robotics-toolbox\\al5d_description\\meshes\\link1.stl"", ""D:\\CADtest\\papertest\\go_nogo1\\sources\\urdf_files_dataset\\urdf_files\\robotics-toolbox\\al5d_description\\meshes\\link2.stl"", ""D:\\CADtest\\papertest\\go_nogo1\\sources\\urdf_files_dataset\\urdf_files\\robotics-toolbox\\al5d_description\\meshes\\link3.stl"", ""D:\\CADtest\\papertest\\go_nogo1\\sources\\urdf_files_dataset\\urdf_files\\robotics-toolbox\\al5d_description\\meshes\\link4.stl""]",AL5D,robotics-toolbox,https://github.com/petercorke/robotics-toolbox-python/tree/07ad1259338d6dfd41af6e5e50973e315284a912/rtb-data/rtbdata/xacro/al5d_description,robotic arm,D:\CADtest\papertest\go_nogo1\sources\urdf_files_dataset\urdf_files\robotics-toolbox\al5d_description\urdf\al5d_robot.urdf,original,1.0,False,2,1,1,arm-ab15a75247,1,"[""robotics-toolbox""]",True,,5.0,0.0,[],True,58952.0,28995.0,205537.70933625114,0.8,21.0,0.6452776075511396,84.29964074589344,0.3596064744892598,0.22267388471818542,0.03382720135283083,medium
30,True,"{""revolute"": 6}",Mecademic Robotics,6.0,True,6.0,7.0,1.0,6.0,7.0,7.0,7.0,0.0,7.0,7.0,Meca500-R3,1.0,,True,A,matlab\mecademic_description\urdf\meca500r3.urdf,"{""ancestor_suffix"": 7}","[""D:\\CADtest\\papertest\\go_nogo1\\sources\\urdf_files_dataset\\urdf_files\\matlab\\mecademic_description\\meshes\\meca_500_r3_base.dae"", ""D:\\CADtest\\papertest\\go_nogo1\\sources\\urdf_files_dataset\\urdf_files\\matlab\\mecademic_description\\meshes\\meca_500_r3_j1.dae"", ""D:\\CADtest\\papertest\\go_nogo1\\sources\\urdf_files_dataset\\urdf_files\\matlab\\mecademic_description\\meshes\\meca_500_r3_j2.dae"", ""D:\\CADtest\\papertest\\go_nogo1\\sources\\urdf_files_dataset\\urdf_files\\matlab\\mecademic_description\\meshes\\meca_500_r3_j3.dae"", ""D:\\CADtest\\papertest\\go_nogo1\\sources\\urdf_files_dataset\\urdf_files\\matlab\\mecademic_description\\meshes\\meca_500_r3_j4.dae"", ""D:\\CADtest\\papertest\\go_nogo1\\sources\\urdf_files_dataset\\urdf_files\\matlab\\mecademic_description\\meshes\\meca_500_r3_j5.dae"", ""D:\\CADtest\\papertest\\go_nogo1\\sources\\urdf_files_dataset\\urdf_files\\matlab\\mecademic_description\\meshes\\meca_500_r3_j6.dae""]",meca_500_r3,matlab,https://se.mathworks.com/matlabcentral/fileexchange/98714-robotics-system-toolbox-robot-library-data,robotic arm,D:\CADtest\papertest\go_nogo1\sources\urdf_files_dataset\urdf_files\matlab\mecademic_description\urdf\meca500r3.urdf,original,1.0,False,2,1,1,arm-42e898b1a2,1,"[""matlab""]",True,,2.0,5.0,"[""meca_500_r3_base.dae: ModuleNotFoundError: No module named 'networkx'"", ""meca_500_r3_j2.dae: ModuleNotFoundError: No module named 'networkx'"", ""meca_500_r3_j3.dae: ModuleNotFoundError: No module named 'networkx'"", ""meca_500_r3_j4.dae: ModuleNotFoundError: No module named 'networkx'"", ""meca_500_r3_j5.dae: ModuleNotFoundError: No module named 'networkx'""]",True,10352.0,5041.0,0.03996190207625088,0.5,2.0,0.7697727662105932,89.67367166012455,0.3398315209331479,0.2381940063555065,0.5394971434955949,high
35,True,"{""fixed"": 1, ""revolute"": 4}",Quanser,5.0,True,4.0,5.0,1.0,5.0,6.0,5.0,5.0,0.0,5.0,5.0,QArm,1.0,,True,A,matlab\qarm_description\urdf\quanserQArm.urdf,"{""ancestor_suffix"": 5}","[""D:\\CADtest\\papertest\\go_nogo1\\sources\\urdf_files_dataset\\urdf_files\\matlab\\qarm_description\\meshes\\BICEP.STL"", ""D:\\CADtest\\papertest\\go_nogo1\\sources\\urdf_files_dataset\\urdf_files\\matlab\\qarm_description\\meshes\\END-EFFECTOR.STL"", ""D:\\CADtest\\papertest\\go_nogo1\\sources\\urdf_files_dataset\\urdf_files\\matlab\\qarm_description\\meshes\\FOREARM.STL"", ""D:\\CADtest\\papertest\\go_nogo1\\sources\\urdf_files_dataset\\urdf_files\\matlab\\qarm_description\\meshes\\YAW.STL"", ""D:\\CADtest\\papertest\\go_nogo1\\sources\\urdf_files_dataset\\urdf_files\\matlab\\qarm_description\\meshes\\base_link.STL""]",QARM,matlab,https://se.mathworks.com/matlabcentral/fileexchange/98714-robotics-system-toolbox-robot-library-data,robotic arm,D:\CADtest\papertest\go_nogo1\sources\urdf_files_dataset\urdf_files\matlab\qarm_description\urdf\quanserQArm.urdf,original,1.0,False,2,1,1,arm-10f5f05385,2,"[""matlab"", ""oems""]",True,,4.0,1.0,"[""FOREARM.STL: ModuleNotFoundError: No module named 'networkx'""]",True,280920.0,139917.0,1.0898656630622425,0.25,46.0,0.6087536523822012,69.67793164875,0.3800233799542293,0.2863843539996306,-0.17720468150925295,medium
33,True,"{""fixed"": 2, ""prismatic"": 2, ""revolute"": 4}",ROBOTIS,6.0,True,6.0,7.0,1.0,8.0,9.0,7.0,8.0,1.0,7.0,7.0,Open Manipulator,1.0,,True,A,matlab\open_manipulator_description\urdf\robotisOpenManipulator.urdf,"{""ancestor_suffix"": 7}","[""D:\\CADtest\\papertest\\go_nogo1\\sources\\urdf_files_dataset\\urdf_files\\matlab\\open_manipulator_description\\meshes\\chain_link1.stl"", ""D:\\CADtest\\papertest\\go_nogo1\\sources\\urdf_files_dataset\\urdf_files\\matlab\\open_manipulator_description\\meshes\\chain_link2.stl"", ""D:\\CADtest\\papertest\\go_nogo1\\sources\\urdf_files_dataset\\urdf_files\\matlab\\open_manipulator_description\\meshes\\chain_link3.stl"", ""D:\\CADtest\\papertest\\go_nogo1\\sources\\urdf_files_dataset\\urdf_files\\matlab\\open_manipulator_description\\meshes\\chain_link4.stl"", ""D:\\CADtest\\papertest\\go_nogo1\\sources\\urdf_files_dataset\\urdf_files\\matlab\\open_manipulator_description\\meshes\\chain_link5.stl"", ""D:\\CADtest\\papertest\\go_nogo1\\sources\\urdf_files_dataset\\urdf_files\\matlab\\open_manipulator_description\\meshes\\chain_link_grip_l.stl"", ""D:\\CADtest\\papertest\\go_nogo1\\sources\\urdf_files_dataset\\urdf_files\\matlab\\open_manipulator_description\\meshes\\chain_link_grip_r.stl""]",open_manipulator,matlab,https://se.mathworks.com/matlabcentral/fileexchange/98714-robotics-system-toolbox-robot-library-data,robotic arm,D:\CADtest\papertest\go_nogo1\sources\urdf_files_dataset\urdf_files\matlab\open_manipulator_description\urdf\robotisOpenManipulator.urdf,original,1.0,False,2,1,1,arm-d55f01b988,3,"[""matlab"", ""oems""]",True,,7.0,0.0,[],True,81644.0,40215.0,254669.35428410786,0.8571428571428571,33.0,0.7229118051245733,89.99985277322278,0.46270163353138294,0.38149919371613683,0.596972310822427,high
40,True,"{""fixed"": 12, ""revolute"": 8}",Rethink Robotics,9.0,True,8.0,0.0,1.0,20.0,21.0,10.0,12.0,2.0,10.0,10.0,Sawyer,1.0,,True,A,matlab\sawyer_description\urdf\rethinkSawyer.urdf,"{""ancestor_suffix"": 10}","[""D:\\CADtest\\papertest\\go_nogo1\\sources\\urdf_files_dataset\\urdf_files\\matlab\\sawyer_description\\meshes\\sawyer_mp1\\l6.DAE"", ""D:\\CADtest\\papertest\\go_nogo1\\sources\\urdf_files_dataset\\urdf_files\\matlab\\sawyer_description\\meshes\\sawyer_mp3\\l0.DAE"", ""D:\\CADtest\\papertest\\go_nogo1\\sources\\urdf_files_dataset\\urdf_files\\matlab\\sawyer_description\\meshes\\sawyer_mp3\\l1.DAE"", ""D:\\CADtest\\papertest\\go_nogo1\\sources\\urdf_files_dataset\\urdf_files\\matlab\\sawyer_description\\meshes\\sawyer_pv\\base.DAE"", ""D:\\CADtest\\papertest\\go_nogo1\\sources\\urdf_files_dataset\\urdf_files\\matlab\\sawyer_description\\meshes\\sawyer_pv\\head.DAE"", ""D:\\CADtest\\papertest\\go_nogo1\\sources\\urdf_files_dataset\\urdf_files\\matlab\\sawyer_description\\meshes\\sawyer_pv\\l2.DAE"", ""D:\\CADtest\\papertest\\go_nogo1\\sources\\urdf_files_dataset\\urdf_files\\matlab\\sawyer_description\\meshes\\sawyer_pv\\l3.DAE"", ""D:\\CADtest\\papertest\\go_nogo1\\sources\\urdf_files_dataset\\urdf_files\\matlab\\sawyer_description\\meshes\\sawyer_pv\\l4.DAE"", ""D:\\CADtest\\papertest\\go_nogo1\\sources\\urdf_files_dataset\\urdf_files\\matlab\\sawyer_description\\meshes\\sawyer_pv\\l5.DAE"", ""D:\\CADtest\\papertest\\go_nogo1\\sources\\urdf_files_dataset\\urdf_files\\matlab\\sawyer_description\\meshes\\sawyer_pv\\pedestal.DAE""]",sawyer,matlab,https://se.mathworks.com/matlabcentral/fileexchange/98714-robotics-system-toolbox-robot-library-data,robotic arm,D:\CADtest\papertest\go_nogo1\sources\urdf_files_dataset\urdf_files\matlab\sawyer_description\urdf\rethinkSawyer.urdf,original,1.0,False,2,1,1,arm-551a9c392e,1,"[""matlab""]",True,,10.0,0.0,[],True,227815.0,134953.0,3.639687920509208,0.0,300.0,0.8450450914109523,68.95331124945949,0.3273072235840962,0.20453192445218754,0.6751233117025559,high
108,True,"{""fixed"": 3, ""revolute"": 7}",Schunk,10.0,True,7.0,8.0,1.0,10.0,11.0,8.0,8.0,0.0,8.0,8.0,LWA 4D,1.0,,True,A,random\xacro_generated\schunk_modular_robotics\schunk_description\urdf\schunk_lwa4d.urdf,"{""ancestor_suffix"": 8}","[""D:\\CADtest\\papertest\\go_nogo1\\sources\\urdf_files_dataset\\urdf_files\\random\\xacro_generated\\schunk_modular_robotics\\schunk_description\\meshes\\lwa4d\\arm_1_link.stl"", ""D:\\CADtest\\papertest\\go_nogo1\\sources\\urdf_files_dataset\\urdf_files\\random\\xacro_generated\\schunk_modular_robotics\\schunk_description\\meshes\\lwa4d\\arm_2_link.stl"", ""D:\\CADtest\\papertest\\go_nogo1\\sources\\urdf_files_dataset\\urdf_files\\random\\xacro_generated\\schunk_modular_robotics\\schunk_description\\meshes\\lwa4d\\arm_3_link.stl"", ""D:\\CADtest\\papertest\\go_nogo1\\sources\\urdf_files_dataset\\urdf_files\\random\\xacro_generated\\schunk_modular_robotics\\schunk_description\\meshes\\lwa4d\\arm_4_link.stl"", ""D:\\CADtest\\papertest\\go_nogo1\\sources\\urdf_files_dataset\\urdf_files\\random\\xacro_generated\\schunk_modular_robotics\\schunk_description\\meshes\\lwa4d\\arm_5_link.stl"", ""D:\\CADtest\\papertest\\go_nogo1\\sources\\urdf_files_dataset\\urdf_files\\random\\xacro_generated\\schunk_modular_robotics\\schunk_description\\meshes\\lwa4d\\arm_6_link.stl"", ""D:\\CADtest\\papertest\\go_nogo1\\sources\\urdf_files_dataset\\urdf_files\\random\\xacro_generated\\schunk_modular_robotics\\schunk_description\\meshes\\lwa4d\\arm_7_link.stl"", ""D:\\CADtest\\papertest\\go_nogo1\\sources\\urdf_files_dataset\\urdf_files\\random\\xacro_generated\\schunk_modular_robotics\\schunk_description\\meshes\\lwa4d\\arm_podest_link.stl""]",lwa4d,random,https://github.com/ipa320/schunk_modular_robotics/tree/b2d73bdd333eceda0e91b4f8d4e8881433dc243a/schunk_description,robotic arm,D:\CADtest\papertest\go_nogo1\sources\urdf_files_dataset\urdf_files\random\xacro_generated\schunk_modular_robotics\schunk_description\urdf\schunk_lwa4d.urdf,original,1.0,True,2,1,0,arm-21b8992ec4,1,"[""random""]",True,,8.0,0.0,[],True,12698.0,6363.0,0.9401358740198955,0.75,11.0,0.7753079225989896,86.02160765061485,0.33147444657382286,0.323872808764943,0.5195682748360367,high
107,True,"{""fixed"": 2, ""revolute"": 6}",Schunk,8.0,True,6.0,7.0,1.0,8.0,9.0,7.0,7.0,0.0,7.0,7.0,LWA 4P,1.0,,True,A,random\xacro_generated\schunk_modular_robotics\schunk_description\urdf\schunk_lwa4p.urdf,"{""ancestor_suffix"": 7}","[""D:\\CADtest\\papertest\\go_nogo1\\sources\\urdf_files_dataset\\urdf_files\\random\\xacro_generated\\schunk_modular_robotics\\schunk_description\\meshes\\lwa4p\\arm_1_link.stl"", ""D:\\CADtest\\papertest\\go_nogo1\\sources\\urdf_files_dataset\\urdf_files\\random\\xacro_generated\\schunk_modular_robotics\\schunk_description\\meshes\\lwa4p\\arm_2_link.stl"", ""D:\\CADtest\\papertest\\go_nogo1\\sources\\urdf_files_dataset\\urdf_files\\random\\xacro_generated\\schunk_modular_robotics\\schunk_description\\meshes\\lwa4p\\arm_3_link.stl"", ""D:\\CADtest\\papertest\\go_nogo1\\sources\\urdf_files_dataset\\urdf_files\\random\\xacro_generated\\schunk_modular_robotics\\schunk_description\\meshes\\lwa4p\\arm_4_link.stl"", ""D:\\CADtest\\papertest\\go_nogo1\\sources\\urdf_files_dataset\\urdf_files\\random\\xacro_generated\\schunk_modular_robotics\\schunk_description\\meshes\\lwa4p\\arm_5_link.stl"", ""D:\\CADtest\\papertest\\go_nogo1\\sources\\urdf_files_dataset\\urdf_files\\random\\xacro_generated\\schunk_modular_robotics\\schunk_description\\meshes\\lwa4p\\arm_6_link.stl"", ""D:\\CADtest\\papertest\\go_nogo1\\sources\\urdf_files_dataset\\urdf_files\\random\\xacro_generated\\schunk_modular_robotics\\schunk_description\\meshes\\lwa4p\\arm_base_link.stl""]",lwa4p,random,https://github.com/ipa320/schunk_modular_robotics/tree/b2d73bdd333eceda0e91b4f8d4e8881433dc243a/schunk_description,robotic arm,D:\CADtest\papertest\go_nogo1\sources\urdf_files_dataset\urdf_files\random\xacro_generated\schunk_modular_robotics\schunk_description\urdf\schunk_lwa4p.urdf,original,1.0,True,2,1,0,arm-25d4f5567f,3,"[""random""]",True,,7.0,0.0,[],True,29093.0,14592.0,0.6133351865330591,0.7142857142857143,7.0,0.8786376073370564,22.481846299159752,0.1422033960584167,0.08665535201641951,0.11358427246167864,medium
155,True,"{""fixed"": 1, ""revolute"": 6}",Staubli,7.0,True,6.0,7.0,1.0,7.0,8.0,7.0,7.0,0.0,7.0,7.0,RX 160,1.0,,True,A,ros-industrial\staubli\staubli_rx160_support\urdf\rx160.urdf,"{""indexed_suffix"": 7}","[""D:\\CADtest\\papertest\\go_nogo1\\sources\\urdf_files_dataset\\urdf_files\\matlab\\abb_irb120_support\\meshes\\irb120_3_58\\visual\\base_link.stl"", ""D:\\CADtest\\papertest\\go_nogo1\\sources\\urdf_files_dataset\\urdf_files\\matlab\\abb_irb120_support\\meshes\\irb120_3_58\\visual\\link_1.stl"", ""D:\\CADtest\\papertest\\go_nogo1\\sources\\urdf_files_dataset\\urdf_files\\matlab\\abb_irb120_support\\meshes\\irb120_3_58\\visual\\link_2.stl"", ""D:\\CADtest\\papertest\\go_nogo1\\sources\\urdf_files_dataset\\urdf_files\\matlab\\abb_irb120_support\\meshes\\irb120_3_58\\visual\\link_3.stl"", ""D:\\CADtest\\papertest\\go_nogo1\\sources\\urdf_files_dataset\\urdf_files\\matlab\\abb_irb120_support\\meshes\\irb120_3_58\\visual\\link_4.stl"", ""D:\\CADtest\\papertest\\go_nogo1\\sources\\urdf_files_dataset\\urdf_files\\matlab\\abb_irb120_support\\meshes\\irb120_3_58\\visual\\link_5.stl"", ""D:\\CADtest\\papertest\\go_nogo1\\sources\\urdf_files_dataset\\urdf_files\\matlab\\abb_irb120_support\\meshes\\irb120_3_58\\visual\\link_6.stl""]",staubli_rx160,ros-industrial,https://github.com/ros-industrial/staubli/tree/367d92ec7432867d9ba87c3399d49a940c4afc67/staubli_rx160_support,robotic arm,D:\CADtest\papertest\go_nogo1\sources\urdf_files_dataset\urdf_files\ros-industrial\staubli\staubli_rx160_support\urdf\rx160.urdf,original,1.0,False,2,1,1,arm-0417f43b13,1,"[""ros-industrial""]",True,,7.0,0.0,[],True,39982.0,19856.0,1.3960620752962183,0.5714285714285714,87.0,0.6967849681870395,86.39278437622696,0.322183929123618,0.2200306442057868,0.18353611674207324,medium
156,True,"{""fixed"": 1, ""revolute"": 6}",Staubli,7.0,True,6.0,7.0,1.0,7.0,8.0,7.0,7.0,0.0,7.0,7.0,RX 160L,1.0,,True,A,ros-industrial\staubli\staubli_rx160_support\urdf\rx160l.urdf,"{""ancestor_suffix"": 1, ""indexed_suffix"": 6}","[""D:\\CADtest\\papertest\\go_nogo1\\sources\\urdf_files_dataset\\urdf_files\\matlab\\abb_irb120_support\\meshes\\irb120_3_58\\visual\\base_link.stl"", ""D:\\CADtest\\papertest\\go_nogo1\\sources\\urdf_files_dataset\\urdf_files\\matlab\\abb_irb120_support\\meshes\\irb120_3_58\\visual\\link_1.stl"", ""D:\\CADtest\\papertest\\go_nogo1\\sources\\urdf_files_dataset\\urdf_files\\matlab\\abb_irb120_support\\meshes\\irb120_3_58\\visual\\link_2.stl"", ""D:\\CADtest\\papertest\\go_nogo1\\sources\\urdf_files_dataset\\urdf_files\\matlab\\abb_irb120_support\\meshes\\irb120_3_58\\visual\\link_3.stl"", ""D:\\CADtest\\papertest\\go_nogo1\\sources\\urdf_files_dataset\\urdf_files\\matlab\\abb_irb120_support\\meshes\\irb120_3_58\\visual\\link_5.stl"", ""D:\\CADtest\\papertest\\go_nogo1\\sources\\urdf_files_dataset\\urdf_files\\matlab\\abb_irb120_support\\meshes\\irb120_3_58\\visual\\link_6.stl"", ""D:\\CADtest\\papertest\\go_nogo1\\sources\\urdf_files_dataset\\urdf_files\\ros-industrial\\staubli\\staubli_rx160_support\\meshes\\rx160l\\visual\\link_4.stl""]",staubli_rx160l,ros-industrial,https://github.com/ros-industrial/staubli/tree/367d92ec7432867d9ba87c3399d49a940c4afc67/staubli_rx160_support,robotic arm,D:\CADtest\papertest\go_nogo1\sources\urdf_files_dataset\urdf_files\ros-industrial\staubli\staubli_rx160_support\urdf\rx160l.urdf,original,1.0,False,2,1,1,arm-24f259efca,1,"[""ros-industrial""]",True,,6.0,1.0,"[""link_4.stl: ModuleNotFoundError: No module named 'networkx'""]",True,33682.0,16666.0,1.2164462196447743,0.5,49.0,0.699571039363739,85.8601565375935,0.3172095257797728,0.21231642036579873,0.18117044475012448,medium
235,True,"{""fixed"": 3, ""revolute"": 6}",Staubli,8.0,True,6.0,7.0,1.0,9.0,10.0,7.0,7.0,0.0,7.0,7.0,TX-60,1.0,,True,A,ros-industrial\xacro_generated\staubli\staubli_tx60_support\urdf\tx60.urdf,"{""ancestor_suffix"": 7}","[""D:\\CADtest\\papertest\\go_nogo1\\sources\\urdf_files_dataset\\urdf_files\\ros-industrial\\xacro_generated\\staubli\\staubli_tx60_support\\meshes\\tx60\\visual\\base_link.stl"", ""D:\\CADtest\\papertest\\go_nogo1\\sources\\urdf_files_dataset\\urdf_files\\ros-industrial\\xacro_generated\\staubli\\staubli_tx60_support\\meshes\\tx60\\visual\\link_1.stl"", ""D:\\CADtest\\papertest\\go_nogo1\\sources\\urdf_files_dataset\\urdf_files\\ros-industrial\\xacro_generated\\staubli\\staubli_tx60_support\\meshes\\tx60\\visual\\link_2.stl"", ""D:\\CADtest\\papertest\\go_nogo1\\sources\\urdf_files_dataset\\urdf_files\\ros-industrial\\xacro_generated\\staubli\\staubli_tx60_support\\meshes\\tx60\\visual\\link_3.stl"", ""D:\\CADtest\\papertest\\go_nogo1\\sources\\urdf_files_dataset\\urdf_files\\ros-industrial\\xacro_generated\\staubli\\staubli_tx60_support\\meshes\\tx60\\visual\\link_4.stl"", ""D:\\CADtest\\papertest\\go_nogo1\\sources\\urdf_files_dataset\\urdf_files\\ros-industrial\\xacro_generated\\staubli\\staubli_tx60_support\\meshes\\tx60\\visual\\link_5.stl"", ""D:\\CADtest\\papertest\\go_nogo1\\sources\\urdf_files_dataset\\urdf_files\\ros-industrial\\xacro_generated\\staubli\\staubli_tx60_support\\meshes\\tx60\\visual\\link_6.stl""]",staubli_tx60,ros-industrial,https://github.com/ros-industrial/staubli_experimental/tree/256a71acea2161b64e12af1a6b925a7f26695007/staubli_tx60_support,robotic arm,D:\CADtest\papertest\go_nogo1\sources\urdf_files_dataset\urdf_files\ros-industrial\xacro_generated\staubli\staubli_tx60_support\urdf\tx60.urdf,original,1.0,True,2,1,0,arm-0573e1e127,1,"[""ros-industrial""]",True,,7.0,0.0,[],True,37580.0,18800.0,0.9795927892284007,0.42857142857142855,21.0,0.7985400447105425,76.68995988885582,0.3109067477123805,0.2163077284220615,0.5072648195812113,high
236,True,"{""fixed"": 3, ""revolute"": 6}",Staubli,8.0,True,6.0,7.0,1.0,9.0,10.0,7.0,7.0,0.0,7.0,7.0,TX-60L,1.0,,True,A,ros-industrial\xacro_generated\staubli\staubli_tx60_support\urdf\tx60l.urdf,"{""ancestor_suffix"": 7}","[""D:\\CADtest\\papertest\\go_nogo1\\sources\\urdf_files_dataset\\urdf_files\\ros-industrial\\xacro_generated\\staubli\\staubli_tx60_support\\meshes\\tx60\\visual\\base_link.stl"", ""D:\\CADtest\\papertest\\go_nogo1\\sources\\urdf_files_dataset\\urdf_files\\ros-industrial\\xacro_generated\\staubli\\staubli_tx60_support\\meshes\\tx60\\visual\\link_1.stl"", ""D:\\CADtest\\papertest\\go_nogo1\\sources\\urdf_files_dataset\\urdf_files\\ros-industrial\\xacro_generated\\staubli\\staubli_tx60_support\\meshes\\tx60\\visual\\link_3.stl"", ""D:\\CADtest\\papertest\\go_nogo1\\sources\\urdf_files_dataset\\urdf_files\\ros-industrial\\xacro_generated\\staubli\\staubli_tx60_support\\meshes\\tx60\\visual\\link_5.stl"", ""D:\\CADtest\\papertest\\go_nogo1\\sources\\urdf_files_dataset\\urdf_files\\ros-industrial\\xacro_generated\\staubli\\staubli_tx60_support\\meshes\\tx60\\visual\\link_6.stl"", ""D:\\CADtest\\papertest\\go_nogo1\\sources\\urdf_files_dataset\\urdf_files\\ros-industrial\\xacro_generated\\staubli\\staubli_tx60_support\\meshes\\tx60l\\visual\\link_2.stl"", ""D:\\CADtest\\papertest\\go_nogo1\\sources\\urdf_files_dataset\\urdf_files\\ros-industrial\\xacro_generated\\staubli\\staubli_tx60_support\\meshes\\tx60l\\visual\\link_4.stl""]",staubli_tx60l,ros-industrial,https://github.com/ros-industrial/staubli_experimental/tree/256a71acea2161b64e12af1a6b925a7f26695007/staubli_tx60_support,robotic arm,D:\CADtest\papertest\go_nogo1\sources\urdf_files_dataset\urdf_files\ros-industrial\xacro_generated\staubli\staubli_tx60_support\urdf\tx60l.urdf,original,1.0,True,2,1,0,arm-5547a74654,1,"[""ros-industrial""]",True,,7.0,0.0,[],True,34874.0,17448.0,1.0533059582103437,0.42857142857142855,12.0,0.7945724934843955,74.90492257555051,0.31653188520534803,0.2157645164144806,0.48978042911861674,high
237,True,"{""fixed"": 3, ""revolute"": 6}",Staubli,8.0,True,6.0,7.0,1.0,9.0,10.0,7.0,7.0,0.0,7.0,7.0,TX-90,1.0,,True,A,ros-industrial\xacro_generated\staubli\staubli_tx90_support\urdf\tx90.urdf,"{""ancestor_suffix"": 7}","[""D:\\CADtest\\papertest\\go_nogo1\\sources\\urdf_files_dataset\\urdf_files\\ros-industrial\\xacro_generated\\staubli\\staubli_tx90_support\\meshes\\tx90\\visual\\base_link.stl"", ""D:\\CADtest\\papertest\\go_nogo1\\sources\\urdf_files_dataset\\urdf_files\\ros-industrial\\xacro_generated\\staubli\\staubli_tx90_support\\meshes\\tx90\\visual\\link_1.stl"", ""D:\\CADtest\\papertest\\go_nogo1\\sources\\urdf_files_dataset\\urdf_files\\ros-industrial\\xacro_generated\\staubli\\staubli_tx90_support\\meshes\\tx90\\visual\\link_2.stl"", ""D:\\CADtest\\papertest\\go_nogo1\\sources\\urdf_files_dataset\\urdf_files\\ros-industrial\\xacro_generated\\staubli\\staubli_tx90_support\\meshes\\tx90\\visual\\link_3.stl"", ""D:\\CADtest\\papertest\\go_nogo1\\sources\\urdf_files_dataset\\urdf_files\\ros-industrial\\xacro_generated\\staubli\\staubli_tx90_support\\meshes\\tx90\\visual\\link_4.stl"", ""D:\\CADtest\\papertest\\go_nogo1\\sources\\urdf_files_dataset\\urdf_files\\ros-industrial\\xacro_generated\\staubli\\staubli_tx90_support\\meshes\\tx90\\visual\\link_5.stl"", ""D:\\CADtest\\papertest\\go_nogo1\\sources\\urdf_files_dataset\\urdf_files\\ros-industrial\\xacro_generated\\staubli\\staubli_tx90_support\\meshes\\tx90\\visual\\link_6.stl""]",staubli_tx90,ros-industrial,https://github.com/ros-industrial/staubli_experimental/tree/256a71acea2161b64e12af1a6b925a7f26695007/staubli_tx90_support,robotic arm,D:\CADtest\papertest\go_nogo1\sources\urdf_files_dataset\urdf_files\ros-industrial\xacro_generated\staubli\staubli_tx90_support\urdf\tx90.urdf,original,1.0,True,2,1,0,arm-e93307d9bd,1,"[""ros-industrial""]",True,,6.0,1.0,"[""link_4.stl: ModuleNotFoundError: No module named 'networkx'""]",True,32777.0,16393.0,1.3581425833955858,0.5,6.0,0.8494312421826157,78.67470110080721,0.27093598252824297,0.18771872940346052,0.6485929735989733,high
238,True,"{""fixed"": 3, ""revolute"": 6}",Staubli,8.0,True,6.0,7.0,1.0,9.0,10.0,7.0,7.0,0.0,7.0,7.0,TX-90L,1.0,,True,A,ros-industrial\xacro_generated\staubli\staubli_tx90_support\urdf\tx90l.urdf,"{""ancestor_suffix"": 7}","[""D:\\CADtest\\papertest\\go_nogo1\\sources\\urdf_files_dataset\\urdf_files\\ros-industrial\\xacro_generated\\staubli\\staubli_tx90_support\\meshes\\tx90\\visual\\base_link.stl"", ""D:\\CADtest\\papertest\\go_nogo1\\sources\\urdf_files_dataset\\urdf_files\\ros-industrial\\xacro_generated\\staubli\\staubli_tx90_support\\meshes\\tx90\\visual\\link_1.stl"", ""D:\\CADtest\\papertest\\go_nogo1\\sources\\urdf_files_dataset\\urdf_files\\ros-industrial\\xacro_generated\\staubli\\staubli_tx90_support\\meshes\\tx90\\visual\\link_3.stl"", ""D:\\CADtest\\papertest\\go_nogo1\\sources\\urdf_files_dataset\\urdf_files\\ros-industrial\\xacro_generated\\staubli\\staubli_tx90_support\\meshes\\tx90\\visual\\link_5.stl"", ""D:\\CADtest\\papertest\\go_nogo1\\sources\\urdf_files_dataset\\urdf_files\\ros-industrial\\xacro_generated\\staubli\\staubli_tx90_support\\meshes\\tx90\\visual\\link_6.stl"", ""D:\\CADtest\\papertest\\go_nogo1\\sources\\urdf_files_dataset\\urdf_files\\ros-industrial\\xacro_generated\\staubli\\staubli_tx90_support\\meshes\\tx90l\\visual\\link_2.stl"", ""D:\\CADtest\\papertest\\go_nogo1\\sources\\urdf_files_dataset\\urdf_files\\ros-industrial\\xacro_generated\\staubli\\staubli_tx90_support\\meshes\\tx90l\\visual\\link_4.stl""]",staubli_tx90l,ros-industrial,https://github.com/ros-industrial/staubli_experimental/tree/256a71acea2161b64e12af1a6b925a7f26695007/staubli_tx90_support,robotic arm,D:\CADtest\papertest\go_nogo1\sources\urdf_files_dataset\urdf_files\ros-industrial\xacro_generated\staubli\staubli_tx90_support\urdf\tx90l.urdf,original,1.0,True,2,1,0,arm-d07d771ab2,1,"[""ros-industrial""]",True,,6.0,1.0,"[""link_4.stl: ModuleNotFoundError: No module named 'networkx'""]",True,31472.0,15745.0,1.3983376676003123,0.3333333333333333,6.0,0.8443487241449288,79.00496041698395,0.2818164354879469,0.19490341438779973,0.6520050269201646,high
239,True,"{""fixed"": 3, ""revolute"": 6}",Staubli,8.0,True,6.0,7.0,1.0,9.0,10.0,7.0,7.0,0.0,7.0,7.0,TX-90XL,1.0,,True,A,ros-industrial\xacro_generated\staubli\staubli_tx90_support\urdf\tx90xl.urdf,"{""ancestor_suffix"": 7}","[""D:\\CADtest\\papertest\\go_nogo1\\sources\\urdf_files_dataset\\urdf_files\\ros-industrial\\xacro_generated\\staubli\\staubli_tx90_support\\meshes\\tx90\\visual\\base_link.stl"", ""D:\\CADtest\\papertest\\go_nogo1\\sources\\urdf_files_dataset\\urdf_files\\ros-industrial\\xacro_generated\\staubli\\staubli_tx90_support\\meshes\\tx90\\visual\\link_1.stl"", ""D:\\CADtest\\papertest\\go_nogo1\\sources\\urdf_files_dataset\\urdf_files\\ros-industrial\\xacro_generated\\staubli\\staubli_tx90_support\\meshes\\tx90\\visual\\link_3.stl"", ""D:\\CADtest\\papertest\\go_nogo1\\sources\\urdf_files_dataset\\urdf_files\\ros-industrial\\xacro_generated\\staubli\\staubli_tx90_support\\meshes\\tx90\\visual\\link_5.stl"", ""D:\\CADtest\\papertest\\go_nogo1\\sources\\urdf_files_dataset\\urdf_files\\ros-industrial\\xacro_generated\\staubli\\staubli_tx90_support\\meshes\\tx90\\visual\\link_6.stl"", ""D:\\CADtest\\papertest\\go_nogo1\\sources\\urdf_files_dataset\\urdf_files\\ros-industrial\\xacro_generated\\staubli\\staubli_tx90_support\\meshes\\tx90xl\\visual\\link_2.stl"", ""D:\\CADtest\\papertest\\go_nogo1\\sources\\urdf_files_dataset\\urdf_files\\ros-industrial\\xacro_generated\\staubli\\staubli_tx90_support\\meshes\\tx90xl\\visual\\link_4.stl""]",staubli_tx90xl,ros-industrial,https://github.com/ros-industrial/staubli_experimental/tree/256a71acea2161b64e12af1a6b925a7f26695007/staubli_tx90_support,robotic arm,D:\CADtest\papertest\go_nogo1\sources\urdf_files_dataset\urdf_files\ros-industrial\xacro_generated\staubli\staubli_tx90_support\urdf\tx90xl.urdf,original,1.0,True,2,1,0,arm-c19ddd110e,1,"[""ros-industrial""]",True,,6.0,1.0,"[""link_2.stl: ModuleNotFoundError: No module named 'networkx'""]",True,32210.0,16116.0,1.2728123459711889,0.3333333333333333,12.0,0.8643383894931889,78.42511100164926,0.3275086049804278,0.23514298937823752,0.8209320337952365,high
230,True,"{""fixed"": 3, ""revolute"": 6}",Staubli,8.0,True,6.0,7.0,1.0,9.0,10.0,7.0,7.0,0.0,7.0,7.0,TX2-60,1.0,,True,A,ros-industrial\xacro_generated\staubli\staubli_tx2_60_support\urdf\tx2_60.urdf,"{""ancestor_suffix"": 7}","[""D:\\CADtest\\papertest\\go_nogo1\\sources\\urdf_files_dataset\\urdf_files\\ros-industrial\\xacro_generated\\staubli\\staubli_tx2_60_support\\meshes\\tx2_60\\visual\\base_link.stl"", ""D:\\CADtest\\papertest\\go_nogo1\\sources\\urdf_files_dataset\\urdf_files\\ros-industrial\\xacro_generated\\staubli\\staubli_tx2_60_support\\meshes\\tx2_60\\visual\\link_1.stl"", ""D:\\CADtest\\papertest\\go_nogo1\\sources\\urdf_files_dataset\\urdf_files\\ros-industrial\\xacro_generated\\staubli\\staubli_tx2_60_support\\meshes\\tx2_60\\visual\\link_2.stl"", ""D:\\CADtest\\papertest\\go_nogo1\\sources\\urdf_files_dataset\\urdf_files\\ros-industrial\\xacro_generated\\staubli\\staubli_tx2_60_support\\meshes\\tx2_60\\visual\\link_3.stl"", ""D:\\CADtest\\papertest\\go_nogo1\\sources\\urdf_files_dataset\\urdf_files\\ros-industrial\\xacro_generated\\staubli\\staubli_tx2_60_support\\meshes\\tx2_60\\visual\\link_4.stl"", ""D:\\CADtest\\papertest\\go_nogo1\\sources\\urdf_files_dataset\\urdf_files\\ros-industrial\\xacro_generated\\staubli\\staubli_tx60_support\\meshes\\tx60\\visual\\link_5.stl"", ""D:\\CADtest\\papertest\\go_nogo1\\sources\\urdf_files_dataset\\urdf_files\\ros-industrial\\xacro_generated\\staubli\\staubli_tx60_support\\meshes\\tx60\\visual\\link_6.stl""]",staubli_tx2_60,ros-industrial,https://github.com/ros-industrial/staubli_experimental/tree/256a71acea2161b64e12af1a6b925a7f26695007/staubli_tx2_60_support,robotic arm,D:\CADtest\papertest\go_nogo1\sources\urdf_files_dataset\urdf_files\ros-industrial\xacro_generated\staubli\staubli_tx2_60_support\urdf\tx2_60.urdf,original,1.0,True,2,1,0,arm-7e62b38268,1,"[""ros-industrial""]",True,,7.0,0.0,[],True,37229.0,18647.0,1.038246448359476,0.2857142857142857,15.0,0.8551008136130664,54.01611175929537,0.30161301699387116,0.17162259059179533,0.559329603189907,high
231,True,"{""fixed"": 3, ""revolute"": 6}",Staubli,8.0,True,6.0,7.0,1.0,9.0,10.0,7.0,7.0,0.0,7.0,7.0,TX2-60L,1.0,,True,A,ros-industrial\xacro_generated\staubli\staubli_tx2_60_support\urdf\tx2_60l.urdf,"{""ancestor_suffix"": 7}","[""D:\\CADtest\\papertest\\go_nogo1\\sources\\urdf_files_dataset\\urdf_files\\ros-industrial\\xacro_generated\\staubli\\staubli_tx2_60_support\\meshes\\tx2_60\\visual\\base_link.stl"", ""D:\\CADtest\\papertest\\go_nogo1\\sources\\urdf_files_dataset\\urdf_files\\ros-industrial\\xacro_generated\\staubli\\staubli_tx2_60_support\\meshes\\tx2_60\\visual\\link_1.stl"", ""D:\\CADtest\\papertest\\go_nogo1\\sources\\urdf_files_dataset\\urdf_files\\ros-industrial\\xacro_generated\\staubli\\staubli_tx2_60_support\\meshes\\tx2_60\\visual\\link_3.stl"", ""D:\\CADtest\\papertest\\go_nogo1\\sources\\urdf_files_dataset\\urdf_files\\ros-industrial\\xacro_generated\\staubli\\staubli_tx2_60_support\\meshes\\tx2_60l\\visual\\link_2.stl"", ""D:\\CADtest\\papertest\\go_nogo1\\sources\\urdf_files_dataset\\urdf_files\\ros-industrial\\xacro_generated\\staubli\\staubli_tx2_60_support\\meshes\\tx2_60l\\visual\\link_4.stl"", ""D:\\CADtest\\papertest\\go_nogo1\\sources\\urdf_files_dataset\\urdf_files\\ros-industrial\\xacro_generated\\staubli\\staubli_tx60_support\\meshes\\tx60\\visual\\link_5.stl"", ""D:\\CADtest\\papertest\\go_nogo1\\sources\\urdf_files_dataset\\urdf_files\\ros-industrial\\xacro_generated\\staubli\\staubli_tx60_support\\meshes\\tx60\\visual\\link_6.stl""]",staubli_tx2_60l,ros-industrial,https://github.com/ros-industrial/staubli_experimental/tree/256a71acea2161b64e12af1a6b925a7f26695007/staubli_tx2_60_support,robotic arm,D:\CADtest\papertest\go_nogo1\sources\urdf_files_dataset\urdf_files\ros-industrial\xacro_generated\staubli\staubli_tx2_60_support\urdf\tx2_60l.urdf,original,1.0,True,2,1,0,arm-34e953c5c7,1,"[""ros-industrial""]",True,,7.0,0.0,[],True,35938.0,17996.0,1.1166198179969458,0.2857142857142857,12.0,0.852500408590753,57.09685273398546,0.3130569672115829,0.18007942109970596,0.5933765281362177,high
232,True,"{""fixed"": 3, ""revolute"": 6}",Staubli,8.0,True,6.0,7.0,1.0,9.0,10.0,7.0,7.0,0.0,7.0,7.0,TX2-90,1.0,,True,A,ros-industrial\xacro_generated\staubli\staubli_tx2_90_support\urdf\tx2_90.urdf,"{""ancestor_suffix"": 7}","[""D:\\CADtest\\papertest\\go_nogo1\\sources\\urdf_files_dataset\\urdf_files\\ros-industrial\\xacro_generated\\staubli\\staubli_tx2_90_support\\meshes\\tx2_90\\visual\\base_link.stl"", ""D:\\CADtest\\papertest\\go_nogo1\\sources\\urdf_files_dataset\\urdf_files\\ros-industrial\\xacro_generated\\staubli\\staubli_tx2_90_support\\meshes\\tx2_90\\visual\\link_1.stl"", ""D:\\CADtest\\papertest\\go_nogo1\\sources\\urdf_files_dataset\\urdf_files\\ros-industrial\\xacro_generated\\staubli\\staubli_tx2_90_support\\meshes\\tx2_90\\visual\\link_2.stl"", ""D:\\CADtest\\papertest\\go_nogo1\\sources\\urdf_files_dataset\\urdf_files\\ros-industrial\\xacro_generated\\staubli\\staubli_tx2_90_support\\meshes\\tx2_90\\visual\\link_3.stl"", ""D:\\CADtest\\papertest\\go_nogo1\\sources\\urdf_files_dataset\\urdf_files\\ros-industrial\\xacro_generated\\staubli\\staubli_tx2_90_support\\meshes\\tx2_90\\visual\\link_4.stl"", ""D:\\CADtest\\papertest\\go_nogo1\\sources\\urdf_files_dataset\\urdf_files\\ros-industrial\\xacro_generated\\staubli\\staubli_tx2_90_support\\meshes\\tx2_90\\visual\\link_5.stl"", ""D:\\CADtest\\papertest\\go_nogo1\\sources\\urdf_files_dataset\\urdf_files\\ros-industrial\\xacro_generated\\staubli\\staubli_tx2_90_support\\meshes\\tx2_90\\visual\\link_6.stl""]",staubli_tx2_90,ros-industrial,https://github.com/ros-industrial/staubli_experimental/tree/256a71acea2161b64e12af1a6b925a7f26695007/staubli_tx2_90_support,robotic arm,D:\CADtest\papertest\go_nogo1\sources\urdf_files_dataset\urdf_files\ros-industrial\xacro_generated\staubli\staubli_tx2_90_support\urdf\tx2_90.urdf,original,1.0,True,2,1,0,arm-144f1962ce,1,"[""ros-industrial""]",True,,7.0,0.0,[],True,54963.0,27521.0,1.6960424175165545,0.2857142857142857,24.0,0.8806131033288059,50.6930799807046,0.34225495790439914,0.1891677067821632,0.7213090170829708,high
233,True,"{""fixed"": 3, ""revolute"": 6}",Staubli,8.0,True,6.0,7.0,1.0,9.0,10.0,7.0,7.0,0.0,7.0,7.0,TX2-90L,1.0,,True,A,ros-industrial\xacro_generated\staubli\staubli_tx2_90_support\urdf\tx2_90l.urdf,"{""ancestor_suffix"": 7}","[""D:\\CADtest\\papertest\\go_nogo1\\sources\\urdf_files_dataset\\urdf_files\\ros-industrial\\xacro_generated\\staubli\\staubli_tx2_90_support\\meshes\\tx2_90\\visual\\base_link.stl"", ""D:\\CADtest\\papertest\\go_nogo1\\sources\\urdf_files_dataset\\urdf_files\\ros-industrial\\xacro_generated\\staubli\\staubli_tx2_90_support\\meshes\\tx2_90\\visual\\link_1.stl"", ""D:\\CADtest\\papertest\\go_nogo1\\sources\\urdf_files_dataset\\urdf_files\\ros-industrial\\xacro_generated\\staubli\\staubli_tx2_90_support\\meshes\\tx2_90\\visual\\link_3.stl"", ""D:\\CADtest\\papertest\\go_nogo1\\sources\\urdf_files_dataset\\urdf_files\\ros-industrial\\xacro_generated\\staubli\\staubli_tx2_90_support\\meshes\\tx2_90\\visual\\link_5.stl"", ""D:\\CADtest\\papertest\\go_nogo1\\sources\\urdf_files_dataset\\urdf_files\\ros-industrial\\xacro_generated\\staubli\\staubli_tx2_90_support\\meshes\\tx2_90\\visual\\link_6.stl"", ""D:\\CADtest\\papertest\\go_nogo1\\sources\\urdf_files_dataset\\urdf_files\\ros-industrial\\xacro_generated\\staubli\\staubli_tx2_90_support\\meshes\\tx2_90l\\visual\\link_2.stl"", ""D:\\CADtest\\papertest\\go_nogo1\\sources\\urdf_files_dataset\\urdf_files\\ros-industrial\\xacro_generated\\staubli\\staubli_tx2_90_support\\meshes\\tx2_90l\\visual\\link_4.stl""]",staubli_tx2_90l,ros-industrial,https://github.com/ros-industrial/staubli_experimental/tree/256a71acea2161b64e12af1a6b925a7f26695007/staubli_tx2_90_support,robotic arm,D:\CADtest\papertest\go_nogo1\sources\urdf_files_dataset\urdf_files\ros-industrial\xacro_generated\staubli\staubli_tx2_90_support\urdf\tx2_90l.urdf,original,1.0,True,2,1,0,arm-2a2b0eb0bf,1,"[""ros-industrial""]",True,,7.0,0.0,[],True,55814.0,27930.0,1.7887283663817073,0.2857142857142857,23.0,0.8748216029611056,49.97601046786991,0.3375658879273446,0.18465475866146522,0.6832552228844242,high
234,True,"{""fixed"": 3, ""revolute"": 6}",Staubli,8.0,True,6.0,7.0,1.0,9.0,10.0,7.0,7.0,0.0,7.0,7.0,TX2-90XL,1.0,,True,A,ros-industrial\xacro_generated\staubli\staubli_tx2_90_support\urdf\tx2_90xl.urdf,"{""ancestor_suffix"": 7}","[""D:\\CADtest\\papertest\\go_nogo1\\sources\\urdf_files_dataset\\urdf_files\\ros-industrial\\xacro_generated\\staubli\\staubli_tx2_90_support\\meshes\\tx2_90\\visual\\base_link.stl"", ""D:\\CADtest\\papertest\\go_nogo1\\sources\\urdf_files_dataset\\urdf_files\\ros-industrial\\xacro_generated\\staubli\\staubli_tx2_90_support\\meshes\\tx2_90\\visual\\link_1.stl"", ""D:\\CADtest\\papertest\\go_nogo1\\sources\\urdf_files_dataset\\urdf_files\\ros-industrial\\xacro_generated\\staubli\\staubli_tx2_90_support\\meshes\\tx2_90\\visual\\link_3.stl"", ""D:\\CADtest\\papertest\\go_nogo1\\sources\\urdf_files_dataset\\urdf_files\\ros-industrial\\xacro_generated\\staubli\\staubli_tx2_90_support\\meshes\\tx2_90\\visual\\link_5.stl"", ""D:\\CADtest\\papertest\\go_nogo1\\sources\\urdf_files_dataset\\urdf_files\\ros-industrial\\xacro_generated\\staubli\\staubli_tx2_90_support\\meshes\\tx2_90\\visual\\link_6.stl"", ""D:\\CADtest\\papertest\\go_nogo1\\sources\\urdf_files_dataset\\urdf_files\\ros-industrial\\xacro_generated\\staubli\\staubli_tx2_90_support\\meshes\\tx2_90xl\\visual\\link_2.stl"", ""D:\\CADtest\\papertest\\go_nogo1\\sources\\urdf_files_dataset\\urdf_files\\ros-industrial\\xacro_generated\\staubli\\staubli_tx2_90_support\\meshes\\tx2_90xl\\visual\\link_4.stl""]",staubli_tx2_90xl,ros-industrial,https://github.com/ros-industrial/staubli_experimental/tree/256a71acea2161b64e12af1a6b925a7f26695007/staubli_tx2_90_support,robotic arm,D:\CADtest\papertest\go_nogo1\sources\urdf_files_dataset\urdf_files\ros-industrial\xacro_generated\staubli\staubli_tx2_90_support\urdf\tx2_90xl.urdf,original,1.0,True,2,1,0,arm-b10f1f90f2,1,"[""ros-industrial""]",True,,7.0,0.0,[],True,57554.0,28800.0,1.9435777798074503,0.2857142857142857,28.0,0.8634693599734765,50.0835464134978,0.33395248633729613,0.18234804816586184,0.6305056927319324,high
119,True,"{""fixed"": 17, ""prismatic"": 1, ""revolute"": 5}",Trossen Robotics,20.0,True,6.0,0.0,1.0,23.0,24.0,21.0,21.0,0.0,21.0,21.0,PhantomX Pincher,1.0,,True,A,robotics-toolbox\pxpincher\urdf\pincher_arm.urdf,"{""ancestor_suffix"": 21}","[""D:\\CADtest\\papertest\\go_nogo1\\sources\\urdf_files_dataset\\urdf_files\\robotics-toolbox\\pxpincher\\meshes\\F10.stl"", ""D:\\CADtest\\papertest\\go_nogo1\\sources\\urdf_files_dataset\\urdf_files\\robotics-toolbox\\pxpincher\\meshes\\F2.stl"", ""D:\\CADtest\\papertest\\go_nogo1\\sources\\urdf_files_dataset\\urdf_files\\robotics-toolbox\\pxpincher\\meshes\\F3.stl"", ""D:\\CADtest\\papertest\\go_nogo1\\sources\\urdf_files_dataset\\urdf_files\\robotics-toolbox\\pxpincher\\meshes\\F4.stl"", ""D:\\CADtest\\papertest\\go_nogo1\\sources\\urdf_files_dataset\\urdf_files\\robotics-toolbox\\pxpincher\\meshes\\ax12_box.stl"", ""D:\\CADtest\\papertest\\go_nogo1\\sources\\urdf_files_dataset\\urdf_files\\robotics-toolbox\\pxpincher\\meshes\\pincher_finger.stl"", ""D:\\CADtest\\papertest\\go_nogo1\\sources\\urdf_files_dataset\\urdf_files\\robotics-toolbox\\pxpincher\\meshes\\pincher_finger_base.stl""]",turtlebot_arm,robotics-toolbox,https://github.com/petercorke/robotics-toolbox-python/tree/07ad1259338d6dfd41af6e5e50973e315284a912/rtb-data/rtbdata/xacro/pxpincher,robotic arm,D:\CADtest\papertest\go_nogo1\sources\urdf_files_dataset\urdf_files\robotics-toolbox\pxpincher\urdf\pincher_arm.urdf,original,1.0,False,2,1,1,arm-84f18dca29,1,"[""robotics-toolbox""]",True,,7.0,0.0,[],True,9242.0,4405.0,37291.521111468974,0.8571428571428571,8.0,0.8340968157954451,96.12521133479616,0.6501073330291995,0.5303362302602096,1.4687710258423514,high
124,True,"{""continuous"": 1, ""fixed"": 4, ""prismatic"": 2, ""revolute"": 4}",Trossen Robotics,8.0,True,7.0,9.0,1.0,11.0,12.0,9.0,9.0,0.0,9.0,9.0,PincherX-100,1.0,,True,A,robotics-toolbox\xacro_generated\interbotix_descriptions\urdf\px100.urdf,"{""ancestor_suffix"": 9}","[""D:\\CADtest\\papertest\\go_nogo1\\sources\\urdf_files_dataset\\urdf_files\\robotics-toolbox\\xacro_generated\\interbotix_descriptions\\meshes\\meshes_px100\\PXA-100-M-1-Base.stl"", ""D:\\CADtest\\papertest\\go_nogo1\\sources\\urdf_files_dataset\\urdf_files\\robotics-toolbox\\xacro_generated\\interbotix_descriptions\\meshes\\meshes_px100\\PXA-100-M-2-Shoulder.stl"", ""D:\\CADtest\\papertest\\go_nogo1\\sources\\urdf_files_dataset\\urdf_files\\robotics-toolbox\\xacro_generated\\interbotix_descriptions\\meshes\\meshes_px100\\PXA-100-M-3-UA.stl"", ""D:\\CADtest\\papertest\\go_nogo1\\sources\\urdf_files_dataset\\urdf_files\\robotics-toolbox\\xacro_generated\\interbotix_descriptions\\meshes\\meshes_px100\\PXA-100-M-4-Forearm.stl"", ""D:\\CADtest\\papertest\\go_nogo1\\sources\\urdf_files_dataset\\urdf_files\\robotics-toolbox\\xacro_generated\\interbotix_descriptions\\meshes\\meshes_px100\\PXA-100-M-5-Wrist-Gripper.stl"", ""D:\\CADtest\\papertest\\go_nogo1\\sources\\urdf_files_dataset\\urdf_files\\robotics-toolbox\\xacro_generated\\interbotix_descriptions\\meshes\\meshes_px100\\PXA-100-M-6-Gripper-Prop.stl"", ""D:\\CADtest\\papertest\\go_nogo1\\sources\\urdf_files_dataset\\urdf_files\\robotics-toolbox\\xacro_generated\\interbotix_descriptions\\meshes\\meshes_px100\\PXA-100-M-7-Gripper-Bar.stl"", ""D:\\CADtest\\papertest\\go_nogo1\\sources\\urdf_files_dataset\\urdf_files\\robotics-toolbox\\xacro_generated\\interbotix_descriptions\\meshes\\meshes_px100\\PXA-100-M-8-Finger.stl""]",px100,robotics-toolbox,https://github.com/petercorke/robotics-toolbox-python/tree/07ad1259338d6dfd41af6e5e50973e315284a912/rtb-data/rtbdata/xacro/interbotix_descriptions,robotic arm,D:\CADtest\papertest\go_nogo1\sources\urdf_files_dataset\urdf_files\robotics-toolbox\xacro_generated\interbotix_descriptions\urdf\px100.urdf,original,1.0,True,2,1,0,arm-b7ba94bbd4,1,"[""robotics-toolbox""]",True,,8.0,0.0,[],True,6620.0,3373.0,139689.91460013628,0.75,11.0,0.5545094556297252,90.0,0.34888275787530576,0.28812635972266676,-0.31741579584635443,medium
125,True,"{""continuous"": 1, ""fixed"": 4, ""prismatic"": 2, ""revolute"": 5}",Trossen Robotics,9.0,True,8.0,10.0,1.0,12.0,13.0,10.0,10.0,0.0,10.0,10.0,PincherX-150,1.0,,True,A,robotics-toolbox\xacro_generated\interbotix_descriptions\urdf\px150.urdf,"{""ancestor_suffix"": 10}","[""D:\\CADtest\\papertest\\go_nogo1\\sources\\urdf_files_dataset\\urdf_files\\robotics-toolbox\\xacro_generated\\interbotix_descriptions\\meshes\\meshes_px150\\PXA-150-M-1-Base.stl"", ""D:\\CADtest\\papertest\\go_nogo1\\sources\\urdf_files_dataset\\urdf_files\\robotics-toolbox\\xacro_generated\\interbotix_descriptions\\meshes\\meshes_px150\\PXA-150-M-2-Shoulder.stl"", ""D:\\CADtest\\papertest\\go_nogo1\\sources\\urdf_files_dataset\\urdf_files\\robotics-toolbox\\xacro_generated\\interbotix_descriptions\\meshes\\meshes_px150\\PXA-150-M-3-UA.stl"", ""D:\\CADtest\\papertest\\go_nogo1\\sources\\urdf_files_dataset\\urdf_files\\robotics-toolbox\\xacro_generated\\interbotix_descriptions\\meshes\\meshes_px150\\PXA-150-M-4-Forearm.stl"", ""D:\\CADtest\\papertest\\go_nogo1\\sources\\urdf_files_dataset\\urdf_files\\robotics-toolbox\\xacro_generated\\interbotix_descriptions\\meshes\\meshes_px150\\PXA-150-M-5-Wrist.stl"", ""D:\\CADtest\\papertest\\go_nogo1\\sources\\urdf_files_dataset\\urdf_files\\robotics-toolbox\\xacro_generated\\interbotix_descriptions\\meshes\\meshes_px150\\PXA-150-M-6-Gripper.stl"", ""D:\\CADtest\\papertest\\go_nogo1\\sources\\urdf_files_dataset\\urdf_files\\robotics-toolbox\\xacro_generated\\interbotix_descriptions\\meshes\\meshes_px150\\PXA-150-M-7-Gripper-Prop.stl"", ""D:\\CADtest\\papertest\\go_nogo1\\sources\\urdf_files_dataset\\urdf_files\\robotics-toolbox\\xacro_generated\\interbotix_descriptions\\meshes\\meshes_px150\\PXA-150-M-8-Gripper-Bar.stl"", ""D:\\CADtest\\papertest\\go_nogo1\\sources\\urdf_files_dataset\\urdf_files\\robotics-toolbox\\xacro_generated\\interbotix_descriptions\\meshes\\meshes_px150\\PXA-150-M-9-Finger.stl""]",px150,robotics-toolbox,https://github.com/petercorke/robotics-toolbox-python/tree/07ad1259338d6dfd41af6e5e50973e315284a912/rtb-data/rtbdata/xacro/interbotix_descriptions,robotic arm,D:\CADtest\papertest\go_nogo1\sources\urdf_files_dataset\urdf_files\robotics-toolbox\xacro_generated\interbotix_descriptions\urdf\px150.urdf,original,1.0,True,2,1,0,arm-355efc5b8b,1,"[""robotics-toolbox""]",True,,9.0,0.0,[],True,10672.0,5422.0,330309.7792235451,0.8888888888888888,21.0,0.5674982081473908,90.00000054807049,0.2794207449715005,0.24653263145117818,-0.40364272007543933,low
126,True,"{""continuous"": 1, ""fixed"": 4, ""prismatic"": 2, ""revolute"": 5}",Trossen Robotics,9.0,True,8.0,10.0,1.0,12.0,13.0,10.0,10.0,0.0,10.0,10.0,ReactorX-150,1.0,,True,A,robotics-toolbox\xacro_generated\interbotix_descriptions\urdf\rx150.urdf,"{""ancestor_suffix"": 10}","[""D:\\CADtest\\papertest\\go_nogo1\\sources\\urdf_files_dataset\\urdf_files\\robotics-toolbox\\xacro_generated\\interbotix_descriptions\\meshes\\meshes_rx150\\RXA-150-M-1-Base.stl"", ""D:\\CADtest\\papertest\\go_nogo1\\sources\\urdf_files_dataset\\urdf_files\\robotics-toolbox\\xacro_generated\\interbotix_descriptions\\meshes\\meshes_rx150\\RXA-150-M-2-Shoulder.stl"", ""D:\\CADtest\\papertest\\go_nogo1\\sources\\urdf_files_dataset\\urdf_files\\robotics-toolbox\\xacro_generated\\interbotix_descriptions\\meshes\\meshes_rx150\\RXA-150-M-3-UA.stl"", ""D:\\CADtest\\papertest\\go_nogo1\\sources\\urdf_files_dataset\\urdf_files\\robotics-toolbox\\xacro_generated\\interbotix_descriptions\\meshes\\meshes_rx150\\RXA-150-M-4-Forearm.stl"", ""D:\\CADtest\\papertest\\go_nogo1\\sources\\urdf_files_dataset\\urdf_files\\robotics-toolbox\\xacro_generated\\interbotix_descriptions\\meshes\\meshes_rx150\\RXA-150-M-5-Wrist.stl"", ""D:\\CADtest\\papertest\\go_nogo1\\sources\\urdf_files_dataset\\urdf_files\\robotics-toolbox\\xacro_generated\\interbotix_descriptions\\meshes\\meshes_rx150\\RXA-150-M-6-Gripper.stl"", ""D:\\CADtest\\papertest\\go_nogo1\\sources\\urdf_files_dataset\\urdf_files\\robotics-toolbox\\xacro_generated\\interbotix_descriptions\\meshes\\meshes_rx150\\RXA-150-M-7-Gripper-Prop.stl"", ""D:\\CADtest\\papertest\\go_nogo1\\sources\\urdf_files_dataset\\urdf_files\\robotics-toolbox\\xacro_generated\\interbotix_descriptions\\meshes\\meshes_rx150\\RXA-150-M-8-Gripper-Bar.stl"", ""D:\\CADtest\\papertest\\go_nogo1\\sources\\urdf_files_dataset\\urdf_files\\robotics-toolbox\\xacro_generated\\interbotix_descriptions\\meshes\\meshes_rx150\\RXA-150-M-9-Finger.stl""]",rx150,robotics-toolbox,https://github.com/petercorke/robotics-toolbox-python/tree/07ad1259338d6dfd41af6e5e50973e315284a912/rtb-data/rtbdata/xacro/interbotix_descriptions,robotic arm,D:\CADtest\papertest\go_nogo1\sources\urdf_files_dataset\urdf_files\robotics-toolbox\xacro_generated\interbotix_descriptions\urdf\rx150.urdf,original,1.0,True,2,1,0,arm-ab859c237c,1,"[""robotics-toolbox""]",True,,9.0,0.0,[],True,11194.0,5687.0,311005.02825760836,0.8888888888888888,21.0,0.552600633038827,90.00000058209041,0.2734152530594506,0.23694547111694708,-0.4763924973033819,low
127,True,"{""continuous"": 1, ""fixed"": 4, ""prismatic"": 2, ""revolute"": 5}",Trossen Robotics,9.0,True,8.0,10.0,1.0,12.0,13.0,10.0,10.0,0.0,10.0,10.0,ReactorX-200,1.0,,True,A,robotics-toolbox\xacro_generated\interbotix_descriptions\urdf\rx200.urdf,"{""ancestor_suffix"": 10}","[""D:\\CADtest\\papertest\\go_nogo1\\sources\\urdf_files_dataset\\urdf_files\\robotics-toolbox\\xacro_generated\\interbotix_descriptions\\meshes\\meshes_rx200\\RXA-200-M-1-Base.stl"", ""D:\\CADtest\\papertest\\go_nogo1\\sources\\urdf_files_dataset\\urdf_files\\robotics-toolbox\\xacro_generated\\interbotix_descriptions\\meshes\\meshes_rx200\\RXA-200-M-2-Shoulder.stl"", ""D:\\CADtest\\papertest\\go_nogo1\\sources\\urdf_files_dataset\\urdf_files\\robotics-toolbox\\xacro_generated\\interbotix_descriptions\\meshes\\meshes_rx200\\RXA-200-M-3-UA.stl"", ""D:\\CADtest\\papertest\\go_nogo1\\sources\\urdf_files_dataset\\urdf_files\\robotics-toolbox\\xacro_generated\\interbotix_descriptions\\meshes\\meshes_rx200\\RXA-200-M-4-Forearm.stl"", ""D:\\CADtest\\papertest\\go_nogo1\\sources\\urdf_files_dataset\\urdf_files\\robotics-toolbox\\xacro_generated\\interbotix_descriptions\\meshes\\meshes_rx200\\RXA-200-M-5-Wrist.stl"", ""D:\\CADtest\\papertest\\go_nogo1\\sources\\urdf_files_dataset\\urdf_files\\robotics-toolbox\\xacro_generated\\interbotix_descriptions\\meshes\\meshes_rx200\\RXA-200-M-6-Gripper.stl"", ""D:\\CADtest\\papertest\\go_nogo1\\sources\\urdf_files_dataset\\urdf_files\\robotics-toolbox\\xacro_generated\\interbotix_descriptions\\meshes\\meshes_rx200\\RXA-200-M-7-Gripper-Prop.stl"", ""D:\\CADtest\\papertest\\go_nogo1\\sources\\urdf_files_dataset\\urdf_files\\robotics-toolbox\\xacro_generated\\interbotix_descriptions\\meshes\\meshes_rx200\\RXA-200-M-8-Gripper-Bar.stl"", ""D:\\CADtest\\papertest\\go_nogo1\\sources\\urdf_files_dataset\\urdf_files\\robotics-toolbox\\xacro_generated\\interbotix_descriptions\\meshes\\meshes_rx200\\RXA-200-M-9-Finger.stl""]",rx200,robotics-toolbox,https://github.com/petercorke/robotics-toolbox-python/tree/07ad1259338d6dfd41af6e5e50973e315284a912/rtb-data/rtbdata/xacro/interbotix_descriptions,robotic arm,D:\CADtest\papertest\go_nogo1\sources\urdf_files_dataset\urdf_files\robotics-toolbox\xacro_generated\interbotix_descriptions\urdf\rx200.urdf,original,1.0,True,2,1,0,arm-c4fb1c3613,1,"[""robotics-toolbox""]",True,,9.0,0.0,[],True,10398.0,5285.0,325136.2508020854,0.8888888888888888,20.0,0.5681292041944968,90.00000055679133,0.29101776938186097,0.2459920742114414,-0.37783667565911144,low
120,True,"{""fixed"": 18, ""revolute"": 6}",Trossen Robotics,21.0,True,6.0,0.0,1.0,24.0,25.0,22.0,22.0,0.0,22.0,22.0,Turtlebot Arm,1.0,,True,A,robotics-toolbox\pxpincher\urdf\turtlebot_arm.urdf,"{""ancestor_suffix"": 22}","[""D:\\CADtest\\papertest\\go_nogo1\\sources\\urdf_files_dataset\\urdf_files\\robotics-toolbox\\pxpincher\\meshes\\F10.stl"", ""D:\\CADtest\\papertest\\go_nogo1\\sources\\urdf_files_dataset\\urdf_files\\robotics-toolbox\\pxpincher\\meshes\\F2.stl"", ""D:\\CADtest\\papertest\\go_nogo1\\sources\\urdf_files_dataset\\urdf_files\\robotics-toolbox\\pxpincher\\meshes\\F3.stl"", ""D:\\CADtest\\papertest\\go_nogo1\\sources\\urdf_files_dataset\\urdf_files\\robotics-toolbox\\pxpincher\\meshes\\F4.stl"", ""D:\\CADtest\\papertest\\go_nogo1\\sources\\urdf_files_dataset\\urdf_files\\robotics-toolbox\\pxpincher\\meshes\\ax12_box.stl"", ""D:\\CADtest\\papertest\\go_nogo1\\sources\\urdf_files_dataset\\urdf_files\\robotics-toolbox\\pxpincher\\meshes\\turtlebot_finger.stl""]",turtlebot_arm,robotics-toolbox,https://github.com/petercorke/robotics-toolbox-python/tree/07ad1259338d6dfd41af6e5e50973e315284a912/rtb-data/rtbdata/xacro/pxpincher,robotic arm,D:\CADtest\papertest\go_nogo1\sources\urdf_files_dataset\urdf_files\robotics-toolbox\pxpincher\urdf\turtlebot_arm.urdf,original,1.0,False,2,1,1,arm-c19394961c,1,"[""robotics-toolbox""]",True,,6.0,0.0,[],True,9360.0,4456.0,44717.41117897173,1.0,7.0,0.8121198158590127,95.76522128859177,0.6563054591805295,0.5476218840925223,1.3890795138127647,high
128,True,"{""continuous"": 1, ""fixed"": 4, ""prismatic"": 2, ""revolute"": 5}",Trossen Robotics,9.0,True,8.0,10.0,1.0,12.0,13.0,10.0,10.0,0.0,10.0,10.0,ViperX-300,1.0,,True,A,robotics-toolbox\xacro_generated\interbotix_descriptions\urdf\vx300.urdf,"{""ancestor_suffix"": 10}","[""D:\\CADtest\\papertest\\go_nogo1\\sources\\urdf_files_dataset\\urdf_files\\robotics-toolbox\\xacro_generated\\interbotix_descriptions\\meshes\\meshes_vx300\\VXA-300-M-1-Base.stl"", ""D:\\CADtest\\papertest\\go_nogo1\\sources\\urdf_files_dataset\\urdf_files\\robotics-toolbox\\xacro_generated\\interbotix_descriptions\\meshes\\meshes_vx300\\VXA-300-M-2-Shoulder.stl"", ""D:\\CADtest\\papertest\\go_nogo1\\sources\\urdf_files_dataset\\urdf_files\\robotics-toolbox\\xacro_generated\\interbotix_descriptions\\meshes\\meshes_vx300\\VXA-300-M-3-UA.stl"", ""D:\\CADtest\\papertest\\go_nogo1\\sources\\urdf_files_dataset\\urdf_files\\robotics-toolbox\\xacro_generated\\interbotix_descriptions\\meshes\\meshes_vx300\\VXA-300-M-4-Forearm.stl"", ""D:\\CADtest\\papertest\\go_nogo1\\sources\\urdf_files_dataset\\urdf_files\\robotics-toolbox\\xacro_generated\\interbotix_descriptions\\meshes\\meshes_vx300\\VXA-300-M-5-Wrist.stl"", ""D:\\CADtest\\papertest\\go_nogo1\\sources\\urdf_files_dataset\\urdf_files\\robotics-toolbox\\xacro_generated\\interbotix_descriptions\\meshes\\meshes_vx300\\VXA-300-M-6-Gripper.stl"", ""D:\\CADtest\\papertest\\go_nogo1\\sources\\urdf_files_dataset\\urdf_files\\robotics-toolbox\\xacro_generated\\interbotix_descriptions\\meshes\\meshes_vx300\\VXA-300-M-7-Gripper-Prop.stl"", ""D:\\CADtest\\papertest\\go_nogo1\\sources\\urdf_files_dataset\\urdf_files\\robotics-toolbox\\xacro_generated\\interbotix_descriptions\\meshes\\meshes_vx300\\VXA-300-M-8-Gripper-Bar.stl"", ""D:\\CADtest\\papertest\\go_nogo1\\sources\\urdf_files_dataset\\urdf_files\\robotics-toolbox\\xacro_generated\\interbotix_descriptions\\meshes\\meshes_vx300\\VXA-300-M-9-Finger.stl""]",vx300,robotics-toolbox,https://github.com/petercorke/robotics-toolbox-python/tree/07ad1259338d6dfd41af6e5e50973e315284a912/rtb-data/rtbdata/xacro/interbotix_descriptions,robotic arm,D:\CADtest\papertest\go_nogo1\sources\urdf_files_dataset\urdf_files\robotics-toolbox\xacro_generated\interbotix_descriptions\urdf\vx300.urdf,original,1.0,True,2,1,0,arm-1e30cc03ac,1,"[""robotics-toolbox""]",True,,9.0,0.0,[],True,25884.0,12924.0,418417.03979949636,0.4444444444444444,30.0,0.594761644430031,63.966850018562454,0.3206775357995332,0.2659848150652928,-0.3933898871603105,low
129,True,"{""continuous"": 1, ""fixed"": 4, ""prismatic"": 2, ""revolute"": 6}",Trossen Robotics,10.0,True,9.0,11.0,1.0,13.0,14.0,11.0,11.0,0.0,11.0,11.0,ViperX-300s,1.0,,True,A,robotics-toolbox\xacro_generated\interbotix_descriptions\urdf\vx300s.urdf,"{""ancestor_suffix"": 11}","[""D:\\CADtest\\papertest\\go_nogo1\\sources\\urdf_files_dataset\\urdf_files\\robotics-toolbox\\xacro_generated\\interbotix_descriptions\\meshes\\meshes_vx300s\\VXSA-300-M-1-Base.stl"", ""D:\\CADtest\\papertest\\go_nogo1\\sources\\urdf_files_dataset\\urdf_files\\robotics-toolbox\\xacro_generated\\interbotix_descriptions\\meshes\\meshes_vx300s\\VXSA-300-M-10-Finger.stl"", ""D:\\CADtest\\papertest\\go_nogo1\\sources\\urdf_files_dataset\\urdf_files\\robotics-toolbox\\xacro_generated\\interbotix_descriptions\\meshes\\meshes_vx300s\\VXSA-300-M-2-Shoulder.stl"", ""D:\\CADtest\\papertest\\go_nogo1\\sources\\urdf_files_dataset\\urdf_files\\robotics-toolbox\\xacro_generated\\interbotix_descriptions\\meshes\\meshes_vx300s\\VXSA-300-M-3-UA.stl"", ""D:\\CADtest\\papertest\\go_nogo1\\sources\\urdf_files_dataset\\urdf_files\\robotics-toolbox\\xacro_generated\\interbotix_descriptions\\meshes\\meshes_vx300s\\VXSA-300-M-4-UF.stl"", ""D:\\CADtest\\papertest\\go_nogo1\\sources\\urdf_files_dataset\\urdf_files\\robotics-toolbox\\xacro_generated\\interbotix_descriptions\\meshes\\meshes_vx300s\\VXSA-300-M-5-LF.stl"", ""D:\\CADtest\\papertest\\go_nogo1\\sources\\urdf_files_dataset\\urdf_files\\robotics-toolbox\\xacro_generated\\interbotix_descriptions\\meshes\\meshes_vx300s\\VXSA-300-M-6-Wrist.stl"", ""D:\\CADtest\\papertest\\go_nogo1\\sources\\urdf_files_dataset\\urdf_files\\robotics-toolbox\\xacro_generated\\interbotix_descriptions\\meshes\\meshes_vx300s\\VXSA-300-M-7-Gripper.stl"", ""D:\\CADtest\\papertest\\go_nogo1\\sources\\urdf_files_dataset\\urdf_files\\robotics-toolbox\\xacro_generated\\interbotix_descriptions\\meshes\\meshes_vx300s\\VXSA-300-M-8-Gripper-Prop.stl"", ""D:\\CADtest\\papertest\\go_nogo1\\sources\\urdf_files_dataset\\urdf_files\\robotics-toolbox\\xacro_generated\\interbotix_descriptions\\meshes\\meshes_vx300s\\VXSA-300-M-9-Gripper-Bar.stl""]",vx300s,robotics-toolbox,https://github.com/petercorke/robotics-toolbox-python/tree/07ad1259338d6dfd41af6e5e50973e315284a912/rtb-data/rtbdata/xacro/interbotix_descriptions,robotic arm,D:\CADtest\papertest\go_nogo1\sources\urdf_files_dataset\urdf_files\robotics-toolbox\xacro_generated\interbotix_descriptions\urdf\vx300s.urdf,original,1.0,True,2,1,0,arm-3cd0743b5b,1,"[""robotics-toolbox""]",True,,10.0,0.0,[],True,27784.0,13882.0,449568.9642989405,0.5,35.0,0.5921848662351895,70.86970803909469,0.3207688495661705,0.27151220440989926,-0.3550472303026371,low
130,True,"{""continuous"": 1, ""fixed"": 4, ""prismatic"": 2, ""revolute"": 5}",Trossen Robotics,9.0,True,8.0,10.0,1.0,12.0,13.0,10.0,10.0,0.0,10.0,10.0,WidowX-200,1.0,,True,A,robotics-toolbox\xacro_generated\interbotix_descriptions\urdf\wx200.urdf,"{""ancestor_suffix"": 10}","[""D:\\CADtest\\papertest\\go_nogo1\\sources\\urdf_files_dataset\\urdf_files\\robotics-toolbox\\xacro_generated\\interbotix_descriptions\\meshes\\meshes_wx200\\WXA-200-M-1-Base.stl"", ""D:\\CADtest\\papertest\\go_nogo1\\sources\\urdf_files_dataset\\urdf_files\\robotics-toolbox\\xacro_generated\\interbotix_descriptions\\meshes\\meshes_wx200\\WXA-200-M-2-Shoulder.stl"", ""D:\\CADtest\\papertest\\go_nogo1\\sources\\urdf_files_dataset\\urdf_files\\robotics-toolbox\\xacro_generated\\interbotix_descriptions\\meshes\\meshes_wx200\\WXA-200-M-3-UA.stl"", ""D:\\CADtest\\papertest\\go_nogo1\\sources\\urdf_files_dataset\\urdf_files\\robotics-toolbox\\xacro_generated\\interbotix_descriptions\\meshes\\meshes_wx200\\WXA-200-M-4-Forearm.stl"", ""D:\\CADtest\\papertest\\go_nogo1\\sources\\urdf_files_dataset\\urdf_files\\robotics-toolbox\\xacro_generated\\interbotix_descriptions\\meshes\\meshes_wx200\\WXA-200-M-5-Wrist.stl"", ""D:\\CADtest\\papertest\\go_nogo1\\sources\\urdf_files_dataset\\urdf_files\\robotics-toolbox\\xacro_generated\\interbotix_descriptions\\meshes\\meshes_wx200\\WXA-200-M-6-Gripper.stl"", ""D:\\CADtest\\papertest\\go_nogo1\\sources\\urdf_files_dataset\\urdf_files\\robotics-toolbox\\xacro_generated\\interbotix_descriptions\\meshes\\meshes_wx200\\WXA-200-M-7-Gripper-Prop.stl"", ""D:\\CADtest\\papertest\\go_nogo1\\sources\\urdf_files_dataset\\urdf_files\\robotics-toolbox\\xacro_generated\\interbotix_descriptions\\meshes\\meshes_wx200\\WXA-200-M-8-Gripper-Bar.stl"", ""D:\\CADtest\\papertest\\go_nogo1\\sources\\urdf_files_dataset\\urdf_files\\robotics-toolbox\\xacro_generated\\interbotix_descriptions\\meshes\\meshes_wx200\\WXA-200-M-9-Finger.stl""]",wx200,robotics-toolbox,https://github.com/petercorke/robotics-toolbox-python/tree/07ad1259338d6dfd41af6e5e50973e315284a912/rtb-data/rtbdata/xacro/interbotix_descriptions,robotic arm,D:\CADtest\papertest\go_nogo1\sources\urdf_files_dataset\urdf_files\robotics-toolbox\xacro_generated\interbotix_descriptions\urdf\wx200.urdf,original,1.0,True,2,1,0,arm-01df249d91,1,"[""robotics-toolbox""]",True,,9.0,0.0,[],True,7722.0,3941.0,225001.81502022583,0.8888888888888888,16.0,0.6023145095009391,71.66957240947042,0.30542991754491766,0.25248785074725627,-0.33885434448964097,medium
131,True,"{""continuous"": 1, ""fixed"": 4, ""prismatic"": 2, ""revolute"": 5}",Trossen Robotics,9.0,True,8.0,10.0,1.0,12.0,13.0,10.0,10.0,0.0,10.0,10.0,WidowX-250,1.0,,True,A,robotics-toolbox\xacro_generated\interbotix_descriptions\urdf\wx250.urdf,"{""ancestor_suffix"": 10}","[""D:\\CADtest\\papertest\\go_nogo1\\sources\\urdf_files_dataset\\urdf_files\\robotics-toolbox\\xacro_generated\\interbotix_descriptions\\meshes\\meshes_wx250\\WXA-250-M-1-Base.stl"", ""D:\\CADtest\\papertest\\go_nogo1\\sources\\urdf_files_dataset\\urdf_files\\robotics-toolbox\\xacro_generated\\interbotix_descriptions\\meshes\\meshes_wx250\\WXA-250-M-2-Shoulder.stl"", ""D:\\CADtest\\papertest\\go_nogo1\\sources\\urdf_files_dataset\\urdf_files\\robotics-toolbox\\xacro_generated\\interbotix_descriptions\\meshes\\meshes_wx250\\WXA-250-M-3-UA.stl"", ""D:\\CADtest\\papertest\\go_nogo1\\sources\\urdf_files_dataset\\urdf_files\\robotics-toolbox\\xacro_generated\\interbotix_descriptions\\meshes\\meshes_wx250\\WXA-250-M-4-Forearm.stl"", ""D:\\CADtest\\papertest\\go_nogo1\\sources\\urdf_files_dataset\\urdf_files\\robotics-toolbox\\xacro_generated\\interbotix_descriptions\\meshes\\meshes_wx250\\WXA-250-M-5-Wrist.stl"", ""D:\\CADtest\\papertest\\go_nogo1\\sources\\urdf_files_dataset\\urdf_files\\robotics-toolbox\\xacro_generated\\interbotix_descriptions\\meshes\\meshes_wx250\\WXA-250-M-6-Gripper.stl"", ""D:\\CADtest\\papertest\\go_nogo1\\sources\\urdf_files_dataset\\urdf_files\\robotics-toolbox\\xacro_generated\\interbotix_descriptions\\meshes\\meshes_wx250\\WXA-250-M-7-Gripper-Prop.stl"", ""D:\\CADtest\\papertest\\go_nogo1\\sources\\urdf_files_dataset\\urdf_files\\robotics-toolbox\\xacro_generated\\interbotix_descriptions\\meshes\\meshes_wx250\\WXA-250-M-8-Gripper-Bar.stl"", ""D:\\CADtest\\papertest\\go_nogo1\\sources\\urdf_files_dataset\\urdf_files\\robotics-toolbox\\xacro_generated\\interbotix_descriptions\\meshes\\meshes_wx250\\WXA-250-M-9-Finger.stl""]",wx250,robotics-toolbox,https://github.com/petercorke/robotics-toolbox-python/tree/07ad1259338d6dfd41af6e5e50973e315284a912/rtb-data/rtbdata/xacro/interbotix_descriptions,robotic arm,D:\CADtest\papertest\go_nogo1\sources\urdf_files_dataset\urdf_files\robotics-toolbox\xacro_generated\interbotix_descriptions\urdf\wx250.urdf,original,1.0,True,2,1,0,arm-1293f54184,1,"[""robotics-toolbox""]",True,,9.0,0.0,[],True,7842.0,4001.0,246235.046710956,0.8888888888888888,17.0,0.5969838636141187,73.250233737818,0.30370176367330365,0.26200060214471865,-0.35289981741773985,low
132,True,"{""continuous"": 1, ""fixed"": 4, ""prismatic"": 2, ""revolute"": 6}",Trossen Robotics,10.0,True,9.0,11.0,1.0,13.0,14.0,11.0,11.0,0.0,11.0,11.0,WidowX-250s,1.0,,True,A,robotics-toolbox\xacro_generated\interbotix_descriptions\urdf\wx250s.urdf,"{""ancestor_suffix"": 11}","[""D:\\CADtest\\papertest\\go_nogo1\\sources\\urdf_files_dataset\\urdf_files\\robotics-toolbox\\xacro_generated\\interbotix_descriptions\\meshes\\meshes_wx250s\\WXSA-250-M-1-Base.stl"", ""D:\\CADtest\\papertest\\go_nogo1\\sources\\urdf_files_dataset\\urdf_files\\robotics-toolbox\\xacro_generated\\interbotix_descriptions\\meshes\\meshes_wx250s\\WXSA-250-M-10-Finger.stl"", ""D:\\CADtest\\papertest\\go_nogo1\\sources\\urdf_files_dataset\\urdf_files\\robotics-toolbox\\xacro_generated\\interbotix_descriptions\\meshes\\meshes_wx250s\\WXSA-250-M-2-Shoulder.stl"", ""D:\\CADtest\\papertest\\go_nogo1\\sources\\urdf_files_dataset\\urdf_files\\robotics-toolbox\\xacro_generated\\interbotix_descriptions\\meshes\\meshes_wx250s\\WXSA-250-M-3-UA.stl"", ""D:\\CADtest\\papertest\\go_nogo1\\sources\\urdf_files_dataset\\urdf_files\\robotics-toolbox\\xacro_generated\\interbotix_descriptions\\meshes\\meshes_wx250s\\WXSA-250-M-4-UF.stl"", ""D:\\CADtest\\papertest\\go_nogo1\\sources\\urdf_files_dataset\\urdf_files\\robotics-toolbox\\xacro_generated\\interbotix_descriptions\\meshes\\meshes_wx250s\\WXSA-250-M-5-LF.stl"", ""D:\\CADtest\\papertest\\go_nogo1\\sources\\urdf_files_dataset\\urdf_files\\robotics-toolbox\\xacro_generated\\interbotix_descriptions\\meshes\\meshes_wx250s\\WXSA-250-M-6-Wrist.stl"", ""D:\\CADtest\\papertest\\go_nogo1\\sources\\urdf_files_dataset\\urdf_files\\robotics-toolbox\\xacro_generated\\interbotix_descriptions\\meshes\\meshes_wx250s\\WXSA-250-M-7-Gripper.stl"", ""D:\\CADtest\\papertest\\go_nogo1\\sources\\urdf_files_dataset\\urdf_files\\robotics-toolbox\\xacro_generated\\interbotix_descriptions\\meshes\\meshes_wx250s\\WXSA-250-M-8-Gripper-Prop.stl"", ""D:\\CADtest\\papertest\\go_nogo1\\sources\\urdf_files_dataset\\urdf_files\\robotics-toolbox\\xacro_generated\\interbotix_descriptions\\meshes\\meshes_wx250s\\WXSA-250-M-9-Gripper-Bar.stl""]",wx250s,robotics-toolbox,https://github.com/petercorke/robotics-toolbox-python/tree/07ad1259338d6dfd41af6e5e50973e315284a912/rtb-data/rtbdata/xacro/interbotix_descriptions,robotic arm,D:\CADtest\papertest\go_nogo1\sources\urdf_files_dataset\urdf_files\robotics-toolbox\xacro_generated\interbotix_descriptions\urdf\wx250s.urdf,original,1.0,True,2,1,0,arm-787fc29345,1,"[""robotics-toolbox""]",True,,10.0,0.0,[],True,10866.0,5525.0,269757.64495045814,0.8,27.0,0.6035211801532341,74.71079669040172,0.30559181927312934,0.26702943228799964,-0.3121727725218746,medium
118,True,"{""revolute"": 6}",Unimation,6.0,True,6.0,0.0,1.0,6.0,7.0,7.0,7.0,0.0,7.0,7.0,PUMA 560,1.0,,True,A,robotics-toolbox\puma560_description\urdf\puma560_robot.urdf,"{""ancestor_suffix"": 7}","[""D:\\CADtest\\papertest\\go_nogo1\\sources\\urdf_files_dataset\\urdf_files\\robotics-toolbox\\puma560_description\\meshes\\puma_link1.stl"", ""D:\\CADtest\\papertest\\go_nogo1\\sources\\urdf_files_dataset\\urdf_files\\robotics-toolbox\\puma560_description\\meshes\\puma_link2.stl"", ""D:\\CADtest\\papertest\\go_nogo1\\sources\\urdf_files_dataset\\urdf_files\\robotics-toolbox\\puma560_description\\meshes\\puma_link3.stl"", ""D:\\CADtest\\papertest\\go_nogo1\\sources\\urdf_files_dataset\\urdf_files\\robotics-toolbox\\puma560_description\\meshes\\puma_link4.stl"", ""D:\\CADtest\\papertest\\go_nogo1\\sources\\urdf_files_dataset\\urdf_files\\robotics-toolbox\\puma560_description\\meshes\\puma_link5.stl"", ""D:\\CADtest\\papertest\\go_nogo1\\sources\\urdf_files_dataset\\urdf_files\\robotics-toolbox\\puma560_description\\meshes\\puma_link6.stl"", ""D:\\CADtest\\papertest\\go_nogo1\\sources\\urdf_files_dataset\\urdf_files\\robotics-toolbox\\puma560_description\\meshes\\puma_link7.stl""]",Puma560,robotics-toolbox,https://github.com/petercorke/robotics-toolbox-python/tree/07ad1259338d6dfd41af6e5e50973e315284a912/rtb-data/rtbdata/xacro/puma560_description,robotic arm,D:\CADtest\papertest\go_nogo1\sources\urdf_files_dataset\urdf_files\robotics-toolbox\puma560_description\urdf\puma560_robot.urdf,original,1.0,False,2,1,1,arm-d656d85ceb,1,"[""robotics-toolbox""]",True,,7.0,0.0,[],True,8116.0,4055.0,2840.5475576661206,0.8571428571428571,7.0,0.6688949292859695,73.18775960366287,0.291901704543011,0.2822463819352644,-0.08389383576973782,medium
47,True,"{""fixed"": 4, ""revolute"": 6}",Universal Robots,8.0,True,6.0,7.0,1.0,10.0,11.0,7.0,7.0,0.0,7.0,7.0,UR10,1.0,,True,A,matlab\ur_description\urdf\universalUR10.urdf,"{""ancestor_suffix"": 7}","[""D:\\CADtest\\papertest\\go_nogo1\\sources\\urdf_files_dataset\\urdf_files\\matlab\\ur_description\\meshes\\ur10\\visual\\base.dae"", ""D:\\CADtest\\papertest\\go_nogo1\\sources\\urdf_files_dataset\\urdf_files\\matlab\\ur_description\\meshes\\ur10\\visual\\forearm.dae"", ""D:\\CADtest\\papertest\\go_nogo1\\sources\\urdf_files_dataset\\urdf_files\\matlab\\ur_description\\meshes\\ur10\\visual\\shoulder.dae"", ""D:\\CADtest\\papertest\\go_nogo1\\sources\\urdf_files_dataset\\urdf_files\\matlab\\ur_description\\meshes\\ur10\\visual\\upperarm.dae"", ""D:\\CADtest\\papertest\\go_nogo1\\sources\\urdf_files_dataset\\urdf_files\\matlab\\ur_description\\meshes\\ur10\\visual\\wrist1.dae"", ""D:\\CADtest\\papertest\\go_nogo1\\sources\\urdf_files_dataset\\urdf_files\\matlab\\ur_description\\meshes\\ur10\\visual\\wrist2.dae"", ""D:\\CADtest\\papertest\\go_nogo1\\sources\\urdf_files_dataset\\urdf_files\\matlab\\ur_description\\meshes\\ur10\\visual\\wrist3.dae""]",ur10,matlab,https://se.mathworks.com/matlabcentral/fileexchange/98714-robotics-system-toolbox-robot-library-data,robotic arm,D:\CADtest\papertest\go_nogo1\sources\urdf_files_dataset\urdf_files\matlab\ur_description\urdf\universalUR10.urdf,original,1.0,False,2,1,1,arm-c83ebf2672,4,"[""matlab"", ""random"", ""robotics-toolbox"", ""ros-industrial""]",True,,5.0,2.0,"[""shoulder.dae: ModuleNotFoundError: No module named 'networkx'"", ""upperarm.dae: ModuleNotFoundError: No module named 'networkx'""]",True,80315.0,125425.0,0.5822714209807076,0.4,32569.0,0.8268745367399464,17.001486483415867,0.09009080608139483,0.06252568137228322,-0.24042611806032202,medium
50,True,"{""fixed"": 4, ""revolute"": 6}",Universal Robots,9.0,True,6.0,7.0,1.0,10.0,11.0,7.0,7.0,0.0,7.0,7.0,UR10e,1.0,,True,A,matlab\ur_e_description\urdf\universalUR10e.urdf,"{""ancestor_suffix"": 7}","[""D:\\CADtest\\papertest\\go_nogo1\\sources\\urdf_files_dataset\\urdf_files\\matlab\\ur_e_description\\meshes\\ur10e\\visual\\base.dae"", ""D:\\CADtest\\papertest\\go_nogo1\\sources\\urdf_files_dataset\\urdf_files\\matlab\\ur_e_description\\meshes\\ur10e\\visual\\forearm.dae"", ""D:\\CADtest\\papertest\\go_nogo1\\sources\\urdf_files_dataset\\urdf_files\\matlab\\ur_e_description\\meshes\\ur10e\\visual\\shoulder.dae"", ""D:\\CADtest\\papertest\\go_nogo1\\sources\\urdf_files_dataset\\urdf_files\\matlab\\ur_e_description\\meshes\\ur10e\\visual\\upperarm.dae"", ""D:\\CADtest\\papertest\\go_nogo1\\sources\\urdf_files_dataset\\urdf_files\\matlab\\ur_e_description\\meshes\\ur10e\\visual\\wrist1.dae"", ""D:\\CADtest\\papertest\\go_nogo1\\sources\\urdf_files_dataset\\urdf_files\\matlab\\ur_e_description\\meshes\\ur10e\\visual\\wrist2.dae"", ""D:\\CADtest\\papertest\\go_nogo1\\sources\\urdf_files_dataset\\urdf_files\\matlab\\ur_e_description\\meshes\\ur10e\\visual\\wrist3.dae""]",ur10e_robot,matlab,https://se.mathworks.com/matlabcentral/fileexchange/98714-robotics-system-toolbox-robot-library-data,robotic arm,D:\CADtest\papertest\go_nogo1\sources\urdf_files_dataset\urdf_files\matlab\ur_e_description\urdf\universalUR10e.urdf,original,1.0,False,2,1,1,arm-acd806343f,2,"[""matlab"", ""ros-industrial""]",True,,7.0,0.0,[],True,129621.0,360898.0,973107.0130194396,0.0,115417.0,0.8608243221608005,2.366457606569541,0.013538558249955281,0.009576464615161394,-0.35859737998090885,low
51,True,"{""fixed"": 4, ""revolute"": 6}",Universal Robots,9.0,True,6.0,7.0,1.0,10.0,11.0,7.0,7.0,0.0,7.0,7.0,UR16e,1.0,,True,A,matlab\ur_e_description\urdf\universalUR16e.urdf,"{""ancestor_suffix"": 7}","[""D:\\CADtest\\papertest\\go_nogo1\\sources\\urdf_files_dataset\\urdf_files\\matlab\\ur_e_description\\meshes\\ur10e\\visual\\base.dae"", ""D:\\CADtest\\papertest\\go_nogo1\\sources\\urdf_files_dataset\\urdf_files\\matlab\\ur_e_description\\meshes\\ur10e\\visual\\shoulder.dae"", ""D:\\CADtest\\papertest\\go_nogo1\\sources\\urdf_files_dataset\\urdf_files\\matlab\\ur_e_description\\meshes\\ur10e\\visual\\wrist1.dae"", ""D:\\CADtest\\papertest\\go_nogo1\\sources\\urdf_files_dataset\\urdf_files\\matlab\\ur_e_description\\meshes\\ur10e\\visual\\wrist2.dae"", ""D:\\CADtest\\papertest\\go_nogo1\\sources\\urdf_files_dataset\\urdf_files\\matlab\\ur_e_description\\meshes\\ur10e\\visual\\wrist3.dae"", ""D:\\CADtest\\papertest\\go_nogo1\\sources\\urdf_files_dataset\\urdf_files\\matlab\\ur_e_description\\meshes\\ur16e\\visual\\forearm.dae"", ""D:\\CADtest\\papertest\\go_nogo1\\sources\\urdf_files_dataset\\urdf_files\\matlab\\ur_e_description\\meshes\\ur16e\\visual\\upperarm.dae""]",ur16e_robot,matlab,https://se.mathworks.com/matlabcentral/fileexchange/98714-robotics-system-toolbox-robot-library-data,robotic arm,D:\CADtest\papertest\go_nogo1\sources\urdf_files_dataset\urdf_files\matlab\ur_e_description\urdf\universalUR16e.urdf,original,1.0,False,2,1,1,arm-ef48297ba4,2,"[""matlab"", ""ros-industrial""]",True,,6.0,1.0,"[""upperarm.dae: ModuleNotFoundError: No module named 'networkx'""]",True,88478.0,245264.0,551955.0994666627,0.0,78315.0,0.8414378792997469,3.944188501256663,0.023868727713420457,0.01688348361297985,-0.4057921354633766,low
45,True,"{""fixed"": 4, ""revolute"": 6}",Universal Robots,8.0,True,6.0,7.0,1.0,10.0,11.0,7.0,7.0,0.0,7.0,7.0,UR3,1.0,,True,A,matlab\ur_description\urdf\universalUR3.urdf,"{""ancestor_suffix"": 7}","[""D:\\CADtest\\papertest\\go_nogo1\\sources\\urdf_files_dataset\\urdf_files\\matlab\\ur_description\\meshes\\ur3\\visual\\base.dae"", ""D:\\CADtest\\papertest\\go_nogo1\\sources\\urdf_files_dataset\\urdf_files\\matlab\\ur_description\\meshes\\ur3\\visual\\forearm.dae"", ""D:\\CADtest\\papertest\\go_nogo1\\sources\\urdf_files_dataset\\urdf_files\\matlab\\ur_description\\meshes\\ur3\\visual\\shoulder.dae"", ""D:\\CADtest\\papertest\\go_nogo1\\sources\\urdf_files_dataset\\urdf_files\\matlab\\ur_description\\meshes\\ur3\\visual\\upperarm.dae"", ""D:\\CADtest\\papertest\\go_nogo1\\sources\\urdf_files_dataset\\urdf_files\\matlab\\ur_description\\meshes\\ur3\\visual\\wrist1.dae"", ""D:\\CADtest\\papertest\\go_nogo1\\sources\\urdf_files_dataset\\urdf_files\\matlab\\ur_description\\meshes\\ur3\\visual\\wrist2.dae"", ""D:\\CADtest\\papertest\\go_nogo1\\sources\\urdf_files_dataset\\urdf_files\\matlab\\ur_description\\meshes\\ur3\\visual\\wrist3.dae""]",ur3,matlab,https://se.mathworks.com/matlabcentral/fileexchange/98714-robotics-system-toolbox-robot-library-data,robotic arm,D:\CADtest\papertest\go_nogo1\sources\urdf_files_dataset\urdf_files\matlab\ur_description\urdf\universalUR3.urdf,original,1.0,False,2,1,1,arm-447dd175af,3,"[""matlab"", ""robotics-toolbox"", ""ros-industrial""]",True,,7.0,0.0,[],True,67274.0,50139.0,0.5022387514434197,0.0,5915.0,0.9000634357140743,44.7568308386656,0.2804581696670552,0.1504476826223323,0.6349268237411962,high
48,True,"{""fixed"": 4, ""revolute"": 6}",Universal Robots,9.0,True,6.0,7.0,1.0,10.0,11.0,7.0,7.0,0.0,7.0,7.0,UR3e,1.0,,True,A,matlab\ur_e_description\urdf\universalUR3e.urdf,"{""ancestor_suffix"": 7}","[""D:\\CADtest\\papertest\\go_nogo1\\sources\\urdf_files_dataset\\urdf_files\\matlab\\ur_e_description\\meshes\\ur3e\\visual\\base.dae"", ""D:\\CADtest\\papertest\\go_nogo1\\sources\\urdf_files_dataset\\urdf_files\\matlab\\ur_e_description\\meshes\\ur3e\\visual\\forearm.dae"", ""D:\\CADtest\\papertest\\go_nogo1\\sources\\urdf_files_dataset\\urdf_files\\matlab\\ur_e_description\\meshes\\ur3e\\visual\\shoulder.dae"", ""D:\\CADtest\\papertest\\go_nogo1\\sources\\urdf_files_dataset\\urdf_files\\matlab\\ur_e_description\\meshes\\ur3e\\visual\\upperarm.dae"", ""D:\\CADtest\\papertest\\go_nogo1\\sources\\urdf_files_dataset\\urdf_files\\matlab\\ur_e_description\\meshes\\ur3e\\visual\\wrist1.dae"", ""D:\\CADtest\\papertest\\go_nogo1\\sources\\urdf_files_dataset\\urdf_files\\matlab\\ur_e_description\\meshes\\ur3e\\visual\\wrist2.dae"", ""D:\\CADtest\\papertest\\go_nogo1\\sources\\urdf_files_dataset\\urdf_files\\matlab\\ur_e_description\\meshes\\ur3e\\visual\\wrist3.dae""]",ur3e_robot,matlab,https://se.mathworks.com/matlabcentral/fileexchange/98714-robotics-system-toolbox-robot-library-data,robotic arm,D:\CADtest\papertest\go_nogo1\sources\urdf_files_dataset\urdf_files\matlab\ur_e_description\urdf\universalUR3e.urdf,original,1.0,False,2,1,1,arm-e99fababe4,2,"[""matlab"", ""ros-industrial""]",True,,7.0,0.0,[],True,131817.0,363161.0,401398.90396991046,0.0,115490.0,0.88166072005064,2.673463394371169,0.016218657647445952,0.0104992317768101,-0.26614086205464377,medium
46,True,"{""fixed"": 4, ""revolute"": 6}",Universal Robots,8.0,True,6.0,7.0,1.0,10.0,11.0,7.0,7.0,0.0,7.0,7.0,UR5,1.0,,True,A,matlab\ur_description\urdf\universalUR5.urdf,"{""ancestor_suffix"": 7}","[""D:\\CADtest\\papertest\\go_nogo1\\sources\\urdf_files_dataset\\urdf_files\\matlab\\ur_description\\meshes\\ur5\\visual\\base.dae"", ""D:\\CADtest\\papertest\\go_nogo1\\sources\\urdf_files_dataset\\urdf_files\\matlab\\ur_description\\meshes\\ur5\\visual\\forearm.dae"", ""D:\\CADtest\\papertest\\go_nogo1\\sources\\urdf_files_dataset\\urdf_files\\matlab\\ur_description\\meshes\\ur5\\visual\\shoulder.dae"", ""D:\\CADtest\\papertest\\go_nogo1\\sources\\urdf_files_dataset\\urdf_files\\matlab\\ur_description\\meshes\\ur5\\visual\\upperarm.dae"", ""D:\\CADtest\\papertest\\go_nogo1\\sources\\urdf_files_dataset\\urdf_files\\matlab\\ur_description\\meshes\\ur5\\visual\\wrist1.dae"", ""D:\\CADtest\\papertest\\go_nogo1\\sources\\urdf_files_dataset\\urdf_files\\matlab\\ur_description\\meshes\\ur5\\visual\\wrist2.dae"", ""D:\\CADtest\\papertest\\go_nogo1\\sources\\urdf_files_dataset\\urdf_files\\matlab\\ur_description\\meshes\\ur5\\visual\\wrist3.dae""]",ur5,matlab,https://se.mathworks.com/matlabcentral/fileexchange/98714-robotics-system-toolbox-robot-library-data,robotic arm,D:\CADtest\papertest\go_nogo1\sources\urdf_files_dataset\urdf_files\matlab\ur_description\urdf\universalUR5.urdf,original,1.0,False,2,1,1,arm-17a4199cfb,4,"[""matlab"", ""random"", ""robotics-toolbox"", ""ros-industrial""]",True,,7.0,0.0,[],True,95670.0,49863.0,0.7348939754038852,0.0,117.0,0.8470296354789211,11.606109710613188,0.06030699858829889,0.039142510054009184,-0.255985939599453,medium
49,True,"{""fixed"": 4, ""revolute"": 6}",Universal Robots,9.0,True,6.0,7.0,1.0,10.0,11.0,7.0,7.0,0.0,7.0,7.0,UR5e,1.0,,True,A,matlab\ur_e_description\urdf\universalUR5e.urdf,"{""ancestor_suffix"": 7}","[""D:\\CADtest\\papertest\\go_nogo1\\sources\\urdf_files_dataset\\urdf_files\\matlab\\ur_e_description\\meshes\\ur5e\\visual\\base.dae"", ""D:\\CADtest\\papertest\\go_nogo1\\sources\\urdf_files_dataset\\urdf_files\\matlab\\ur_e_description\\meshes\\ur5e\\visual\\forearm.dae"", ""D:\\CADtest\\papertest\\go_nogo1\\sources\\urdf_files_dataset\\urdf_files\\matlab\\ur_e_description\\meshes\\ur5e\\visual\\shoulder.dae"", ""D:\\CADtest\\papertest\\go_nogo1\\sources\\urdf_files_dataset\\urdf_files\\matlab\\ur_e_description\\meshes\\ur5e\\visual\\upperarm.dae"", ""D:\\CADtest\\papertest\\go_nogo1\\sources\\urdf_files_dataset\\urdf_files\\matlab\\ur_e_description\\meshes\\ur5e\\visual\\wrist1.dae"", ""D:\\CADtest\\papertest\\go_nogo1\\sources\\urdf_files_dataset\\urdf_files\\matlab\\ur_e_description\\meshes\\ur5e\\visual\\wrist2.dae"", ""D:\\CADtest\\papertest\\go_nogo1\\sources\\urdf_files_dataset\\urdf_files\\matlab\\ur_e_description\\meshes\\ur5e\\visual\\wrist3.dae""]",ur5e_robot,matlab,https://se.mathworks.com/matlabcentral/fileexchange/98714-robotics-system-toolbox-robot-library-data,robotic arm,D:\CADtest\papertest\go_nogo1\sources\urdf_files_dataset\urdf_files\matlab\ur_e_description\urdf\universalUR5e.urdf,original,1.0,False,2,1,1,arm-31ecc95a27,2,"[""matlab"", ""ros-industrial""]",True,,6.0,1.0,"[""forearm.dae: ModuleNotFoundError: No module named 'networkx'""]",True,106731.0,293703.0,508636.45352274104,0.0,93401.0,0.8594164207052981,2.5355098637344833,0.014972865343295467,0.010145280281709204,-0.36027022459734015,low
31,True,"{""revolute"": 6}",Yaskawa Motoman,6.0,True,6.0,7.0,1.0,6.0,7.0,7.0,7.0,0.0,7.0,7.0,Motoman MH5,1.0,,True,A,matlab\motoman_mh5_support\urdf\yaskawaMotomanMH5.urdf,"{""ancestor_suffix"": 7}","[""D:\\CADtest\\papertest\\go_nogo1\\sources\\urdf_files_dataset\\urdf_files\\matlab\\motoman_mh5_support\\meshes\\mh5\\visual\\MH5_BASE_AXIS.stl"", ""D:\\CADtest\\papertest\\go_nogo1\\sources\\urdf_files_dataset\\urdf_files\\matlab\\motoman_mh5_support\\meshes\\mh5\\visual\\MH5_B_AXIS.stl"", ""D:\\CADtest\\papertest\\go_nogo1\\sources\\urdf_files_dataset\\urdf_files\\matlab\\motoman_mh5_support\\meshes\\mh5\\visual\\MH5_L_AXIS.stl"", ""D:\\CADtest\\papertest\\go_nogo1\\sources\\urdf_files_dataset\\urdf_files\\matlab\\motoman_mh5_support\\meshes\\mh5\\visual\\MH5_R_AXIS.stl"", ""D:\\CADtest\\papertest\\go_nogo1\\sources\\urdf_files_dataset\\urdf_files\\matlab\\motoman_mh5_support\\meshes\\mh5\\visual\\MH5_S_AXIS.stl"", ""D:\\CADtest\\papertest\\go_nogo1\\sources\\urdf_files_dataset\\urdf_files\\matlab\\motoman_mh5_support\\meshes\\mh5\\visual\\MH5_T_AXIS.stl"", ""D:\\CADtest\\papertest\\go_nogo1\\sources\\urdf_files_dataset\\urdf_files\\matlab\\motoman_mh5_support\\meshes\\mh5\\visual\\MH5_U_AXIS.stl""]",motoman_mh5,matlab,https://se.mathworks.com/matlabcentral/fileexchange/98714-robotics-system-toolbox-robot-library-data,robotic arm,D:\CADtest\papertest\go_nogo1\sources\urdf_files_dataset\urdf_files\matlab\motoman_mh5_support\urdf\yaskawaMotomanMH5.urdf,original,1.0,False,2,1,1,arm-e8a782b5bc,2,"[""matlab"", ""ros-industrial""]",True,,7.0,0.0,[],True,184911.0,92617.0,0.9696666612359214,0.14285714285714285,13.0,0.7511540343272134,23.45922371546914,0.07950443455497015,0.07113531149659189,-0.5247251853159247,low
149,True,"{""fixed"": 2, ""revolute"": 7}",Yaskawa Motoman,8.0,True,7.0,8.0,1.0,9.0,10.0,8.0,8.0,0.0,8.0,8.0,Motoman SIA10D,1.0,,True,A,ros-industrial\motoman\motoman_sia10d_support\urdf\sia10d.urdf,"{""indexed_suffix"": 8}","[""D:\\CADtest\\papertest\\go_nogo1\\sources\\urdf_files_dataset\\urdf_files\\ros-industrial\\motoman\\motoman_sia10d_support\\meshes\\sia10d\\visual\\MOTOMAN_AXIS_B.stl"", ""D:\\CADtest\\papertest\\go_nogo1\\sources\\urdf_files_dataset\\urdf_files\\ros-industrial\\motoman\\motoman_sia10d_support\\meshes\\sia10d\\visual\\MOTOMAN_AXIS_E.stl"", ""D:\\CADtest\\papertest\\go_nogo1\\sources\\urdf_files_dataset\\urdf_files\\ros-industrial\\motoman\\motoman_sia10d_support\\meshes\\sia10d\\visual\\MOTOMAN_AXIS_L.stl"", ""D:\\CADtest\\papertest\\go_nogo1\\sources\\urdf_files_dataset\\urdf_files\\ros-industrial\\motoman\\motoman_sia10d_support\\meshes\\sia10d\\visual\\MOTOMAN_AXIS_R.stl"", ""D:\\CADtest\\papertest\\go_nogo1\\sources\\urdf_files_dataset\\urdf_files\\ros-industrial\\motoman\\motoman_sia10d_support\\meshes\\sia10d\\visual\\MOTOMAN_AXIS_S.stl"", ""D:\\CADtest\\papertest\\go_nogo1\\sources\\urdf_files_dataset\\urdf_files\\ros-industrial\\motoman\\motoman_sia10d_support\\meshes\\sia10d\\visual\\MOTOMAN_AXIS_T.stl"", ""D:\\CADtest\\papertest\\go_nogo1\\sources\\urdf_files_dataset\\urdf_files\\ros-industrial\\motoman\\motoman_sia10d_support\\meshes\\sia10d\\visual\\MOTOMAN_AXIS_U.stl"", ""D:\\CADtest\\papertest\\go_nogo1\\sources\\urdf_files_dataset\\urdf_files\\ros-industrial\\motoman\\motoman_sia10d_support\\meshes\\sia10d\\visual\\MOTOMAN_BASE.stl""]",motoman_sia10d,ros-industrial,https://github.com/ros-industrial/motoman/tree/7860ff545106d98ed6a3fa0121f2fb60891f69bd/motoman_sia10d_support,robotic arm,D:\CADtest\papertest\go_nogo1\sources\urdf_files_dataset\urdf_files\ros-industrial\motoman\motoman_sia10d_support\urdf\sia10d.urdf,original,1.0,False,2,1,1,arm-3d848aeb52,1,"[""ros-industrial""]",True,,8.0,0.0,[],True,9887.0,4966.0,0.9853507916977113,0.125,8.0,0.7831011341252038,21.38287966351319,0.09181678390758746,0.0444499611594981,-0.3844884058171048,low
150,True,"{""fixed"": 1, ""revolute"": 7}",Yaskawa Motoman,7.0,True,7.0,8.0,1.0,8.0,9.0,8.0,8.0,0.0,8.0,8.0,Motoman SIA10F,1.0,,True,A,ros-industrial\motoman\motoman_sia10f_support\urdf\sia10f.urdf,"{""indexed_suffix"": 8}","[""D:\\CADtest\\papertest\\go_nogo1\\sources\\urdf_files_dataset\\urdf_files\\ros-industrial\\motoman\\motoman_sia10d_support\\meshes\\sia10d\\visual\\MOTOMAN_AXIS_B.stl"", ""D:\\CADtest\\papertest\\go_nogo1\\sources\\urdf_files_dataset\\urdf_files\\ros-industrial\\motoman\\motoman_sia10d_support\\meshes\\sia10d\\visual\\MOTOMAN_AXIS_E.stl"", ""D:\\CADtest\\papertest\\go_nogo1\\sources\\urdf_files_dataset\\urdf_files\\ros-industrial\\motoman\\motoman_sia10d_support\\meshes\\sia10d\\visual\\MOTOMAN_AXIS_L.stl"", ""D:\\CADtest\\papertest\\go_nogo1\\sources\\urdf_files_dataset\\urdf_files\\ros-industrial\\motoman\\motoman_sia10d_support\\meshes\\sia10d\\visual\\MOTOMAN_AXIS_R.stl"", ""D:\\CADtest\\papertest\\go_nogo1\\sources\\urdf_files_dataset\\urdf_files\\ros-industrial\\motoman\\motoman_sia10d_support\\meshes\\sia10d\\visual\\MOTOMAN_AXIS_S.stl"", ""D:\\CADtest\\papertest\\go_nogo1\\sources\\urdf_files_dataset\\urdf_files\\ros-industrial\\motoman\\motoman_sia10d_support\\meshes\\sia10d\\visual\\MOTOMAN_AXIS_T.stl"", ""D:\\CADtest\\papertest\\go_nogo1\\sources\\urdf_files_dataset\\urdf_files\\ros-industrial\\motoman\\motoman_sia10d_support\\meshes\\sia10d\\visual\\MOTOMAN_AXIS_U.stl"", ""D:\\CADtest\\papertest\\go_nogo1\\sources\\urdf_files_dataset\\urdf_files\\ros-industrial\\motoman\\motoman_sia10d_support\\meshes\\sia10d\\visual\\MOTOMAN_BASE.stl""]",motoman_sia10f,ros-industrial,https://github.com/ros-industrial/motoman/tree/7860ff545106d98ed6a3fa0121f2fb60891f69bd/motoman_sia10f_support,robotic arm,D:\CADtest\papertest\go_nogo1\sources\urdf_files_dataset\urdf_files\ros-industrial\motoman\motoman_sia10f_support\urdf\sia10f.urdf,original,1.0,False,2,1,1,arm-eee1fac0b3,1,"[""ros-industrial""]",True,,8.0,0.0,[],True,9887.0,4966.0,0.9853507916977113,0.125,8.0,0.7831011341252038,21.38287966351319,0.09181678390758746,0.0444499611594981,-0.3844884058171048,low
151,True,"{""fixed"": 2, ""revolute"": 7}",Yaskawa Motoman,8.0,True,7.0,8.0,1.0,9.0,10.0,8.0,8.0,0.0,8.0,8.0,Motoman SIA20D,1.0,,True,A,ros-industrial\motoman\motoman_sia20d_support\urdf\sia20d.urdf,"{""indexed_suffix"": 8}","[""D:\\CADtest\\papertest\\go_nogo1\\sources\\urdf_files_dataset\\urdf_files\\ros-industrial\\motoman\\motoman_sia10d_support\\meshes\\sia10d\\visual\\MOTOMAN_AXIS_B.stl"", ""D:\\CADtest\\papertest\\go_nogo1\\sources\\urdf_files_dataset\\urdf_files\\ros-industrial\\motoman\\motoman_sia10d_support\\meshes\\sia10d\\visual\\MOTOMAN_AXIS_E.stl"", ""D:\\CADtest\\papertest\\go_nogo1\\sources\\urdf_files_dataset\\urdf_files\\ros-industrial\\motoman\\motoman_sia10d_support\\meshes\\sia10d\\visual\\MOTOMAN_AXIS_L.stl"", ""D:\\CADtest\\papertest\\go_nogo1\\sources\\urdf_files_dataset\\urdf_files\\ros-industrial\\motoman\\motoman_sia10d_support\\meshes\\sia10d\\visual\\MOTOMAN_AXIS_R.stl"", ""D:\\CADtest\\papertest\\go_nogo1\\sources\\urdf_files_dataset\\urdf_files\\ros-industrial\\motoman\\motoman_sia10d_support\\meshes\\sia10d\\visual\\MOTOMAN_AXIS_S.stl"", ""D:\\CADtest\\papertest\\go_nogo1\\sources\\urdf_files_dataset\\urdf_files\\ros-industrial\\motoman\\motoman_sia10d_support\\meshes\\sia10d\\visual\\MOTOMAN_AXIS_T.stl"", ""D:\\CADtest\\papertest\\go_nogo1\\sources\\urdf_files_dataset\\urdf_files\\ros-industrial\\motoman\\motoman_sia10d_support\\meshes\\sia10d\\visual\\MOTOMAN_AXIS_U.stl"", ""D:\\CADtest\\papertest\\go_nogo1\\sources\\urdf_files_dataset\\urdf_files\\ros-industrial\\motoman\\motoman_sia10d_support\\meshes\\sia10d\\visual\\MOTOMAN_BASE.stl""]",motoman_sia20d,ros-industrial,https://github.com/ros-industrial/motoman/tree/7860ff545106d98ed6a3fa0121f2fb60891f69bd/motoman_sia20d_support,robotic arm,D:\CADtest\papertest\go_nogo1\sources\urdf_files_dataset\urdf_files\ros-industrial\motoman\motoman_sia20d_support\urdf\sia20d.urdf,original,1.0,False,2,1,1,arm-10582c0edf,1,"[""ros-industrial""]",True,,8.0,0.0,[],True,9887.0,4966.0,0.9853507916977113,0.125,8.0,0.7831011341252038,21.38287966351319,0.09181678390758746,0.0444499611594981,-0.3844884058171048,low
152,True,"{""fixed"": 2, ""revolute"": 7}",Yaskawa Motoman,8.0,True,7.0,8.0,1.0,9.0,10.0,8.0,8.0,0.0,8.0,8.0,Motoman SIA5D,1.0,,True,A,ros-industrial\motoman\motoman_sia5d_support\urdf\sia5d.urdf,"{""indexed_suffix"": 8}","[""D:\\CADtest\\papertest\\go_nogo1\\sources\\urdf_files_dataset\\urdf_files\\matlab\\ur_description\\meshes\\ur10\\visual\\base.dae"", ""D:\\CADtest\\papertest\\go_nogo1\\sources\\urdf_files_dataset\\urdf_files\\ros-industrial\\motoman\\motoman_sia5d_support\\meshes\\sia5d\\visual\\link_b.dae"", ""D:\\CADtest\\papertest\\go_nogo1\\sources\\urdf_files_dataset\\urdf_files\\ros-industrial\\motoman\\motoman_sia5d_support\\meshes\\sia5d\\visual\\link_e.dae"", ""D:\\CADtest\\papertest\\go_nogo1\\sources\\urdf_files_dataset\\urdf_files\\ros-industrial\\motoman\\motoman_sia5d_support\\meshes\\sia5d\\visual\\link_l.dae"", ""D:\\CADtest\\papertest\\go_nogo1\\sources\\urdf_files_dataset\\urdf_files\\ros-industrial\\motoman\\motoman_sia5d_support\\meshes\\sia5d\\visual\\link_r.dae"", ""D:\\CADtest\\papertest\\go_nogo1\\sources\\urdf_files_dataset\\urdf_files\\ros-industrial\\motoman\\motoman_sia5d_support\\meshes\\sia5d\\visual\\link_s.dae"", ""D:\\CADtest\\papertest\\go_nogo1\\sources\\urdf_files_dataset\\urdf_files\\ros-industrial\\motoman\\motoman_sia5d_support\\meshes\\sia5d\\visual\\link_t.dae"", ""D:\\CADtest\\papertest\\go_nogo1\\sources\\urdf_files_dataset\\urdf_files\\ros-industrial\\motoman\\motoman_sia5d_support\\meshes\\sia5d\\visual\\link_u.dae""]",motoman_sia5d,ros-industrial,https://github.com/ros-industrial/motoman/tree/7860ff545106d98ed6a3fa0121f2fb60891f69bd/motoman_sia5d_support,robotic arm,D:\CADtest\papertest\go_nogo1\sources\urdf_files_dataset\urdf_files\ros-industrial\motoman\motoman_sia5d_support\urdf\sia5d.urdf,original,1.0,False,2,1,1,arm-33a606333c,1,"[""ros-industrial""]",True,,8.0,0.0,[],True,11693.0,5851.0,0.6315552165667714,0.875,10.0,0.7765967864972341,21.71300781251726,0.12653328804818365,0.06578059516156293,-0.33911739030739185,low
