dataset_id,graph_valid,joint_types,manufacturer,max_chain_depth,metadata_matched,n_actuated_joints,n_collision_mesh_refs,n_graph_roots,n_joints,n_links,n_links_with_mesh_visual,n_links_with_visual,n_primitive_visuals,n_resolved_visual_mesh_refs,n_visual_mesh_refs,name,nonfixed_visual_coverage,parse_error,parse_ok,qc_grade,relative_path,resolution_methods,resolved_visual_meshes,robot_xml_name,source,source_link,type,urdf_path,variant,visual_mesh_resolution_rate,xacro_generated
0,True,"{""fixed"": 5, ""revolute"": 16}",Wonik Robotics,6,True,16,0,1,21,22,21,21,0,21,21,Allegro hand - left,1.0,,True,A,drake\allegro_hand_description\urdf\allegro_hand_description_left.urdf,"{""ancestor_suffix"": 21}","[""D:\\CADtest\\papertest\\go_nogo1\\sources\\urdf_files_dataset\\urdf_files\\drake\\allegro_hand_description\\meshes\\base_link_left.obj"", ""D:\\CADtest\\papertest\\go_nogo1\\sources\\urdf_files_dataset\\urdf_files\\drake\\allegro_hand_description\\meshes\\link_0.0.obj"", ""D:\\CADtest\\papertest\\go_nogo1\\sources\\urdf_files_dataset\\urdf_files\\drake\\allegro_hand_description\\meshes\\link_1.0.obj"", ""D:\\CADtest\\papertest\\go_nogo1\\sources\\urdf_files_dataset\\urdf_files\\drake\\allegro_hand_description\\meshes\\link_12.0_left.obj"", ""D:\\CADtest\\papertest\\go_nogo1\\sources\\urdf_files_dataset\\urdf_files\\drake\\allegro_hand_description\\meshes\\link_13.0.obj"", ""D:\\CADtest\\papertest\\go_nogo1\\sources\\urdf_files_dataset\\urdf_files\\drake\\allegro_hand_description\\meshes\\link_14.0.obj"", ""D:\\CADtest\\papertest\\go_nogo1\\sources\\urdf_files_dataset\\urdf_files\\drake\\allegro_hand_description\\meshes\\link_15.0.obj"", ""D:\\CADtest\\papertest\\go_nogo1\\sources\\urdf_files_dataset\\urdf_files\\drake\\allegro_hand_description\\meshes\\link_15.0_tip.obj"", ""D:\\CADtest\\papertest\\go_nogo1\\sources\\urdf_files_dataset\\urdf_files\\drake\\allegro_hand_description\\meshes\\link_2.0.obj"", ""D:\\CADtest\\papertest\\go_nogo1\\sources\\urdf_files_dataset\\urdf_files\\drake\\allegro_hand_description\\meshes\\link_3.0.obj"", ""D:\\CADtest\\papertest\\go_nogo1\\sources\\urdf_files_dataset\\urdf_files\\drake\\allegro_hand_description\\meshes\\link_3.0_tip.obj""]",allegro_hand_left,drake,https://github.com/RobotLocomotion/drake/tree/a037acf09ae797fb1d4ea850dd847337a98b7f26/manipulation/models/allegro_hand_description,end effector,D:\CADtest\papertest\go_nogo1\sources\urdf_files_dataset\urdf_files\drake\allegro_hand_description\urdf\allegro_hand_description_left.urdf,original,1.0,False
1,True,"{""fixed"": 5, ""revolute"": 16}",Wonik Robotics,6,True,16,0,1,21,22,21,21,0,21,21,Allegro hand - right,1.0,,True,A,drake\allegro_hand_description\urdf\allegro_hand_description_right.urdf,"{""ancestor_suffix"": 21}","[""D:\\CADtest\\papertest\\go_nogo1\\sources\\urdf_files_dataset\\urdf_files\\drake\\allegro_hand_description\\meshes\\base_link.obj"", ""D:\\CADtest\\papertest\\go_nogo1\\sources\\urdf_files_dataset\\urdf_files\\drake\\allegro_hand_description\\meshes\\link_0.0.obj"", ""D:\\CADtest\\papertest\\go_nogo1\\sources\\urdf_files_dataset\\urdf_files\\drake\\allegro_hand_description\\meshes\\link_1.0.obj"", ""D:\\CADtest\\papertest\\go_nogo1\\sources\\urdf_files_dataset\\urdf_files\\drake\\allegro_hand_description\\meshes\\link_12.0_right.obj"", ""D:\\CADtest\\papertest\\go_nogo1\\sources\\urdf_files_dataset\\urdf_files\\drake\\allegro_hand_description\\meshes\\link_13.0.obj"", ""D:\\CADtest\\papertest\\go_nogo1\\sources\\urdf_files_dataset\\urdf_files\\drake\\allegro_hand_description\\meshes\\link_14.0.obj"", ""D:\\CADtest\\papertest\\go_nogo1\\sources\\urdf_files_dataset\\urdf_files\\drake\\allegro_hand_description\\meshes\\link_15.0.obj"", ""D:\\CADtest\\papertest\\go_nogo1\\sources\\urdf_files_dataset\\urdf_files\\drake\\allegro_hand_description\\meshes\\link_15.0_tip.obj"", ""D:\\CADtest\\papertest\\go_nogo1\\sources\\urdf_files_dataset\\urdf_files\\drake\\allegro_hand_description\\meshes\\link_2.0.obj"", ""D:\\CADtest\\papertest\\go_nogo1\\sources\\urdf_files_dataset\\urdf_files\\drake\\allegro_hand_description\\meshes\\link_3.0.obj"", ""D:\\CADtest\\papertest\\go_nogo1\\sources\\urdf_files_dataset\\urdf_files\\drake\\allegro_hand_description\\meshes\\link_3.0_tip.obj""]",allegro_hand_right,drake,https://github.com/RobotLocomotion/drake/tree/a037acf09ae797fb1d4ea850dd847337a98b7f26/manipulation/models/allegro_hand_description,end effector,D:\CADtest\papertest\go_nogo1\sources\urdf_files_dataset\urdf_files\drake\allegro_hand_description\urdf\allegro_hand_description_right.urdf,original,1.0,False
247,True,"{""fixed"": 39, ""revolute"": 30}",Boston Dynamics,19,True,30,28,1,69,70,32,36,16,32,32,Atlas,1.0,,True,A,drake\atlas\urdf\atlas_convex_hull.urdf,"{""ancestor_suffix"": 32}","[""D:\\CADtest\\papertest\\go_nogo1\\sources\\urdf_files_dataset\\urdf_files\\drake\\atlas\\urdf\\meshes\\GRIPPER_OPEN_chull.obj"", ""D:\\CADtest\\papertest\\go_nogo1\\sources\\urdf_files_dataset\\urdf_files\\drake\\atlas\\urdf\\meshes\\head_camera_chull.obj"", ""D:\\CADtest\\papertest\\go_nogo1\\sources\\urdf_files_dataset\\urdf_files\\drake\\atlas\\urdf\\meshes\\head_chull.obj"", ""D:\\CADtest\\papertest\\go_nogo1\\sources\\urdf_files_dataset\\urdf_files\\drake\\atlas\\urdf\\meshes\\l_foot.obj"", ""D:\\CADtest\\papertest\\go_nogo1\\sources\\urdf_files_dataset\\urdf_files\\drake\\atlas\\urdf\\meshes\\l_lglut.obj"", ""D:\\CADtest\\papertest\\go_nogo1\\sources\\urdf_files_dataset\\urdf_files\\drake\\atlas\\urdf\\meshes\\l_lleg.obj"", ""D:\\CADtest\\papertest\\go_nogo1\\sources\\urdf_files_dataset\\urdf_files\\drake\\atlas\\urdf\\meshes\\l_talus.obj"", ""D:\\CADtest\\papertest\\go_nogo1\\sources\\urdf_files_dataset\\urdf_files\\drake\\atlas\\urdf\\meshes\\l_uglut.obj"", ""D:\\CADtest\\papertest\\go_nogo1\\sources\\urdf_files_dataset\\urdf_files\\drake\\atlas\\urdf\\meshes\\l_uleg.obj"", ""D:\\CADtest\\papertest\\go_nogo1\\sources\\urdf_files_dataset\\urdf_files\\drake\\atlas\\urdf\\meshes\\ltorso.obj"", ""D:\\CADtest\\papertest\\go_nogo1\\sources\\urdf_files_dataset\\urdf_files\\drake\\atlas\\urdf\\meshes\\mtorso.obj"", ""D:\\CADtest\\papertest\\go_nogo1\\sources\\urdf_files_dataset\\urdf_files\\drake\\atlas\\urdf\\meshes\\pelvis.obj"", ""D:\\CADtest\\papertest\\go_nogo1\\sources\\urdf_files_dataset\\urdf_files\\drake\\atlas\\urdf\\meshes\\r_clav.obj"", ""D:\\CADtest\\papertest\\go_nogo1\\sources\\urdf_files_dataset\\urdf_files\\drake\\atlas\\urdf\\meshes\\r_farm.obj"", ""D:\\CADtest\\papertest\\go_nogo1\\sources\\urdf_files_dataset\\urdf_files\\drake\\atlas\\urdf\\meshes\\r_foot.obj"", ""D:\\CADtest\\papertest\\go_nogo1\\sources\\urdf_files_dataset\\urdf_files\\drake\\atlas\\urdf\\meshes\\r_hand.obj"", ""D:\\CADtest\\papertest\\go_nogo1\\sources\\urdf_files_dataset\\urdf_files\\drake\\atlas\\urdf\\meshes\\r_larm.obj"", ""D:\\CADtest\\papertest\\go_nogo1\\sources\\urdf_files_dataset\\urdf_files\\drake\\atlas\\urdf\\meshes\\r_lglut.obj"", ""D:\\CADtest\\papertest\\go_nogo1\\sources\\urdf_files_dataset\\urdf_files\\drake\\atlas\\urdf\\meshes\\r_lleg.obj"", ""D:\\CADtest\\papertest\\go_nogo1\\sources\\urdf_files_dataset\\urdf_files\\drake\\atlas\\urdf\\meshes\\r_scap.obj"", ""D:\\CADtest\\papertest\\go_nogo1\\sources\\urdf_files_dataset\\urdf_files\\drake\\atlas\\urdf\\meshes\\r_talus.obj"", ""D:\\CADtest\\papertest\\go_nogo1\\sources\\urdf_files_dataset\\urdf_files\\drake\\atlas\\urdf\\meshes\\r_uarm.obj"", ""D:\\CADtest\\papertest\\go_nogo1\\sources\\urdf_files_dataset\\urdf_files\\drake\\atlas\\urdf\\meshes\\r_uglut.obj"", ""D:\\CADtest\\papertest\\go_nogo1\\sources\\urdf_files_dataset\\urdf_files\\drake\\atlas\\urdf\\meshes\\r_uleg.obj"", ""D:\\CADtest\\papertest\\go_nogo1\\sources\\urdf_files_dataset\\urdf_files\\drake\\atlas\\urdf\\meshes\\utorso.obj""]",atlas,drake,https://github.com/RobotLocomotion/drake/tree/a037acf09ae797fb1d4ea850dd847337a98b7f26/examples/atlas,humanoid robot,D:\CADtest\papertest\go_nogo1\sources\urdf_files_dataset\urdf_files\drake\atlas\urdf\atlas_convex_hull.urdf,convex hull,1.0,False
248,True,"{""fixed"": 29, ""revolute"": 30}",Boston Dynamics,19,True,30,0,1,59,60,30,34,20,30,30,Atlas,0.967742,,True,A,drake\atlas\urdf\atlas_minimal_contact.urdf,"{""ancestor_suffix"": 30}","[""D:\\CADtest\\papertest\\go_nogo1\\sources\\urdf_files_dataset\\urdf_files\\drake\\atlas\\urdf\\meshes\\head.obj"", ""D:\\CADtest\\papertest\\go_nogo1\\sources\\urdf_files_dataset\\urdf_files\\drake\\atlas\\urdf\\meshes\\head_camera.obj"", ""D:\\CADtest\\papertest\\go_nogo1\\sources\\urdf_files_dataset\\urdf_files\\drake\\atlas\\urdf\\meshes\\l_foot.obj"", ""D:\\CADtest\\papertest\\go_nogo1\\sources\\urdf_files_dataset\\urdf_files\\drake\\atlas\\urdf\\meshes\\l_lglut.obj"", ""D:\\CADtest\\papertest\\go_nogo1\\sources\\urdf_files_dataset\\urdf_files\\drake\\atlas\\urdf\\meshes\\l_lleg.obj"", ""D:\\CADtest\\papertest\\go_nogo1\\sources\\urdf_files_dataset\\urdf_files\\drake\\atlas\\urdf\\meshes\\l_talus.obj"", ""D:\\CADtest\\papertest\\go_nogo1\\sources\\urdf_files_dataset\\urdf_files\\drake\\atlas\\urdf\\meshes\\l_uglut.obj"", ""D:\\CADtest\\papertest\\go_nogo1\\sources\\urdf_files_dataset\\urdf_files\\drake\\atlas\\urdf\\meshes\\l_uleg.obj"", ""D:\\CADtest\\papertest\\go_nogo1\\sources\\urdf_files_dataset\\urdf_files\\drake\\atlas\\urdf\\meshes\\ltorso.obj"", ""D:\\CADtest\\papertest\\go_nogo1\\sources\\urdf_files_dataset\\urdf_files\\drake\\atlas\\urdf\\meshes\\mtorso.obj"", ""D:\\CADtest\\papertest\\go_nogo1\\sources\\urdf_files_dataset\\urdf_files\\drake\\atlas\\urdf\\meshes\\pelvis.obj"", ""D:\\CADtest\\papertest\\go_nogo1\\sources\\urdf_files_dataset\\urdf_files\\drake\\atlas\\urdf\\meshes\\r_clav.obj"", ""D:\\CADtest\\papertest\\go_nogo1\\sources\\urdf_files_dataset\\urdf_files\\drake\\atlas\\urdf\\meshes\\r_farm.obj"", ""D:\\CADtest\\papertest\\go_nogo1\\sources\\urdf_files_dataset\\urdf_files\\drake\\atlas\\urdf\\meshes\\r_foot.obj"", ""D:\\CADtest\\papertest\\go_nogo1\\sources\\urdf_files_dataset\\urdf_files\\drake\\atlas\\urdf\\meshes\\r_hand.obj"", ""D:\\CADtest\\papertest\\go_nogo1\\sources\\urdf_files_dataset\\urdf_files\\drake\\atlas\\urdf\\meshes\\r_larm.obj"", ""D:\\CADtest\\papertest\\go_nogo1\\sources\\urdf_files_dataset\\urdf_files\\drake\\atlas\\urdf\\meshes\\r_lglut.obj"", ""D:\\CADtest\\papertest\\go_nogo1\\sources\\urdf_files_dataset\\urdf_files\\drake\\atlas\\urdf\\meshes\\r_lleg.obj"", ""D:\\CADtest\\papertest\\go_nogo1\\sources\\urdf_files_dataset\\urdf_files\\drake\\atlas\\urdf\\meshes\\r_scap.obj"", ""D:\\CADtest\\papertest\\go_nogo1\\sources\\urdf_files_dataset\\urdf_files\\drake\\atlas\\urdf\\meshes\\r_talus.obj"", ""D:\\CADtest\\papertest\\go_nogo1\\sources\\urdf_files_dataset\\urdf_files\\drake\\atlas\\urdf\\meshes\\r_uarm.obj"", ""D:\\CADtest\\papertest\\go_nogo1\\sources\\urdf_files_dataset\\urdf_files\\drake\\atlas\\urdf\\meshes\\r_uglut.obj"", ""D:\\CADtest\\papertest\\go_nogo1\\sources\\urdf_files_dataset\\urdf_files\\drake\\atlas\\urdf\\meshes\\r_uleg.obj"", ""D:\\CADtest\\papertest\\go_nogo1\\sources\\urdf_files_dataset\\urdf_files\\drake\\atlas\\urdf\\meshes\\utorso.obj""]",atlas,drake,https://github.com/RobotLocomotion/drake/tree/a037acf09ae797fb1d4ea850dd847337a98b7f26/examples/atlas,humanoid robot,D:\CADtest\papertest\go_nogo1\sources\urdf_files_dataset\urdf_files\drake\atlas\urdf\atlas_minimal_contact.urdf,minimal contact,1.0,False
2,True,"{""continuous"": 18, ""fixed"": 3, ""revolute"": 12}",Robotiq,5,True,30,0,1,33,34,13,34,21,13,13,3F gripper,0.419355,,True,C,drake\atlas\urdf\robotiq.urdf,"{""ancestor_suffix"": 13}","[""D:\\CADtest\\papertest\\go_nogo1\\sources\\urdf_files_dataset\\urdf_files\\drake\\atlas\\urdf\\meshes\\s-model_articulated\\visual\\link_0.STL"", ""D:\\CADtest\\papertest\\go_nogo1\\sources\\urdf_files_dataset\\urdf_files\\drake\\atlas\\urdf\\meshes\\s-model_articulated\\visual\\link_1.STL"", ""D:\\CADtest\\papertest\\go_nogo1\\sources\\urdf_files_dataset\\urdf_files\\drake\\atlas\\urdf\\meshes\\s-model_articulated\\visual\\link_2.STL"", ""D:\\CADtest\\papertest\\go_nogo1\\sources\\urdf_files_dataset\\urdf_files\\drake\\atlas\\urdf\\meshes\\s-model_articulated\\visual\\link_3.STL"", ""D:\\CADtest\\papertest\\go_nogo1\\sources\\urdf_files_dataset\\urdf_files\\drake\\atlas\\urdf\\meshes\\s-model_articulated\\visual\\palm.STL""]",s-model_articulated,drake,https://github.com/RobotLocomotion/drake/tree/a037acf09ae797fb1d4ea850dd847337a98b7f26/examples/atlas,end effector,D:\CADtest\papertest\go_nogo1\sources\urdf_files_dataset\urdf_files\drake\atlas\urdf\robotiq.urdf,original,1.0,False
249,True,"{""fixed"": 3, ""revolute"": 9}",Robotiq,4,True,9,0,1,12,13,13,13,0,13,13,3F gripper,1.0,,True,A,drake\atlas\urdf\robotiq_simple.urdf,"{""ancestor_suffix"": 13}","[""D:\\CADtest\\papertest\\go_nogo1\\sources\\urdf_files_dataset\\urdf_files\\drake\\atlas\\urdf\\meshes\\s-model_articulated\\visual\\link_0.STL"", ""D:\\CADtest\\papertest\\go_nogo1\\sources\\urdf_files_dataset\\urdf_files\\drake\\atlas\\urdf\\meshes\\s-model_articulated\\visual\\link_1.STL"", ""D:\\CADtest\\papertest\\go_nogo1\\sources\\urdf_files_dataset\\urdf_files\\drake\\atlas\\urdf\\meshes\\s-model_articulated\\visual\\link_2.STL"", ""D:\\CADtest\\papertest\\go_nogo1\\sources\\urdf_files_dataset\\urdf_files\\drake\\atlas\\urdf\\meshes\\s-model_articulated\\visual\\link_3.STL"", ""D:\\CADtest\\papertest\\go_nogo1\\sources\\urdf_files_dataset\\urdf_files\\drake\\atlas\\urdf\\meshes\\s-model_articulated\\visual\\palm.STL""]",s-model_articulated,drake,https://github.com/RobotLocomotion/drake/tree/a037acf09ae797fb1d4ea850dd847337a98b7f26/examples/atlas,end effector,D:\CADtest\papertest\go_nogo1\sources\urdf_files_dataset\urdf_files\drake\atlas\urdf\robotiq_simple.urdf,articulated,1.0,False
250,True,"{""continuous"": 9, ""fixed"": 3, ""prismatic"": 1}",Robotiq,4,True,10,0,1,13,14,13,14,1,13,13,3F gripper,1.0,,True,A,drake\atlas\urdf\robotiq_tendons.urdf,"{""ancestor_suffix"": 13}","[""D:\\CADtest\\papertest\\go_nogo1\\sources\\urdf_files_dataset\\urdf_files\\drake\\atlas\\urdf\\meshes\\s-model_articulated\\visual\\link_0.STL"", ""D:\\CADtest\\papertest\\go_nogo1\\sources\\urdf_files_dataset\\urdf_files\\drake\\atlas\\urdf\\meshes\\s-model_articulated\\visual\\link_1.STL"", ""D:\\CADtest\\papertest\\go_nogo1\\sources\\urdf_files_dataset\\urdf_files\\drake\\atlas\\urdf\\meshes\\s-model_articulated\\visual\\link_2.STL"", ""D:\\CADtest\\papertest\\go_nogo1\\sources\\urdf_files_dataset\\urdf_files\\drake\\atlas\\urdf\\meshes\\s-model_articulated\\visual\\link_3.STL"", ""D:\\CADtest\\papertest\\go_nogo1\\sources\\urdf_files_dataset\\urdf_files\\drake\\atlas\\urdf\\meshes\\s-model_articulated\\visual\\palm.STL""]",s-model_articulated,drake,https://github.com/RobotLocomotion/drake/tree/a037acf09ae797fb1d4ea850dd847337a98b7f26/examples/atlas,end effector,D:\CADtest\papertest\go_nogo1\sources\urdf_files_dataset\urdf_files\drake\atlas\urdf\robotiq_tendons.urdf,tendons,1.0,False
252,True,"{""fixed"": 6, ""revolute"": 14}",KUKA,9,True,14,2,1,20,21,16,16,0,30,30,Dual LBR iiwa 14,1.0,,True,A,drake\iiwa_description\urdf\dual_iiwa14_polytope_collision.urdf,"{""ancestor_suffix"": 30}","[""D:\\CADtest\\papertest\\go_nogo1\\sources\\urdf_files_dataset\\urdf_files\\drake\\iiwa_description\\meshes\\visual\\band.obj"", ""D:\\CADtest\\papertest\\go_nogo1\\sources\\urdf_files_dataset\\urdf_files\\drake\\iiwa_description\\meshes\\visual\\kuka.obj"", ""D:\\CADtest\\papertest\\go_nogo1\\sources\\urdf_files_dataset\\urdf_files\\drake\\iiwa_description\\meshes\\visual\\link_0.obj"", ""D:\\CADtest\\papertest\\go_nogo1\\sources\\urdf_files_dataset\\urdf_files\\drake\\iiwa_description\\meshes\\visual\\link_1.obj"", ""D:\\CADtest\\papertest\\go_nogo1\\sources\\urdf_files_dataset\\urdf_files\\drake\\iiwa_description\\meshes\\visual\\link_2_grey.obj"", ""D:\\CADtest\\papertest\\go_nogo1\\sources\\urdf_files_dataset\\urdf_files\\drake\\iiwa_description\\meshes\\visual\\link_2_orange.obj"", ""D:\\CADtest\\papertest\\go_nogo1\\sources\\urdf_files_dataset\\urdf_files\\drake\\iiwa_description\\meshes\\visual\\link_3.obj"", ""D:\\CADtest\\papertest\\go_nogo1\\sources\\urdf_files_dataset\\urdf_files\\drake\\iiwa_description\\meshes\\visual\\link_4_grey.obj"", ""D:\\CADtest\\papertest\\go_nogo1\\sources\\urdf_files_dataset\\urdf_files\\drake\\iiwa_description\\meshes\\visual\\link_4_orange.obj"", ""D:\\CADtest\\papertest\\go_nogo1\\sources\\urdf_files_dataset\\urdf_files\\drake\\iiwa_description\\meshes\\visual\\link_5.obj"", ""D:\\CADtest\\papertest\\go_nogo1\\sources\\urdf_files_dataset\\urdf_files\\drake\\iiwa_description\\meshes\\visual\\link_6_grey.obj"", ""D:\\CADtest\\papertest\\go_nogo1\\sources\\urdf_files_dataset\\urdf_files\\drake\\iiwa_description\\meshes\\visual\\link_6_orange.obj"", ""D:\\CADtest\\papertest\\go_nogo1\\sources\\urdf_files_dataset\\urdf_files\\drake\\iiwa_description\\meshes\\visual\\link_7.obj""]",dual_iiwa14,drake,https://github.com/RobotLocomotion/drake/tree/a037acf09ae797fb1d4ea850dd847337a98b7f26/manipulation/models/iiwa_description,dual arm robot,D:\CADtest\papertest\go_nogo1\sources\urdf_files_dataset\urdf_files\drake\iiwa_description\urdf\dual_iiwa14_polytope_collision.urdf,polytope collision,1.0,False
253,True,"{""fixed"": 3, ""revolute"": 7}",KUKA,9,True,7,0,1,10,11,8,8,0,15,15,LBR iiwa 14,1.0,,True,A,drake\iiwa_description\urdf\iiwa14_no_collision.urdf,"{""ancestor_suffix"": 15}","[""D:\\CADtest\\papertest\\go_nogo1\\sources\\urdf_files_dataset\\urdf_files\\drake\\iiwa_description\\meshes\\visual\\band.obj"", ""D:\\CADtest\\papertest\\go_nogo1\\sources\\urdf_files_dataset\\urdf_files\\drake\\iiwa_description\\meshes\\visual\\kuka.obj"", ""D:\\CADtest\\papertest\\go_nogo1\\sources\\urdf_files_dataset\\urdf_files\\drake\\iiwa_description\\meshes\\visual\\link_0.obj"", ""D:\\CADtest\\papertest\\go_nogo1\\sources\\urdf_files_dataset\\urdf_files\\drake\\iiwa_description\\meshes\\visual\\link_1.obj"", ""D:\\CADtest\\papertest\\go_nogo1\\sources\\urdf_files_dataset\\urdf_files\\drake\\iiwa_description\\meshes\\visual\\link_2_grey.obj"", ""D:\\CADtest\\papertest\\go_nogo1\\sources\\urdf_files_dataset\\urdf_files\\drake\\iiwa_description\\meshes\\visual\\link_2_orange.obj"", ""D:\\CADtest\\papertest\\go_nogo1\\sources\\urdf_files_dataset\\urdf_files\\drake\\iiwa_description\\meshes\\visual\\link_3.obj"", ""D:\\CADtest\\papertest\\go_nogo1\\sources\\urdf_files_dataset\\urdf_files\\drake\\iiwa_description\\meshes\\visual\\link_4_grey.obj"", ""D:\\CADtest\\papertest\\go_nogo1\\sources\\urdf_files_dataset\\urdf_files\\drake\\iiwa_description\\meshes\\visual\\link_4_orange.obj"", ""D:\\CADtest\\papertest\\go_nogo1\\sources\\urdf_files_dataset\\urdf_files\\drake\\iiwa_description\\meshes\\visual\\link_5.obj"", ""D:\\CADtest\\papertest\\go_nogo1\\sources\\urdf_files_dataset\\urdf_files\\drake\\iiwa_description\\meshes\\visual\\link_6_grey.obj"", ""D:\\CADtest\\papertest\\go_nogo1\\sources\\urdf_files_dataset\\urdf_files\\drake\\iiwa_description\\meshes\\visual\\link_6_orange.obj"", ""D:\\CADtest\\papertest\\go_nogo1\\sources\\urdf_files_dataset\\urdf_files\\drake\\iiwa_description\\meshes\\visual\\link_7.obj""]",iiwa14,drake,https://github.com/RobotLocomotion/drake/tree/a037acf09ae797fb1d4ea850dd847337a98b7f26/manipulation/models/iiwa_description,robotic arm,D:\CADtest\papertest\go_nogo1\sources\urdf_files_dataset\urdf_files\drake\iiwa_description\urdf\iiwa14_no_collision.urdf,no collision,1.0,False
254,True,"{""fixed"": 3, ""revolute"": 7}",KUKA,9,True,7,1,1,10,11,8,8,0,15,15,LBR iiwa 14,1.0,,True,A,drake\iiwa_description\urdf\iiwa14_polytope_collision.urdf,"{""ancestor_suffix"": 15}","[""D:\\CADtest\\papertest\\go_nogo1\\sources\\urdf_files_dataset\\urdf_files\\drake\\iiwa_description\\meshes\\visual\\band.obj"", ""D:\\CADtest\\papertest\\go_nogo1\\sources\\urdf_files_dataset\\urdf_files\\drake\\iiwa_description\\meshes\\visual\\kuka.obj"", ""D:\\CADtest\\papertest\\go_nogo1\\sources\\urdf_files_dataset\\urdf_files\\drake\\iiwa_description\\meshes\\visual\\link_0.obj"", ""D:\\CADtest\\papertest\\go_nogo1\\sources\\urdf_files_dataset\\urdf_files\\drake\\iiwa_description\\meshes\\visual\\link_1.obj"", ""D:\\CADtest\\papertest\\go_nogo1\\sources\\urdf_files_dataset\\urdf_files\\drake\\iiwa_description\\meshes\\visual\\link_2_grey.obj"", ""D:\\CADtest\\papertest\\go_nogo1\\sources\\urdf_files_dataset\\urdf_files\\drake\\iiwa_description\\meshes\\visual\\link_2_orange.obj"", ""D:\\CADtest\\papertest\\go_nogo1\\sources\\urdf_files_dataset\\urdf_files\\drake\\iiwa_description\\meshes\\visual\\link_3.obj"", ""D:\\CADtest\\papertest\\go_nogo1\\sources\\urdf_files_dataset\\urdf_files\\drake\\iiwa_description\\meshes\\visual\\link_4_grey.obj"", ""D:\\CADtest\\papertest\\go_nogo1\\sources\\urdf_files_dataset\\urdf_files\\drake\\iiwa_description\\meshes\\visual\\link_4_orange.obj"", ""D:\\CADtest\\papertest\\go_nogo1\\sources\\urdf_files_dataset\\urdf_files\\drake\\iiwa_description\\meshes\\visual\\link_5.obj"", ""D:\\CADtest\\papertest\\go_nogo1\\sources\\urdf_files_dataset\\urdf_files\\drake\\iiwa_description\\meshes\\visual\\link_6_grey.obj"", ""D:\\CADtest\\papertest\\go_nogo1\\sources\\urdf_files_dataset\\urdf_files\\drake\\iiwa_description\\meshes\\visual\\link_6_orange.obj"", ""D:\\CADtest\\papertest\\go_nogo1\\sources\\urdf_files_dataset\\urdf_files\\drake\\iiwa_description\\meshes\\visual\\link_7.obj""]",iiwa14,drake,https://github.com/RobotLocomotion/drake/tree/a037acf09ae797fb1d4ea850dd847337a98b7f26/manipulation/models/iiwa_description,robotic arm,D:\CADtest\papertest\go_nogo1\sources\urdf_files_dataset\urdf_files\drake\iiwa_description\urdf\iiwa14_polytope_collision.urdf,polytope collision,1.0,False
255,True,"{""fixed"": 3, ""revolute"": 7}",KUKA,9,True,7,2,1,10,11,8,8,0,15,15,LBR iiwa 14,1.0,,True,A,drake\iiwa_description\urdf\iiwa14_primitive_collision.urdf,"{""ancestor_suffix"": 15}","[""D:\\CADtest\\papertest\\go_nogo1\\sources\\urdf_files_dataset\\urdf_files\\drake\\iiwa_description\\meshes\\visual\\band.obj"", ""D:\\CADtest\\papertest\\go_nogo1\\sources\\urdf_files_dataset\\urdf_files\\drake\\iiwa_description\\meshes\\visual\\kuka.obj"", ""D:\\CADtest\\papertest\\go_nogo1\\sources\\urdf_files_dataset\\urdf_files\\drake\\iiwa_description\\meshes\\visual\\link_0.obj"", ""D:\\CADtest\\papertest\\go_nogo1\\sources\\urdf_files_dataset\\urdf_files\\drake\\iiwa_description\\meshes\\visual\\link_1.obj"", ""D:\\CADtest\\papertest\\go_nogo1\\sources\\urdf_files_dataset\\urdf_files\\drake\\iiwa_description\\meshes\\visual\\link_2_grey.obj"", ""D:\\CADtest\\papertest\\go_nogo1\\sources\\urdf_files_dataset\\urdf_files\\drake\\iiwa_description\\meshes\\visual\\link_2_orange.obj"", ""D:\\CADtest\\papertest\\go_nogo1\\sources\\urdf_files_dataset\\urdf_files\\drake\\iiwa_description\\meshes\\visual\\link_3.obj"", ""D:\\CADtest\\papertest\\go_nogo1\\sources\\urdf_files_dataset\\urdf_files\\drake\\iiwa_description\\meshes\\visual\\link_4_grey.obj"", ""D:\\CADtest\\papertest\\go_nogo1\\sources\\urdf_files_dataset\\urdf_files\\drake\\iiwa_description\\meshes\\visual\\link_4_orange.obj"", ""D:\\CADtest\\papertest\\go_nogo1\\sources\\urdf_files_dataset\\urdf_files\\drake\\iiwa_description\\meshes\\visual\\link_5.obj"", ""D:\\CADtest\\papertest\\go_nogo1\\sources\\urdf_files_dataset\\urdf_files\\drake\\iiwa_description\\meshes\\visual\\link_6_grey.obj"", ""D:\\CADtest\\papertest\\go_nogo1\\sources\\urdf_files_dataset\\urdf_files\\drake\\iiwa_description\\meshes\\visual\\link_6_orange.obj"", ""D:\\CADtest\\papertest\\go_nogo1\\sources\\urdf_files_dataset\\urdf_files\\drake\\iiwa_description\\meshes\\visual\\link_7.obj""]",iiwa14,drake,https://github.com/RobotLocomotion/drake/tree/a037acf09ae797fb1d4ea850dd847337a98b7f26/manipulation/models/iiwa_description,robotic arm,D:\CADtest\papertest\go_nogo1\sources\urdf_files_dataset\urdf_files\drake\iiwa_description\urdf\iiwa14_primitive_collision.urdf,primitive collision,1.0,False
251,True,"{""fixed"": 3, ""revolute"": 7}",KUKA,9,True,7,0,1,10,11,8,8,0,15,15,LBR iiwa 14,1.0,,True,A,drake\iiwa_description\urdf\iiwa14_spheres_collision.urdf,"{""ancestor_suffix"": 15}","[""D:\\CADtest\\papertest\\go_nogo1\\sources\\urdf_files_dataset\\urdf_files\\drake\\iiwa_description\\meshes\\visual\\band.obj"", ""D:\\CADtest\\papertest\\go_nogo1\\sources\\urdf_files_dataset\\urdf_files\\drake\\iiwa_description\\meshes\\visual\\kuka.obj"", ""D:\\CADtest\\papertest\\go_nogo1\\sources\\urdf_files_dataset\\urdf_files\\drake\\iiwa_description\\meshes\\visual\\link_0.obj"", ""D:\\CADtest\\papertest\\go_nogo1\\sources\\urdf_files_dataset\\urdf_files\\drake\\iiwa_description\\meshes\\visual\\link_1.obj"", ""D:\\CADtest\\papertest\\go_nogo1\\sources\\urdf_files_dataset\\urdf_files\\drake\\iiwa_description\\meshes\\visual\\link_2_grey.obj"", ""D:\\CADtest\\papertest\\go_nogo1\\sources\\urdf_files_dataset\\urdf_files\\drake\\iiwa_description\\meshes\\visual\\link_2_orange.obj"", ""D:\\CADtest\\papertest\\go_nogo1\\sources\\urdf_files_dataset\\urdf_files\\drake\\iiwa_description\\meshes\\visual\\link_3.obj"", ""D:\\CADtest\\papertest\\go_nogo1\\sources\\urdf_files_dataset\\urdf_files\\drake\\iiwa_description\\meshes\\visual\\link_4_grey.obj"", ""D:\\CADtest\\papertest\\go_nogo1\\sources\\urdf_files_dataset\\urdf_files\\drake\\iiwa_description\\meshes\\visual\\link_4_orange.obj"", ""D:\\CADtest\\papertest\\go_nogo1\\sources\\urdf_files_dataset\\urdf_files\\drake\\iiwa_description\\meshes\\visual\\link_5.obj"", ""D:\\CADtest\\papertest\\go_nogo1\\sources\\urdf_files_dataset\\urdf_files\\drake\\iiwa_description\\meshes\\visual\\link_6_grey.obj"", ""D:\\CADtest\\papertest\\go_nogo1\\sources\\urdf_files_dataset\\urdf_files\\drake\\iiwa_description\\meshes\\visual\\link_6_orange.obj"", ""D:\\CADtest\\papertest\\go_nogo1\\sources\\urdf_files_dataset\\urdf_files\\drake\\iiwa_description\\meshes\\visual\\link_7.obj""]",iiwa14,drake,https://github.com/RobotLocomotion/drake/tree/a037acf09ae797fb1d4ea850dd847337a98b7f26/manipulation/models/iiwa_description,robotic arm,D:\CADtest\papertest\go_nogo1\sources\urdf_files_dataset\urdf_files\drake\iiwa_description\urdf\iiwa14_spheres_collision.urdf,spheres collision,1.0,False
256,True,"{""fixed"": 3, ""revolute"": 7}",KUKA,9,True,7,0,1,10,11,8,8,0,15,15,LBR iiwa 14,1.0,,True,A,drake\iiwa_description\urdf\iiwa14_spheres_dense_collision.urdf,"{""ancestor_suffix"": 15}","[""D:\\CADtest\\papertest\\go_nogo1\\sources\\urdf_files_dataset\\urdf_files\\drake\\iiwa_description\\meshes\\visual\\band.obj"", ""D:\\CADtest\\papertest\\go_nogo1\\sources\\urdf_files_dataset\\urdf_files\\drake\\iiwa_description\\meshes\\visual\\kuka.obj"", ""D:\\CADtest\\papertest\\go_nogo1\\sources\\urdf_files_dataset\\urdf_files\\drake\\iiwa_description\\meshes\\visual\\link_0.obj"", ""D:\\CADtest\\papertest\\go_nogo1\\sources\\urdf_files_dataset\\urdf_files\\drake\\iiwa_description\\meshes\\visual\\link_1.obj"", ""D:\\CADtest\\papertest\\go_nogo1\\sources\\urdf_files_dataset\\urdf_files\\drake\\iiwa_description\\meshes\\visual\\link_2_grey.obj"", ""D:\\CADtest\\papertest\\go_nogo1\\sources\\urdf_files_dataset\\urdf_files\\drake\\iiwa_description\\meshes\\visual\\link_2_orange.obj"", ""D:\\CADtest\\papertest\\go_nogo1\\sources\\urdf_files_dataset\\urdf_files\\drake\\iiwa_description\\meshes\\visual\\link_3.obj"", ""D:\\CADtest\\papertest\\go_nogo1\\sources\\urdf_files_dataset\\urdf_files\\drake\\iiwa_description\\meshes\\visual\\link_4_grey.obj"", ""D:\\CADtest\\papertest\\go_nogo1\\sources\\urdf_files_dataset\\urdf_files\\drake\\iiwa_description\\meshes\\visual\\link_4_orange.obj"", ""D:\\CADtest\\papertest\\go_nogo1\\sources\\urdf_files_dataset\\urdf_files\\drake\\iiwa_description\\meshes\\visual\\link_5.obj"", ""D:\\CADtest\\papertest\\go_nogo1\\sources\\urdf_files_dataset\\urdf_files\\drake\\iiwa_description\\meshes\\visual\\link_6_grey.obj"", ""D:\\CADtest\\papertest\\go_nogo1\\sources\\urdf_files_dataset\\urdf_files\\drake\\iiwa_description\\meshes\\visual\\link_6_orange.obj"", ""D:\\CADtest\\papertest\\go_nogo1\\sources\\urdf_files_dataset\\urdf_files\\drake\\iiwa_description\\meshes\\visual\\link_7.obj""]",iiwa14,drake,https://github.com/RobotLocomotion/drake/tree/a037acf09ae797fb1d4ea850dd847337a98b7f26/manipulation/models/iiwa_description,robotic arm,D:\CADtest\papertest\go_nogo1\sources\urdf_files_dataset\urdf_files\drake\iiwa_description\urdf\iiwa14_spheres_dense_collision.urdf,spheres dense collision,1.0,False
257,True,"{""fixed"": 3, ""revolute"": 7}",KUKA,9,True,7,0,1,10,11,8,8,0,15,15,LBR iiwa 14,1.0,,True,A,drake\iiwa_description\urdf\iiwa14_spheres_dense_elbow_collision.urdf,"{""ancestor_suffix"": 15}","[""D:\\CADtest\\papertest\\go_nogo1\\sources\\urdf_files_dataset\\urdf_files\\drake\\iiwa_description\\meshes\\visual\\band.obj"", ""D:\\CADtest\\papertest\\go_nogo1\\sources\\urdf_files_dataset\\urdf_files\\drake\\iiwa_description\\meshes\\visual\\kuka.obj"", ""D:\\CADtest\\papertest\\go_nogo1\\sources\\urdf_files_dataset\\urdf_files\\drake\\iiwa_description\\meshes\\visual\\link_0.obj"", ""D:\\CADtest\\papertest\\go_nogo1\\sources\\urdf_files_dataset\\urdf_files\\drake\\iiwa_description\\meshes\\visual\\link_1.obj"", ""D:\\CADtest\\papertest\\go_nogo1\\sources\\urdf_files_dataset\\urdf_files\\drake\\iiwa_description\\meshes\\visual\\link_2_grey.obj"", ""D:\\CADtest\\papertest\\go_nogo1\\sources\\urdf_files_dataset\\urdf_files\\drake\\iiwa_description\\meshes\\visual\\link_2_orange.obj"", ""D:\\CADtest\\papertest\\go_nogo1\\sources\\urdf_files_dataset\\urdf_files\\drake\\iiwa_description\\meshes\\visual\\link_3.obj"", ""D:\\CADtest\\papertest\\go_nogo1\\sources\\urdf_files_dataset\\urdf_files\\drake\\iiwa_description\\meshes\\visual\\link_4_grey.obj"", ""D:\\CADtest\\papertest\\go_nogo1\\sources\\urdf_files_dataset\\urdf_files\\drake\\iiwa_description\\meshes\\visual\\link_4_orange.obj"", ""D:\\CADtest\\papertest\\go_nogo1\\sources\\urdf_files_dataset\\urdf_files\\drake\\iiwa_description\\meshes\\visual\\link_5.obj"", ""D:\\CADtest\\papertest\\go_nogo1\\sources\\urdf_files_dataset\\urdf_files\\drake\\iiwa_description\\meshes\\visual\\link_6_grey.obj"", ""D:\\CADtest\\papertest\\go_nogo1\\sources\\urdf_files_dataset\\urdf_files\\drake\\iiwa_description\\meshes\\visual\\link_6_orange.obj"", ""D:\\CADtest\\papertest\\go_nogo1\\sources\\urdf_files_dataset\\urdf_files\\drake\\iiwa_description\\meshes\\visual\\link_7.obj""]",iiwa14,drake,https://github.com/RobotLocomotion/drake/tree/a037acf09ae797fb1d4ea850dd847337a98b7f26/manipulation/models/iiwa_description,robotic arm,D:\CADtest\papertest\go_nogo1\sources\urdf_files_dataset\urdf_files\drake\iiwa_description\urdf\iiwa14_spheres_dense_elbow_collision.urdf,spheres dense elbow collision,1.0,False
258,True,"{""fixed"": 6, ""revolute"": 3}",KUKA,8,True,3,0,1,9,10,8,8,0,15,15,LBR iiwa 14,1.0,,True,A,drake\iiwa_description\urdf\planar_iiwa14_spheres_dense_elbow_collision.urdf,"{""ancestor_suffix"": 15}","[""D:\\CADtest\\papertest\\go_nogo1\\sources\\urdf_files_dataset\\urdf_files\\drake\\iiwa_description\\meshes\\visual\\band.obj"", ""D:\\CADtest\\papertest\\go_nogo1\\sources\\urdf_files_dataset\\urdf_files\\drake\\iiwa_description\\meshes\\visual\\kuka.obj"", ""D:\\CADtest\\papertest\\go_nogo1\\sources\\urdf_files_dataset\\urdf_files\\drake\\iiwa_description\\meshes\\visual\\link_0.obj"", ""D:\\CADtest\\papertest\\go_nogo1\\sources\\urdf_files_dataset\\urdf_files\\drake\\iiwa_description\\meshes\\visual\\link_1.obj"", ""D:\\CADtest\\papertest\\go_nogo1\\sources\\urdf_files_dataset\\urdf_files\\drake\\iiwa_description\\meshes\\visual\\link_2_grey.obj"", ""D:\\CADtest\\papertest\\go_nogo1\\sources\\urdf_files_dataset\\urdf_files\\drake\\iiwa_description\\meshes\\visual\\link_2_orange.obj"", ""D:\\CADtest\\papertest\\go_nogo1\\sources\\urdf_files_dataset\\urdf_files\\drake\\iiwa_description\\meshes\\visual\\link_3.obj"", ""D:\\CADtest\\papertest\\go_nogo1\\sources\\urdf_files_dataset\\urdf_files\\drake\\iiwa_description\\meshes\\visual\\link_4_grey.obj"", ""D:\\CADtest\\papertest\\go_nogo1\\sources\\urdf_files_dataset\\urdf_files\\drake\\iiwa_description\\meshes\\visual\\link_4_orange.obj"", ""D:\\CADtest\\papertest\\go_nogo1\\sources\\urdf_files_dataset\\urdf_files\\drake\\iiwa_description\\meshes\\visual\\link_5.obj"", ""D:\\CADtest\\papertest\\go_nogo1\\sources\\urdf_files_dataset\\urdf_files\\drake\\iiwa_description\\meshes\\visual\\link_6_grey.obj"", ""D:\\CADtest\\papertest\\go_nogo1\\sources\\urdf_files_dataset\\urdf_files\\drake\\iiwa_description\\meshes\\visual\\link_6_orange.obj"", ""D:\\CADtest\\papertest\\go_nogo1\\sources\\urdf_files_dataset\\urdf_files\\drake\\iiwa_description\\meshes\\visual\\link_7.obj""]",iiwa14,drake,https://github.com/RobotLocomotion/drake/tree/a037acf09ae797fb1d4ea850dd847337a98b7f26/manipulation/models/iiwa_description,robotic arm,D:\CADtest\papertest\go_nogo1\sources\urdf_files_dataset\urdf_files\drake\iiwa_description\urdf\planar_iiwa14_spheres_dense_elbow_collision.urdf,planar spheres dense elbow collision,1.0,False
3,False,"{""continuous"": 5, ""fixed"": 55, ""prismatic"": 3, ""revolute"": 20}",Willow Garage,0,True,28,37,0,83,83,45,64,19,0,45,PR2,1.0,,True,C,drake\pr2\pr2_description\urdf\pr2_simplified.urdf,"{""unresolved"": 45}",[],pr2,drake,https://github.com/RobotLocomotion/drake/tree/a037acf09ae797fb1d4ea850dd847337a98b7f26/examples/pr2,mobile manipulator,D:\CADtest\papertest\go_nogo1\sources\urdf_files_dataset\urdf_files\drake\pr2\pr2_description\urdf\pr2_simplified.urdf,original,0.0,False
4,True,"{""fixed"": 2, ""revolute"": 6}",ABB,7,True,6,7,1,8,9,7,7,0,7,7,IRB 120,1.0,,True,A,matlab\abb_irb120_support\urdf\abbIrb120.urdf,"{""ancestor_suffix"": 7}","[""D:\\CADtest\\papertest\\go_nogo1\\sources\\urdf_files_dataset\\urdf_files\\matlab\\abb_irb120_support\\meshes\\irb120_3_58\\visual\\base_link.stl"", ""D:\\CADtest\\papertest\\go_nogo1\\sources\\urdf_files_dataset\\urdf_files\\matlab\\abb_irb120_support\\meshes\\irb120_3_58\\visual\\link_1.stl"", ""D:\\CADtest\\papertest\\go_nogo1\\sources\\urdf_files_dataset\\urdf_files\\matlab\\abb_irb120_support\\meshes\\irb120_3_58\\visual\\link_2.stl"", ""D:\\CADtest\\papertest\\go_nogo1\\sources\\urdf_files_dataset\\urdf_files\\matlab\\abb_irb120_support\\meshes\\irb120_3_58\\visual\\link_3.stl"", ""D:\\CADtest\\papertest\\go_nogo1\\sources\\urdf_files_dataset\\urdf_files\\matlab\\abb_irb120_support\\meshes\\irb120_3_58\\visual\\link_4.stl"", ""D:\\CADtest\\papertest\\go_nogo1\\sources\\urdf_files_dataset\\urdf_files\\matlab\\abb_irb120_support\\meshes\\irb120_3_58\\visual\\link_5.stl"", ""D:\\CADtest\\papertest\\go_nogo1\\sources\\urdf_files_dataset\\urdf_files\\matlab\\abb_irb120_support\\meshes\\irb120_3_58\\visual\\link_6.stl""]",abb_irb120_3_58,matlab,https://se.mathworks.com/matlabcentral/fileexchange/98714-robotics-system-toolbox-robot-library-data,robotic arm,D:\CADtest\papertest\go_nogo1\sources\urdf_files_dataset\urdf_files\matlab\abb_irb120_support\urdf\abbIrb120.urdf,original,1.0,False
5,True,"{""fixed"": 2, ""revolute"": 6}",ABB,7,True,6,7,1,8,9,7,7,0,7,7,IRB 120T,1.0,,True,A,matlab\abb_irb120_support\urdf\abbIrb120T.urdf,"{""ancestor_suffix"": 7}","[""D:\\CADtest\\papertest\\go_nogo1\\sources\\urdf_files_dataset\\urdf_files\\matlab\\abb_irb120_support\\meshes\\irb120_3_58\\visual\\base_link.stl"", ""D:\\CADtest\\papertest\\go_nogo1\\sources\\urdf_files_dataset\\urdf_files\\matlab\\abb_irb120_support\\meshes\\irb120_3_58\\visual\\link_1.stl"", ""D:\\CADtest\\papertest\\go_nogo1\\sources\\urdf_files_dataset\\urdf_files\\matlab\\abb_irb120_support\\meshes\\irb120_3_58\\visual\\link_2.stl"", ""D:\\CADtest\\papertest\\go_nogo1\\sources\\urdf_files_dataset\\urdf_files\\matlab\\abb_irb120_support\\meshes\\irb120_3_58\\visual\\link_3.stl"", ""D:\\CADtest\\papertest\\go_nogo1\\sources\\urdf_files_dataset\\urdf_files\\matlab\\abb_irb120_support\\meshes\\irb120_3_58\\visual\\link_4.stl"", ""D:\\CADtest\\papertest\\go_nogo1\\sources\\urdf_files_dataset\\urdf_files\\matlab\\abb_irb120_support\\meshes\\irb120_3_58\\visual\\link_5.stl"", ""D:\\CADtest\\papertest\\go_nogo1\\sources\\urdf_files_dataset\\urdf_files\\matlab\\abb_irb120_support\\meshes\\irb120_3_58\\visual\\link_6.stl""]",abb_irb120t_3_58,matlab,https://se.mathworks.com/matlabcentral/fileexchange/98714-robotics-system-toolbox-robot-library-data,robotic arm,D:\CADtest\papertest\go_nogo1\sources\urdf_files_dataset\urdf_files\matlab\abb_irb120_support\urdf\abbIrb120T.urdf,original,1.0,False
6,True,"{""fixed"": 1, ""revolute"": 6}",ABB,7,True,6,7,1,7,8,7,7,0,7,7,IRB 1600,1.0,,True,A,matlab\abb_irb1600_support\urdf\abbIrb1600.urdf,"{""ancestor_suffix"": 7}","[""D:\\CADtest\\papertest\\go_nogo1\\sources\\urdf_files_dataset\\urdf_files\\matlab\\abb_irb1600_support\\meshes\\irb1600\\visual\\base_link.stl"", ""D:\\CADtest\\papertest\\go_nogo1\\sources\\urdf_files_dataset\\urdf_files\\matlab\\abb_irb1600_support\\meshes\\irb1600\\visual\\link_1.stl"", ""D:\\CADtest\\papertest\\go_nogo1\\sources\\urdf_files_dataset\\urdf_files\\matlab\\abb_irb1600_support\\meshes\\irb1600\\visual\\link_3.stl"", ""D:\\CADtest\\papertest\\go_nogo1\\sources\\urdf_files_dataset\\urdf_files\\matlab\\abb_irb1600_support\\meshes\\irb1600\\visual\\link_4.stl"", ""D:\\CADtest\\papertest\\go_nogo1\\sources\\urdf_files_dataset\\urdf_files\\matlab\\abb_irb1600_support\\meshes\\irb1600\\visual\\link_5.stl"", ""D:\\CADtest\\papertest\\go_nogo1\\sources\\urdf_files_dataset\\urdf_files\\matlab\\abb_irb1600_support\\meshes\\irb1600\\visual\\link_6.stl"", ""D:\\CADtest\\papertest\\go_nogo1\\sources\\urdf_files_dataset\\urdf_files\\matlab\\abb_irb1600_support\\meshes\\irb1600_6_12\\visual\\link_2.stl""]",abb_irb1600_6_12,matlab,https://se.mathworks.com/matlabcentral/fileexchange/98714-robotics-system-toolbox-robot-library-data,robotic arm,D:\CADtest\papertest\go_nogo1\sources\urdf_files_dataset\urdf_files\matlab\abb_irb1600_support\urdf\abbIrb1600.urdf,original,1.0,False
7,True,"{""continuous"": 4, ""fixed"": 11}",Adept Mobile Robots,3,True,4,5,1,15,16,16,16,0,16,16,Pioneer 3-AT,1.0,,True,A,matlab\amr_robots_description\urdf\amrPioneer3AT.urdf,"{""ancestor_suffix"": 16}","[""D:\\CADtest\\papertest\\go_nogo1\\sources\\urdf_files_dataset\\urdf_files\\matlab\\amr_robots_description\\meshes\\p3at_meshes\\axle.stl"", ""D:\\CADtest\\papertest\\go_nogo1\\sources\\urdf_files_dataset\\urdf_files\\matlab\\amr_robots_description\\meshes\\p3at_meshes\\back_sonar.stl"", ""D:\\CADtest\\papertest\\go_nogo1\\sources\\urdf_files_dataset\\urdf_files\\matlab\\amr_robots_description\\meshes\\p3at_meshes\\chassis.stl"", ""D:\\CADtest\\papertest\\go_nogo1\\sources\\urdf_files_dataset\\urdf_files\\matlab\\amr_robots_description\\meshes\\p3at_meshes\\front_sonar.stl"", ""D:\\CADtest\\papertest\\go_nogo1\\sources\\urdf_files_dataset\\urdf_files\\matlab\\amr_robots_description\\meshes\\p3at_meshes\\left_hubcap.stl"", ""D:\\CADtest\\papertest\\go_nogo1\\sources\\urdf_files_dataset\\urdf_files\\matlab\\amr_robots_description\\meshes\\p3at_meshes\\right_hubcap.stl"", ""D:\\CADtest\\papertest\\go_nogo1\\sources\\urdf_files_dataset\\urdf_files\\matlab\\amr_robots_description\\meshes\\p3at_meshes\\top.stl"", ""D:\\CADtest\\papertest\\go_nogo1\\sources\\urdf_files_dataset\\urdf_files\\matlab\\amr_robots_description\\meshes\\p3at_meshes\\wheel.stl""]",pioneer3at,matlab,https://se.mathworks.com/matlabcentral/fileexchange/98714-robotics-system-toolbox-robot-library-data,robotic arm,D:\CADtest\papertest\go_nogo1\sources\urdf_files_dataset\urdf_files\matlab\amr_robots_description\urdf\amrPioneer3AT.urdf,original,1.0,False
8,True,"{""continuous"": 2, ""fixed"": 8}",Adept Mobile Robots,3,True,2,0,1,10,11,11,11,0,11,11,Pioneer 3-DX,1.0,,True,A,matlab\amr_robots_description\urdf\amrPioneer3DX.urdf,"{""ancestor_suffix"": 11}","[""D:\\CADtest\\papertest\\go_nogo1\\sources\\urdf_files_dataset\\urdf_files\\matlab\\amr_robots_description\\meshes\\p3dx_meshes\\back_sonar.stl"", ""D:\\CADtest\\papertest\\go_nogo1\\sources\\urdf_files_dataset\\urdf_files\\matlab\\amr_robots_description\\meshes\\p3dx_meshes\\caster_hubcap.stl"", ""D:\\CADtest\\papertest\\go_nogo1\\sources\\urdf_files_dataset\\urdf_files\\matlab\\amr_robots_description\\meshes\\p3dx_meshes\\caster_swivel.stl"", ""D:\\CADtest\\papertest\\go_nogo1\\sources\\urdf_files_dataset\\urdf_files\\matlab\\amr_robots_description\\meshes\\p3dx_meshes\\caster_wheel.stl"", ""D:\\CADtest\\papertest\\go_nogo1\\sources\\urdf_files_dataset\\urdf_files\\matlab\\amr_robots_description\\meshes\\p3dx_meshes\\chassis.stl"", ""D:\\CADtest\\papertest\\go_nogo1\\sources\\urdf_files_dataset\\urdf_files\\matlab\\amr_robots_description\\meshes\\p3dx_meshes\\front_sonar.stl"", ""D:\\CADtest\\papertest\\go_nogo1\\sources\\urdf_files_dataset\\urdf_files\\matlab\\amr_robots_description\\meshes\\p3dx_meshes\\left_hubcap.stl"", ""D:\\CADtest\\papertest\\go_nogo1\\sources\\urdf_files_dataset\\urdf_files\\matlab\\amr_robots_description\\meshes\\p3dx_meshes\\left_wheel.stl"", ""D:\\CADtest\\papertest\\go_nogo1\\sources\\urdf_files_dataset\\urdf_files\\matlab\\amr_robots_description\\meshes\\p3dx_meshes\\right_hubcap.stl"", ""D:\\CADtest\\papertest\\go_nogo1\\sources\\urdf_files_dataset\\urdf_files\\matlab\\amr_robots_description\\meshes\\p3dx_meshes\\right_wheel.stl"", ""D:\\CADtest\\papertest\\go_nogo1\\sources\\urdf_files_dataset\\urdf_files\\matlab\\amr_robots_description\\meshes\\p3dx_meshes\\top.stl""]",pioneer3dx,matlab,https://se.mathworks.com/matlabcentral/fileexchange/98714-robotics-system-toolbox-robot-library-data,robotic arm,D:\CADtest\papertest\go_nogo1\sources\urdf_files_dataset\urdf_files\matlab\amr_robots_description\urdf\amrPioneer3DX.urdf,original,1.0,False
9,True,"{""continuous"": 2, ""fixed"": 1}",Adept Mobile Robots,1,True,2,0,1,3,4,1,2,1,1,1,Pioneer LX,0.333333,,True,C,matlab\amr_robots_description\urdf\amrPioneerLX.urdf,"{""ancestor_suffix"": 1}","[""D:\\CADtest\\papertest\\go_nogo1\\sources\\urdf_files_dataset\\urdf_files\\matlab\\amr_robots_description\\meshes\\pioneer-lx\\pioneer-lx_visual.stl""]",pioneer-lx,matlab,https://se.mathworks.com/matlabcentral/fileexchange/98714-robotics-system-toolbox-robot-library-data,robotic arm,D:\CADtest\papertest\go_nogo1\sources\urdf_files_dataset\urdf_files\matlab\amr_robots_description\urdf\amrPioneerLX.urdf,original,1.0,False
10,True,"{""fixed"": 29, ""revolute"": 30}",Boston Dynamics,19,True,30,0,1,59,60,30,34,20,30,30,Atlas,0.967742,,True,A,matlab\Atlas\urdf\atlas.urdf,"{""indexed_suffix_nearest_package"": 30}","[""D:\\CADtest\\papertest\\go_nogo1\\sources\\urdf_files_dataset\\urdf_files\\drake\\atlas\\urdf\\meshes\\head.obj"", ""D:\\CADtest\\papertest\\go_nogo1\\sources\\urdf_files_dataset\\urdf_files\\drake\\atlas\\urdf\\meshes\\head_camera.obj"", ""D:\\CADtest\\papertest\\go_nogo1\\sources\\urdf_files_dataset\\urdf_files\\drake\\atlas\\urdf\\meshes\\l_foot.obj"", ""D:\\CADtest\\papertest\\go_nogo1\\sources\\urdf_files_dataset\\urdf_files\\drake\\atlas\\urdf\\meshes\\l_lglut.obj"", ""D:\\CADtest\\papertest\\go_nogo1\\sources\\urdf_files_dataset\\urdf_files\\drake\\atlas\\urdf\\meshes\\l_lleg.obj"", ""D:\\CADtest\\papertest\\go_nogo1\\sources\\urdf_files_dataset\\urdf_files\\drake\\atlas\\urdf\\meshes\\l_talus.obj"", ""D:\\CADtest\\papertest\\go_nogo1\\sources\\urdf_files_dataset\\urdf_files\\drake\\atlas\\urdf\\meshes\\l_uglut.obj"", ""D:\\CADtest\\papertest\\go_nogo1\\sources\\urdf_files_dataset\\urdf_files\\drake\\atlas\\urdf\\meshes\\l_uleg.obj"", ""D:\\CADtest\\papertest\\go_nogo1\\sources\\urdf_files_dataset\\urdf_files\\drake\\atlas\\urdf\\meshes\\ltorso.obj"", ""D:\\CADtest\\papertest\\go_nogo1\\sources\\urdf_files_dataset\\urdf_files\\drake\\atlas\\urdf\\meshes\\mtorso.obj"", ""D:\\CADtest\\papertest\\go_nogo1\\sources\\urdf_files_dataset\\urdf_files\\drake\\atlas\\urdf\\meshes\\pelvis.obj"", ""D:\\CADtest\\papertest\\go_nogo1\\sources\\urdf_files_dataset\\urdf_files\\drake\\atlas\\urdf\\meshes\\r_clav.obj"", ""D:\\CADtest\\papertest\\go_nogo1\\sources\\urdf_files_dataset\\urdf_files\\drake\\atlas\\urdf\\meshes\\r_farm.obj"", ""D:\\CADtest\\papertest\\go_nogo1\\sources\\urdf_files_dataset\\urdf_files\\drake\\atlas\\urdf\\meshes\\r_foot.obj"", ""D:\\CADtest\\papertest\\go_nogo1\\sources\\urdf_files_dataset\\urdf_files\\drake\\atlas\\urdf\\meshes\\r_hand.obj"", ""D:\\CADtest\\papertest\\go_nogo1\\sources\\urdf_files_dataset\\urdf_files\\drake\\atlas\\urdf\\meshes\\r_larm.obj"", ""D:\\CADtest\\papertest\\go_nogo1\\sources\\urdf_files_dataset\\urdf_files\\drake\\atlas\\urdf\\meshes\\r_lglut.obj"", ""D:\\CADtest\\papertest\\go_nogo1\\sources\\urdf_files_dataset\\urdf_files\\drake\\atlas\\urdf\\meshes\\r_lleg.obj"", ""D:\\CADtest\\papertest\\go_nogo1\\sources\\urdf_files_dataset\\urdf_files\\drake\\atlas\\urdf\\meshes\\r_scap.obj"", ""D:\\CADtest\\papertest\\go_nogo1\\sources\\urdf_files_dataset\\urdf_files\\drake\\atlas\\urdf\\meshes\\r_talus.obj"", ""D:\\CADtest\\papertest\\go_nogo1\\sources\\urdf_files_dataset\\urdf_files\\drake\\atlas\\urdf\\meshes\\r_uarm.obj"", ""D:\\CADtest\\papertest\\go_nogo1\\sources\\urdf_files_dataset\\urdf_files\\drake\\atlas\\urdf\\meshes\\r_uglut.obj"", ""D:\\CADtest\\papertest\\go_nogo1\\sources\\urdf_files_dataset\\urdf_files\\drake\\atlas\\urdf\\meshes\\r_uleg.obj"", ""D:\\CADtest\\papertest\\go_nogo1\\sources\\urdf_files_dataset\\urdf_files\\drake\\atlas\\urdf\\meshes\\utorso.obj""]",atlas,matlab,https://se.mathworks.com/matlabcentral/fileexchange/98714-robotics-system-toolbox-robot-library-data,humanoid robot,D:\CADtest\papertest\go_nogo1\sources\urdf_files_dataset\urdf_files\matlab\Atlas\urdf\atlas.urdf,original,1.0,False
11,True,"{""fixed"": 33, ""revolute"": 15}",Rethink Robotics,12,True,15,2,1,48,49,18,32,14,18,18,Baxter,1.0,,True,A,matlab\baxter_description\urdf\rethinkBaxter.urdf,"{""ancestor_suffix"": 18}","[""D:\\CADtest\\papertest\\go_nogo1\\sources\\urdf_files_dataset\\urdf_files\\matlab\\baxter_description\\meshes\\base\\PEDESTAL.DAE"", ""D:\\CADtest\\papertest\\go_nogo1\\sources\\urdf_files_dataset\\urdf_files\\matlab\\baxter_description\\meshes\\head\\H0.DAE"", ""D:\\CADtest\\papertest\\go_nogo1\\sources\\urdf_files_dataset\\urdf_files\\matlab\\baxter_description\\meshes\\head\\H1.DAE"", ""D:\\CADtest\\papertest\\go_nogo1\\sources\\urdf_files_dataset\\urdf_files\\matlab\\baxter_description\\meshes\\lower_elbow\\E1.DAE"", ""D:\\CADtest\\papertest\\go_nogo1\\sources\\urdf_files_dataset\\urdf_files\\matlab\\baxter_description\\meshes\\lower_forearm\\W1.DAE"", ""D:\\CADtest\\papertest\\go_nogo1\\sources\\urdf_files_dataset\\urdf_files\\matlab\\baxter_description\\meshes\\lower_shoulder\\S1.DAE"", ""D:\\CADtest\\papertest\\go_nogo1\\sources\\urdf_files_dataset\\urdf_files\\matlab\\baxter_description\\meshes\\torso\\base_link.DAE"", ""D:\\CADtest\\papertest\\go_nogo1\\sources\\urdf_files_dataset\\urdf_files\\matlab\\baxter_description\\meshes\\upper_elbow\\E0.DAE"", ""D:\\CADtest\\papertest\\go_nogo1\\sources\\urdf_files_dataset\\urdf_files\\matlab\\baxter_description\\meshes\\upper_forearm\\W0.DAE"", ""D:\\CADtest\\papertest\\go_nogo1\\sources\\urdf_files_dataset\\urdf_files\\matlab\\baxter_description\\meshes\\upper_shoulder\\S0.DAE"", ""D:\\CADtest\\papertest\\go_nogo1\\sources\\urdf_files_dataset\\urdf_files\\matlab\\baxter_description\\meshes\\wrist\\W2.DAE""]",baxter,matlab,https://se.mathworks.com/matlabcentral/fileexchange/98714-robotics-system-toolbox-robot-library-data,dual arm robot,D:\CADtest\papertest\go_nogo1\sources\urdf_files_dataset\urdf_files\matlab\baxter_description\urdf\rethinkBaxter.urdf,original,1.0,False
12,True,"{""fixed"": 3, ""revolute"": 6}",Fanuc,7,True,6,7,1,9,10,7,7,0,7,7,LR Mate 200iB,1.0,,True,A,matlab\fanuc_lrmate200ib_support\urdf\fanucLRMate200ib.urdf,"{""ancestor_suffix"": 7}","[""D:\\CADtest\\papertest\\go_nogo1\\sources\\urdf_files_dataset\\urdf_files\\matlab\\fanuc_lrmate200ib_support\\meshes\\lrmate200ib\\visual\\base_link.stl"", ""D:\\CADtest\\papertest\\go_nogo1\\sources\\urdf_files_dataset\\urdf_files\\matlab\\fanuc_lrmate200ib_support\\meshes\\lrmate200ib\\visual\\link_1.stl"", ""D:\\CADtest\\papertest\\go_nogo1\\sources\\urdf_files_dataset\\urdf_files\\matlab\\fanuc_lrmate200ib_support\\meshes\\lrmate200ib\\visual\\link_2.stl"", ""D:\\CADtest\\papertest\\go_nogo1\\sources\\urdf_files_dataset\\urdf_files\\matlab\\fanuc_lrmate200ib_support\\meshes\\lrmate200ib\\visual\\link_3.stl"", ""D:\\CADtest\\papertest\\go_nogo1\\sources\\urdf_files_dataset\\urdf_files\\matlab\\fanuc_lrmate200ib_support\\meshes\\lrmate200ib\\visual\\link_4.stl"", ""D:\\CADtest\\papertest\\go_nogo1\\sources\\urdf_files_dataset\\urdf_files\\matlab\\fanuc_lrmate200ib_support\\meshes\\lrmate200ib\\visual\\link_5.stl"", ""D:\\CADtest\\papertest\\go_nogo1\\sources\\urdf_files_dataset\\urdf_files\\matlab\\fanuc_lrmate200ib_support\\meshes\\lrmate200ib\\visual\\link_6.stl""]",fanuc_lrmate200ib,matlab,https://se.mathworks.com/matlabcentral/fileexchange/98714-robotics-system-toolbox-robot-library-data,robotic arm,D:\CADtest\papertest\go_nogo1\sources\urdf_files_dataset\urdf_files\matlab\fanuc_lrmate200ib_support\urdf\fanucLRMate200ib.urdf,original,1.0,False
13,True,"{""fixed"": 1, ""revolute"": 6}",Fanuc,7,True,6,7,1,7,8,7,7,0,7,7,M-16iB,1.0,,True,A,matlab\fanuc_m16ib_support\urdf\fanucM16ib.urdf,"{""ancestor_suffix"": 7}","[""D:\\CADtest\\papertest\\go_nogo1\\sources\\urdf_files_dataset\\urdf_files\\matlab\\fanuc_m16ib_support\\meshes\\m16ib20\\visual\\base_link.stl"", ""D:\\CADtest\\papertest\\go_nogo1\\sources\\urdf_files_dataset\\urdf_files\\matlab\\fanuc_m16ib_support\\meshes\\m16ib20\\visual\\link_1.stl"", ""D:\\CADtest\\papertest\\go_nogo1\\sources\\urdf_files_dataset\\urdf_files\\matlab\\fanuc_m16ib_support\\meshes\\m16ib20\\visual\\link_2.stl"", ""D:\\CADtest\\papertest\\go_nogo1\\sources\\urdf_files_dataset\\urdf_files\\matlab\\fanuc_m16ib_support\\meshes\\m16ib20\\visual\\link_3.stl"", ""D:\\CADtest\\papertest\\go_nogo1\\sources\\urdf_files_dataset\\urdf_files\\matlab\\fanuc_m16ib_support\\meshes\\m16ib20\\visual\\link_4.stl"", ""D:\\CADtest\\papertest\\go_nogo1\\sources\\urdf_files_dataset\\urdf_files\\matlab\\fanuc_m16ib_support\\meshes\\m16ib20\\visual\\link_5.stl"", ""D:\\CADtest\\papertest\\go_nogo1\\sources\\urdf_files_dataset\\urdf_files\\matlab\\fanuc_m16ib_support\\meshes\\m16ib20\\visual\\link_6.stl""]",fanuc_m16ib20,matlab,https://se.mathworks.com/matlabcentral/fileexchange/98714-robotics-system-toolbox-robot-library-data,robotic arm,D:\CADtest\papertest\go_nogo1\sources\urdf_files_dataset\urdf_files\matlab\fanuc_m16ib_support\urdf\fanucM16ib.urdf,original,1.0,False
14,True,"{""fixed"": 2, ""prismatic"": 2, ""revolute"": 7}",Franka Emika,10,True,9,11,1,11,12,11,11,0,11,11,Panda,1.0,,True,A,matlab\franka_description\robots\frankaEmikaPanda.urdf,"{""ancestor_suffix"": 11}","[""D:\\CADtest\\papertest\\go_nogo1\\sources\\urdf_files_dataset\\urdf_files\\matlab\\franka_description\\meshes\\visual\\finger.dae"", ""D:\\CADtest\\papertest\\go_nogo1\\sources\\urdf_files_dataset\\urdf_files\\matlab\\franka_description\\meshes\\visual\\hand.dae"", ""D:\\CADtest\\papertest\\go_nogo1\\sources\\urdf_files_dataset\\urdf_files\\matlab\\franka_description\\meshes\\visual\\link0.dae"", ""D:\\CADtest\\papertest\\go_nogo1\\sources\\urdf_files_dataset\\urdf_files\\matlab\\franka_description\\meshes\\visual\\link1.dae"", ""D:\\CADtest\\papertest\\go_nogo1\\sources\\urdf_files_dataset\\urdf_files\\matlab\\franka_description\\meshes\\visual\\link2.dae"", ""D:\\CADtest\\papertest\\go_nogo1\\sources\\urdf_files_dataset\\urdf_files\\matlab\\franka_description\\meshes\\visual\\link3.dae"", ""D:\\CADtest\\papertest\\go_nogo1\\sources\\urdf_files_dataset\\urdf_files\\matlab\\franka_description\\meshes\\visual\\link4.dae"", ""D:\\CADtest\\papertest\\go_nogo1\\sources\\urdf_files_dataset\\urdf_files\\matlab\\franka_description\\meshes\\visual\\link5.dae"", ""D:\\CADtest\\papertest\\go_nogo1\\sources\\urdf_files_dataset\\urdf_files\\matlab\\franka_description\\meshes\\visual\\link6.dae"", ""D:\\CADtest\\papertest\\go_nogo1\\sources\\urdf_files_dataset\\urdf_files\\matlab\\franka_description\\meshes\\visual\\link7.dae""]",panda,matlab,https://se.mathworks.com/matlabcentral/fileexchange/98714-robotics-system-toolbox-robot-library-data,robotic arm,D:\CADtest\papertest\go_nogo1\sources\urdf_files_dataset\urdf_files\matlab\franka_description\robots\frankaEmikaPanda.urdf,original,1.0,False
15,True,"{""continuous"": 4, ""fixed"": 10}",Clearpath Robotics,2,True,4,1,1,14,15,10,10,0,10,10,Husky,1.0,,True,A,matlab\husky_description\urdf\clearpathHusky.urdf,"{""ancestor_suffix"": 10}","[""D:\\CADtest\\papertest\\go_nogo1\\sources\\urdf_files_dataset\\urdf_files\\matlab\\husky_description\\meshes\\base_link.dae"", ""D:\\CADtest\\papertest\\go_nogo1\\sources\\urdf_files_dataset\\urdf_files\\matlab\\husky_description\\meshes\\bumper.dae"", ""D:\\CADtest\\papertest\\go_nogo1\\sources\\urdf_files_dataset\\urdf_files\\matlab\\husky_description\\meshes\\top_chassis.dae"", ""D:\\CADtest\\papertest\\go_nogo1\\sources\\urdf_files_dataset\\urdf_files\\matlab\\husky_description\\meshes\\top_plate.dae"", ""D:\\CADtest\\papertest\\go_nogo1\\sources\\urdf_files_dataset\\urdf_files\\matlab\\husky_description\\meshes\\user_rail.dae"", ""D:\\CADtest\\papertest\\go_nogo1\\sources\\urdf_files_dataset\\urdf_files\\matlab\\husky_description\\meshes\\wheel.dae""]",husky,matlab,https://se.mathworks.com/matlabcentral/fileexchange/98714-robotics-system-toolbox-robot-library-data,mobile robot,D:\CADtest\papertest\go_nogo1\sources\urdf_files_dataset\urdf_files\matlab\husky_description\urdf\clearpathHusky.urdf,original,1.0,False
17,True,"{""fixed"": 3, ""revolute"": 7}",KUKA,9,True,7,8,1,10,11,8,8,0,8,8,LBR iiwa 14,1.0,,True,A,matlab\iiwa_description\urdf\kukaIiwa14.urdf,"{""ancestor_suffix"": 8}","[""D:\\CADtest\\papertest\\go_nogo1\\sources\\urdf_files_dataset\\urdf_files\\matlab\\iiwa_description\\meshes\\iiwa14\\visual\\link_0.stl"", ""D:\\CADtest\\papertest\\go_nogo1\\sources\\urdf_files_dataset\\urdf_files\\matlab\\iiwa_description\\meshes\\iiwa14\\visual\\link_1.stl"", ""D:\\CADtest\\papertest\\go_nogo1\\sources\\urdf_files_dataset\\urdf_files\\matlab\\iiwa_description\\meshes\\iiwa14\\visual\\link_2.stl"", ""D:\\CADtest\\papertest\\go_nogo1\\sources\\urdf_files_dataset\\urdf_files\\matlab\\iiwa_description\\meshes\\iiwa14\\visual\\link_3.stl"", ""D:\\CADtest\\papertest\\go_nogo1\\sources\\urdf_files_dataset\\urdf_files\\matlab\\iiwa_description\\meshes\\iiwa14\\visual\\link_4.stl"", ""D:\\CADtest\\papertest\\go_nogo1\\sources\\urdf_files_dataset\\urdf_files\\matlab\\iiwa_description\\meshes\\iiwa14\\visual\\link_5.stl"", ""D:\\CADtest\\papertest\\go_nogo1\\sources\\urdf_files_dataset\\urdf_files\\matlab\\iiwa_description\\meshes\\iiwa14\\visual\\link_6.stl"", ""D:\\CADtest\\papertest\\go_nogo1\\sources\\urdf_files_dataset\\urdf_files\\matlab\\iiwa_description\\meshes\\iiwa14\\visual\\link_7.stl""]",iiwa14,matlab,https://se.mathworks.com/matlabcentral/fileexchange/98714-robotics-system-toolbox-robot-library-data,robotic arm,D:\CADtest\papertest\go_nogo1\sources\urdf_files_dataset\urdf_files\matlab\iiwa_description\urdf\kukaIiwa14.urdf,original,1.0,False
16,True,"{""fixed"": 3, ""revolute"": 7}",KUKA,9,True,7,8,1,10,11,8,8,0,8,8,LBR iiwa 7,1.0,,True,A,matlab\iiwa_description\urdf\kukaIiwa7.urdf,"{""ancestor_suffix"": 8}","[""D:\\CADtest\\papertest\\go_nogo1\\sources\\urdf_files_dataset\\urdf_files\\matlab\\iiwa_description\\meshes\\iiwa7\\visual\\link_0.stl"", ""D:\\CADtest\\papertest\\go_nogo1\\sources\\urdf_files_dataset\\urdf_files\\matlab\\iiwa_description\\meshes\\iiwa7\\visual\\link_1.stl"", ""D:\\CADtest\\papertest\\go_nogo1\\sources\\urdf_files_dataset\\urdf_files\\matlab\\iiwa_description\\meshes\\iiwa7\\visual\\link_2.stl"", ""D:\\CADtest\\papertest\\go_nogo1\\sources\\urdf_files_dataset\\urdf_files\\matlab\\iiwa_description\\meshes\\iiwa7\\visual\\link_3.stl"", ""D:\\CADtest\\papertest\\go_nogo1\\sources\\urdf_files_dataset\\urdf_files\\matlab\\iiwa_description\\meshes\\iiwa7\\visual\\link_4.stl"", ""D:\\CADtest\\papertest\\go_nogo1\\sources\\urdf_files_dataset\\urdf_files\\matlab\\iiwa_description\\meshes\\iiwa7\\visual\\link_5.stl"", ""D:\\CADtest\\papertest\\go_nogo1\\sources\\urdf_files_dataset\\urdf_files\\matlab\\iiwa_description\\meshes\\iiwa7\\visual\\link_6.stl"", ""D:\\CADtest\\papertest\\go_nogo1\\sources\\urdf_files_dataset\\urdf_files\\matlab\\iiwa_description\\meshes\\iiwa7\\visual\\link_7.stl""]",iiwa7,matlab,https://se.mathworks.com/matlabcentral/fileexchange/98714-robotics-system-toolbox-robot-library-data,robotic arm,D:\CADtest\papertest\go_nogo1\sources\urdf_files_dataset\urdf_files\matlab\iiwa_description\urdf\kukaIiwa7.urdf,original,1.0,False
18,True,"{""continuous"": 4, ""fixed"": 8}",Clearpath Robotics,3,True,4,0,1,12,13,7,8,1,7,7,Jackal,1.0,,True,A,matlab\jackal_description\urdf\clearpathJackal.urdf,"{""ancestor_suffix"": 7}","[""D:\\CADtest\\papertest\\go_nogo1\\sources\\urdf_files_dataset\\urdf_files\\matlab\\jackal_description\\meshes\\jackal-base.stl"", ""D:\\CADtest\\papertest\\go_nogo1\\sources\\urdf_files_dataset\\urdf_files\\matlab\\jackal_description\\meshes\\jackal-fender.stl"", ""D:\\CADtest\\papertest\\go_nogo1\\sources\\urdf_files_dataset\\urdf_files\\matlab\\jackal_description\\meshes\\jackal-wheel.stl""]",jackal,matlab,https://se.mathworks.com/matlabcentral/fileexchange/98714-robotics-system-toolbox-robot-library-data,mobile robot,D:\CADtest\papertest\go_nogo1\sources\urdf_files_dataset\urdf_files\matlab\jackal_description\urdf\clearpathJackal.urdf,original,1.0,False
19,True,"{""continuous"": 4, ""fixed"": 5, ""revolute"": 4}",Kinova Robotics,10,True,8,11,1,13,14,11,13,2,17,17,Jaco J2N6S200,1.0,,True,A,matlab\kinova_description\urdf\kinovaJacoJ2N6S200.urdf,"{""ancestor_suffix"": 17}","[""D:\\CADtest\\papertest\\go_nogo1\\sources\\urdf_files_dataset\\urdf_files\\matlab\\kinova_description\\meshes\\arm.dae"", ""D:\\CADtest\\papertest\\go_nogo1\\sources\\urdf_files_dataset\\urdf_files\\matlab\\kinova_description\\meshes\\base.dae"", ""D:\\CADtest\\papertest\\go_nogo1\\sources\\urdf_files_dataset\\urdf_files\\matlab\\kinova_description\\meshes\\finger_distal.dae"", ""D:\\CADtest\\papertest\\go_nogo1\\sources\\urdf_files_dataset\\urdf_files\\matlab\\kinova_description\\meshes\\finger_proximal.dae"", ""D:\\CADtest\\papertest\\go_nogo1\\sources\\urdf_files_dataset\\urdf_files\\matlab\\kinova_description\\meshes\\forearm.dae"", ""D:\\CADtest\\papertest\\go_nogo1\\sources\\urdf_files_dataset\\urdf_files\\matlab\\kinova_description\\meshes\\hand_2finger.dae"", ""D:\\CADtest\\papertest\\go_nogo1\\sources\\urdf_files_dataset\\urdf_files\\matlab\\kinova_description\\meshes\\ring_big.STL"", ""D:\\CADtest\\papertest\\go_nogo1\\sources\\urdf_files_dataset\\urdf_files\\matlab\\kinova_description\\meshes\\ring_small.STL"", ""D:\\CADtest\\papertest\\go_nogo1\\sources\\urdf_files_dataset\\urdf_files\\matlab\\kinova_description\\meshes\\shoulder.dae"", ""D:\\CADtest\\papertest\\go_nogo1\\sources\\urdf_files_dataset\\urdf_files\\matlab\\kinova_description\\meshes\\wrist.dae""]",j2n6s200,matlab,https://se.mathworks.com/matlabcentral/fileexchange/98714-robotics-system-toolbox-robot-library-data,robotic arm,D:\CADtest\papertest\go_nogo1\sources\urdf_files_dataset\urdf_files\matlab\kinova_description\urdf\kinovaJacoJ2N6S200.urdf,original,1.0,False
20,True,"{""continuous"": 4, ""fixed"": 6, ""revolute"": 5}",Kinova Robotics,10,True,9,13,1,15,16,13,15,2,19,19,Jaco J2N6S300,1.0,,True,A,matlab\kinova_description\urdf\kinovaJacoJ2N6S300.urdf,"{""ancestor_suffix"": 19}","[""D:\\CADtest\\papertest\\go_nogo1\\sources\\urdf_files_dataset\\urdf_files\\matlab\\kinova_description\\meshes\\arm.dae"", ""D:\\CADtest\\papertest\\go_nogo1\\sources\\urdf_files_dataset\\urdf_files\\matlab\\kinova_description\\meshes\\base.dae"", ""D:\\CADtest\\papertest\\go_nogo1\\sources\\urdf_files_dataset\\urdf_files\\matlab\\kinova_description\\meshes\\finger_distal.dae"", ""D:\\CADtest\\papertest\\go_nogo1\\sources\\urdf_files_dataset\\urdf_files\\matlab\\kinova_description\\meshes\\finger_proximal.dae"", ""D:\\CADtest\\papertest\\go_nogo1\\sources\\urdf_files_dataset\\urdf_files\\matlab\\kinova_description\\meshes\\forearm.dae"", ""D:\\CADtest\\papertest\\go_nogo1\\sources\\urdf_files_dataset\\urdf_files\\matlab\\kinova_description\\meshes\\hand_3finger.dae"", ""D:\\CADtest\\papertest\\go_nogo1\\sources\\urdf_files_dataset\\urdf_files\\matlab\\kinova_description\\meshes\\ring_big.STL"", ""D:\\CADtest\\papertest\\go_nogo1\\sources\\urdf_files_dataset\\urdf_files\\matlab\\kinova_description\\meshes\\ring_small.STL"", ""D:\\CADtest\\papertest\\go_nogo1\\sources\\urdf_files_dataset\\urdf_files\\matlab\\kinova_description\\meshes\\shoulder.dae"", ""D:\\CADtest\\papertest\\go_nogo1\\sources\\urdf_files_dataset\\urdf_files\\matlab\\kinova_description\\meshes\\wrist.dae""]",j2n6s300,matlab,https://se.mathworks.com/matlabcentral/fileexchange/98714-robotics-system-toolbox-robot-library-data,robotic arm,D:\CADtest\papertest\go_nogo1\sources\urdf_files_dataset\urdf_files\matlab\kinova_description\urdf\kinovaJacoJ2N6S300.urdf,original,1.0,False
21,True,"{""continuous"": 5, ""fixed"": 6, ""revolute"": 5}",Kinova Robotics,11,True,10,14,1,16,17,14,16,2,21,21,Jaco J2N7S300,1.0,,True,A,matlab\kinova_description\urdf\kinovaJacoJ2N7S300.urdf,"{""ancestor_suffix"": 21}","[""D:\\CADtest\\papertest\\go_nogo1\\sources\\urdf_files_dataset\\urdf_files\\matlab\\kinova_description\\meshes\\arm_half_1.dae"", ""D:\\CADtest\\papertest\\go_nogo1\\sources\\urdf_files_dataset\\urdf_files\\matlab\\kinova_description\\meshes\\arm_half_2.dae"", ""D:\\CADtest\\papertest\\go_nogo1\\sources\\urdf_files_dataset\\urdf_files\\matlab\\kinova_description\\meshes\\base.dae"", ""D:\\CADtest\\papertest\\go_nogo1\\sources\\urdf_files_dataset\\urdf_files\\matlab\\kinova_description\\meshes\\finger_distal.dae"", ""D:\\CADtest\\papertest\\go_nogo1\\sources\\urdf_files_dataset\\urdf_files\\matlab\\kinova_description\\meshes\\finger_proximal.dae"", ""D:\\CADtest\\papertest\\go_nogo1\\sources\\urdf_files_dataset\\urdf_files\\matlab\\kinova_description\\meshes\\forearm.dae"", ""D:\\CADtest\\papertest\\go_nogo1\\sources\\urdf_files_dataset\\urdf_files\\matlab\\kinova_description\\meshes\\hand_3finger.dae"", ""D:\\CADtest\\papertest\\go_nogo1\\sources\\urdf_files_dataset\\urdf_files\\matlab\\kinova_description\\meshes\\ring_big.STL"", ""D:\\CADtest\\papertest\\go_nogo1\\sources\\urdf_files_dataset\\urdf_files\\matlab\\kinova_description\\meshes\\ring_small.STL"", ""D:\\CADtest\\papertest\\go_nogo1\\sources\\urdf_files_dataset\\urdf_files\\matlab\\kinova_description\\meshes\\shoulder.dae"", ""D:\\CADtest\\papertest\\go_nogo1\\sources\\urdf_files_dataset\\urdf_files\\matlab\\kinova_description\\meshes\\wrist.dae""]",j2n7s300,matlab,https://se.mathworks.com/matlabcentral/fileexchange/98714-robotics-system-toolbox-robot-library-data,robotic arm,D:\CADtest\papertest\go_nogo1\sources\urdf_files_dataset\urdf_files\matlab\kinova_description\urdf\kinovaJacoJ2N7S300.urdf,original,1.0,False
22,True,"{""continuous"": 3, ""fixed"": 6, ""revolute"": 6}",Kinova Robotics,10,True,9,13,1,15,16,13,15,2,19,19,Jaco J2S6S300,1.0,,True,A,matlab\kinova_description\urdf\kinovaJacoJ2S6S300.urdf,"{""ancestor_suffix"": 19}","[""D:\\CADtest\\papertest\\go_nogo1\\sources\\urdf_files_dataset\\urdf_files\\matlab\\kinova_description\\meshes\\arm.dae"", ""D:\\CADtest\\papertest\\go_nogo1\\sources\\urdf_files_dataset\\urdf_files\\matlab\\kinova_description\\meshes\\base.dae"", ""D:\\CADtest\\papertest\\go_nogo1\\sources\\urdf_files_dataset\\urdf_files\\matlab\\kinova_description\\meshes\\finger_distal.dae"", ""D:\\CADtest\\papertest\\go_nogo1\\sources\\urdf_files_dataset\\urdf_files\\matlab\\kinova_description\\meshes\\finger_proximal.dae"", ""D:\\CADtest\\papertest\\go_nogo1\\sources\\urdf_files_dataset\\urdf_files\\matlab\\kinova_description\\meshes\\forearm.dae"", ""D:\\CADtest\\papertest\\go_nogo1\\sources\\urdf_files_dataset\\urdf_files\\matlab\\kinova_description\\meshes\\hand_3finger.dae"", ""D:\\CADtest\\papertest\\go_nogo1\\sources\\urdf_files_dataset\\urdf_files\\matlab\\kinova_description\\meshes\\ring_big.STL"", ""D:\\CADtest\\papertest\\go_nogo1\\sources\\urdf_files_dataset\\urdf_files\\matlab\\kinova_description\\meshes\\ring_small.STL"", ""D:\\CADtest\\papertest\\go_nogo1\\sources\\urdf_files_dataset\\urdf_files\\matlab\\kinova_description\\meshes\\shoulder.dae"", ""D:\\CADtest\\papertest\\go_nogo1\\sources\\urdf_files_dataset\\urdf_files\\matlab\\kinova_description\\meshes\\wrist_spherical_1.dae"", ""D:\\CADtest\\papertest\\go_nogo1\\sources\\urdf_files_dataset\\urdf_files\\matlab\\kinova_description\\meshes\\wrist_spherical_2.dae""]",j2s6s300,matlab,https://se.mathworks.com/matlabcentral/fileexchange/98714-robotics-system-toolbox-robot-library-data,robotic arm,D:\CADtest\papertest\go_nogo1\sources\urdf_files_dataset\urdf_files\matlab\kinova_description\urdf\kinovaJacoJ2S6S300.urdf,original,1.0,False
23,True,"{""continuous"": 4, ""fixed"": 6, ""revolute"": 6}",Kinova Robotics,11,True,10,14,1,16,17,14,16,2,21,21,Jaco J2S7S300,1.0,,True,A,matlab\kinova_description\urdf\kinovaJacoJ2S7S300.urdf,"{""ancestor_suffix"": 21}","[""D:\\CADtest\\papertest\\go_nogo1\\sources\\urdf_files_dataset\\urdf_files\\matlab\\kinova_description\\meshes\\arm_half_1.dae"", ""D:\\CADtest\\papertest\\go_nogo1\\sources\\urdf_files_dataset\\urdf_files\\matlab\\kinova_description\\meshes\\arm_half_2.dae"", ""D:\\CADtest\\papertest\\go_nogo1\\sources\\urdf_files_dataset\\urdf_files\\matlab\\kinova_description\\meshes\\base.dae"", ""D:\\CADtest\\papertest\\go_nogo1\\sources\\urdf_files_dataset\\urdf_files\\matlab\\kinova_description\\meshes\\finger_distal.dae"", ""D:\\CADtest\\papertest\\go_nogo1\\sources\\urdf_files_dataset\\urdf_files\\matlab\\kinova_description\\meshes\\finger_proximal.dae"", ""D:\\CADtest\\papertest\\go_nogo1\\sources\\urdf_files_dataset\\urdf_files\\matlab\\kinova_description\\meshes\\forearm.dae"", ""D:\\CADtest\\papertest\\go_nogo1\\sources\\urdf_files_dataset\\urdf_files\\matlab\\kinova_description\\meshes\\hand_3finger.dae"", ""D:\\CADtest\\papertest\\go_nogo1\\sources\\urdf_files_dataset\\urdf_files\\matlab\\kinova_description\\meshes\\ring_big.STL"", ""D:\\CADtest\\papertest\\go_nogo1\\sources\\urdf_files_dataset\\urdf_files\\matlab\\kinova_description\\meshes\\ring_small.STL"", ""D:\\CADtest\\papertest\\go_nogo1\\sources\\urdf_files_dataset\\urdf_files\\matlab\\kinova_description\\meshes\\shoulder.dae"", ""D:\\CADtest\\papertest\\go_nogo1\\sources\\urdf_files_dataset\\urdf_files\\matlab\\kinova_description\\meshes\\wrist_spherical_1.dae"", ""D:\\CADtest\\papertest\\go_nogo1\\sources\\urdf_files_dataset\\urdf_files\\matlab\\kinova_description\\meshes\\wrist_spherical_2.dae""]",j2s7s300,matlab,https://se.mathworks.com/matlabcentral/fileexchange/98714-robotics-system-toolbox-robot-library-data,robotic arm,D:\CADtest\papertest\go_nogo1\sources\urdf_files_dataset\urdf_files\matlab\kinova_description\urdf\kinovaJacoJ2S7S300.urdf,original,1.0,False
24,True,"{""continuous"": 8, ""fixed"": 12, ""revolute"": 10}",Kinova Robotics,10,True,18,26,1,30,31,26,29,3,38,38,Jaco Two Arm,1.0,,True,A,matlab\kinova_description\urdf\kinovaJacoTwoArmExample.urdf,"{""ancestor_suffix"": 38}","[""D:\\CADtest\\papertest\\go_nogo1\\sources\\urdf_files_dataset\\urdf_files\\matlab\\kinova_description\\meshes\\arm.dae"", ""D:\\CADtest\\papertest\\go_nogo1\\sources\\urdf_files_dataset\\urdf_files\\matlab\\kinova_description\\meshes\\base.dae"", ""D:\\CADtest\\papertest\\go_nogo1\\sources\\urdf_files_dataset\\urdf_files\\matlab\\kinova_description\\meshes\\finger_distal.dae"", ""D:\\CADtest\\papertest\\go_nogo1\\sources\\urdf_files_dataset\\urdf_files\\matlab\\kinova_description\\meshes\\finger_proximal.dae"", ""D:\\CADtest\\papertest\\go_nogo1\\sources\\urdf_files_dataset\\urdf_files\\matlab\\kinova_description\\meshes\\forearm.dae"", ""D:\\CADtest\\papertest\\go_nogo1\\sources\\urdf_files_dataset\\urdf_files\\matlab\\kinova_description\\meshes\\hand_3finger.dae"", ""D:\\CADtest\\papertest\\go_nogo1\\sources\\urdf_files_dataset\\urdf_files\\matlab\\kinova_description\\meshes\\ring_big.STL"", ""D:\\CADtest\\papertest\\go_nogo1\\sources\\urdf_files_dataset\\urdf_files\\matlab\\kinova_description\\meshes\\ring_small.STL"", ""D:\\CADtest\\papertest\\go_nogo1\\sources\\urdf_files_dataset\\urdf_files\\matlab\\kinova_description\\meshes\\shoulder.dae"", ""D:\\CADtest\\papertest\\go_nogo1\\sources\\urdf_files_dataset\\urdf_files\\matlab\\kinova_description\\meshes\\wrist.dae""]",j2s6a300,matlab,https://se.mathworks.com/matlabcentral/fileexchange/98714-robotics-system-toolbox-robot-library-data,dual arm robot,D:\CADtest\papertest\go_nogo1\sources\urdf_files_dataset\urdf_files\matlab\kinova_description\urdf\kinovaJacoTwoArmExample.urdf,original,1.0,False
25,True,"{""continuous"": 2, ""fixed"": 5, ""revolute"": 4}",Kinova Robotics,8,True,6,9,1,11,12,9,11,2,13,13,Mico M1N4S200,1.0,,True,A,matlab\kinova_description\urdf\kinovaMicoM1N4S200.urdf,"{""ancestor_suffix"": 13}","[""D:\\CADtest\\papertest\\go_nogo1\\sources\\urdf_files_dataset\\urdf_files\\matlab\\kinova_description\\meshes\\arm_mico.dae"", ""D:\\CADtest\\papertest\\go_nogo1\\sources\\urdf_files_dataset\\urdf_files\\matlab\\kinova_description\\meshes\\base.dae"", ""D:\\CADtest\\papertest\\go_nogo1\\sources\\urdf_files_dataset\\urdf_files\\matlab\\kinova_description\\meshes\\finger_distal.dae"", ""D:\\CADtest\\papertest\\go_nogo1\\sources\\urdf_files_dataset\\urdf_files\\matlab\\kinova_description\\meshes\\finger_proximal.dae"", ""D:\\CADtest\\papertest\\go_nogo1\\sources\\urdf_files_dataset\\urdf_files\\matlab\\kinova_description\\meshes\\forearm_mico.dae"", ""D:\\CADtest\\papertest\\go_nogo1\\sources\\urdf_files_dataset\\urdf_files\\matlab\\kinova_description\\meshes\\hand_2finger.dae"", ""D:\\CADtest\\papertest\\go_nogo1\\sources\\urdf_files_dataset\\urdf_files\\matlab\\kinova_description\\meshes\\ring_big.STL"", ""D:\\CADtest\\papertest\\go_nogo1\\sources\\urdf_files_dataset\\urdf_files\\matlab\\kinova_description\\meshes\\ring_small.STL"", ""D:\\CADtest\\papertest\\go_nogo1\\sources\\urdf_files_dataset\\urdf_files\\matlab\\kinova_description\\meshes\\shoulder.dae""]",m1n4s200,matlab,https://se.mathworks.com/matlabcentral/fileexchange/98714-robotics-system-toolbox-robot-library-data,robotic arm,D:\CADtest\papertest\go_nogo1\sources\urdf_files_dataset\urdf_files\matlab\kinova_description\urdf\kinovaMicoM1N4S200.urdf,original,1.0,False
26,True,"{""continuous"": 4, ""fixed"": 5, ""revolute"": 4}",Kinova Robotics,10,True,8,11,1,13,14,11,13,2,17,17,Mico M1N6S200,1.0,,True,A,matlab\kinova_description\urdf\kinovaMicoM1N6S200.urdf,"{""ancestor_suffix"": 17}","[""D:\\CADtest\\papertest\\go_nogo1\\sources\\urdf_files_dataset\\urdf_files\\matlab\\kinova_description\\meshes\\arm_mico.dae"", ""D:\\CADtest\\papertest\\go_nogo1\\sources\\urdf_files_dataset\\urdf_files\\matlab\\kinova_description\\meshes\\base.dae"", ""D:\\CADtest\\papertest\\go_nogo1\\sources\\urdf_files_dataset\\urdf_files\\matlab\\kinova_description\\meshes\\finger_distal.dae"", ""D:\\CADtest\\papertest\\go_nogo1\\sources\\urdf_files_dataset\\urdf_files\\matlab\\kinova_description\\meshes\\finger_proximal.dae"", ""D:\\CADtest\\papertest\\go_nogo1\\sources\\urdf_files_dataset\\urdf_files\\matlab\\kinova_description\\meshes\\forearm_mico.dae"", ""D:\\CADtest\\papertest\\go_nogo1\\sources\\urdf_files_dataset\\urdf_files\\matlab\\kinova_description\\meshes\\hand_2finger.dae"", ""D:\\CADtest\\papertest\\go_nogo1\\sources\\urdf_files_dataset\\urdf_files\\matlab\\kinova_description\\meshes\\ring_big.STL"", ""D:\\CADtest\\papertest\\go_nogo1\\sources\\urdf_files_dataset\\urdf_files\\matlab\\kinova_description\\meshes\\ring_small.STL"", ""D:\\CADtest\\papertest\\go_nogo1\\sources\\urdf_files_dataset\\urdf_files\\matlab\\kinova_description\\meshes\\shoulder.dae"", ""D:\\CADtest\\papertest\\go_nogo1\\sources\\urdf_files_dataset\\urdf_files\\matlab\\kinova_description\\meshes\\wrist.dae""]",m1n6s200,matlab,https://se.mathworks.com/matlabcentral/fileexchange/98714-robotics-system-toolbox-robot-library-data,robotic arm,D:\CADtest\papertest\go_nogo1\sources\urdf_files_dataset\urdf_files\matlab\kinova_description\urdf\kinovaMicoM1N6S200.urdf,original,1.0,False
27,True,"{""continuous"": 4, ""fixed"": 6, ""revolute"": 5}",Kinova Robotics,10,True,9,13,1,15,16,13,15,2,19,19,Mico M1N6S300,1.0,,True,A,matlab\kinova_description\urdf\kinovaMicoM1N6S300.urdf,"{""ancestor_suffix"": 19}","[""D:\\CADtest\\papertest\\go_nogo1\\sources\\urdf_files_dataset\\urdf_files\\matlab\\kinova_description\\meshes\\arm_mico.dae"", ""D:\\CADtest\\papertest\\go_nogo1\\sources\\urdf_files_dataset\\urdf_files\\matlab\\kinova_description\\meshes\\base.dae"", ""D:\\CADtest\\papertest\\go_nogo1\\sources\\urdf_files_dataset\\urdf_files\\matlab\\kinova_description\\meshes\\finger_distal.dae"", ""D:\\CADtest\\papertest\\go_nogo1\\sources\\urdf_files_dataset\\urdf_files\\matlab\\kinova_description\\meshes\\finger_proximal.dae"", ""D:\\CADtest\\papertest\\go_nogo1\\sources\\urdf_files_dataset\\urdf_files\\matlab\\kinova_description\\meshes\\forearm_mico.dae"", ""D:\\CADtest\\papertest\\go_nogo1\\sources\\urdf_files_dataset\\urdf_files\\matlab\\kinova_description\\meshes\\hand_3finger.dae"", ""D:\\CADtest\\papertest\\go_nogo1\\sources\\urdf_files_dataset\\urdf_files\\matlab\\kinova_description\\meshes\\ring_big.STL"", ""D:\\CADtest\\papertest\\go_nogo1\\sources\\urdf_files_dataset\\urdf_files\\matlab\\kinova_description\\meshes\\ring_small.STL"", ""D:\\CADtest\\papertest\\go_nogo1\\sources\\urdf_files_dataset\\urdf_files\\matlab\\kinova_description\\meshes\\shoulder.dae"", ""D:\\CADtest\\papertest\\go_nogo1\\sources\\urdf_files_dataset\\urdf_files\\matlab\\kinova_description\\meshes\\wrist.dae""]",m1n6s300,matlab,https://se.mathworks.com/matlabcentral/fileexchange/98714-robotics-system-toolbox-robot-library-data,robotic arm,D:\CADtest\papertest\go_nogo1\sources\urdf_files_dataset\urdf_files\matlab\kinova_description\urdf\kinovaMicoM1N6S300.urdf,original,1.0,False
28,True,"{""continuous"": 4, ""fixed"": 1, ""revolute"": 3}",Kinova Robotics,8,True,7,9,1,8,9,9,9,0,9,9,Gen3,1.0,,True,A,matlab\kortex_description\urdf\kinovaGen3.urdf,"{""ancestor_suffix"": 9}","[""D:\\CADtest\\papertest\\go_nogo1\\sources\\urdf_files_dataset\\urdf_files\\matlab\\kortex_description\\meshes\\Bracelet_Link.STL"", ""D:\\CADtest\\papertest\\go_nogo1\\sources\\urdf_files_dataset\\urdf_files\\matlab\\kortex_description\\meshes\\EndEffector_Link.STL"", ""D:\\CADtest\\papertest\\go_nogo1\\sources\\urdf_files_dataset\\urdf_files\\matlab\\kortex_description\\meshes\\ForeArm_Link.STL"", ""D:\\CADtest\\papertest\\go_nogo1\\sources\\urdf_files_dataset\\urdf_files\\matlab\\kortex_description\\meshes\\HalfArm1_Link.STL"", ""D:\\CADtest\\papertest\\go_nogo1\\sources\\urdf_files_dataset\\urdf_files\\matlab\\kortex_description\\meshes\\HalfArm2_Link.STL"", ""D:\\CADtest\\papertest\\go_nogo1\\sources\\urdf_files_dataset\\urdf_files\\matlab\\kortex_description\\meshes\\Shoulder_Link.STL"", ""D:\\CADtest\\papertest\\go_nogo1\\sources\\urdf_files_dataset\\urdf_files\\matlab\\kortex_description\\meshes\\Wrist1_Link.STL"", ""D:\\CADtest\\papertest\\go_nogo1\\sources\\urdf_files_dataset\\urdf_files\\matlab\\kortex_description\\meshes\\Wrist2_Link.STL"", ""D:\\CADtest\\papertest\\go_nogo1\\sources\\urdf_files_dataset\\urdf_files\\matlab\\kortex_description\\meshes\\base_link.STL""]",JACO3_URDF_V10,matlab,https://se.mathworks.com/matlabcentral/fileexchange/98714-robotics-system-toolbox-robot-library-data,robotic arm,D:\CADtest\papertest\go_nogo1\sources\urdf_files_dataset\urdf_files\matlab\kortex_description\urdf\kinovaGen3.urdf,original,1.0,False
29,True,"{""continuous"": 4, ""fixed"": 5, ""revolute"": 3}",Kinova Robotics,9,True,7,8,1,12,13,8,8,0,8,8,Gen3 V12,1.0,,True,A,matlab\kortex_v12_description\robots\kinovaGen3V12.urdf,"{""ancestor_suffix"": 8}","[""D:\\CADtest\\papertest\\go_nogo1\\sources\\urdf_files_dataset\\urdf_files\\matlab\\kortex_v12_description\\arms\\gen3\\7dof\\meshes\\base_link.STL"", ""D:\\CADtest\\papertest\\go_nogo1\\sources\\urdf_files_dataset\\urdf_files\\matlab\\kortex_v12_description\\arms\\gen3\\7dof\\meshes\\bracelet_with_vision_link.STL"", ""D:\\CADtest\\papertest\\go_nogo1\\sources\\urdf_files_dataset\\urdf_files\\matlab\\kortex_v12_description\\arms\\gen3\\7dof\\meshes\\forearm_link.STL"", ""D:\\CADtest\\papertest\\go_nogo1\\sources\\urdf_files_dataset\\urdf_files\\matlab\\kortex_v12_description\\arms\\gen3\\7dof\\meshes\\half_arm_1_link.STL"", ""D:\\CADtest\\papertest\\go_nogo1\\sources\\urdf_files_dataset\\urdf_files\\matlab\\kortex_v12_description\\arms\\gen3\\7dof\\meshes\\half_arm_2_link.STL"", ""D:\\CADtest\\papertest\\go_nogo1\\sources\\urdf_files_dataset\\urdf_files\\matlab\\kortex_v12_description\\arms\\gen3\\7dof\\meshes\\shoulder_link.STL"", ""D:\\CADtest\\papertest\\go_nogo1\\sources\\urdf_files_dataset\\urdf_files\\matlab\\kortex_v12_description\\arms\\gen3\\7dof\\meshes\\spherical_wrist_1_link.STL"", ""D:\\CADtest\\papertest\\go_nogo1\\sources\\urdf_files_dataset\\urdf_files\\matlab\\kortex_v12_description\\arms\\gen3\\7dof\\meshes\\spherical_wrist_2_link.STL""]",gen3,matlab,https://se.mathworks.com/matlabcentral/fileexchange/98714-robotics-system-toolbox-robot-library-data,robotic arm,D:\CADtest\papertest\go_nogo1\sources\urdf_files_dataset\urdf_files\matlab\kortex_v12_description\robots\kinovaGen3V12.urdf,original,1.0,False
30,True,"{""revolute"": 6}",Mecademic Robotics,6,True,6,7,1,6,7,7,7,0,7,7,Meca500-R3,1.0,,True,A,matlab\mecademic_description\urdf\meca500r3.urdf,"{""ancestor_suffix"": 7}","[""D:\\CADtest\\papertest\\go_nogo1\\sources\\urdf_files_dataset\\urdf_files\\matlab\\mecademic_description\\meshes\\meca_500_r3_base.dae"", ""D:\\CADtest\\papertest\\go_nogo1\\sources\\urdf_files_dataset\\urdf_files\\matlab\\mecademic_description\\meshes\\meca_500_r3_j1.dae"", ""D:\\CADtest\\papertest\\go_nogo1\\sources\\urdf_files_dataset\\urdf_files\\matlab\\mecademic_description\\meshes\\meca_500_r3_j2.dae"", ""D:\\CADtest\\papertest\\go_nogo1\\sources\\urdf_files_dataset\\urdf_files\\matlab\\mecademic_description\\meshes\\meca_500_r3_j3.dae"", ""D:\\CADtest\\papertest\\go_nogo1\\sources\\urdf_files_dataset\\urdf_files\\matlab\\mecademic_description\\meshes\\meca_500_r3_j4.dae"", ""D:\\CADtest\\papertest\\go_nogo1\\sources\\urdf_files_dataset\\urdf_files\\matlab\\mecademic_description\\meshes\\meca_500_r3_j5.dae"", ""D:\\CADtest\\papertest\\go_nogo1\\sources\\urdf_files_dataset\\urdf_files\\matlab\\mecademic_description\\meshes\\meca_500_r3_j6.dae""]",meca_500_r3,matlab,https://se.mathworks.com/matlabcentral/fileexchange/98714-robotics-system-toolbox-robot-library-data,robotic arm,D:\CADtest\papertest\go_nogo1\sources\urdf_files_dataset\urdf_files\matlab\mecademic_description\urdf\meca500r3.urdf,original,1.0,False
31,True,"{""revolute"": 6}",Yaskawa Motoman,6,True,6,7,1,6,7,7,7,0,7,7,Motoman MH5,1.0,,True,A,matlab\motoman_mh5_support\urdf\yaskawaMotomanMH5.urdf,"{""ancestor_suffix"": 7}","[""D:\\CADtest\\papertest\\go_nogo1\\sources\\urdf_files_dataset\\urdf_files\\matlab\\motoman_mh5_support\\meshes\\mh5\\visual\\MH5_BASE_AXIS.stl"", ""D:\\CADtest\\papertest\\go_nogo1\\sources\\urdf_files_dataset\\urdf_files\\matlab\\motoman_mh5_support\\meshes\\mh5\\visual\\MH5_B_AXIS.stl"", ""D:\\CADtest\\papertest\\go_nogo1\\sources\\urdf_files_dataset\\urdf_files\\matlab\\motoman_mh5_support\\meshes\\mh5\\visual\\MH5_L_AXIS.stl"", ""D:\\CADtest\\papertest\\go_nogo1\\sources\\urdf_files_dataset\\urdf_files\\matlab\\motoman_mh5_support\\meshes\\mh5\\visual\\MH5_R_AXIS.stl"", ""D:\\CADtest\\papertest\\go_nogo1\\sources\\urdf_files_dataset\\urdf_files\\matlab\\motoman_mh5_support\\meshes\\mh5\\visual\\MH5_S_AXIS.stl"", ""D:\\CADtest\\papertest\\go_nogo1\\sources\\urdf_files_dataset\\urdf_files\\matlab\\motoman_mh5_support\\meshes\\mh5\\visual\\MH5_T_AXIS.stl"", ""D:\\CADtest\\papertest\\go_nogo1\\sources\\urdf_files_dataset\\urdf_files\\matlab\\motoman_mh5_support\\meshes\\mh5\\visual\\MH5_U_AXIS.stl""]",motoman_mh5,matlab,https://se.mathworks.com/matlabcentral/fileexchange/98714-robotics-system-toolbox-robot-library-data,robotic arm,D:\CADtest\papertest\go_nogo1\sources\urdf_files_dataset\urdf_files\matlab\motoman_mh5_support\urdf\yaskawaMotomanMH5.urdf,original,1.0,False
32,True,"{""continuous"": 8, ""fixed"": 23, ""prismatic"": 1, ""revolute"": 20}",Kinova Robotics,16,True,29,43,1,52,53,45,45,0,45,45,Movo,1.0,,True,A,matlab\movo_description\urdf\kinovaMovo.urdf,"{""ancestor_suffix"": 45}","[""D:\\CADtest\\papertest\\go_nogo1\\sources\\urdf_files_dataset\\urdf_files\\matlab\\movo_description\\meshes\\manipulation\\jaco\\visual\\arm_half_1.dae"", ""D:\\CADtest\\papertest\\go_nogo1\\sources\\urdf_files_dataset\\urdf_files\\matlab\\movo_description\\meshes\\manipulation\\jaco\\visual\\arm_half_2.dae"", ""D:\\CADtest\\papertest\\go_nogo1\\sources\\urdf_files_dataset\\urdf_files\\matlab\\movo_description\\meshes\\manipulation\\jaco\\visual\\base.dae"", ""D:\\CADtest\\papertest\\go_nogo1\\sources\\urdf_files_dataset\\urdf_files\\matlab\\movo_description\\meshes\\manipulation\\jaco\\visual\\forearm_7dof.dae"", ""D:\\CADtest\\papertest\\go_nogo1\\sources\\urdf_files_dataset\\urdf_files\\matlab\\movo_description\\meshes\\manipulation\\jaco\\visual\\kinova_actuator_gearing.dae"", ""D:\\CADtest\\papertest\\go_nogo1\\sources\\urdf_files_dataset\\urdf_files\\matlab\\movo_description\\meshes\\manipulation\\jaco\\visual\\shoulder_7dof.dae"", ""D:\\CADtest\\papertest\\go_nogo1\\sources\\urdf_files_dataset\\urdf_files\\matlab\\movo_description\\meshes\\manipulation\\jaco\\visual\\wrist_spherical_1.dae"", ""D:\\CADtest\\papertest\\go_nogo1\\sources\\urdf_files_dataset\\urdf_files\\matlab\\movo_description\\meshes\\manipulation\\jaco\\visual\\wrist_spherical_2.dae"", ""D:\\CADtest\\papertest\\go_nogo1\\sources\\urdf_files_dataset\\urdf_files\\matlab\\movo_description\\meshes\\manipulation\\robotiq\\visual\\kinova_robotiq_coupler.dae"", ""D:\\CADtest\\papertest\\go_nogo1\\sources\\urdf_files_dataset\\urdf_files\\matlab\\movo_description\\meshes\\manipulation\\robotiq\\visual\\robotiq_85_base_link.dae"", ""D:\\CADtest\\papertest\\go_nogo1\\sources\\urdf_files_dataset\\urdf_files\\matlab\\movo_description\\meshes\\manipulation\\robotiq\\visual\\robotiq_85_finger_link.dae"", ""D:\\CADtest\\papertest\\go_nogo1\\sources\\urdf_files_dataset\\urdf_files\\matlab\\movo_description\\meshes\\manipulation\\robotiq\\visual\\robotiq_85_finger_tip_link.dae"", ""D:\\CADtest\\papertest\\go_nogo1\\sources\\urdf_files_dataset\\urdf_files\\matlab\\movo_description\\meshes\\manipulation\\robotiq\\visual\\robotiq_85_inner_knuckle_link.dae"", ""D:\\CADtest\\papertest\\go_nogo1\\sources\\urdf_files_dataset\\urdf_files\\matlab\\movo_description\\meshes\\manipulation\\robotiq\\visual\\robotiq_85_knuckle_link.dae"", ""D:\\CADtest\\papertest\\go_nogo1\\sources\\urdf_files_dataset\\urdf_files\\matlab\\movo_description\\meshes\\movo_components\\visual\\movo_fixed_payload.dae"", ""D:\\CADtest\\papertest\\go_nogo1\\sources\\urdf_files_dataset\\urdf_files\\matlab\\movo_description\\meshes\\movo_components\\visual\\movo_moving_payload.dae"", ""D:\\CADtest\\papertest\\go_nogo1\\sources\\urdf_files_dataset\\urdf_files\\matlab\\movo_description\\meshes\\movo_components\\visual\\vector_base.dae"", ""D:\\CADtest\\papertest\\go_nogo1\\sources\\urdf_files_dataset\\urdf_files\\matlab\\movo_description\\meshes\\pan_tilt\\visual\\pan_link.dae"", ""D:\\CADtest\\papertest\\go_nogo1\\sources\\urdf_files_dataset\\urdf_files\\matlab\\movo_description\\meshes\\pan_tilt\\visual\\pan_tilt_base.dae"", ""D:\\CADtest\\papertest\\go_nogo1\\sources\\urdf_files_dataset\\urdf_files\\matlab\\movo_description\\meshes\\pan_tilt\\visual\\tilt_link.dae"", ""D:\\CADtest\\papertest\\go_nogo1\\sources\\urdf_files_dataset\\urdf_files\\matlab\\movo_description\\meshes\\sensors\\visual\\kinect_one.dae"", ""D:\\CADtest\\papertest\\go_nogo1\\sources\\urdf_files_dataset\\urdf_files\\matlab\\movo_description\\meshes\\sensors\\visual\\sick_tim.dae""]",movo,matlab,https://se.mathworks.com/matlabcentral/fileexchange/98714-robotics-system-toolbox-robot-library-data,mobile manipulator,D:\CADtest\papertest\go_nogo1\sources\urdf_files_dataset\urdf_files\matlab\movo_description\urdf\kinovaMovo.urdf,original,1.0,False
33,True,"{""fixed"": 2, ""prismatic"": 2, ""revolute"": 4}",ROBOTIS,6,True,6,7,1,8,9,7,8,1,7,7,Open Manipulator,1.0,,True,A,matlab\open_manipulator_description\urdf\robotisOpenManipulator.urdf,"{""ancestor_suffix"": 7}","[""D:\\CADtest\\papertest\\go_nogo1\\sources\\urdf_files_dataset\\urdf_files\\matlab\\open_manipulator_description\\meshes\\chain_link1.stl"", ""D:\\CADtest\\papertest\\go_nogo1\\sources\\urdf_files_dataset\\urdf_files\\matlab\\open_manipulator_description\\meshes\\chain_link2.stl"", ""D:\\CADtest\\papertest\\go_nogo1\\sources\\urdf_files_dataset\\urdf_files\\matlab\\open_manipulator_description\\meshes\\chain_link3.stl"", ""D:\\CADtest\\papertest\\go_nogo1\\sources\\urdf_files_dataset\\urdf_files\\matlab\\open_manipulator_description\\meshes\\chain_link4.stl"", ""D:\\CADtest\\papertest\\go_nogo1\\sources\\urdf_files_dataset\\urdf_files\\matlab\\open_manipulator_description\\meshes\\chain_link5.stl"", ""D:\\CADtest\\papertest\\go_nogo1\\sources\\urdf_files_dataset\\urdf_files\\matlab\\open_manipulator_description\\meshes\\chain_link_grip_l.stl"", ""D:\\CADtest\\papertest\\go_nogo1\\sources\\urdf_files_dataset\\urdf_files\\matlab\\open_manipulator_description\\meshes\\chain_link_grip_r.stl""]",open_manipulator,matlab,https://se.mathworks.com/matlabcentral/fileexchange/98714-robotics-system-toolbox-robot-library-data,robotic arm,D:\CADtest\papertest\go_nogo1\sources\urdf_files_dataset\urdf_files\matlab\open_manipulator_description\urdf\robotisOpenManipulator.urdf,original,1.0,False
34,True,"{""continuous"": 19, ""fixed"": 49, ""prismatic"": 5, ""revolute"": 21}",Willow Garage,15,True,45,37,1,94,95,46,56,10,46,46,PR2,1.0,,True,A,matlab\pr2_description\robots\willowgaragePR2.urdf,"{""ancestor_suffix"": 46}","[""D:\\CADtest\\papertest\\go_nogo1\\sources\\urdf_files_dataset\\urdf_files\\matlab\\pr2_description\\meshes\\base_v0\\base.dae"", ""D:\\CADtest\\papertest\\go_nogo1\\sources\\urdf_files_dataset\\urdf_files\\matlab\\pr2_description\\meshes\\base_v0\\caster.stl"", ""D:\\CADtest\\papertest\\go_nogo1\\sources\\urdf_files_dataset\\urdf_files\\matlab\\pr2_description\\meshes\\base_v0\\wheel.dae"", ""D:\\CADtest\\papertest\\go_nogo1\\sources\\urdf_files_dataset\\urdf_files\\matlab\\pr2_description\\meshes\\forearm_v0\\forearm.dae"", ""D:\\CADtest\\papertest\\go_nogo1\\sources\\urdf_files_dataset\\urdf_files\\matlab\\pr2_description\\meshes\\forearm_v0\\wrist_flex.dae"", ""D:\\CADtest\\papertest\\go_nogo1\\sources\\urdf_files_dataset\\urdf_files\\matlab\\pr2_description\\meshes\\forearm_v0\\wrist_roll.stl"", ""D:\\CADtest\\papertest\\go_nogo1\\sources\\urdf_files_dataset\\urdf_files\\matlab\\pr2_description\\meshes\\gripper_v0\\gripper_palm.dae"", ""D:\\CADtest\\papertest\\go_nogo1\\sources\\urdf_files_dataset\\urdf_files\\matlab\\pr2_description\\meshes\\gripper_v0\\l_finger.dae"", ""D:\\CADtest\\papertest\\go_nogo1\\sources\\urdf_files_dataset\\urdf_files\\matlab\\pr2_description\\meshes\\gripper_v0\\l_finger_tip.dae"", ""D:\\CADtest\\papertest\\go_nogo1\\sources\\urdf_files_dataset\\urdf_files\\matlab\\pr2_description\\meshes\\head_v0\\head_pan.dae"", ""D:\\CADtest\\papertest\\go_nogo1\\sources\\urdf_files_dataset\\urdf_files\\matlab\\pr2_description\\meshes\\head_v0\\head_tilt.dae"", ""D:\\CADtest\\papertest\\go_nogo1\\sources\\urdf_files_dataset\\urdf_files\\matlab\\pr2_description\\meshes\\sensors\\kinect_prosilica_v0\\115x100_swept_back--coarse.STL"", ""D:\\CADtest\\papertest\\go_nogo1\\sources\\urdf_files_dataset\\urdf_files\\matlab\\pr2_description\\meshes\\shoulder_v0\\shoulder_lift.dae"", ""D:\\CADtest\\papertest\\go_nogo1\\sources\\urdf_files_dataset\\urdf_files\\matlab\\pr2_description\\meshes\\shoulder_v0\\shoulder_pan.dae"", ""D:\\CADtest\\papertest\\go_nogo1\\sources\\urdf_files_dataset\\urdf_files\\matlab\\pr2_description\\meshes\\shoulder_v0\\upper_arm_roll.stl"", ""D:\\CADtest\\papertest\\go_nogo1\\sources\\urdf_files_dataset\\urdf_files\\matlab\\pr2_description\\meshes\\tilting_laser_v0\\tilting_hokuyo.dae"", ""D:\\CADtest\\papertest\\go_nogo1\\sources\\urdf_files_dataset\\urdf_files\\matlab\\pr2_description\\meshes\\torso_v0\\torso_lift.dae"", ""D:\\CADtest\\papertest\\go_nogo1\\sources\\urdf_files_dataset\\urdf_files\\matlab\\pr2_description\\meshes\\upper_arm_v0\\elbow_flex.dae"", ""D:\\CADtest\\papertest\\go_nogo1\\sources\\urdf_files_dataset\\urdf_files\\matlab\\pr2_description\\meshes\\upper_arm_v0\\forearm_roll.stl"", ""D:\\CADtest\\papertest\\go_nogo1\\sources\\urdf_files_dataset\\urdf_files\\matlab\\pr2_description\\meshes\\upper_arm_v0\\upper_arm.dae""]",pr2,matlab,https://se.mathworks.com/matlabcentral/fileexchange/98714-robotics-system-toolbox-robot-library-data,mobile manipulator,D:\CADtest\papertest\go_nogo1\sources\urdf_files_dataset\urdf_files\matlab\pr2_description\robots\willowgaragePR2.urdf,original,1.0,False
35,True,"{""fixed"": 1, ""revolute"": 4}",Quanser,5,True,4,5,1,5,6,5,5,0,5,5,QArm,1.0,,True,A,matlab\qarm_description\urdf\quanserQArm.urdf,"{""ancestor_suffix"": 5}","[""D:\\CADtest\\papertest\\go_nogo1\\sources\\urdf_files_dataset\\urdf_files\\matlab\\qarm_description\\meshes\\BICEP.STL"", ""D:\\CADtest\\papertest\\go_nogo1\\sources\\urdf_files_dataset\\urdf_files\\matlab\\qarm_description\\meshes\\END-EFFECTOR.STL"", ""D:\\CADtest\\papertest\\go_nogo1\\sources\\urdf_files_dataset\\urdf_files\\matlab\\qarm_description\\meshes\\FOREARM.STL"", ""D:\\CADtest\\papertest\\go_nogo1\\sources\\urdf_files_dataset\\urdf_files\\matlab\\qarm_description\\meshes\\YAW.STL"", ""D:\\CADtest\\papertest\\go_nogo1\\sources\\urdf_files_dataset\\urdf_files\\matlab\\qarm_description\\meshes\\base_link.STL""]",QARM,matlab,https://se.mathworks.com/matlabcentral/fileexchange/98714-robotics-system-toolbox-robot-library-data,robotic arm,D:\CADtest\papertest\go_nogo1\sources\urdf_files_dataset\urdf_files\matlab\qarm_description\urdf\quanserQArm.urdf,original,1.0,False
36,True,"{""continuous"": 2, ""fixed"": 1, ""revolute"": 1}",Quanser,2,True,3,5,1,4,5,5,5,0,5,5,QBot2e,1.0,,True,A,matlab\quanser_description\urdf\quanserQBot2e.urdf,"{""ancestor_suffix"": 5}","[""D:\\CADtest\\papertest\\go_nogo1\\sources\\urdf_files_dataset\\urdf_files\\matlab\\quanser_description\\meshes\\QBot2e_Base.dae"", ""D:\\CADtest\\papertest\\go_nogo1\\sources\\urdf_files_dataset\\urdf_files\\matlab\\quanser_description\\meshes\\QBot2e_BaseComponents.stl"", ""D:\\CADtest\\papertest\\go_nogo1\\sources\\urdf_files_dataset\\urdf_files\\matlab\\quanser_description\\meshes\\QBot2e_Kinect.stl"", ""D:\\CADtest\\papertest\\go_nogo1\\sources\\urdf_files_dataset\\urdf_files\\matlab\\quanser_description\\meshes\\QBot2e_Wheel.stl""]",QBot2e,matlab,https://se.mathworks.com/matlabcentral/fileexchange/98714-robotics-system-toolbox-robot-library-data,mobile robot,D:\CADtest\papertest\go_nogo1\sources\urdf_files_dataset\urdf_files\matlab\quanser_description\urdf\quanserQBot2e.urdf,original,1.0,False
37,True,"{""continuous"": 5, ""revolute"": 2}",Quanser,2,True,7,8,1,7,8,8,8,0,8,8,QCar,1.0,,True,A,matlab\quanser_description\urdf\quanserQCar.urdf,"{""ancestor_suffix"": 8}","[""D:\\CADtest\\papertest\\go_nogo1\\sources\\urdf_files_dataset\\urdf_files\\matlab\\quanser_description\\meshes\\QCarBody.stl"", ""D:\\CADtest\\papertest\\go_nogo1\\sources\\urdf_files_dataset\\urdf_files\\matlab\\quanser_description\\meshes\\QCarLidar.stl"", ""D:\\CADtest\\papertest\\go_nogo1\\sources\\urdf_files_dataset\\urdf_files\\matlab\\quanser_description\\meshes\\QCarSteeringHubL.stl"", ""D:\\CADtest\\papertest\\go_nogo1\\sources\\urdf_files_dataset\\urdf_files\\matlab\\quanser_description\\meshes\\QCarSteeringHubR.stl"", ""D:\\CADtest\\papertest\\go_nogo1\\sources\\urdf_files_dataset\\urdf_files\\matlab\\quanser_description\\meshes\\QCarWheel.stl""]",QCar,matlab,https://se.mathworks.com/matlabcentral/fileexchange/98714-robotics-system-toolbox-robot-library-data,mobile robot,D:\CADtest\papertest\go_nogo1\sources\urdf_files_dataset\urdf_files\matlab\quanser_description\urdf\quanserQCar.urdf,original,1.0,False
38,True,"{""fixed"": 4, ""revolute"": 6}",Robotiq,4,True,6,9,1,10,11,9,11,2,9,9,2F-85 gripper,1.0,,True,A,matlab\robotiq2F85\urdf\robotiq2F85.urdf,"{""ancestor_suffix"": 9}","[""D:\\CADtest\\papertest\\go_nogo1\\sources\\urdf_files_dataset\\urdf_files\\matlab\\robotiq2F85\\meshes\\visual\\robotiq_arg2f_85_base_link.dae"", ""D:\\CADtest\\papertest\\go_nogo1\\sources\\urdf_files_dataset\\urdf_files\\matlab\\robotiq2F85\\meshes\\visual\\robotiq_arg2f_85_inner_finger.dae"", ""D:\\CADtest\\papertest\\go_nogo1\\sources\\urdf_files_dataset\\urdf_files\\matlab\\robotiq2F85\\meshes\\visual\\robotiq_arg2f_85_inner_knuckle.dae"", ""D:\\CADtest\\papertest\\go_nogo1\\sources\\urdf_files_dataset\\urdf_files\\matlab\\robotiq2F85\\meshes\\visual\\robotiq_arg2f_85_outer_finger.dae"", ""D:\\CADtest\\papertest\\go_nogo1\\sources\\urdf_files_dataset\\urdf_files\\matlab\\robotiq2F85\\meshes\\visual\\robotiq_arg2f_85_outer_knuckle.dae""]",robotiq_arg2f_85_model,matlab,https://se.mathworks.com/matlabcentral/fileexchange/98714-robotics-system-toolbox-robot-library-data,end effector,D:\CADtest\papertest\go_nogo1\sources\urdf_files_dataset\urdf_files\matlab\robotiq2F85\urdf\robotiq2F85.urdf,original,1.0,False
39,True,"{""fixed"": 6, ""revolute"": 24}",ROBOTIS,7,True,24,0,1,30,31,19,29,12,19,19,OP2,0.76,,True,B,matlab\robotis_op_description\robots\robotisOP2.urdf,"{""ancestor_suffix"": 19}","[""D:\\CADtest\\papertest\\go_nogo1\\sources\\urdf_files_dataset\\urdf_files\\matlab\\robotis_op_description\\meshes\\ankle1_l.STL"", ""D:\\CADtest\\papertest\\go_nogo1\\sources\\urdf_files_dataset\\urdf_files\\matlab\\robotis_op_description\\meshes\\ankle1_r.STL"", ""D:\\CADtest\\papertest\\go_nogo1\\sources\\urdf_files_dataset\\urdf_files\\matlab\\robotis_op_description\\meshes\\ankle2_l.STL"", ""D:\\CADtest\\papertest\\go_nogo1\\sources\\urdf_files_dataset\\urdf_files\\matlab\\robotis_op_description\\meshes\\ankle2_r.STL"", ""D:\\CADtest\\papertest\\go_nogo1\\sources\\urdf_files_dataset\\urdf_files\\matlab\\robotis_op_description\\meshes\\arm_high_l.STL"", ""D:\\CADtest\\papertest\\go_nogo1\\sources\\urdf_files_dataset\\urdf_files\\matlab\\robotis_op_description\\meshes\\arm_high_r.STL"", ""D:\\CADtest\\papertest\\go_nogo1\\sources\\urdf_files_dataset\\urdf_files\\matlab\\robotis_op_description\\meshes\\body.STL"", ""D:\\CADtest\\papertest\\go_nogo1\\sources\\urdf_files_dataset\\urdf_files\\matlab\\robotis_op_description\\meshes\\head.STL"", ""D:\\CADtest\\papertest\\go_nogo1\\sources\\urdf_files_dataset\\urdf_files\\matlab\\robotis_op_description\\meshes\\neck.STL"", ""D:\\CADtest\\papertest\\go_nogo1\\sources\\urdf_files_dataset\\urdf_files\\matlab\\robotis_op_description\\meshes\\pelvis_l.STL"", ""D:\\CADtest\\papertest\\go_nogo1\\sources\\urdf_files_dataset\\urdf_files\\matlab\\robotis_op_description\\meshes\\pelvis_r.STL"", ""D:\\CADtest\\papertest\\go_nogo1\\sources\\urdf_files_dataset\\urdf_files\\matlab\\robotis_op_description\\meshes\\shoulder_l.STL"", ""D:\\CADtest\\papertest\\go_nogo1\\sources\\urdf_files_dataset\\urdf_files\\matlab\\robotis_op_description\\meshes\\shoulder_r.STL"", ""D:\\CADtest\\papertest\\go_nogo1\\sources\\urdf_files_dataset\\urdf_files\\matlab\\robotis_op_description\\meshes\\thigh1_l.STL"", ""D:\\CADtest\\papertest\\go_nogo1\\sources\\urdf_files_dataset\\urdf_files\\matlab\\robotis_op_description\\meshes\\thigh1_r.STL"", ""D:\\CADtest\\papertest\\go_nogo1\\sources\\urdf_files_dataset\\urdf_files\\matlab\\robotis_op_description\\meshes\\thigh2_l.STL"", ""D:\\CADtest\\papertest\\go_nogo1\\sources\\urdf_files_dataset\\urdf_files\\matlab\\robotis_op_description\\meshes\\thigh2_r.STL"", ""D:\\CADtest\\papertest\\go_nogo1\\sources\\urdf_files_dataset\\urdf_files\\matlab\\robotis_op_description\\meshes\\tibia_l.STL"", ""D:\\CADtest\\papertest\\go_nogo1\\sources\\urdf_files_dataset\\urdf_files\\matlab\\robotis_op_description\\meshes\\tibia_r.STL""]",robotis_op2,matlab,https://se.mathworks.com/matlabcentral/fileexchange/98714-robotics-system-toolbox-robot-library-data,humanoid robot,D:\CADtest\papertest\go_nogo1\sources\urdf_files_dataset\urdf_files\matlab\robotis_op_description\robots\robotisOP2.urdf,original,1.0,False
40,True,"{""fixed"": 12, ""revolute"": 8}",Rethink Robotics,9,True,8,0,1,20,21,10,12,2,10,10,Sawyer,1.0,,True,A,matlab\sawyer_description\urdf\rethinkSawyer.urdf,"{""ancestor_suffix"": 10}","[""D:\\CADtest\\papertest\\go_nogo1\\sources\\urdf_files_dataset\\urdf_files\\matlab\\sawyer_description\\meshes\\sawyer_mp1\\l6.DAE"", ""D:\\CADtest\\papertest\\go_nogo1\\sources\\urdf_files_dataset\\urdf_files\\matlab\\sawyer_description\\meshes\\sawyer_mp3\\l0.DAE"", ""D:\\CADtest\\papertest\\go_nogo1\\sources\\urdf_files_dataset\\urdf_files\\matlab\\sawyer_description\\meshes\\sawyer_mp3\\l1.DAE"", ""D:\\CADtest\\papertest\\go_nogo1\\sources\\urdf_files_dataset\\urdf_files\\matlab\\sawyer_description\\meshes\\sawyer_pv\\base.DAE"", ""D:\\CADtest\\papertest\\go_nogo1\\sources\\urdf_files_dataset\\urdf_files\\matlab\\sawyer_description\\meshes\\sawyer_pv\\head.DAE"", ""D:\\CADtest\\papertest\\go_nogo1\\sources\\urdf_files_dataset\\urdf_files\\matlab\\sawyer_description\\meshes\\sawyer_pv\\l2.DAE"", ""D:\\CADtest\\papertest\\go_nogo1\\sources\\urdf_files_dataset\\urdf_files\\matlab\\sawyer_description\\meshes\\sawyer_pv\\l3.DAE"", ""D:\\CADtest\\papertest\\go_nogo1\\sources\\urdf_files_dataset\\urdf_files\\matlab\\sawyer_description\\meshes\\sawyer_pv\\l4.DAE"", ""D:\\CADtest\\papertest\\go_nogo1\\sources\\urdf_files_dataset\\urdf_files\\matlab\\sawyer_description\\meshes\\sawyer_pv\\l5.DAE"", ""D:\\CADtest\\papertest\\go_nogo1\\sources\\urdf_files_dataset\\urdf_files\\matlab\\sawyer_description\\meshes\\sawyer_pv\\pedestal.DAE""]",sawyer,matlab,https://se.mathworks.com/matlabcentral/fileexchange/98714-robotics-system-toolbox-robot-library-data,robotic arm,D:\CADtest\papertest\go_nogo1\sources\urdf_files_dataset\urdf_files\matlab\sawyer_description\urdf\rethinkSawyer.urdf,original,1.0,False
41,True,"{""continuous"": 2, ""fixed"": 4}",ROBOTIS,2,True,2,0,1,6,7,4,4,0,4,4,Turtlebot 3 Burger,1.0,,True,A,matlab\turtlebot3_description\urdf\robotisTurtleBot3Burger.urdf,"{""ancestor_suffix"": 4}","[""D:\\CADtest\\papertest\\go_nogo1\\sources\\urdf_files_dataset\\urdf_files\\matlab\\turtlebot3_description\\meshes\\bases\\burger_base.stl"", ""D:\\CADtest\\papertest\\go_nogo1\\sources\\urdf_files_dataset\\urdf_files\\matlab\\turtlebot3_description\\meshes\\sensors\\lds.stl"", ""D:\\CADtest\\papertest\\go_nogo1\\sources\\urdf_files_dataset\\urdf_files\\matlab\\turtlebot3_description\\meshes\\wheels\\left_tire.stl"", ""D:\\CADtest\\papertest\\go_nogo1\\sources\\urdf_files_dataset\\urdf_files\\matlab\\turtlebot3_description\\meshes\\wheels\\right_tire.stl""]",turtlebot3_burger,matlab,https://se.mathworks.com/matlabcentral/fileexchange/98714-robotics-system-toolbox-robot-library-data,mobile robot,D:\CADtest\papertest\go_nogo1\sources\urdf_files_dataset\urdf_files\matlab\turtlebot3_description\urdf\robotisTurtleBot3Burger.urdf,original,1.0,False
42,True,"{""continuous"": 2, ""fixed"": 10}",ROBOTIS,4,True,2,0,1,12,13,5,5,0,5,5,Turtlebot 3 Waffle,1.0,,True,A,matlab\turtlebot3_description\urdf\robotisTurtleBot3Waffle.urdf,"{""ancestor_suffix"": 5}","[""D:\\CADtest\\papertest\\go_nogo1\\sources\\urdf_files_dataset\\urdf_files\\matlab\\turtlebot3_description\\meshes\\bases\\waffle_base.stl"", ""D:\\CADtest\\papertest\\go_nogo1\\sources\\urdf_files_dataset\\urdf_files\\matlab\\turtlebot3_description\\meshes\\sensors\\lds.stl"", ""D:\\CADtest\\papertest\\go_nogo1\\sources\\urdf_files_dataset\\urdf_files\\matlab\\turtlebot3_description\\meshes\\sensors\\r200.dae"", ""D:\\CADtest\\papertest\\go_nogo1\\sources\\urdf_files_dataset\\urdf_files\\matlab\\turtlebot3_description\\meshes\\wheels\\left_tire.stl"", ""D:\\CADtest\\papertest\\go_nogo1\\sources\\urdf_files_dataset\\urdf_files\\matlab\\turtlebot3_description\\meshes\\wheels\\right_tire.stl""]",turtlebot3_waffle,matlab,https://se.mathworks.com/matlabcentral/fileexchange/98714-robotics-system-toolbox-robot-library-data,mobile robot,D:\CADtest\papertest\go_nogo1\sources\urdf_files_dataset\urdf_files\matlab\turtlebot3_description\urdf\robotisTurtleBot3Waffle.urdf,original,1.0,False
259,True,"{""continuous"": 2, ""fixed"": 10}",ROBOTIS,4,True,2,0,1,12,13,5,5,0,5,5,Turtlebot 3 Waffle,1.0,,True,A,matlab\turtlebot3_description\urdf\robotisTurtleBot3WaffleForOpenManipulator.urdf,"{""ancestor_suffix"": 5}","[""D:\\CADtest\\papertest\\go_nogo1\\sources\\urdf_files_dataset\\urdf_files\\matlab\\turtlebot3_description\\meshes\\bases\\waffle_base_for_open_manipulator.stl"", ""D:\\CADtest\\papertest\\go_nogo1\\sources\\urdf_files_dataset\\urdf_files\\matlab\\turtlebot3_description\\meshes\\sensors\\lds.stl"", ""D:\\CADtest\\papertest\\go_nogo1\\sources\\urdf_files_dataset\\urdf_files\\matlab\\turtlebot3_description\\meshes\\sensors\\r200.dae"", ""D:\\CADtest\\papertest\\go_nogo1\\sources\\urdf_files_dataset\\urdf_files\\matlab\\turtlebot3_description\\meshes\\wheels\\left_tire.stl"", ""D:\\CADtest\\papertest\\go_nogo1\\sources\\urdf_files_dataset\\urdf_files\\matlab\\turtlebot3_description\\meshes\\wheels\\right_tire.stl""]",turtlebot3_waffle_for_open_manipulator,matlab,https://se.mathworks.com/matlabcentral/fileexchange/98714-robotics-system-toolbox-robot-library-data,mobile robot,D:\CADtest\papertest\go_nogo1\sources\urdf_files_dataset\urdf_files\matlab\turtlebot3_description\urdf\robotisTurtleBot3WaffleForOpenManipulator.urdf,for Open Manipulator,1.0,False
43,True,"{""continuous"": 2, ""fixed"": 8}",ROBOTIS,4,True,2,0,1,10,11,4,4,0,4,4,Turtlebot 3 Waffle Pi,1.0,,True,A,matlab\turtlebot3_description\urdf\robotisTurtleBot3WafflePi.urdf,"{""ancestor_suffix"": 4}","[""D:\\CADtest\\papertest\\go_nogo1\\sources\\urdf_files_dataset\\urdf_files\\matlab\\turtlebot3_description\\meshes\\bases\\waffle_pi_base.stl"", ""D:\\CADtest\\papertest\\go_nogo1\\sources\\urdf_files_dataset\\urdf_files\\matlab\\turtlebot3_description\\meshes\\sensors\\lds.stl"", ""D:\\CADtest\\papertest\\go_nogo1\\sources\\urdf_files_dataset\\urdf_files\\matlab\\turtlebot3_description\\meshes\\wheels\\left_tire.stl"", ""D:\\CADtest\\papertest\\go_nogo1\\sources\\urdf_files_dataset\\urdf_files\\matlab\\turtlebot3_description\\meshes\\wheels\\right_tire.stl""]",turtlebot3_waffle_pi,matlab,https://se.mathworks.com/matlabcentral/fileexchange/98714-robotics-system-toolbox-robot-library-data,mobile robot,D:\CADtest\papertest\go_nogo1\sources\urdf_files_dataset\urdf_files\matlab\turtlebot3_description\urdf\robotisTurtleBot3WafflePi.urdf,original,1.0,False
260,True,"{""continuous"": 2, ""fixed"": 8}",ROBOTIS,4,True,2,0,1,10,11,4,4,0,4,4,Turtlebot 3 Waffle Pi,1.0,,True,A,matlab\turtlebot3_description\urdf\robotisTurtleBot3WafflePiForOpenManipulator.urdf,"{""ancestor_suffix"": 4}","[""D:\\CADtest\\papertest\\go_nogo1\\sources\\urdf_files_dataset\\urdf_files\\matlab\\turtlebot3_description\\meshes\\bases\\waffle_pi_base_for_open_manipulator.stl"", ""D:\\CADtest\\papertest\\go_nogo1\\sources\\urdf_files_dataset\\urdf_files\\matlab\\turtlebot3_description\\meshes\\sensors\\lds.stl"", ""D:\\CADtest\\papertest\\go_nogo1\\sources\\urdf_files_dataset\\urdf_files\\matlab\\turtlebot3_description\\meshes\\wheels\\left_tire.stl"", ""D:\\CADtest\\papertest\\go_nogo1\\sources\\urdf_files_dataset\\urdf_files\\matlab\\turtlebot3_description\\meshes\\wheels\\right_tire.stl""]",turtlebot3_waffle_pi_for_open_manipulator,matlab,https://se.mathworks.com/matlabcentral/fileexchange/98714-robotics-system-toolbox-robot-library-data,mobile robot,D:\CADtest\papertest\go_nogo1\sources\urdf_files_dataset\urdf_files\matlab\turtlebot3_description\urdf\robotisTurtleBot3WafflePiForOpenManipulator.urdf,for Open Manipulator,1.0,False
44,True,"{""continuous"": 2, ""fixed"": 37}",Clearpath Robotics,5,True,2,0,1,39,40,24,30,6,23,24,Turtlebot 2,1.0,,True,A,matlab\turtlebot_description\robots\clearpathTurtleBot2.urdf,"{""ancestor_suffix"": 23, ""unresolved"": 1}","[""D:\\CADtest\\papertest\\go_nogo1\\sources\\urdf_files_dataset\\urdf_files\\matlab\\turtlebot_description\\meshes\\sensors\\kinect.dae"", ""D:\\CADtest\\papertest\\go_nogo1\\sources\\urdf_files_dataset\\urdf_files\\matlab\\turtlebot_description\\meshes\\stacks\\circles\\68-02403-125_Spacer.dae"", ""D:\\CADtest\\papertest\\go_nogo1\\sources\\urdf_files_dataset\\urdf_files\\matlab\\turtlebot_description\\meshes\\stacks\\circles\\68-02421-8000-RA_Turtlebot_F-F_Standoff.dae"", ""D:\\CADtest\\papertest\\go_nogo1\\sources\\urdf_files_dataset\\urdf_files\\matlab\\turtlebot_description\\meshes\\stacks\\circles\\68-04552-2000-RA_Turtlebot_M-F_Standoff.dae"", ""D:\\CADtest\\papertest\\go_nogo1\\sources\\urdf_files_dataset\\urdf_files\\matlab\\turtlebot_description\\meshes\\stacks\\circles\\68-04556-RA_Kinect_Standoff_Assy.dae"", ""D:\\CADtest\\papertest\\go_nogo1\\sources\\urdf_files_dataset\\urdf_files\\matlab\\turtlebot_description\\meshes\\stacks\\circles\\plate_0_logo.dae"", ""D:\\CADtest\\papertest\\go_nogo1\\sources\\urdf_files_dataset\\urdf_files\\matlab\\turtlebot_description\\meshes\\stacks\\circles\\plate_1_logo.dae"", ""D:\\CADtest\\papertest\\go_nogo1\\sources\\urdf_files_dataset\\urdf_files\\matlab\\turtlebot_description\\meshes\\stacks\\circles\\plate_2_logo.dae""]",turtlebot,matlab,https://se.mathworks.com/matlabcentral/fileexchange/98714-robotics-system-toolbox-robot-library-data,mobile robot,D:\CADtest\papertest\go_nogo1\sources\urdf_files_dataset\urdf_files\matlab\turtlebot_description\robots\clearpathTurtleBot2.urdf,original,0.958333,False
47,True,"{""fixed"": 4, ""revolute"": 6}",Universal Robots,8,True,6,7,1,10,11,7,7,0,7,7,UR10,1.0,,True,A,matlab\ur_description\urdf\universalUR10.urdf,"{""ancestor_suffix"": 7}","[""D:\\CADtest\\papertest\\go_nogo1\\sources\\urdf_files_dataset\\urdf_files\\matlab\\ur_description\\meshes\\ur10\\visual\\base.dae"", ""D:\\CADtest\\papertest\\go_nogo1\\sources\\urdf_files_dataset\\urdf_files\\matlab\\ur_description\\meshes\\ur10\\visual\\forearm.dae"", ""D:\\CADtest\\papertest\\go_nogo1\\sources\\urdf_files_dataset\\urdf_files\\matlab\\ur_description\\meshes\\ur10\\visual\\shoulder.dae"", ""D:\\CADtest\\papertest\\go_nogo1\\sources\\urdf_files_dataset\\urdf_files\\matlab\\ur_description\\meshes\\ur10\\visual\\upperarm.dae"", ""D:\\CADtest\\papertest\\go_nogo1\\sources\\urdf_files_dataset\\urdf_files\\matlab\\ur_description\\meshes\\ur10\\visual\\wrist1.dae"", ""D:\\CADtest\\papertest\\go_nogo1\\sources\\urdf_files_dataset\\urdf_files\\matlab\\ur_description\\meshes\\ur10\\visual\\wrist2.dae"", ""D:\\CADtest\\papertest\\go_nogo1\\sources\\urdf_files_dataset\\urdf_files\\matlab\\ur_description\\meshes\\ur10\\visual\\wrist3.dae""]",ur10,matlab,https://se.mathworks.com/matlabcentral/fileexchange/98714-robotics-system-toolbox-robot-library-data,robotic arm,D:\CADtest\papertest\go_nogo1\sources\urdf_files_dataset\urdf_files\matlab\ur_description\urdf\universalUR10.urdf,original,1.0,False
45,True,"{""fixed"": 4, ""revolute"": 6}",Universal Robots,8,True,6,7,1,10,11,7,7,0,7,7,UR3,1.0,,True,A,matlab\ur_description\urdf\universalUR3.urdf,"{""ancestor_suffix"": 7}","[""D:\\CADtest\\papertest\\go_nogo1\\sources\\urdf_files_dataset\\urdf_files\\matlab\\ur_description\\meshes\\ur3\\visual\\base.dae"", ""D:\\CADtest\\papertest\\go_nogo1\\sources\\urdf_files_dataset\\urdf_files\\matlab\\ur_description\\meshes\\ur3\\visual\\forearm.dae"", ""D:\\CADtest\\papertest\\go_nogo1\\sources\\urdf_files_dataset\\urdf_files\\matlab\\ur_description\\meshes\\ur3\\visual\\shoulder.dae"", ""D:\\CADtest\\papertest\\go_nogo1\\sources\\urdf_files_dataset\\urdf_files\\matlab\\ur_description\\meshes\\ur3\\visual\\upperarm.dae"", ""D:\\CADtest\\papertest\\go_nogo1\\sources\\urdf_files_dataset\\urdf_files\\matlab\\ur_description\\meshes\\ur3\\visual\\wrist1.dae"", ""D:\\CADtest\\papertest\\go_nogo1\\sources\\urdf_files_dataset\\urdf_files\\matlab\\ur_description\\meshes\\ur3\\visual\\wrist2.dae"", ""D:\\CADtest\\papertest\\go_nogo1\\sources\\urdf_files_dataset\\urdf_files\\matlab\\ur_description\\meshes\\ur3\\visual\\wrist3.dae""]",ur3,matlab,https://se.mathworks.com/matlabcentral/fileexchange/98714-robotics-system-toolbox-robot-library-data,robotic arm,D:\CADtest\papertest\go_nogo1\sources\urdf_files_dataset\urdf_files\matlab\ur_description\urdf\universalUR3.urdf,original,1.0,False
46,True,"{""fixed"": 4, ""revolute"": 6}",Universal Robots,8,True,6,7,1,10,11,7,7,0,7,7,UR5,1.0,,True,A,matlab\ur_description\urdf\universalUR5.urdf,"{""ancestor_suffix"": 7}","[""D:\\CADtest\\papertest\\go_nogo1\\sources\\urdf_files_dataset\\urdf_files\\matlab\\ur_description\\meshes\\ur5\\visual\\base.dae"", ""D:\\CADtest\\papertest\\go_nogo1\\sources\\urdf_files_dataset\\urdf_files\\matlab\\ur_description\\meshes\\ur5\\visual\\forearm.dae"", ""D:\\CADtest\\papertest\\go_nogo1\\sources\\urdf_files_dataset\\urdf_files\\matlab\\ur_description\\meshes\\ur5\\visual\\shoulder.dae"", ""D:\\CADtest\\papertest\\go_nogo1\\sources\\urdf_files_dataset\\urdf_files\\matlab\\ur_description\\meshes\\ur5\\visual\\upperarm.dae"", ""D:\\CADtest\\papertest\\go_nogo1\\sources\\urdf_files_dataset\\urdf_files\\matlab\\ur_description\\meshes\\ur5\\visual\\wrist1.dae"", ""D:\\CADtest\\papertest\\go_nogo1\\sources\\urdf_files_dataset\\urdf_files\\matlab\\ur_description\\meshes\\ur5\\visual\\wrist2.dae"", ""D:\\CADtest\\papertest\\go_nogo1\\sources\\urdf_files_dataset\\urdf_files\\matlab\\ur_description\\meshes\\ur5\\visual\\wrist3.dae""]",ur5,matlab,https://se.mathworks.com/matlabcentral/fileexchange/98714-robotics-system-toolbox-robot-library-data,robotic arm,D:\CADtest\papertest\go_nogo1\sources\urdf_files_dataset\urdf_files\matlab\ur_description\urdf\universalUR5.urdf,original,1.0,False
50,True,"{""fixed"": 4, ""revolute"": 6}",Universal Robots,9,True,6,7,1,10,11,7,7,0,7,7,UR10e,1.0,,True,A,matlab\ur_e_description\urdf\universalUR10e.urdf,"{""ancestor_suffix"": 7}","[""D:\\CADtest\\papertest\\go_nogo1\\sources\\urdf_files_dataset\\urdf_files\\matlab\\ur_e_description\\meshes\\ur10e\\visual\\base.dae"", ""D:\\CADtest\\papertest\\go_nogo1\\sources\\urdf_files_dataset\\urdf_files\\matlab\\ur_e_description\\meshes\\ur10e\\visual\\forearm.dae"", ""D:\\CADtest\\papertest\\go_nogo1\\sources\\urdf_files_dataset\\urdf_files\\matlab\\ur_e_description\\meshes\\ur10e\\visual\\shoulder.dae"", ""D:\\CADtest\\papertest\\go_nogo1\\sources\\urdf_files_dataset\\urdf_files\\matlab\\ur_e_description\\meshes\\ur10e\\visual\\upperarm.dae"", ""D:\\CADtest\\papertest\\go_nogo1\\sources\\urdf_files_dataset\\urdf_files\\matlab\\ur_e_description\\meshes\\ur10e\\visual\\wrist1.dae"", ""D:\\CADtest\\papertest\\go_nogo1\\sources\\urdf_files_dataset\\urdf_files\\matlab\\ur_e_description\\meshes\\ur10e\\visual\\wrist2.dae"", ""D:\\CADtest\\papertest\\go_nogo1\\sources\\urdf_files_dataset\\urdf_files\\matlab\\ur_e_description\\meshes\\ur10e\\visual\\wrist3.dae""]",ur10e_robot,matlab,https://se.mathworks.com/matlabcentral/fileexchange/98714-robotics-system-toolbox-robot-library-data,robotic arm,D:\CADtest\papertest\go_nogo1\sources\urdf_files_dataset\urdf_files\matlab\ur_e_description\urdf\universalUR10e.urdf,original,1.0,False
51,True,"{""fixed"": 4, ""revolute"": 6}",Universal Robots,9,True,6,7,1,10,11,7,7,0,7,7,UR16e,1.0,,True,A,matlab\ur_e_description\urdf\universalUR16e.urdf,"{""ancestor_suffix"": 7}","[""D:\\CADtest\\papertest\\go_nogo1\\sources\\urdf_files_dataset\\urdf_files\\matlab\\ur_e_description\\meshes\\ur10e\\visual\\base.dae"", ""D:\\CADtest\\papertest\\go_nogo1\\sources\\urdf_files_dataset\\urdf_files\\matlab\\ur_e_description\\meshes\\ur10e\\visual\\shoulder.dae"", ""D:\\CADtest\\papertest\\go_nogo1\\sources\\urdf_files_dataset\\urdf_files\\matlab\\ur_e_description\\meshes\\ur10e\\visual\\wrist1.dae"", ""D:\\CADtest\\papertest\\go_nogo1\\sources\\urdf_files_dataset\\urdf_files\\matlab\\ur_e_description\\meshes\\ur10e\\visual\\wrist2.dae"", ""D:\\CADtest\\papertest\\go_nogo1\\sources\\urdf_files_dataset\\urdf_files\\matlab\\ur_e_description\\meshes\\ur10e\\visual\\wrist3.dae"", ""D:\\CADtest\\papertest\\go_nogo1\\sources\\urdf_files_dataset\\urdf_files\\matlab\\ur_e_description\\meshes\\ur16e\\visual\\forearm.dae"", ""D:\\CADtest\\papertest\\go_nogo1\\sources\\urdf_files_dataset\\urdf_files\\matlab\\ur_e_description\\meshes\\ur16e\\visual\\upperarm.dae""]",ur16e_robot,matlab,https://se.mathworks.com/matlabcentral/fileexchange/98714-robotics-system-toolbox-robot-library-data,robotic arm,D:\CADtest\papertest\go_nogo1\sources\urdf_files_dataset\urdf_files\matlab\ur_e_description\urdf\universalUR16e.urdf,original,1.0,False
48,True,"{""fixed"": 4, ""revolute"": 6}",Universal Robots,9,True,6,7,1,10,11,7,7,0,7,7,UR3e,1.0,,True,A,matlab\ur_e_description\urdf\universalUR3e.urdf,"{""ancestor_suffix"": 7}","[""D:\\CADtest\\papertest\\go_nogo1\\sources\\urdf_files_dataset\\urdf_files\\matlab\\ur_e_description\\meshes\\ur3e\\visual\\base.dae"", ""D:\\CADtest\\papertest\\go_nogo1\\sources\\urdf_files_dataset\\urdf_files\\matlab\\ur_e_description\\meshes\\ur3e\\visual\\forearm.dae"", ""D:\\CADtest\\papertest\\go_nogo1\\sources\\urdf_files_dataset\\urdf_files\\matlab\\ur_e_description\\meshes\\ur3e\\visual\\shoulder.dae"", ""D:\\CADtest\\papertest\\go_nogo1\\sources\\urdf_files_dataset\\urdf_files\\matlab\\ur_e_description\\meshes\\ur3e\\visual\\upperarm.dae"", ""D:\\CADtest\\papertest\\go_nogo1\\sources\\urdf_files_dataset\\urdf_files\\matlab\\ur_e_description\\meshes\\ur3e\\visual\\wrist1.dae"", ""D:\\CADtest\\papertest\\go_nogo1\\sources\\urdf_files_dataset\\urdf_files\\matlab\\ur_e_description\\meshes\\ur3e\\visual\\wrist2.dae"", ""D:\\CADtest\\papertest\\go_nogo1\\sources\\urdf_files_dataset\\urdf_files\\matlab\\ur_e_description\\meshes\\ur3e\\visual\\wrist3.dae""]",ur3e_robot,matlab,https://se.mathworks.com/matlabcentral/fileexchange/98714-robotics-system-toolbox-robot-library-data,robotic arm,D:\CADtest\papertest\go_nogo1\sources\urdf_files_dataset\urdf_files\matlab\ur_e_description\urdf\universalUR3e.urdf,original,1.0,False
49,True,"{""fixed"": 4, ""revolute"": 6}",Universal Robots,9,True,6,7,1,10,11,7,7,0,7,7,UR5e,1.0,,True,A,matlab\ur_e_description\urdf\universalUR5e.urdf,"{""ancestor_suffix"": 7}","[""D:\\CADtest\\papertest\\go_nogo1\\sources\\urdf_files_dataset\\urdf_files\\matlab\\ur_e_description\\meshes\\ur5e\\visual\\base.dae"", ""D:\\CADtest\\papertest\\go_nogo1\\sources\\urdf_files_dataset\\urdf_files\\matlab\\ur_e_description\\meshes\\ur5e\\visual\\forearm.dae"", ""D:\\CADtest\\papertest\\go_nogo1\\sources\\urdf_files_dataset\\urdf_files\\matlab\\ur_e_description\\meshes\\ur5e\\visual\\shoulder.dae"", ""D:\\CADtest\\papertest\\go_nogo1\\sources\\urdf_files_dataset\\urdf_files\\matlab\\ur_e_description\\meshes\\ur5e\\visual\\upperarm.dae"", ""D:\\CADtest\\papertest\\go_nogo1\\sources\\urdf_files_dataset\\urdf_files\\matlab\\ur_e_description\\meshes\\ur5e\\visual\\wrist1.dae"", ""D:\\CADtest\\papertest\\go_nogo1\\sources\\urdf_files_dataset\\urdf_files\\matlab\\ur_e_description\\meshes\\ur5e\\visual\\wrist2.dae"", ""D:\\CADtest\\papertest\\go_nogo1\\sources\\urdf_files_dataset\\urdf_files\\matlab\\ur_e_description\\meshes\\ur5e\\visual\\wrist3.dae""]",ur5e_robot,matlab,https://se.mathworks.com/matlabcentral/fileexchange/98714-robotics-system-toolbox-robot-library-data,robotic arm,D:\CADtest\papertest\go_nogo1\sources\urdf_files_dataset\urdf_files\matlab\ur_e_description\urdf\universalUR5e.urdf,original,1.0,False
52,True,"{""fixed"": 56, ""revolute"": 30}",NASA,14,True,30,57,1,86,87,60,65,21,60,60,Valkyrie,1.0,,True,A,matlab\valkyrie\urdf\urdf\valkyrie.urdf,"{""ancestor_suffix"": 60}","[""D:\\CADtest\\papertest\\go_nogo1\\sources\\urdf_files_dataset\\urdf_files\\matlab\\valkyrie\\urdf\\urdf\\model\\meshes\\arms\\aj1_left.dae"", ""D:\\CADtest\\papertest\\go_nogo1\\sources\\urdf_files_dataset\\urdf_files\\matlab\\valkyrie\\urdf\\urdf\\model\\meshes\\arms\\aj1_right.dae"", ""D:\\CADtest\\papertest\\go_nogo1\\sources\\urdf_files_dataset\\urdf_files\\matlab\\valkyrie\\urdf\\urdf\\model\\meshes\\arms\\aj2_left.dae"", ""D:\\CADtest\\papertest\\go_nogo1\\sources\\urdf_files_dataset\\urdf_files\\matlab\\valkyrie\\urdf\\urdf\\model\\meshes\\arms\\aj2_right.dae"", ""D:\\CADtest\\papertest\\go_nogo1\\sources\\urdf_files_dataset\\urdf_files\\matlab\\valkyrie\\urdf\\urdf\\model\\meshes\\arms\\aj3_left.dae"", ""D:\\CADtest\\papertest\\go_nogo1\\sources\\urdf_files_dataset\\urdf_files\\matlab\\valkyrie\\urdf\\urdf\\model\\meshes\\arms\\aj3_right.dae"", ""D:\\CADtest\\papertest\\go_nogo1\\sources\\urdf_files_dataset\\urdf_files\\matlab\\valkyrie\\urdf\\urdf\\model\\meshes\\arms\\aj4_left.dae"", ""D:\\CADtest\\papertest\\go_nogo1\\sources\\urdf_files_dataset\\urdf_files\\matlab\\valkyrie\\urdf\\urdf\\model\\meshes\\arms\\aj4_right.dae"", ""D:\\CADtest\\papertest\\go_nogo1\\sources\\urdf_files_dataset\\urdf_files\\matlab\\valkyrie\\urdf\\urdf\\model\\meshes\\arms\\aj5_left.dae"", ""D:\\CADtest\\papertest\\go_nogo1\\sources\\urdf_files_dataset\\urdf_files\\matlab\\valkyrie\\urdf\\urdf\\model\\meshes\\arms\\aj5_right.dae"", ""D:\\CADtest\\papertest\\go_nogo1\\sources\\urdf_files_dataset\\urdf_files\\matlab\\valkyrie\\urdf\\urdf\\model\\meshes\\arms\\aj6_left.dae"", ""D:\\CADtest\\papertest\\go_nogo1\\sources\\urdf_files_dataset\\urdf_files\\matlab\\valkyrie\\urdf\\urdf\\model\\meshes\\arms\\aj6_right.dae"", ""D:\\CADtest\\papertest\\go_nogo1\\sources\\urdf_files_dataset\\urdf_files\\matlab\\valkyrie\\urdf\\urdf\\model\\meshes\\arms\\palm_left.dae"", ""D:\\CADtest\\papertest\\go_nogo1\\sources\\urdf_files_dataset\\urdf_files\\matlab\\valkyrie\\urdf\\urdf\\model\\meshes\\arms\\palm_right.dae"", ""D:\\CADtest\\papertest\\go_nogo1\\sources\\urdf_files_dataset\\urdf_files\\matlab\\valkyrie\\urdf\\urdf\\model\\meshes\\fingers\\indexj1_left.dae"", ""D:\\CADtest\\papertest\\go_nogo1\\sources\\urdf_files_dataset\\urdf_files\\matlab\\valkyrie\\urdf\\urdf\\model\\meshes\\fingers\\indexj1_right.dae"", ""D:\\CADtest\\papertest\\go_nogo1\\sources\\urdf_files_dataset\\urdf_files\\matlab\\valkyrie\\urdf\\urdf\\model\\meshes\\fingers\\indexj2_left.dae"", ""D:\\CADtest\\papertest\\go_nogo1\\sources\\urdf_files_dataset\\urdf_files\\matlab\\valkyrie\\urdf\\urdf\\model\\meshes\\fingers\\indexj2_right.dae"", ""D:\\CADtest\\papertest\\go_nogo1\\sources\\urdf_files_dataset\\urdf_files\\matlab\\valkyrie\\urdf\\urdf\\model\\meshes\\fingers\\indexj3_left.dae"", ""D:\\CADtest\\papertest\\go_nogo1\\sources\\urdf_files_dataset\\urdf_files\\matlab\\valkyrie\\urdf\\urdf\\model\\meshes\\fingers\\indexj3_right.dae"", ""D:\\CADtest\\papertest\\go_nogo1\\sources\\urdf_files_dataset\\urdf_files\\matlab\\valkyrie\\urdf\\urdf\\model\\meshes\\fingers\\middlej1_left.dae"", ""D:\\CADtest\\papertest\\go_nogo1\\sources\\urdf_files_dataset\\urdf_files\\matlab\\valkyrie\\urdf\\urdf\\model\\meshes\\fingers\\middlej1_right.dae"", ""D:\\CADtest\\papertest\\go_nogo1\\sources\\urdf_files_dataset\\urdf_files\\matlab\\valkyrie\\urdf\\urdf\\model\\meshes\\fingers\\middlej2_left.dae"", ""D:\\CADtest\\papertest\\go_nogo1\\sources\\urdf_files_dataset\\urdf_files\\matlab\\valkyrie\\urdf\\urdf\\model\\meshes\\fingers\\middlej2_right.dae"", ""D:\\CADtest\\papertest\\go_nogo1\\sources\\urdf_files_dataset\\urdf_files\\matlab\\valkyrie\\urdf\\urdf\\model\\meshes\\fingers\\middlej3_left.dae"", ""D:\\CADtest\\papertest\\go_nogo1\\sources\\urdf_files_dataset\\urdf_files\\matlab\\valkyrie\\urdf\\urdf\\model\\meshes\\fingers\\middlej3_right.dae"", ""D:\\CADtest\\papertest\\go_nogo1\\sources\\urdf_files_dataset\\urdf_files\\matlab\\valkyrie\\urdf\\urdf\\model\\meshes\\fingers\\pinkyj1_left.dae"", ""D:\\CADtest\\papertest\\go_nogo1\\sources\\urdf_files_dataset\\urdf_files\\matlab\\valkyrie\\urdf\\urdf\\model\\meshes\\fingers\\pinkyj1_right.dae"", ""D:\\CADtest\\papertest\\go_nogo1\\sources\\urdf_files_dataset\\urdf_files\\matlab\\valkyrie\\urdf\\urdf\\model\\meshes\\fingers\\pinkyj2_left.dae"", ""D:\\CADtest\\papertest\\go_nogo1\\sources\\urdf_files_dataset\\urdf_files\\matlab\\valkyrie\\urdf\\urdf\\model\\meshes\\fingers\\pinkyj2_right.dae"", ""D:\\CADtest\\papertest\\go_nogo1\\sources\\urdf_files_dataset\\urdf_files\\matlab\\valkyrie\\urdf\\urdf\\model\\meshes\\fingers\\pinkyj3_left.dae"", ""D:\\CADtest\\papertest\\go_nogo1\\sources\\urdf_files_dataset\\urdf_files\\matlab\\valkyrie\\urdf\\urdf\\model\\meshes\\fingers\\pinkyj3_right.dae"", ""D:\\CADtest\\papertest\\go_nogo1\\sources\\urdf_files_dataset\\urdf_files\\matlab\\valkyrie\\urdf\\urdf\\model\\meshes\\fingers\\thumbj1_left.dae"", ""D:\\CADtest\\papertest\\go_nogo1\\sources\\urdf_files_dataset\\urdf_files\\matlab\\valkyrie\\urdf\\urdf\\model\\meshes\\fingers\\thumbj1_right.dae"", ""D:\\CADtest\\papertest\\go_nogo1\\sources\\urdf_files_dataset\\urdf_files\\matlab\\valkyrie\\urdf\\urdf\\model\\meshes\\fingers\\thumbj2_left.dae"", ""D:\\CADtest\\papertest\\go_nogo1\\sources\\urdf_files_dataset\\urdf_files\\matlab\\valkyrie\\urdf\\urdf\\model\\meshes\\fingers\\thumbj2_right.dae"", ""D:\\CADtest\\papertest\\go_nogo1\\sources\\urdf_files_dataset\\urdf_files\\matlab\\valkyrie\\urdf\\urdf\\model\\meshes\\fingers\\thumbj3_left.dae"", ""D:\\CADtest\\papertest\\go_nogo1\\sources\\urdf_files_dataset\\urdf_files\\matlab\\valkyrie\\urdf\\urdf\\model\\meshes\\fingers\\thumbj3_right.dae"", ""D:\\CADtest\\papertest\\go_nogo1\\sources\\urdf_files_dataset\\urdf_files\\matlab\\valkyrie\\urdf\\urdf\\model\\meshes\\fingers\\thumbj4_left.dae"", ""D:\\CADtest\\papertest\\go_nogo1\\sources\\urdf_files_dataset\\urdf_files\\matlab\\valkyrie\\urdf\\urdf\\model\\meshes\\fingers\\thumbj4_right.dae"", ""D:\\CADtest\\papertest\\go_nogo1\\sources\\urdf_files_dataset\\urdf_files\\matlab\\valkyrie\\urdf\\urdf\\model\\meshes\\head\\head_multisense_no_visor.dae"", ""D:\\CADtest\\papertest\\go_nogo1\\sources\\urdf_files_dataset\\urdf_files\\matlab\\valkyrie\\urdf\\urdf\\model\\meshes\\head\\neckj1.dae"", ""D:\\CADtest\\papertest\\go_nogo1\\sources\\urdf_files_dataset\\urdf_files\\matlab\\valkyrie\\urdf\\urdf\\model\\meshes\\head\\neckj2.dae"", ""D:\\CADtest\\papertest\\go_nogo1\\sources\\urdf_files_dataset\\urdf_files\\matlab\\valkyrie\\urdf\\urdf\\model\\meshes\\legs\\foot.dae"", ""D:\\CADtest\\papertest\\go_nogo1\\sources\\urdf_files_dataset\\urdf_files\\matlab\\valkyrie\\urdf\\urdf\\model\\meshes\\legs\\lj1_left.dae"", ""D:\\CADtest\\papertest\\go_nogo1\\sources\\urdf_files_dataset\\urdf_files\\matlab\\valkyrie\\urdf\\urdf\\model\\meshes\\legs\\lj1_right.dae"", ""D:\\CADtest\\papertest\\go_nogo1\\sources\\urdf_files_dataset\\urdf_files\\matlab\\valkyrie\\urdf\\urdf\\model\\meshes\\legs\\lj2_left.dae"", ""D:\\CADtest\\papertest\\go_nogo1\\sources\\urdf_files_dataset\\urdf_files\\matlab\\valkyrie\\urdf\\urdf\\model\\meshes\\legs\\lj2_right.dae"", ""D:\\CADtest\\papertest\\go_nogo1\\sources\\urdf_files_dataset\\urdf_files\\matlab\\valkyrie\\urdf\\urdf\\model\\meshes\\legs\\lj3_left.dae"", ""D:\\CADtest\\papertest\\go_nogo1\\sources\\urdf_files_dataset\\urdf_files\\matlab\\valkyrie\\urdf\\urdf\\model\\meshes\\legs\\lj3_right.dae"", ""D:\\CADtest\\papertest\\go_nogo1\\sources\\urdf_files_dataset\\urdf_files\\matlab\\valkyrie\\urdf\\urdf\\model\\meshes\\legs\\lj4_left.dae"", ""D:\\CADtest\\papertest\\go_nogo1\\sources\\urdf_files_dataset\\urdf_files\\matlab\\valkyrie\\urdf\\urdf\\model\\meshes\\legs\\lj4_right.dae"", ""D:\\CADtest\\papertest\\go_nogo1\\sources\\urdf_files_dataset\\urdf_files\\matlab\\valkyrie\\urdf\\urdf\\model\\meshes\\legs\\lj5.dae"", ""D:\\CADtest\\papertest\\go_nogo1\\sources\\urdf_files_dataset\\urdf_files\\matlab\\valkyrie\\urdf\\urdf\\model\\meshes\\multisense\\head_camera.dae"", ""D:\\CADtest\\papertest\\go_nogo1\\sources\\urdf_files_dataset\\urdf_files\\matlab\\valkyrie\\urdf\\urdf\\model\\meshes\\pelvis\\pelvis.dae"", ""D:\\CADtest\\papertest\\go_nogo1\\sources\\urdf_files_dataset\\urdf_files\\matlab\\valkyrie\\urdf\\urdf\\model\\meshes\\torso\\torso.dae"", ""D:\\CADtest\\papertest\\go_nogo1\\sources\\urdf_files_dataset\\urdf_files\\matlab\\valkyrie\\urdf\\urdf\\model\\meshes\\torso\\torsopitch.dae"", ""D:\\CADtest\\papertest\\go_nogo1\\sources\\urdf_files_dataset\\urdf_files\\matlab\\valkyrie\\urdf\\urdf\\model\\meshes\\torso\\torsoyaw.dae""]",valkyrie,matlab,https://se.mathworks.com/matlabcentral/fileexchange/98714-robotics-system-toolbox-robot-library-data,humanoid robot,D:\CADtest\papertest\go_nogo1\sources\urdf_files_dataset\urdf_files\matlab\valkyrie\urdf\urdf\valkyrie.urdf,original,1.0,False
53,True,"{""fixed"": 3, ""prismatic"": 4, ""revolute"": 14}",ABB,10,True,18,21,1,21,22,21,21,0,21,21,YuMi,1.0,,True,A,matlab\yumi_description\urdf\abbYuMi.urdf,"{""ancestor_suffix"": 21}","[""D:\\CADtest\\papertest\\go_nogo1\\sources\\urdf_files_dataset\\urdf_files\\matlab\\yumi_description\\meshes\\body.stl"", ""D:\\CADtest\\papertest\\go_nogo1\\sources\\urdf_files_dataset\\urdf_files\\matlab\\yumi_description\\meshes\\gripper\\base.stl"", ""D:\\CADtest\\papertest\\go_nogo1\\sources\\urdf_files_dataset\\urdf_files\\matlab\\yumi_description\\meshes\\gripper\\finger.stl"", ""D:\\CADtest\\papertest\\go_nogo1\\sources\\urdf_files_dataset\\urdf_files\\matlab\\yumi_description\\meshes\\link_1.stl"", ""D:\\CADtest\\papertest\\go_nogo1\\sources\\urdf_files_dataset\\urdf_files\\matlab\\yumi_description\\meshes\\link_2.stl"", ""D:\\CADtest\\papertest\\go_nogo1\\sources\\urdf_files_dataset\\urdf_files\\matlab\\yumi_description\\meshes\\link_3.stl"", ""D:\\CADtest\\papertest\\go_nogo1\\sources\\urdf_files_dataset\\urdf_files\\matlab\\yumi_description\\meshes\\link_4.stl"", ""D:\\CADtest\\papertest\\go_nogo1\\sources\\urdf_files_dataset\\urdf_files\\matlab\\yumi_description\\meshes\\link_5.stl"", ""D:\\CADtest\\papertest\\go_nogo1\\sources\\urdf_files_dataset\\urdf_files\\matlab\\yumi_description\\meshes\\link_6.stl"", ""D:\\CADtest\\papertest\\go_nogo1\\sources\\urdf_files_dataset\\urdf_files\\matlab\\yumi_description\\meshes\\link_7.stl""]",yumi,matlab,https://se.mathworks.com/matlabcentral/fileexchange/98714-robotics-system-toolbox-robot-library-data,dual arm robot,D:\CADtest\papertest\go_nogo1\sources\urdf_files_dataset\urdf_files\matlab\yumi_description\urdf\abbYuMi.urdf,original,1.0,False
54,True,"{""fixed"": 9, ""revolute"": 12}",ANYbotics,5,True,12,0,1,21,22,17,17,0,17,17,ANYmal B,1.0,,True,A,oems\anymal_anybotics\anymal_b_simple_description\urdf\anymal.urdf,"{""ancestor_suffix"": 17}","[""D:\\CADtest\\papertest\\go_nogo1\\sources\\urdf_files_dataset\\urdf_files\\oems\\anymal_anybotics\\anymal_b_simple_description\\meshes\\anymal_base.dae"", ""D:\\CADtest\\papertest\\go_nogo1\\sources\\urdf_files_dataset\\urdf_files\\oems\\anymal_anybotics\\anymal_b_simple_description\\meshes\\anymal_foot.dae"", ""D:\\CADtest\\papertest\\go_nogo1\\sources\\urdf_files_dataset\\urdf_files\\oems\\anymal_anybotics\\anymal_b_simple_description\\meshes\\anymal_hip_l.dae"", ""D:\\CADtest\\papertest\\go_nogo1\\sources\\urdf_files_dataset\\urdf_files\\oems\\anymal_anybotics\\anymal_b_simple_description\\meshes\\anymal_hip_r.dae"", ""D:\\CADtest\\papertest\\go_nogo1\\sources\\urdf_files_dataset\\urdf_files\\oems\\anymal_anybotics\\anymal_b_simple_description\\meshes\\anymal_shank_l.dae"", ""D:\\CADtest\\papertest\\go_nogo1\\sources\\urdf_files_dataset\\urdf_files\\oems\\anymal_anybotics\\anymal_b_simple_description\\meshes\\anymal_shank_r.dae"", ""D:\\CADtest\\papertest\\go_nogo1\\sources\\urdf_files_dataset\\urdf_files\\oems\\anymal_anybotics\\anymal_b_simple_description\\meshes\\anymal_thigh_l.dae"", ""D:\\CADtest\\papertest\\go_nogo1\\sources\\urdf_files_dataset\\urdf_files\\oems\\anymal_anybotics\\anymal_b_simple_description\\meshes\\anymal_thigh_r.dae""]",anymal,oems,https://github.com/ANYbotics/anymal_b_simple_description/tree/988b5df22b84761bdf08111b1c2ccc883793f456,quadrupedal robot,D:\CADtest\papertest\go_nogo1\sources\urdf_files_dataset\urdf_files\oems\anymal_anybotics\anymal_b_simple_description\urdf\anymal.urdf,original,1.0,False
55,True,"{""fixed"": 33, ""revolute"": 15}",Rethink Robotics,12,True,15,2,1,48,49,18,32,14,18,18,Baxter,1.0,,True,A,oems\baxter_rethink_robotics\baxter_description\urdf\baxter.urdf,"{""ancestor_suffix"": 18}","[""D:\\CADtest\\papertest\\go_nogo1\\sources\\urdf_files_dataset\\urdf_files\\oems\\baxter_rethink_robotics\\baxter_description\\meshes\\base\\PEDESTAL.DAE"", ""D:\\CADtest\\papertest\\go_nogo1\\sources\\urdf_files_dataset\\urdf_files\\oems\\baxter_rethink_robotics\\baxter_description\\meshes\\head\\H0.DAE"", ""D:\\CADtest\\papertest\\go_nogo1\\sources\\urdf_files_dataset\\urdf_files\\oems\\baxter_rethink_robotics\\baxter_description\\meshes\\head\\H1.DAE"", ""D:\\CADtest\\papertest\\go_nogo1\\sources\\urdf_files_dataset\\urdf_files\\oems\\baxter_rethink_robotics\\baxter_description\\meshes\\lower_elbow\\E1.DAE"", ""D:\\CADtest\\papertest\\go_nogo1\\sources\\urdf_files_dataset\\urdf_files\\oems\\baxter_rethink_robotics\\baxter_description\\meshes\\lower_forearm\\W1.DAE"", ""D:\\CADtest\\papertest\\go_nogo1\\sources\\urdf_files_dataset\\urdf_files\\oems\\baxter_rethink_robotics\\baxter_description\\meshes\\lower_shoulder\\S1.DAE"", ""D:\\CADtest\\papertest\\go_nogo1\\sources\\urdf_files_dataset\\urdf_files\\oems\\baxter_rethink_robotics\\baxter_description\\meshes\\torso\\base_link.DAE"", ""D:\\CADtest\\papertest\\go_nogo1\\sources\\urdf_files_dataset\\urdf_files\\oems\\baxter_rethink_robotics\\baxter_description\\meshes\\upper_elbow\\E0.DAE"", ""D:\\CADtest\\papertest\\go_nogo1\\sources\\urdf_files_dataset\\urdf_files\\oems\\baxter_rethink_robotics\\baxter_description\\meshes\\upper_forearm\\W0.DAE"", ""D:\\CADtest\\papertest\\go_nogo1\\sources\\urdf_files_dataset\\urdf_files\\oems\\baxter_rethink_robotics\\baxter_description\\meshes\\upper_shoulder\\S0.DAE"", ""D:\\CADtest\\papertest\\go_nogo1\\sources\\urdf_files_dataset\\urdf_files\\oems\\baxter_rethink_robotics\\baxter_description\\meshes\\wrist\\W2.DAE""]",baxter,oems,https://github.com/RethinkRobotics/baxter_common/tree/6c4b0f375fe4e356a3b12df26ef7c0d5e58df86e/baxter_description,dual arm robot,D:\CADtest\papertest\go_nogo1\sources\urdf_files_dataset\urdf_files\oems\baxter_rethink_robotics\baxter_description\urdf\baxter.urdf,original,1.0,False
56,True,"{""continuous"": 2, ""fixed"": 72, ""revolute"": 21}",Halodi,16,True,23,42,1,95,96,66,66,0,24,66,EVEr3,1.0,,True,C,oems\eveR3_halodi\eve_r3_description\urdf\eve_r3.urdf,"{""ancestor_suffix"": 24, ""unresolved"": 42}","[""D:\\CADtest\\papertest\\go_nogo1\\sources\\urdf_files_dataset\\urdf_files\\oems\\eveR3_halodi\\eve_r3_description\\meshes\\abdomen.obj"", ""D:\\CADtest\\papertest\\go_nogo1\\sources\\urdf_files_dataset\\urdf_files\\oems\\eveR3_halodi\\eve_r3_description\\meshes\\ankle.obj"", ""D:\\CADtest\\papertest\\go_nogo1\\sources\\urdf_files_dataset\\urdf_files\\oems\\eveR3_halodi\\eve_r3_description\\meshes\\base.obj"", ""D:\\CADtest\\papertest\\go_nogo1\\sources\\urdf_files_dataset\\urdf_files\\oems\\eveR3_halodi\\eve_r3_description\\meshes\\elbow.obj"", ""D:\\CADtest\\papertest\\go_nogo1\\sources\\urdf_files_dataset\\urdf_files\\oems\\eveR3_halodi\\eve_r3_description\\meshes\\forearm.obj"", ""D:\\CADtest\\papertest\\go_nogo1\\sources\\urdf_files_dataset\\urdf_files\\oems\\eveR3_halodi\\eve_r3_description\\meshes\\head.obj"", ""D:\\CADtest\\papertest\\go_nogo1\\sources\\urdf_files_dataset\\urdf_files\\oems\\eveR3_halodi\\eve_r3_description\\meshes\\hip.obj"", ""D:\\CADtest\\papertest\\go_nogo1\\sources\\urdf_files_dataset\\urdf_files\\oems\\eveR3_halodi\\eve_r3_description\\meshes\\palm.obj"", ""D:\\CADtest\\papertest\\go_nogo1\\sources\\urdf_files_dataset\\urdf_files\\oems\\eveR3_halodi\\eve_r3_description\\meshes\\scapula.obj"", ""D:\\CADtest\\papertest\\go_nogo1\\sources\\urdf_files_dataset\\urdf_files\\oems\\eveR3_halodi\\eve_r3_description\\meshes\\shin.obj"", ""D:\\CADtest\\papertest\\go_nogo1\\sources\\urdf_files_dataset\\urdf_files\\oems\\eveR3_halodi\\eve_r3_description\\meshes\\shoulder.obj"", ""D:\\CADtest\\papertest\\go_nogo1\\sources\\urdf_files_dataset\\urdf_files\\oems\\eveR3_halodi\\eve_r3_description\\meshes\\thigh.obj"", ""D:\\CADtest\\papertest\\go_nogo1\\sources\\urdf_files_dataset\\urdf_files\\oems\\eveR3_halodi\\eve_r3_description\\meshes\\torso.obj"", ""D:\\CADtest\\papertest\\go_nogo1\\sources\\urdf_files_dataset\\urdf_files\\oems\\eveR3_halodi\\eve_r3_description\\meshes\\upper_arm.obj"", ""D:\\CADtest\\papertest\\go_nogo1\\sources\\urdf_files_dataset\\urdf_files\\oems\\eveR3_halodi\\eve_r3_description\\meshes\\wheel.obj"", ""D:\\CADtest\\papertest\\go_nogo1\\sources\\urdf_files_dataset\\urdf_files\\oems\\eveR3_halodi\\eve_r3_description\\meshes\\wrist.obj""]",eve_r3,oems,https://github.com/Halodi/halodi-robot-models/tree/1ac3e9a746d378786329d071bfb23c0f9b22947f/eve_r3_description,humanoid robot,D:\CADtest\papertest\go_nogo1\sources\urdf_files_dataset\urdf_files\oems\eveR3_halodi\eve_r3_description\urdf\eve_r3.urdf,original,0.363636,False
261,True,"{""continuous"": 8, ""fixed"": 18, ""revolute"": 12}",Adept Mobile Robots,9,True,20,21,1,38,39,22,26,8,2,22,Pioneer LX,1.0,,True,C,oems\pioneer_adept_mobile_robots\description\urdf\pioneer-lx-devil.urdf,"{""ancestor_suffix"": 2, ""unresolved"": 20}","[""D:\\CADtest\\papertest\\go_nogo1\\sources\\urdf_files_dataset\\urdf_files\\oems\\pioneer_adept_mobile_robots\\description\\meshes\\pioneer-lx\\pioneer-lx-plinth.stl"", ""D:\\CADtest\\papertest\\go_nogo1\\sources\\urdf_files_dataset\\urdf_files\\oems\\pioneer_adept_mobile_robots\\description\\meshes\\pioneer-lx\\pioneer-lx_visual.stl""]",pioneer-lx-devil,oems,https://github.com/MobileRobots/amr-ros-config/tree/43715c9a5880d0d2f6354ad7ea5d2f6ac65def40,robotic arm,D:\CADtest\papertest\go_nogo1\sources\urdf_files_dataset\urdf_files\oems\pioneer_adept_mobile_robots\description\urdf\pioneer-lx-devil.urdf,Devil,0.090909,False
59,True,"{""continuous"": 2, ""fixed"": 1}",Adept Mobile Robots,1,True,2,0,1,3,4,1,2,1,1,1,Pioneer LX,0.333333,,True,C,oems\pioneer_adept_mobile_robots\description\urdf\pioneer-lx.urdf,"{""ancestor_suffix"": 1}","[""D:\\CADtest\\papertest\\go_nogo1\\sources\\urdf_files_dataset\\urdf_files\\oems\\pioneer_adept_mobile_robots\\description\\meshes\\pioneer-lx\\pioneer-lx_visual.stl""]",pioneer-lx,oems,https://github.com/MobileRobots/amr-ros-config/tree/43715c9a5880d0d2f6354ad7ea5d2f6ac65def40,robotic arm,D:\CADtest\papertest\go_nogo1\sources\urdf_files_dataset\urdf_files\oems\pioneer_adept_mobile_robots\description\urdf\pioneer-lx.urdf,original,1.0,False
57,True,"{""continuous"": 4, ""fixed"": 11}",Adept Mobile Robots,3,True,4,5,1,15,16,16,16,0,16,16,Pioneer 3-AT,1.0,,True,A,oems\pioneer_adept_mobile_robots\description\urdf\pioneer3at.urdf,"{""ancestor_suffix"": 16}","[""D:\\CADtest\\papertest\\go_nogo1\\sources\\urdf_files_dataset\\urdf_files\\oems\\pioneer_adept_mobile_robots\\description\\meshes\\p3at_meshes\\axle.stl"", ""D:\\CADtest\\papertest\\go_nogo1\\sources\\urdf_files_dataset\\urdf_files\\oems\\pioneer_adept_mobile_robots\\description\\meshes\\p3at_meshes\\back_sonar.stl"", ""D:\\CADtest\\papertest\\go_nogo1\\sources\\urdf_files_dataset\\urdf_files\\oems\\pioneer_adept_mobile_robots\\description\\meshes\\p3at_meshes\\chassis.stl"", ""D:\\CADtest\\papertest\\go_nogo1\\sources\\urdf_files_dataset\\urdf_files\\oems\\pioneer_adept_mobile_robots\\description\\meshes\\p3at_meshes\\front_sonar.stl"", ""D:\\CADtest\\papertest\\go_nogo1\\sources\\urdf_files_dataset\\urdf_files\\oems\\pioneer_adept_mobile_robots\\description\\meshes\\p3at_meshes\\left_hubcap.stl"", ""D:\\CADtest\\papertest\\go_nogo1\\sources\\urdf_files_dataset\\urdf_files\\oems\\pioneer_adept_mobile_robots\\description\\meshes\\p3at_meshes\\right_hubcap.stl"", ""D:\\CADtest\\papertest\\go_nogo1\\sources\\urdf_files_dataset\\urdf_files\\oems\\pioneer_adept_mobile_robots\\description\\meshes\\p3at_meshes\\top.stl"", ""D:\\CADtest\\papertest\\go_nogo1\\sources\\urdf_files_dataset\\urdf_files\\oems\\pioneer_adept_mobile_robots\\description\\meshes\\p3at_meshes\\wheel.stl""]",pioneer3at,oems,https://github.com/MobileRobots/amr-ros-config/tree/43715c9a5880d0d2f6354ad7ea5d2f6ac65def40,robotic arm,D:\CADtest\papertest\go_nogo1\sources\urdf_files_dataset\urdf_files\oems\pioneer_adept_mobile_robots\description\urdf\pioneer3at.urdf,original,1.0,False
58,True,"{""continuous"": 2, ""fixed"": 8}",Adept Mobile Robots,3,True,2,0,1,10,11,11,11,0,11,11,Pioneer 3-DX,1.0,,True,A,oems\pioneer_adept_mobile_robots\description\urdf\pioneer3dx.urdf,"{""ancestor_suffix"": 11}","[""D:\\CADtest\\papertest\\go_nogo1\\sources\\urdf_files_dataset\\urdf_files\\oems\\pioneer_adept_mobile_robots\\description\\meshes\\p3dx_meshes\\back_sonar.stl"", ""D:\\CADtest\\papertest\\go_nogo1\\sources\\urdf_files_dataset\\urdf_files\\oems\\pioneer_adept_mobile_robots\\description\\meshes\\p3dx_meshes\\caster_hubcap.stl"", ""D:\\CADtest\\papertest\\go_nogo1\\sources\\urdf_files_dataset\\urdf_files\\oems\\pioneer_adept_mobile_robots\\description\\meshes\\p3dx_meshes\\caster_swivel.stl"", ""D:\\CADtest\\papertest\\go_nogo1\\sources\\urdf_files_dataset\\urdf_files\\oems\\pioneer_adept_mobile_robots\\description\\meshes\\p3dx_meshes\\caster_wheel.stl"", ""D:\\CADtest\\papertest\\go_nogo1\\sources\\urdf_files_dataset\\urdf_files\\oems\\pioneer_adept_mobile_robots\\description\\meshes\\p3dx_meshes\\chassis.stl"", ""D:\\CADtest\\papertest\\go_nogo1\\sources\\urdf_files_dataset\\urdf_files\\oems\\pioneer_adept_mobile_robots\\description\\meshes\\p3dx_meshes\\front_sonar.stl"", ""D:\\CADtest\\papertest\\go_nogo1\\sources\\urdf_files_dataset\\urdf_files\\oems\\pioneer_adept_mobile_robots\\description\\meshes\\p3dx_meshes\\left_hubcap.stl"", ""D:\\CADtest\\papertest\\go_nogo1\\sources\\urdf_files_dataset\\urdf_files\\oems\\pioneer_adept_mobile_robots\\description\\meshes\\p3dx_meshes\\left_wheel.stl"", ""D:\\CADtest\\papertest\\go_nogo1\\sources\\urdf_files_dataset\\urdf_files\\oems\\pioneer_adept_mobile_robots\\description\\meshes\\p3dx_meshes\\right_hubcap.stl"", ""D:\\CADtest\\papertest\\go_nogo1\\sources\\urdf_files_dataset\\urdf_files\\oems\\pioneer_adept_mobile_robots\\description\\meshes\\p3dx_meshes\\right_wheel.stl"", ""D:\\CADtest\\papertest\\go_nogo1\\sources\\urdf_files_dataset\\urdf_files\\oems\\pioneer_adept_mobile_robots\\description\\meshes\\p3dx_meshes\\top.stl""]",pioneer3dx,oems,https://github.com/MobileRobots/amr-ros-config/tree/43715c9a5880d0d2f6354ad7ea5d2f6ac65def40,robotic arm,D:\CADtest\papertest\go_nogo1\sources\urdf_files_dataset\urdf_files\oems\pioneer_adept_mobile_robots\description\urdf\pioneer3dx.urdf,original,1.0,False
60,True,"{""fixed"": 1, ""revolute"": 4}",Quanser,5,True,4,5,1,5,6,5,5,0,5,5,QArm,1.0,,True,A,oems\qarm_quanser\qarm_description\urdf\QARM.urdf,"{""ancestor_suffix"": 5}","[""D:\\CADtest\\papertest\\go_nogo1\\sources\\urdf_files_dataset\\urdf_files\\oems\\qarm_quanser\\qarm_description\\meshes\\BICEP.STL"", ""D:\\CADtest\\papertest\\go_nogo1\\sources\\urdf_files_dataset\\urdf_files\\oems\\qarm_quanser\\qarm_description\\meshes\\END-EFFECTOR.STL"", ""D:\\CADtest\\papertest\\go_nogo1\\sources\\urdf_files_dataset\\urdf_files\\oems\\qarm_quanser\\qarm_description\\meshes\\FOREARM.STL"", ""D:\\CADtest\\papertest\\go_nogo1\\sources\\urdf_files_dataset\\urdf_files\\oems\\qarm_quanser\\qarm_description\\meshes\\YAW.STL"", ""D:\\CADtest\\papertest\\go_nogo1\\sources\\urdf_files_dataset\\urdf_files\\oems\\qarm_quanser\\qarm_description\\meshes\\base_link.STL""]",QARM,oems,https://github.com/quanser/qarm_description/tree/b147fdd7ed3229919a89e53ffbb6ea6f6ac851d9,robotic arm,D:\CADtest\papertest\go_nogo1\sources\urdf_files_dataset\urdf_files\oems\qarm_quanser\qarm_description\urdf\QARM.urdf,original,1.0,False
61,True,"{""revolute"": 12}",Boston Dynamics,3,True,12,0,1,12,13,13,13,0,13,13,Spot,1.0,,True,A,oems\spot_boston_dynamics\spot_base_urdf\model.urdf,"{""relative"": 13}","[""D:\\CADtest\\papertest\\go_nogo1\\sources\\urdf_files_dataset\\urdf_files\\oems\\spot_boston_dynamics\\spot_base_urdf\\link_models\\base.obj"", ""D:\\CADtest\\papertest\\go_nogo1\\sources\\urdf_files_dataset\\urdf_files\\oems\\spot_boston_dynamics\\spot_base_urdf\\link_models\\fl.hip.obj"", ""D:\\CADtest\\papertest\\go_nogo1\\sources\\urdf_files_dataset\\urdf_files\\oems\\spot_boston_dynamics\\spot_base_urdf\\link_models\\fl.lleg.obj"", ""D:\\CADtest\\papertest\\go_nogo1\\sources\\urdf_files_dataset\\urdf_files\\oems\\spot_boston_dynamics\\spot_base_urdf\\link_models\\fl.uleg.obj"", ""D:\\CADtest\\papertest\\go_nogo1\\sources\\urdf_files_dataset\\urdf_files\\oems\\spot_boston_dynamics\\spot_base_urdf\\link_models\\fr.hip.obj"", ""D:\\CADtest\\papertest\\go_nogo1\\sources\\urdf_files_dataset\\urdf_files\\oems\\spot_boston_dynamics\\spot_base_urdf\\link_models\\fr.lleg.obj"", ""D:\\CADtest\\papertest\\go_nogo1\\sources\\urdf_files_dataset\\urdf_files\\oems\\spot_boston_dynamics\\spot_base_urdf\\link_models\\fr.uleg.obj"", ""D:\\CADtest\\papertest\\go_nogo1\\sources\\urdf_files_dataset\\urdf_files\\oems\\spot_boston_dynamics\\spot_base_urdf\\link_models\\hl.hip.obj"", ""D:\\CADtest\\papertest\\go_nogo1\\sources\\urdf_files_dataset\\urdf_files\\oems\\spot_boston_dynamics\\spot_base_urdf\\link_models\\hl.lleg.obj"", ""D:\\CADtest\\papertest\\go_nogo1\\sources\\urdf_files_dataset\\urdf_files\\oems\\spot_boston_dynamics\\spot_base_urdf\\link_models\\hl.uleg.obj"", ""D:\\CADtest\\papertest\\go_nogo1\\sources\\urdf_files_dataset\\urdf_files\\oems\\spot_boston_dynamics\\spot_base_urdf\\link_models\\hr.hip.obj"", ""D:\\CADtest\\papertest\\go_nogo1\\sources\\urdf_files_dataset\\urdf_files\\oems\\spot_boston_dynamics\\spot_base_urdf\\link_models\\hr.lleg.obj"", ""D:\\CADtest\\papertest\\go_nogo1\\sources\\urdf_files_dataset\\urdf_files\\oems\\spot_boston_dynamics\\spot_base_urdf\\link_models\\hr.uleg.obj""]",spot,oems,https://dev.bostondynamics.com/docs/concepts/robot_services,quadrupedal robot,D:\CADtest\papertest\go_nogo1\sources\urdf_files_dataset\urdf_files\oems\spot_boston_dynamics\spot_base_urdf\model.urdf,original,1.0,False
63,True,"{""fixed"": 26, ""prismatic"": 4, ""revolute"": 14}",Franka Emika,11,True,18,18,1,44,45,22,23,1,22,22,Dual Panda,1.0,,True,A,oems\xacro_generated\franka_emika\franka_description\robots\dual_panda\dual_panda.urdf,"{""ancestor_suffix"": 22}","[""D:\\CADtest\\papertest\\go_nogo1\\sources\\urdf_files_dataset\\urdf_files\\oems\\xacro_generated\\franka_emika\\franka_description\\meshes\\visual\\finger.dae"", ""D:\\CADtest\\papertest\\go_nogo1\\sources\\urdf_files_dataset\\urdf_files\\oems\\xacro_generated\\franka_emika\\franka_description\\meshes\\visual\\hand.dae"", ""D:\\CADtest\\papertest\\go_nogo1\\sources\\urdf_files_dataset\\urdf_files\\oems\\xacro_generated\\franka_emika\\franka_description\\meshes\\visual\\link0.dae"", ""D:\\CADtest\\papertest\\go_nogo1\\sources\\urdf_files_dataset\\urdf_files\\oems\\xacro_generated\\franka_emika\\franka_description\\meshes\\visual\\link1.dae"", ""D:\\CADtest\\papertest\\go_nogo1\\sources\\urdf_files_dataset\\urdf_files\\oems\\xacro_generated\\franka_emika\\franka_description\\meshes\\visual\\link2.dae"", ""D:\\CADtest\\papertest\\go_nogo1\\sources\\urdf_files_dataset\\urdf_files\\oems\\xacro_generated\\franka_emika\\franka_description\\meshes\\visual\\link3.dae"", ""D:\\CADtest\\papertest\\go_nogo1\\sources\\urdf_files_dataset\\urdf_files\\oems\\xacro_generated\\franka_emika\\franka_description\\meshes\\visual\\link4.dae"", ""D:\\CADtest\\papertest\\go_nogo1\\sources\\urdf_files_dataset\\urdf_files\\oems\\xacro_generated\\franka_emika\\franka_description\\meshes\\visual\\link5.dae"", ""D:\\CADtest\\papertest\\go_nogo1\\sources\\urdf_files_dataset\\urdf_files\\oems\\xacro_generated\\franka_emika\\franka_description\\meshes\\visual\\link6.dae"", ""D:\\CADtest\\papertest\\go_nogo1\\sources\\urdf_files_dataset\\urdf_files\\oems\\xacro_generated\\franka_emika\\franka_description\\meshes\\visual\\link7.dae""]",panda,oems,https://github.com/frankaemika/franka_ros/tree/a58d3052a241304392847df6464234c83d728a38/franka_description,dual arm robot,D:\CADtest\papertest\go_nogo1\sources\urdf_files_dataset\urdf_files\oems\xacro_generated\franka_emika\franka_description\robots\dual_panda\dual_panda.urdf,original,1.0,True
64,True,"{""fixed"": 9, ""revolute"": 7}",Franka Emika,8,True,7,8,1,16,17,8,8,0,8,8,FR3,1.0,,True,A,oems\xacro_generated\franka_emika\franka_description\robots\fr3\fr3.urdf,"{""ancestor_suffix"": 8}","[""D:\\CADtest\\papertest\\go_nogo1\\sources\\urdf_files_dataset\\urdf_files\\oems\\xacro_generated\\franka_emika\\franka_description\\meshes\\visual\\link0.dae"", ""D:\\CADtest\\papertest\\go_nogo1\\sources\\urdf_files_dataset\\urdf_files\\oems\\xacro_generated\\franka_emika\\franka_description\\meshes\\visual\\link1.dae"", ""D:\\CADtest\\papertest\\go_nogo1\\sources\\urdf_files_dataset\\urdf_files\\oems\\xacro_generated\\franka_emika\\franka_description\\meshes\\visual\\link2.dae"", ""D:\\CADtest\\papertest\\go_nogo1\\sources\\urdf_files_dataset\\urdf_files\\oems\\xacro_generated\\franka_emika\\franka_description\\meshes\\visual\\link3.dae"", ""D:\\CADtest\\papertest\\go_nogo1\\sources\\urdf_files_dataset\\urdf_files\\oems\\xacro_generated\\franka_emika\\franka_description\\meshes\\visual\\link4.dae"", ""D:\\CADtest\\papertest\\go_nogo1\\sources\\urdf_files_dataset\\urdf_files\\oems\\xacro_generated\\franka_emika\\franka_description\\meshes\\visual\\link5.dae"", ""D:\\CADtest\\papertest\\go_nogo1\\sources\\urdf_files_dataset\\urdf_files\\oems\\xacro_generated\\franka_emika\\franka_description\\meshes\\visual\\link6.dae"", ""D:\\CADtest\\papertest\\go_nogo1\\sources\\urdf_files_dataset\\urdf_files\\oems\\xacro_generated\\franka_emika\\franka_description\\meshes\\visual\\link7.dae""]",fr3,oems,https://github.com/frankaemika/franka_ros/tree/a58d3052a241304392847df6464234c83d728a38/franka_description,robotic arm,D:\CADtest\papertest\go_nogo1\sources\urdf_files_dataset\urdf_files\oems\xacro_generated\franka_emika\franka_description\robots\fr3\fr3.urdf,original,1.0,True
62,True,"{""fixed"": 9, ""revolute"": 7}",Franka Emika,8,True,7,8,1,16,17,8,8,0,8,8,Panda,1.0,,True,A,oems\xacro_generated\franka_emika\franka_description\robots\panda\panda.urdf,"{""ancestor_suffix"": 8}","[""D:\\CADtest\\papertest\\go_nogo1\\sources\\urdf_files_dataset\\urdf_files\\oems\\xacro_generated\\franka_emika\\franka_description\\meshes\\visual\\link0.dae"", ""D:\\CADtest\\papertest\\go_nogo1\\sources\\urdf_files_dataset\\urdf_files\\oems\\xacro_generated\\franka_emika\\franka_description\\meshes\\visual\\link1.dae"", ""D:\\CADtest\\papertest\\go_nogo1\\sources\\urdf_files_dataset\\urdf_files\\oems\\xacro_generated\\franka_emika\\franka_description\\meshes\\visual\\link2.dae"", ""D:\\CADtest\\papertest\\go_nogo1\\sources\\urdf_files_dataset\\urdf_files\\oems\\xacro_generated\\franka_emika\\franka_description\\meshes\\visual\\link3.dae"", ""D:\\CADtest\\papertest\\go_nogo1\\sources\\urdf_files_dataset\\urdf_files\\oems\\xacro_generated\\franka_emika\\franka_description\\meshes\\visual\\link4.dae"", ""D:\\CADtest\\papertest\\go_nogo1\\sources\\urdf_files_dataset\\urdf_files\\oems\\xacro_generated\\franka_emika\\franka_description\\meshes\\visual\\link5.dae"", ""D:\\CADtest\\papertest\\go_nogo1\\sources\\urdf_files_dataset\\urdf_files\\oems\\xacro_generated\\franka_emika\\franka_description\\meshes\\visual\\link6.dae"", ""D:\\CADtest\\papertest\\go_nogo1\\sources\\urdf_files_dataset\\urdf_files\\oems\\xacro_generated\\franka_emika\\franka_description\\meshes\\visual\\link7.dae""]",panda,oems,https://github.com/frankaemika/franka_ros/tree/a58d3052a241304392847df6464234c83d728a38/franka_description,robotic arm,D:\CADtest\papertest\go_nogo1\sources\urdf_files_dataset\urdf_files\oems\xacro_generated\franka_emika\franka_description\robots\panda\panda.urdf,original,1.0,True
65,False,"{""fixed"": 4, ""prismatic"": 2}",Rethink Robotics,0,True,2,0,0,6,6,5,5,0,5,5,Electric gripper,1.0,,True,C,oems\xacro_generated\grippers_rethink_robotics\rethink_ee_description\urdf\electric_gripper\rethink_electric_gripper.urdf,"{""ancestor_suffix"": 5}","[""D:\\CADtest\\papertest\\go_nogo1\\sources\\urdf_files_dataset\\urdf_files\\oems\\xacro_generated\\grippers_rethink_robotics\\rethink_ee_description\\meshes\\electric_gripper\\electric_gripper_base.DAE"", ""D:\\CADtest\\papertest\\go_nogo1\\sources\\urdf_files_dataset\\urdf_files\\oems\\xacro_generated\\grippers_rethink_robotics\\rethink_ee_description\\meshes\\electric_gripper\\fingers\\basic_hard_tip.DAE"", ""D:\\CADtest\\papertest\\go_nogo1\\sources\\urdf_files_dataset\\urdf_files\\oems\\xacro_generated\\grippers_rethink_robotics\\rethink_ee_description\\meshes\\electric_gripper\\fingers\\extended_narrow.DAE"", ""D:\\CADtest\\papertest\\go_nogo1\\sources\\urdf_files_dataset\\urdf_files\\oems\\xacro_generated\\grippers_rethink_robotics\\rethink_ee_description\\meshes\\electric_gripper\\fingers\\paddle_tip.DAE""]",left_electric_gripper,oems,https://github.com/RethinkRobotics/baxter_common/tree/6c4b0f375fe4e356a3b12df26ef7c0d5e58df86e/rethink_ee_description,end effector,D:\CADtest\papertest\go_nogo1\sources\urdf_files_dataset\urdf_files\oems\xacro_generated\grippers_rethink_robotics\rethink_ee_description\urdf\electric_gripper\rethink_electric_gripper.urdf,original,1.0,True
66,False,"{""fixed"": 2}",Rethink Robotics,0,True,0,0,0,2,2,1,1,0,1,1,Pneumatic gripper,1.0,,True,C,oems\xacro_generated\grippers_rethink_robotics\rethink_ee_description\urdf\pneumatic_gripper\rethink_pneumatic_gripper.urdf,"{""ancestor_suffix"": 1}","[""D:\\CADtest\\papertest\\go_nogo1\\sources\\urdf_files_dataset\\urdf_files\\oems\\xacro_generated\\grippers_rethink_robotics\\rethink_ee_description\\meshes\\pneumatic_gripper\\pneumatic_gripper_w_cup.DAE""]",left_pneumatic_gripper,oems,https://github.com/RethinkRobotics/baxter_common/tree/6c4b0f375fe4e356a3b12df26ef7c0d5e58df86e/rethink_ee_description,end effector,D:\CADtest\papertest\go_nogo1\sources\urdf_files_dataset\urdf_files\oems\xacro_generated\grippers_rethink_robotics\rethink_ee_description\urdf\pneumatic_gripper\rethink_pneumatic_gripper.urdf,original,1.0,True
67,True,"{""continuous"": 4, ""fixed"": 8}",Clearpath Robotics,3,True,4,0,1,12,13,7,8,1,7,7,Jackal,1.0,,True,A,oems\xacro_generated\jackal_clearpath_robotics\jackal_description\urdf\jackal.urdf,"{""ancestor_suffix"": 7}","[""D:\\CADtest\\papertest\\go_nogo1\\sources\\urdf_files_dataset\\urdf_files\\oems\\xacro_generated\\jackal_clearpath_robotics\\jackal_description\\meshes\\jackal-base.stl"", ""D:\\CADtest\\papertest\\go_nogo1\\sources\\urdf_files_dataset\\urdf_files\\oems\\xacro_generated\\jackal_clearpath_robotics\\jackal_description\\meshes\\jackal-fender.stl"", ""D:\\CADtest\\papertest\\go_nogo1\\sources\\urdf_files_dataset\\urdf_files\\oems\\xacro_generated\\jackal_clearpath_robotics\\jackal_description\\meshes\\jackal-wheel.stl""]",jackal,oems,https://github.com/jackal/jackal/tree/96578277a93d977895f916b8362cef0f0b326ca6/jackal_description,mobile robot,D:\CADtest\papertest\go_nogo1\sources\urdf_files_dataset\urdf_files\oems\xacro_generated\jackal_clearpath_robotics\jackal_description\urdf\jackal.urdf,original,1.0,True
68,True,"{""continuous"": 2, ""fixed"": 3, ""revolute"": 8}",Kinova Robotics,8,True,10,11,1,13,14,11,11,0,15,15,Jaco J2N4S300,1.0,,True,A,oems\xacro_generated\kinova_robotics\kinova_description\urdf\j2n4s300_standalone.urdf,"{""ancestor_suffix"": 15}","[""D:\\CADtest\\papertest\\go_nogo1\\sources\\urdf_files_dataset\\urdf_files\\oems\\xacro_generated\\kinova_robotics\\kinova_description\\meshes\\arm.dae"", ""D:\\CADtest\\papertest\\go_nogo1\\sources\\urdf_files_dataset\\urdf_files\\oems\\xacro_generated\\kinova_robotics\\kinova_description\\meshes\\base.dae"", ""D:\\CADtest\\papertest\\go_nogo1\\sources\\urdf_files_dataset\\urdf_files\\oems\\xacro_generated\\kinova_robotics\\kinova_description\\meshes\\finger_distal.dae"", ""D:\\CADtest\\papertest\\go_nogo1\\sources\\urdf_files_dataset\\urdf_files\\oems\\xacro_generated\\kinova_robotics\\kinova_description\\meshes\\finger_proximal.dae"", ""D:\\CADtest\\papertest\\go_nogo1\\sources\\urdf_files_dataset\\urdf_files\\oems\\xacro_generated\\kinova_robotics\\kinova_description\\meshes\\forearm.dae"", ""D:\\CADtest\\papertest\\go_nogo1\\sources\\urdf_files_dataset\\urdf_files\\oems\\xacro_generated\\kinova_robotics\\kinova_description\\meshes\\hand_3finger.dae"", ""D:\\CADtest\\papertest\\go_nogo1\\sources\\urdf_files_dataset\\urdf_files\\oems\\xacro_generated\\kinova_robotics\\kinova_description\\meshes\\ring_big.dae"", ""D:\\CADtest\\papertest\\go_nogo1\\sources\\urdf_files_dataset\\urdf_files\\oems\\xacro_generated\\kinova_robotics\\kinova_description\\meshes\\ring_small.dae"", ""D:\\CADtest\\papertest\\go_nogo1\\sources\\urdf_files_dataset\\urdf_files\\oems\\xacro_generated\\kinova_robotics\\kinova_description\\meshes\\shoulder.dae""]",j2n4s300,oems,https://github.com/Kinovarobotics/kinova-ros/tree/09521579f49ffc8af88aafd749450ae9ed718ec9/kinova_description,robotic arm,D:\CADtest\papertest\go_nogo1\sources\urdf_files_dataset\urdf_files\oems\xacro_generated\kinova_robotics\kinova_description\urdf\j2n4s300_standalone.urdf,original,1.0,True
69,True,"{""continuous"": 4, ""fixed"": 3, ""revolute"": 6}",Kinova Robotics,10,True,10,11,1,13,14,11,11,0,17,17,Jaco J2N6S200,1.0,,True,A,oems\xacro_generated\kinova_robotics\kinova_description\urdf\j2n6s200_standalone.urdf,"{""ancestor_suffix"": 17}","[""D:\\CADtest\\papertest\\go_nogo1\\sources\\urdf_files_dataset\\urdf_files\\oems\\xacro_generated\\kinova_robotics\\kinova_description\\meshes\\arm.dae"", ""D:\\CADtest\\papertest\\go_nogo1\\sources\\urdf_files_dataset\\urdf_files\\oems\\xacro_generated\\kinova_robotics\\kinova_description\\meshes\\base.dae"", ""D:\\CADtest\\papertest\\go_nogo1\\sources\\urdf_files_dataset\\urdf_files\\oems\\xacro_generated\\kinova_robotics\\kinova_description\\meshes\\finger_distal.dae"", ""D:\\CADtest\\papertest\\go_nogo1\\sources\\urdf_files_dataset\\urdf_files\\oems\\xacro_generated\\kinova_robotics\\kinova_description\\meshes\\finger_proximal.dae"", ""D:\\CADtest\\papertest\\go_nogo1\\sources\\urdf_files_dataset\\urdf_files\\oems\\xacro_generated\\kinova_robotics\\kinova_description\\meshes\\forearm.dae"", ""D:\\CADtest\\papertest\\go_nogo1\\sources\\urdf_files_dataset\\urdf_files\\oems\\xacro_generated\\kinova_robotics\\kinova_description\\meshes\\hand_2finger.dae"", ""D:\\CADtest\\papertest\\go_nogo1\\sources\\urdf_files_dataset\\urdf_files\\oems\\xacro_generated\\kinova_robotics\\kinova_description\\meshes\\ring_big.dae"", ""D:\\CADtest\\papertest\\go_nogo1\\sources\\urdf_files_dataset\\urdf_files\\oems\\xacro_generated\\kinova_robotics\\kinova_description\\meshes\\ring_small.dae"", ""D:\\CADtest\\papertest\\go_nogo1\\sources\\urdf_files_dataset\\urdf_files\\oems\\xacro_generated\\kinova_robotics\\kinova_description\\meshes\\shoulder.dae"", ""D:\\CADtest\\papertest\\go_nogo1\\sources\\urdf_files_dataset\\urdf_files\\oems\\xacro_generated\\kinova_robotics\\kinova_description\\meshes\\wrist.dae""]",j2n6s200,oems,https://github.com/Kinovarobotics/kinova-ros/tree/09521579f49ffc8af88aafd749450ae9ed718ec9/kinova_description,robotic arm,D:\CADtest\papertest\go_nogo1\sources\urdf_files_dataset\urdf_files\oems\xacro_generated\kinova_robotics\kinova_description\urdf\j2n6s200_standalone.urdf,original,1.0,True
70,True,"{""continuous"": 4, ""fixed"": 3, ""revolute"": 8}",Kinova Robotics,10,True,12,13,1,15,16,13,13,0,19,19,Jaco J2N6S300,1.0,,True,A,oems\xacro_generated\kinova_robotics\kinova_description\urdf\j2n6s300_standalone.urdf,"{""ancestor_suffix"": 19}","[""D:\\CADtest\\papertest\\go_nogo1\\sources\\urdf_files_dataset\\urdf_files\\oems\\xacro_generated\\kinova_robotics\\kinova_description\\meshes\\arm.dae"", ""D:\\CADtest\\papertest\\go_nogo1\\sources\\urdf_files_dataset\\urdf_files\\oems\\xacro_generated\\kinova_robotics\\kinova_description\\meshes\\base.dae"", ""D:\\CADtest\\papertest\\go_nogo1\\sources\\urdf_files_dataset\\urdf_files\\oems\\xacro_generated\\kinova_robotics\\kinova_description\\meshes\\finger_distal.dae"", ""D:\\CADtest\\papertest\\go_nogo1\\sources\\urdf_files_dataset\\urdf_files\\oems\\xacro_generated\\kinova_robotics\\kinova_description\\meshes\\finger_proximal.dae"", ""D:\\CADtest\\papertest\\go_nogo1\\sources\\urdf_files_dataset\\urdf_files\\oems\\xacro_generated\\kinova_robotics\\kinova_description\\meshes\\forearm.dae"", ""D:\\CADtest\\papertest\\go_nogo1\\sources\\urdf_files_dataset\\urdf_files\\oems\\xacro_generated\\kinova_robotics\\kinova_description\\meshes\\hand_3finger.dae"", ""D:\\CADtest\\papertest\\go_nogo1\\sources\\urdf_files_dataset\\urdf_files\\oems\\xacro_generated\\kinova_robotics\\kinova_description\\meshes\\ring_big.dae"", ""D:\\CADtest\\papertest\\go_nogo1\\sources\\urdf_files_dataset\\urdf_files\\oems\\xacro_generated\\kinova_robotics\\kinova_description\\meshes\\ring_small.dae"", ""D:\\CADtest\\papertest\\go_nogo1\\sources\\urdf_files_dataset\\urdf_files\\oems\\xacro_generated\\kinova_robotics\\kinova_description\\meshes\\shoulder.dae"", ""D:\\CADtest\\papertest\\go_nogo1\\sources\\urdf_files_dataset\\urdf_files\\oems\\xacro_generated\\kinova_robotics\\kinova_description\\meshes\\wrist.dae""]",j2n6s300,oems,https://github.com/Kinovarobotics/kinova-ros/tree/09521579f49ffc8af88aafd749450ae9ed718ec9/kinova_description,robotic arm,D:\CADtest\papertest\go_nogo1\sources\urdf_files_dataset\urdf_files\oems\xacro_generated\kinova_robotics\kinova_description\urdf\j2n6s300_standalone.urdf,original,1.0,True
71,True,"{""continuous"": 5, ""fixed"": 3, ""revolute"": 8}",Kinova Robotics,11,True,13,14,1,16,17,14,14,0,21,21,Jaco J2N7S300,1.0,,True,A,oems\xacro_generated\kinova_robotics\kinova_description\urdf\j2n7s300_standalone.urdf,"{""ancestor_suffix"": 21}","[""D:\\CADtest\\papertest\\go_nogo1\\sources\\urdf_files_dataset\\urdf_files\\oems\\xacro_generated\\kinova_robotics\\kinova_description\\meshes\\arm_half_1.dae"", ""D:\\CADtest\\papertest\\go_nogo1\\sources\\urdf_files_dataset\\urdf_files\\oems\\xacro_generated\\kinova_robotics\\kinova_description\\meshes\\arm_half_2.dae"", ""D:\\CADtest\\papertest\\go_nogo1\\sources\\urdf_files_dataset\\urdf_files\\oems\\xacro_generated\\kinova_robotics\\kinova_description\\meshes\\base.dae"", ""D:\\CADtest\\papertest\\go_nogo1\\sources\\urdf_files_dataset\\urdf_files\\oems\\xacro_generated\\kinova_robotics\\kinova_description\\meshes\\finger_distal.dae"", ""D:\\CADtest\\papertest\\go_nogo1\\sources\\urdf_files_dataset\\urdf_files\\oems\\xacro_generated\\kinova_robotics\\kinova_description\\meshes\\finger_proximal.dae"", ""D:\\CADtest\\papertest\\go_nogo1\\sources\\urdf_files_dataset\\urdf_files\\oems\\xacro_generated\\kinova_robotics\\kinova_description\\meshes\\forearm.dae"", ""D:\\CADtest\\papertest\\go_nogo1\\sources\\urdf_files_dataset\\urdf_files\\oems\\xacro_generated\\kinova_robotics\\kinova_description\\meshes\\hand_3finger.dae"", ""D:\\CADtest\\papertest\\go_nogo1\\sources\\urdf_files_dataset\\urdf_files\\oems\\xacro_generated\\kinova_robotics\\kinova_description\\meshes\\ring_big.dae"", ""D:\\CADtest\\papertest\\go_nogo1\\sources\\urdf_files_dataset\\urdf_files\\oems\\xacro_generated\\kinova_robotics\\kinova_description\\meshes\\ring_small.dae"", ""D:\\CADtest\\papertest\\go_nogo1\\sources\\urdf_files_dataset\\urdf_files\\oems\\xacro_generated\\kinova_robotics\\kinova_description\\meshes\\shoulder.dae"", ""D:\\CADtest\\papertest\\go_nogo1\\sources\\urdf_files_dataset\\urdf_files\\oems\\xacro_generated\\kinova_robotics\\kinova_description\\meshes\\wrist.dae""]",j2n7s300,oems,https://github.com/Kinovarobotics/kinova-ros/tree/09521579f49ffc8af88aafd749450ae9ed718ec9/kinova_description,robotic arm,D:\CADtest\papertest\go_nogo1\sources\urdf_files_dataset\urdf_files\oems\xacro_generated\kinova_robotics\kinova_description\urdf\j2n7s300_standalone.urdf,original,1.0,True
73,True,"{""continuous"": 3, ""fixed"": 3, ""revolute"": 7}",Kinova Robotics,10,True,10,11,1,13,14,11,11,0,17,17,Jaco J2S6S200,1.0,,True,A,oems\xacro_generated\kinova_robotics\kinova_description\urdf\j2s6s200_standalone.urdf,"{""ancestor_suffix"": 17}","[""D:\\CADtest\\papertest\\go_nogo1\\sources\\urdf_files_dataset\\urdf_files\\oems\\xacro_generated\\kinova_robotics\\kinova_description\\meshes\\arm.dae"", ""D:\\CADtest\\papertest\\go_nogo1\\sources\\urdf_files_dataset\\urdf_files\\oems\\xacro_generated\\kinova_robotics\\kinova_description\\meshes\\base.dae"", ""D:\\CADtest\\papertest\\go_nogo1\\sources\\urdf_files_dataset\\urdf_files\\oems\\xacro_generated\\kinova_robotics\\kinova_description\\meshes\\finger_distal.dae"", ""D:\\CADtest\\papertest\\go_nogo1\\sources\\urdf_files_dataset\\urdf_files\\oems\\xacro_generated\\kinova_robotics\\kinova_description\\meshes\\finger_proximal.dae"", ""D:\\CADtest\\papertest\\go_nogo1\\sources\\urdf_files_dataset\\urdf_files\\oems\\xacro_generated\\kinova_robotics\\kinova_description\\meshes\\forearm.dae"", ""D:\\CADtest\\papertest\\go_nogo1\\sources\\urdf_files_dataset\\urdf_files\\oems\\xacro_generated\\kinova_robotics\\kinova_description\\meshes\\hand_2finger.dae"", ""D:\\CADtest\\papertest\\go_nogo1\\sources\\urdf_files_dataset\\urdf_files\\oems\\xacro_generated\\kinova_robotics\\kinova_description\\meshes\\ring_big.dae"", ""D:\\CADtest\\papertest\\go_nogo1\\sources\\urdf_files_dataset\\urdf_files\\oems\\xacro_generated\\kinova_robotics\\kinova_description\\meshes\\ring_small.dae"", ""D:\\CADtest\\papertest\\go_nogo1\\sources\\urdf_files_dataset\\urdf_files\\oems\\xacro_generated\\kinova_robotics\\kinova_description\\meshes\\shoulder.dae"", ""D:\\CADtest\\papertest\\go_nogo1\\sources\\urdf_files_dataset\\urdf_files\\oems\\xacro_generated\\kinova_robotics\\kinova_description\\meshes\\wrist_spherical_1.dae"", ""D:\\CADtest\\papertest\\go_nogo1\\sources\\urdf_files_dataset\\urdf_files\\oems\\xacro_generated\\kinova_robotics\\kinova_description\\meshes\\wrist_spherical_2.dae""]",j2s6s200,oems,https://github.com/Kinovarobotics/kinova-ros/tree/09521579f49ffc8af88aafd749450ae9ed718ec9/kinova_description,robotic arm,D:\CADtest\papertest\go_nogo1\sources\urdf_files_dataset\urdf_files\oems\xacro_generated\kinova_robotics\kinova_description\urdf\j2s6s200_standalone.urdf,original,1.0,True
72,True,"{""continuous"": 3, ""fixed"": 3, ""revolute"": 9}",Kinova Robotics,10,True,12,13,1,15,16,13,13,0,19,19,Jaco J2S6S300,1.0,,True,A,oems\xacro_generated\kinova_robotics\kinova_description\urdf\j2s6s300_standalone.urdf,"{""ancestor_suffix"": 19}","[""D:\\CADtest\\papertest\\go_nogo1\\sources\\urdf_files_dataset\\urdf_files\\oems\\xacro_generated\\kinova_robotics\\kinova_description\\meshes\\arm.dae"", ""D:\\CADtest\\papertest\\go_nogo1\\sources\\urdf_files_dataset\\urdf_files\\oems\\xacro_generated\\kinova_robotics\\kinova_description\\meshes\\base.dae"", ""D:\\CADtest\\papertest\\go_nogo1\\sources\\urdf_files_dataset\\urdf_files\\oems\\xacro_generated\\kinova_robotics\\kinova_description\\meshes\\finger_distal.dae"", ""D:\\CADtest\\papertest\\go_nogo1\\sources\\urdf_files_dataset\\urdf_files\\oems\\xacro_generated\\kinova_robotics\\kinova_description\\meshes\\finger_proximal.dae"", ""D:\\CADtest\\papertest\\go_nogo1\\sources\\urdf_files_dataset\\urdf_files\\oems\\xacro_generated\\kinova_robotics\\kinova_description\\meshes\\forearm.dae"", ""D:\\CADtest\\papertest\\go_nogo1\\sources\\urdf_files_dataset\\urdf_files\\oems\\xacro_generated\\kinova_robotics\\kinova_description\\meshes\\hand_3finger.dae"", ""D:\\CADtest\\papertest\\go_nogo1\\sources\\urdf_files_dataset\\urdf_files\\oems\\xacro_generated\\kinova_robotics\\kinova_description\\meshes\\ring_big.dae"", ""D:\\CADtest\\papertest\\go_nogo1\\sources\\urdf_files_dataset\\urdf_files\\oems\\xacro_generated\\kinova_robotics\\kinova_description\\meshes\\ring_small.dae"", ""D:\\CADtest\\papertest\\go_nogo1\\sources\\urdf_files_dataset\\urdf_files\\oems\\xacro_generated\\kinova_robotics\\kinova_description\\meshes\\shoulder.dae"", ""D:\\CADtest\\papertest\\go_nogo1\\sources\\urdf_files_dataset\\urdf_files\\oems\\xacro_generated\\kinova_robotics\\kinova_description\\meshes\\wrist_spherical_1.dae"", ""D:\\CADtest\\papertest\\go_nogo1\\sources\\urdf_files_dataset\\urdf_files\\oems\\xacro_generated\\kinova_robotics\\kinova_description\\meshes\\wrist_spherical_2.dae""]",j2s6s300,oems,https://github.com/Kinovarobotics/kinova-ros/tree/09521579f49ffc8af88aafd749450ae9ed718ec9/kinova_description,robotic arm,D:\CADtest\papertest\go_nogo1\sources\urdf_files_dataset\urdf_files\oems\xacro_generated\kinova_robotics\kinova_description\urdf\j2s6s300_standalone.urdf,original,1.0,True
74,True,"{""continuous"": 4, ""fixed"": 3, ""revolute"": 9}",Kinova Robotics,11,True,13,14,1,16,17,14,14,0,21,21,Jaco J2S7S300,1.0,,True,A,oems\xacro_generated\kinova_robotics\kinova_description\urdf\j2s7s300_standalone.urdf,"{""ancestor_suffix"": 21}","[""D:\\CADtest\\papertest\\go_nogo1\\sources\\urdf_files_dataset\\urdf_files\\oems\\xacro_generated\\kinova_robotics\\kinova_description\\meshes\\arm_half_1.dae"", ""D:\\CADtest\\papertest\\go_nogo1\\sources\\urdf_files_dataset\\urdf_files\\oems\\xacro_generated\\kinova_robotics\\kinova_description\\meshes\\arm_half_2.dae"", ""D:\\CADtest\\papertest\\go_nogo1\\sources\\urdf_files_dataset\\urdf_files\\oems\\xacro_generated\\kinova_robotics\\kinova_description\\meshes\\base.dae"", ""D:\\CADtest\\papertest\\go_nogo1\\sources\\urdf_files_dataset\\urdf_files\\oems\\xacro_generated\\kinova_robotics\\kinova_description\\meshes\\finger_distal.dae"", ""D:\\CADtest\\papertest\\go_nogo1\\sources\\urdf_files_dataset\\urdf_files\\oems\\xacro_generated\\kinova_robotics\\kinova_description\\meshes\\finger_proximal.dae"", ""D:\\CADtest\\papertest\\go_nogo1\\sources\\urdf_files_dataset\\urdf_files\\oems\\xacro_generated\\kinova_robotics\\kinova_description\\meshes\\forearm.dae"", ""D:\\CADtest\\papertest\\go_nogo1\\sources\\urdf_files_dataset\\urdf_files\\oems\\xacro_generated\\kinova_robotics\\kinova_description\\meshes\\hand_3finger.dae"", ""D:\\CADtest\\papertest\\go_nogo1\\sources\\urdf_files_dataset\\urdf_files\\oems\\xacro_generated\\kinova_robotics\\kinova_description\\meshes\\ring_big.dae"", ""D:\\CADtest\\papertest\\go_nogo1\\sources\\urdf_files_dataset\\urdf_files\\oems\\xacro_generated\\kinova_robotics\\kinova_description\\meshes\\ring_small.dae"", ""D:\\CADtest\\papertest\\go_nogo1\\sources\\urdf_files_dataset\\urdf_files\\oems\\xacro_generated\\kinova_robotics\\kinova_description\\meshes\\shoulder.dae"", ""D:\\CADtest\\papertest\\go_nogo1\\sources\\urdf_files_dataset\\urdf_files\\oems\\xacro_generated\\kinova_robotics\\kinova_description\\meshes\\wrist_spherical_1.dae"", ""D:\\CADtest\\papertest\\go_nogo1\\sources\\urdf_files_dataset\\urdf_files\\oems\\xacro_generated\\kinova_robotics\\kinova_description\\meshes\\wrist_spherical_2.dae""]",j2s7s300,oems,https://github.com/Kinovarobotics/kinova-ros/tree/09521579f49ffc8af88aafd749450ae9ed718ec9/kinova_description,robotic arm,D:\CADtest\papertest\go_nogo1\sources\urdf_files_dataset\urdf_files\oems\xacro_generated\kinova_robotics\kinova_description\urdf\j2s7s300_standalone.urdf,original,1.0,True
76,True,"{""continuous"": 2, ""fixed"": 3, ""revolute"": 6}",Kinova Robotics,8,True,8,9,1,11,12,9,9,0,13,13,Mico M1N4S200,1.0,,True,A,oems\xacro_generated\kinova_robotics\kinova_description\urdf\m1n4s200_standalone.urdf,"{""ancestor_suffix"": 13}","[""D:\\CADtest\\papertest\\go_nogo1\\sources\\urdf_files_dataset\\urdf_files\\oems\\xacro_generated\\kinova_robotics\\kinova_description\\meshes\\arm_mico.dae"", ""D:\\CADtest\\papertest\\go_nogo1\\sources\\urdf_files_dataset\\urdf_files\\oems\\xacro_generated\\kinova_robotics\\kinova_description\\meshes\\base.dae"", ""D:\\CADtest\\papertest\\go_nogo1\\sources\\urdf_files_dataset\\urdf_files\\oems\\xacro_generated\\kinova_robotics\\kinova_description\\meshes\\finger_distal.dae"", ""D:\\CADtest\\papertest\\go_nogo1\\sources\\urdf_files_dataset\\urdf_files\\oems\\xacro_generated\\kinova_robotics\\kinova_description\\meshes\\finger_proximal.dae"", ""D:\\CADtest\\papertest\\go_nogo1\\sources\\urdf_files_dataset\\urdf_files\\oems\\xacro_generated\\kinova_robotics\\kinova_description\\meshes\\forearm_mico.dae"", ""D:\\CADtest\\papertest\\go_nogo1\\sources\\urdf_files_dataset\\urdf_files\\oems\\xacro_generated\\kinova_robotics\\kinova_description\\meshes\\hand_2finger.dae"", ""D:\\CADtest\\papertest\\go_nogo1\\sources\\urdf_files_dataset\\urdf_files\\oems\\xacro_generated\\kinova_robotics\\kinova_description\\meshes\\ring_big.dae"", ""D:\\CADtest\\papertest\\go_nogo1\\sources\\urdf_files_dataset\\urdf_files\\oems\\xacro_generated\\kinova_robotics\\kinova_description\\meshes\\ring_small.dae"", ""D:\\CADtest\\papertest\\go_nogo1\\sources\\urdf_files_dataset\\urdf_files\\oems\\xacro_generated\\kinova_robotics\\kinova_description\\meshes\\shoulder.dae""]",m1n4s200,oems,https://github.com/Kinovarobotics/kinova-ros/tree/09521579f49ffc8af88aafd749450ae9ed718ec9/kinova_description,robotic arm,D:\CADtest\papertest\go_nogo1\sources\urdf_files_dataset\urdf_files\oems\xacro_generated\kinova_robotics\kinova_description\urdf\m1n4s200_standalone.urdf,original,1.0,True
77,True,"{""continuous"": 4, ""fixed"": 3, ""revolute"": 6}",Kinova Robotics,10,True,10,11,1,13,14,11,11,0,17,17,Mico M1N6S200,1.0,,True,A,oems\xacro_generated\kinova_robotics\kinova_description\urdf\m1n6s200_standalone.urdf,"{""ancestor_suffix"": 17}","[""D:\\CADtest\\papertest\\go_nogo1\\sources\\urdf_files_dataset\\urdf_files\\oems\\xacro_generated\\kinova_robotics\\kinova_description\\meshes\\arm_mico.dae"", ""D:\\CADtest\\papertest\\go_nogo1\\sources\\urdf_files_dataset\\urdf_files\\oems\\xacro_generated\\kinova_robotics\\kinova_description\\meshes\\base.dae"", ""D:\\CADtest\\papertest\\go_nogo1\\sources\\urdf_files_dataset\\urdf_files\\oems\\xacro_generated\\kinova_robotics\\kinova_description\\meshes\\finger_distal.dae"", ""D:\\CADtest\\papertest\\go_nogo1\\sources\\urdf_files_dataset\\urdf_files\\oems\\xacro_generated\\kinova_robotics\\kinova_description\\meshes\\finger_proximal.dae"", ""D:\\CADtest\\papertest\\go_nogo1\\sources\\urdf_files_dataset\\urdf_files\\oems\\xacro_generated\\kinova_robotics\\kinova_description\\meshes\\forearm_mico.dae"", ""D:\\CADtest\\papertest\\go_nogo1\\sources\\urdf_files_dataset\\urdf_files\\oems\\xacro_generated\\kinova_robotics\\kinova_description\\meshes\\hand_2finger.dae"", ""D:\\CADtest\\papertest\\go_nogo1\\sources\\urdf_files_dataset\\urdf_files\\oems\\xacro_generated\\kinova_robotics\\kinova_description\\meshes\\ring_big.dae"", ""D:\\CADtest\\papertest\\go_nogo1\\sources\\urdf_files_dataset\\urdf_files\\oems\\xacro_generated\\kinova_robotics\\kinova_description\\meshes\\ring_small.dae"", ""D:\\CADtest\\papertest\\go_nogo1\\sources\\urdf_files_dataset\\urdf_files\\oems\\xacro_generated\\kinova_robotics\\kinova_description\\meshes\\shoulder.dae"", ""D:\\CADtest\\papertest\\go_nogo1\\sources\\urdf_files_dataset\\urdf_files\\oems\\xacro_generated\\kinova_robotics\\kinova_description\\meshes\\wrist.dae""]",m1n6s200,oems,https://github.com/Kinovarobotics/kinova-ros/tree/09521579f49ffc8af88aafd749450ae9ed718ec9/kinova_description,robotic arm,D:\CADtest\papertest\go_nogo1\sources\urdf_files_dataset\urdf_files\oems\xacro_generated\kinova_robotics\kinova_description\urdf\m1n6s200_standalone.urdf,original,1.0,True
78,True,"{""continuous"": 4, ""fixed"": 3, ""revolute"": 8}",Kinova Robotics,10,True,12,13,1,15,16,13,13,0,19,19,Mico M1N6S300,1.0,,True,A,oems\xacro_generated\kinova_robotics\kinova_description\urdf\m1n6s300_standalone.urdf,"{""ancestor_suffix"": 19}","[""D:\\CADtest\\papertest\\go_nogo1\\sources\\urdf_files_dataset\\urdf_files\\oems\\xacro_generated\\kinova_robotics\\kinova_description\\meshes\\arm_mico.dae"", ""D:\\CADtest\\papertest\\go_nogo1\\sources\\urdf_files_dataset\\urdf_files\\oems\\xacro_generated\\kinova_robotics\\kinova_description\\meshes\\base.dae"", ""D:\\CADtest\\papertest\\go_nogo1\\sources\\urdf_files_dataset\\urdf_files\\oems\\xacro_generated\\kinova_robotics\\kinova_description\\meshes\\finger_distal.dae"", ""D:\\CADtest\\papertest\\go_nogo1\\sources\\urdf_files_dataset\\urdf_files\\oems\\xacro_generated\\kinova_robotics\\kinova_description\\meshes\\finger_proximal.dae"", ""D:\\CADtest\\papertest\\go_nogo1\\sources\\urdf_files_dataset\\urdf_files\\oems\\xacro_generated\\kinova_robotics\\kinova_description\\meshes\\forearm_mico.dae"", ""D:\\CADtest\\papertest\\go_nogo1\\sources\\urdf_files_dataset\\urdf_files\\oems\\xacro_generated\\kinova_robotics\\kinova_description\\meshes\\hand_3finger.dae"", ""D:\\CADtest\\papertest\\go_nogo1\\sources\\urdf_files_dataset\\urdf_files\\oems\\xacro_generated\\kinova_robotics\\kinova_description\\meshes\\ring_big.dae"", ""D:\\CADtest\\papertest\\go_nogo1\\sources\\urdf_files_dataset\\urdf_files\\oems\\xacro_generated\\kinova_robotics\\kinova_description\\meshes\\ring_small.dae"", ""D:\\CADtest\\papertest\\go_nogo1\\sources\\urdf_files_dataset\\urdf_files\\oems\\xacro_generated\\kinova_robotics\\kinova_description\\meshes\\shoulder.dae"", ""D:\\CADtest\\papertest\\go_nogo1\\sources\\urdf_files_dataset\\urdf_files\\oems\\xacro_generated\\kinova_robotics\\kinova_description\\meshes\\wrist.dae""]",m1n6s300,oems,https://github.com/Kinovarobotics/kinova-ros/tree/09521579f49ffc8af88aafd749450ae9ed718ec9/kinova_description,robotic arm,D:\CADtest\papertest\go_nogo1\sources\urdf_files_dataset\urdf_files\oems\xacro_generated\kinova_robotics\kinova_description\urdf\m1n6s300_standalone.urdf,original,1.0,True
75,True,"{""continuous"": 8, ""fixed"": 6, ""revolute"": 16}",Kinova Robotics,10,True,24,26,1,30,31,26,27,1,38,38,Jaco Two Arm,1.0,,True,A,oems\xacro_generated\kinova_robotics\kinova_description\urdf\two_arm_robot_example_standalone.urdf,"{""ancestor_suffix"": 38}","[""D:\\CADtest\\papertest\\go_nogo1\\sources\\urdf_files_dataset\\urdf_files\\oems\\xacro_generated\\kinova_robotics\\kinova_description\\meshes\\arm.dae"", ""D:\\CADtest\\papertest\\go_nogo1\\sources\\urdf_files_dataset\\urdf_files\\oems\\xacro_generated\\kinova_robotics\\kinova_description\\meshes\\base.dae"", ""D:\\CADtest\\papertest\\go_nogo1\\sources\\urdf_files_dataset\\urdf_files\\oems\\xacro_generated\\kinova_robotics\\kinova_description\\meshes\\finger_distal.dae"", ""D:\\CADtest\\papertest\\go_nogo1\\sources\\urdf_files_dataset\\urdf_files\\oems\\xacro_generated\\kinova_robotics\\kinova_description\\meshes\\finger_proximal.dae"", ""D:\\CADtest\\papertest\\go_nogo1\\sources\\urdf_files_dataset\\urdf_files\\oems\\xacro_generated\\kinova_robotics\\kinova_description\\meshes\\forearm.dae"", ""D:\\CADtest\\papertest\\go_nogo1\\sources\\urdf_files_dataset\\urdf_files\\oems\\xacro_generated\\kinova_robotics\\kinova_description\\meshes\\hand_3finger.dae"", ""D:\\CADtest\\papertest\\go_nogo1\\sources\\urdf_files_dataset\\urdf_files\\oems\\xacro_generated\\kinova_robotics\\kinova_description\\meshes\\ring_big.dae"", ""D:\\CADtest\\papertest\\go_nogo1\\sources\\urdf_files_dataset\\urdf_files\\oems\\xacro_generated\\kinova_robotics\\kinova_description\\meshes\\ring_small.dae"", ""D:\\CADtest\\papertest\\go_nogo1\\sources\\urdf_files_dataset\\urdf_files\\oems\\xacro_generated\\kinova_robotics\\kinova_description\\meshes\\shoulder.dae"", ""D:\\CADtest\\papertest\\go_nogo1\\sources\\urdf_files_dataset\\urdf_files\\oems\\xacro_generated\\kinova_robotics\\kinova_description\\meshes\\wrist.dae""]",j2s6a300,oems,https://github.com/Kinovarobotics/kinova-ros/tree/09521579f49ffc8af88aafd749450ae9ed718ec9/kinova_description,dual arm robot,D:\CADtest\papertest\go_nogo1\sources\urdf_files_dataset\urdf_files\oems\xacro_generated\kinova_robotics\kinova_description\urdf\two_arm_robot_example_standalone.urdf,original,1.0,True
79,True,"{""fixed"": 1, ""prismatic"": 2, ""revolute"": 4}",ROBOTIS,5,True,6,7,1,7,8,7,8,1,7,7,Open Manipulator,1.0,,True,A,oems\xacro_generated\open-manipulator_robotis\open_manipulator_description\urdf\open_manipulator.urdf,"{""ancestor_suffix"": 7}","[""D:\\CADtest\\papertest\\go_nogo1\\sources\\urdf_files_dataset\\urdf_files\\oems\\xacro_generated\\open-manipulator_robotis\\open_manipulator_description\\meshes\\chain_link1.stl"", ""D:\\CADtest\\papertest\\go_nogo1\\sources\\urdf_files_dataset\\urdf_files\\oems\\xacro_generated\\open-manipulator_robotis\\open_manipulator_description\\meshes\\chain_link2.stl"", ""D:\\CADtest\\papertest\\go_nogo1\\sources\\urdf_files_dataset\\urdf_files\\oems\\xacro_generated\\open-manipulator_robotis\\open_manipulator_description\\meshes\\chain_link3.stl"", ""D:\\CADtest\\papertest\\go_nogo1\\sources\\urdf_files_dataset\\urdf_files\\oems\\xacro_generated\\open-manipulator_robotis\\open_manipulator_description\\meshes\\chain_link4.stl"", ""D:\\CADtest\\papertest\\go_nogo1\\sources\\urdf_files_dataset\\urdf_files\\oems\\xacro_generated\\open-manipulator_robotis\\open_manipulator_description\\meshes\\chain_link5.stl"", ""D:\\CADtest\\papertest\\go_nogo1\\sources\\urdf_files_dataset\\urdf_files\\oems\\xacro_generated\\open-manipulator_robotis\\open_manipulator_description\\meshes\\chain_link_grip_l.stl"", ""D:\\CADtest\\papertest\\go_nogo1\\sources\\urdf_files_dataset\\urdf_files\\oems\\xacro_generated\\open-manipulator_robotis\\open_manipulator_description\\meshes\\chain_link_grip_r.stl""]",,oems,https://github.com/ROBOTIS-GIT/open_manipulator/tree/db34bde17e190464a2d6a26e83eb02e21f048b2b/open_manipulator_description,robotic arm,D:\CADtest\papertest\go_nogo1\sources\urdf_files_dataset\urdf_files\oems\xacro_generated\open-manipulator_robotis\open_manipulator_description\urdf\open_manipulator.urdf,original,1.0,True
262,True,"{""fixed"": 2, ""prismatic"": 2, ""revolute"": 4}",ROBOTIS,6,True,6,7,1,8,9,7,8,1,7,7,Open Manipulator,1.0,,True,A,oems\xacro_generated\open-manipulator_robotis\open_manipulator_description\urdf\open_manipulator_robot.urdf,"{""ancestor_suffix"": 7}","[""D:\\CADtest\\papertest\\go_nogo1\\sources\\urdf_files_dataset\\urdf_files\\oems\\xacro_generated\\open-manipulator_robotis\\open_manipulator_description\\meshes\\chain_link1.stl"", ""D:\\CADtest\\papertest\\go_nogo1\\sources\\urdf_files_dataset\\urdf_files\\oems\\xacro_generated\\open-manipulator_robotis\\open_manipulator_description\\meshes\\chain_link2.stl"", ""D:\\CADtest\\papertest\\go_nogo1\\sources\\urdf_files_dataset\\urdf_files\\oems\\xacro_generated\\open-manipulator_robotis\\open_manipulator_description\\meshes\\chain_link3.stl"", ""D:\\CADtest\\papertest\\go_nogo1\\sources\\urdf_files_dataset\\urdf_files\\oems\\xacro_generated\\open-manipulator_robotis\\open_manipulator_description\\meshes\\chain_link4.stl"", ""D:\\CADtest\\papertest\\go_nogo1\\sources\\urdf_files_dataset\\urdf_files\\oems\\xacro_generated\\open-manipulator_robotis\\open_manipulator_description\\meshes\\chain_link5.stl"", ""D:\\CADtest\\papertest\\go_nogo1\\sources\\urdf_files_dataset\\urdf_files\\oems\\xacro_generated\\open-manipulator_robotis\\open_manipulator_description\\meshes\\chain_link_grip_l.stl"", ""D:\\CADtest\\papertest\\go_nogo1\\sources\\urdf_files_dataset\\urdf_files\\oems\\xacro_generated\\open-manipulator_robotis\\open_manipulator_description\\meshes\\chain_link_grip_r.stl""]",open_manipulator,oems,https://github.com/ROBOTIS-GIT/open_manipulator/tree/db34bde17e190464a2d6a26e83eb02e21f048b2b/open_manipulator_description,robotic arm,D:\CADtest\papertest\go_nogo1\sources\urdf_files_dataset\urdf_files\oems\xacro_generated\open-manipulator_robotis\open_manipulator_description\urdf\open_manipulator_robot.urdf,robot,1.0,True
80,True,"{""continuous"": 2, ""fixed"": 4}",ROBOTIS,2,True,2,0,1,6,7,4,4,0,4,4,Turtlebot 3 Burger,1.0,,True,A,oems\xacro_generated\turtlebot3_robotis\turtlebot3_description\urdf\turtlebot3_burger.urdf,"{""ancestor_suffix"": 4}","[""D:\\CADtest\\papertest\\go_nogo1\\sources\\urdf_files_dataset\\urdf_files\\oems\\xacro_generated\\turtlebot3_robotis\\turtlebot3_description\\meshes\\bases\\burger_base.stl"", ""D:\\CADtest\\papertest\\go_nogo1\\sources\\urdf_files_dataset\\urdf_files\\oems\\xacro_generated\\turtlebot3_robotis\\turtlebot3_description\\meshes\\sensors\\lds.stl"", ""D:\\CADtest\\papertest\\go_nogo1\\sources\\urdf_files_dataset\\urdf_files\\oems\\xacro_generated\\turtlebot3_robotis\\turtlebot3_description\\meshes\\wheels\\left_tire.stl"", ""D:\\CADtest\\papertest\\go_nogo1\\sources\\urdf_files_dataset\\urdf_files\\oems\\xacro_generated\\turtlebot3_robotis\\turtlebot3_description\\meshes\\wheels\\right_tire.stl""]",turtlebot3_burger,oems,https://github.com/ROBOTIS-GIT/turtlebot3/tree/66681b33749c44e7d9022253ac210ef2da7843a0/turtlebot3_description,mobile robot,D:\CADtest\papertest\go_nogo1\sources\urdf_files_dataset\urdf_files\oems\xacro_generated\turtlebot3_robotis\turtlebot3_description\urdf\turtlebot3_burger.urdf,original,1.0,True
266,True,"{""continuous"": 2, ""fixed"": 7}",ROBOTIS,4,True,2,0,1,9,10,4,4,0,4,4,Turtlebot 3 Burger,1.0,,True,A,oems\xacro_generated\turtlebot3_robotis\turtlebot3_description\urdf\turtlebot3_burger_for_autorace.urdf,"{""ancestor_suffix"": 4}","[""D:\\CADtest\\papertest\\go_nogo1\\sources\\urdf_files_dataset\\urdf_files\\oems\\xacro_generated\\turtlebot3_robotis\\turtlebot3_description\\meshes\\bases\\burger_base.stl"", ""D:\\CADtest\\papertest\\go_nogo1\\sources\\urdf_files_dataset\\urdf_files\\oems\\xacro_generated\\turtlebot3_robotis\\turtlebot3_description\\meshes\\sensors\\lds.stl"", ""D:\\CADtest\\papertest\\go_nogo1\\sources\\urdf_files_dataset\\urdf_files\\oems\\xacro_generated\\turtlebot3_robotis\\turtlebot3_description\\meshes\\wheels\\left_tire.stl"", ""D:\\CADtest\\papertest\\go_nogo1\\sources\\urdf_files_dataset\\urdf_files\\oems\\xacro_generated\\turtlebot3_robotis\\turtlebot3_description\\meshes\\wheels\\right_tire.stl""]",turtlebot3_burger_for_autorace,oems,https://github.com/ROBOTIS-GIT/turtlebot3/tree/66681b33749c44e7d9022253ac210ef2da7843a0/turtlebot3_description,mobile robot,D:\CADtest\papertest\go_nogo1\sources\urdf_files_dataset\urdf_files\oems\xacro_generated\turtlebot3_robotis\turtlebot3_description\urdf\turtlebot3_burger_for_autorace.urdf,for autorace,1.0,True
265,True,"{""continuous"": 2, ""fixed"": 7}",ROBOTIS,4,True,2,0,1,9,10,4,4,0,4,4,Turtlebot 3 Burger,1.0,,True,A,oems\xacro_generated\turtlebot3_robotis\turtlebot3_description\urdf\turtlebot3_burger_for_autorace_2020.urdf,"{""ancestor_suffix"": 4}","[""D:\\CADtest\\papertest\\go_nogo1\\sources\\urdf_files_dataset\\urdf_files\\oems\\xacro_generated\\turtlebot3_robotis\\turtlebot3_description\\meshes\\bases\\burger_base.stl"", ""D:\\CADtest\\papertest\\go_nogo1\\sources\\urdf_files_dataset\\urdf_files\\oems\\xacro_generated\\turtlebot3_robotis\\turtlebot3_description\\meshes\\sensors\\lds.stl"", ""D:\\CADtest\\papertest\\go_nogo1\\sources\\urdf_files_dataset\\urdf_files\\oems\\xacro_generated\\turtlebot3_robotis\\turtlebot3_description\\meshes\\wheels\\left_tire.stl"", ""D:\\CADtest\\papertest\\go_nogo1\\sources\\urdf_files_dataset\\urdf_files\\oems\\xacro_generated\\turtlebot3_robotis\\turtlebot3_description\\meshes\\wheels\\right_tire.stl""]",turtlebot3_burger_for_autorace_2020,oems,https://github.com/ROBOTIS-GIT/turtlebot3/tree/66681b33749c44e7d9022253ac210ef2da7843a0/turtlebot3_description,mobile robot,D:\CADtest\papertest\go_nogo1\sources\urdf_files_dataset\urdf_files\oems\xacro_generated\turtlebot3_robotis\turtlebot3_description\urdf\turtlebot3_burger_for_autorace_2020.urdf,for autorace 2020,1.0,True
81,True,"{""continuous"": 2, ""fixed"": 10}",ROBOTIS,4,True,2,0,1,12,13,5,5,0,5,5,Turtlebot 3 Waffle,1.0,,True,A,oems\xacro_generated\turtlebot3_robotis\turtlebot3_description\urdf\turtlebot3_waffle.urdf,"{""ancestor_suffix"": 5}","[""D:\\CADtest\\papertest\\go_nogo1\\sources\\urdf_files_dataset\\urdf_files\\oems\\xacro_generated\\turtlebot3_robotis\\turtlebot3_description\\meshes\\bases\\waffle_base.stl"", ""D:\\CADtest\\papertest\\go_nogo1\\sources\\urdf_files_dataset\\urdf_files\\oems\\xacro_generated\\turtlebot3_robotis\\turtlebot3_description\\meshes\\sensors\\lds.stl"", ""D:\\CADtest\\papertest\\go_nogo1\\sources\\urdf_files_dataset\\urdf_files\\oems\\xacro_generated\\turtlebot3_robotis\\turtlebot3_description\\meshes\\sensors\\r200.dae"", ""D:\\CADtest\\papertest\\go_nogo1\\sources\\urdf_files_dataset\\urdf_files\\oems\\xacro_generated\\turtlebot3_robotis\\turtlebot3_description\\meshes\\wheels\\left_tire.stl"", ""D:\\CADtest\\papertest\\go_nogo1\\sources\\urdf_files_dataset\\urdf_files\\oems\\xacro_generated\\turtlebot3_robotis\\turtlebot3_description\\meshes\\wheels\\right_tire.stl""]",turtlebot3_waffle,oems,https://github.com/ROBOTIS-GIT/turtlebot3/tree/66681b33749c44e7d9022253ac210ef2da7843a0/turtlebot3_description,mobile robot,D:\CADtest\papertest\go_nogo1\sources\urdf_files_dataset\urdf_files\oems\xacro_generated\turtlebot3_robotis\turtlebot3_description\urdf\turtlebot3_waffle.urdf,original,1.0,True
263,True,"{""continuous"": 2, ""fixed"": 10}",ROBOTIS,4,True,2,0,1,12,13,5,5,0,5,5,Turtlebot 3 Waffle,1.0,,True,A,oems\xacro_generated\turtlebot3_robotis\turtlebot3_description\urdf\turtlebot3_waffle_for_open_manipulator.urdf,"{""ancestor_suffix"": 5}","[""D:\\CADtest\\papertest\\go_nogo1\\sources\\urdf_files_dataset\\urdf_files\\oems\\xacro_generated\\turtlebot3_robotis\\turtlebot3_description\\meshes\\bases\\waffle_base_for_open_manipulator.stl"", ""D:\\CADtest\\papertest\\go_nogo1\\sources\\urdf_files_dataset\\urdf_files\\oems\\xacro_generated\\turtlebot3_robotis\\turtlebot3_description\\meshes\\sensors\\lds.stl"", ""D:\\CADtest\\papertest\\go_nogo1\\sources\\urdf_files_dataset\\urdf_files\\oems\\xacro_generated\\turtlebot3_robotis\\turtlebot3_description\\meshes\\sensors\\r200.dae"", ""D:\\CADtest\\papertest\\go_nogo1\\sources\\urdf_files_dataset\\urdf_files\\oems\\xacro_generated\\turtlebot3_robotis\\turtlebot3_description\\meshes\\wheels\\left_tire.stl"", ""D:\\CADtest\\papertest\\go_nogo1\\sources\\urdf_files_dataset\\urdf_files\\oems\\xacro_generated\\turtlebot3_robotis\\turtlebot3_description\\meshes\\wheels\\right_tire.stl""]",turtlebot3_waffle_for_open_manipulator,oems,https://github.com/ROBOTIS-GIT/turtlebot3/tree/66681b33749c44e7d9022253ac210ef2da7843a0/turtlebot3_description,mobile robot,D:\CADtest\papertest\go_nogo1\sources\urdf_files_dataset\urdf_files\oems\xacro_generated\turtlebot3_robotis\turtlebot3_description\urdf\turtlebot3_waffle_for_open_manipulator.urdf,for Open Manipulator,1.0,True
82,True,"{""continuous"": 2, ""fixed"": 8}",ROBOTIS,4,True,2,0,1,10,11,4,4,0,4,4,Turtlebot 3 Waffle Pi,1.0,,True,A,oems\xacro_generated\turtlebot3_robotis\turtlebot3_description\urdf\turtlebot3_waffle_pi.urdf,"{""ancestor_suffix"": 4}","[""D:\\CADtest\\papertest\\go_nogo1\\sources\\urdf_files_dataset\\urdf_files\\oems\\xacro_generated\\turtlebot3_robotis\\turtlebot3_description\\meshes\\bases\\waffle_pi_base.stl"", ""D:\\CADtest\\papertest\\go_nogo1\\sources\\urdf_files_dataset\\urdf_files\\oems\\xacro_generated\\turtlebot3_robotis\\turtlebot3_description\\meshes\\sensors\\lds.stl"", ""D:\\CADtest\\papertest\\go_nogo1\\sources\\urdf_files_dataset\\urdf_files\\oems\\xacro_generated\\turtlebot3_robotis\\turtlebot3_description\\meshes\\wheels\\left_tire.stl"", ""D:\\CADtest\\papertest\\go_nogo1\\sources\\urdf_files_dataset\\urdf_files\\oems\\xacro_generated\\turtlebot3_robotis\\turtlebot3_description\\meshes\\wheels\\right_tire.stl""]",turtlebot3_waffle_pi,oems,https://github.com/ROBOTIS-GIT/turtlebot3/tree/66681b33749c44e7d9022253ac210ef2da7843a0/turtlebot3_description,mobile robot,D:\CADtest\papertest\go_nogo1\sources\urdf_files_dataset\urdf_files\oems\xacro_generated\turtlebot3_robotis\turtlebot3_description\urdf\turtlebot3_waffle_pi.urdf,original,1.0,True
264,True,"{""continuous"": 2, ""fixed"": 8}",ROBOTIS,4,True,2,0,1,10,11,4,4,0,4,4,Turtlebot 3 Waffle Pi,1.0,,True,A,oems\xacro_generated\turtlebot3_robotis\turtlebot3_description\urdf\turtlebot3_waffle_pi_for_open_manipulator.urdf,"{""ancestor_suffix"": 4}","[""D:\\CADtest\\papertest\\go_nogo1\\sources\\urdf_files_dataset\\urdf_files\\oems\\xacro_generated\\turtlebot3_robotis\\turtlebot3_description\\meshes\\bases\\waffle_pi_base_for_open_manipulator.stl"", ""D:\\CADtest\\papertest\\go_nogo1\\sources\\urdf_files_dataset\\urdf_files\\oems\\xacro_generated\\turtlebot3_robotis\\turtlebot3_description\\meshes\\sensors\\lds.stl"", ""D:\\CADtest\\papertest\\go_nogo1\\sources\\urdf_files_dataset\\urdf_files\\oems\\xacro_generated\\turtlebot3_robotis\\turtlebot3_description\\meshes\\wheels\\left_tire.stl"", ""D:\\CADtest\\papertest\\go_nogo1\\sources\\urdf_files_dataset\\urdf_files\\oems\\xacro_generated\\turtlebot3_robotis\\turtlebot3_description\\meshes\\wheels\\right_tire.stl""]",turtlebot3_waffle_pi_for_open_manipulator,oems,https://github.com/ROBOTIS-GIT/turtlebot3/tree/66681b33749c44e7d9022253ac210ef2da7843a0/turtlebot3_description,mobile robot,D:\CADtest\papertest\go_nogo1\sources\urdf_files_dataset\urdf_files\oems\xacro_generated\turtlebot3_robotis\turtlebot3_description\urdf\turtlebot3_waffle_pi_for_open_manipulator.urdf,for Open Manipulator,1.0,True
83,True,"{""fixed"": 9, ""revolute"": 12}",ANYbotics,5,True,12,0,1,21,22,17,17,0,17,17,ANYmal,1.0,,True,A,random\robot-assets\anymal\anymal.urdf,"{""ancestor_suffix"": 17}","[""D:\\CADtest\\papertest\\go_nogo1\\sources\\urdf_files_dataset\\urdf_files\\random\\robot-assets\\anymal\\meshes\\anymal_base.dae"", ""D:\\CADtest\\papertest\\go_nogo1\\sources\\urdf_files_dataset\\urdf_files\\random\\robot-assets\\anymal\\meshes\\anymal_foot.dae"", ""D:\\CADtest\\papertest\\go_nogo1\\sources\\urdf_files_dataset\\urdf_files\\random\\robot-assets\\anymal\\meshes\\anymal_hip_l.dae"", ""D:\\CADtest\\papertest\\go_nogo1\\sources\\urdf_files_dataset\\urdf_files\\random\\robot-assets\\anymal\\meshes\\anymal_hip_r.dae"", ""D:\\CADtest\\papertest\\go_nogo1\\sources\\urdf_files_dataset\\urdf_files\\random\\robot-assets\\anymal\\meshes\\anymal_shank_l.dae"", ""D:\\CADtest\\papertest\\go_nogo1\\sources\\urdf_files_dataset\\urdf_files\\random\\robot-assets\\anymal\\meshes\\anymal_shank_r.dae"", ""D:\\CADtest\\papertest\\go_nogo1\\sources\\urdf_files_dataset\\urdf_files\\random\\robot-assets\\anymal\\meshes\\anymal_thigh_l.dae"", ""D:\\CADtest\\papertest\\go_nogo1\\sources\\urdf_files_dataset\\urdf_files\\random\\robot-assets\\anymal\\meshes\\anymal_thigh_r.dae""]",anymal,random,https://github.com/ankurhanda/robot-assets/tree/12f1a3c89c9975194551afaed0dfae1e09fdb27c/urdfs/robots/anymal,quadrupedal robot,D:\CADtest\papertest\go_nogo1\sources\urdf_files_dataset\urdf_files\random\robot-assets\anymal\anymal.urdf,original,1.0,False
84,True,"{""revolute"": 8}",Barrett Technology,3,True,8,9,1,8,9,9,9,0,9,9,BarrettHand,1.0,,True,A,random\robot-assets\barret_hand\bhand_model.URDF,"{""ancestor_suffix"": 9}","[""D:\\CADtest\\papertest\\go_nogo1\\sources\\urdf_files_dataset\\urdf_files\\random\\robot-assets\\barret_hand\\meshes\\base_link.STL"", ""D:\\CADtest\\papertest\\go_nogo1\\sources\\urdf_files_dataset\\urdf_files\\random\\robot-assets\\barret_hand\\meshes\\finger_1_dist_link.STL"", ""D:\\CADtest\\papertest\\go_nogo1\\sources\\urdf_files_dataset\\urdf_files\\random\\robot-assets\\barret_hand\\meshes\\finger_1_med_liink.STL"", ""D:\\CADtest\\papertest\\go_nogo1\\sources\\urdf_files_dataset\\urdf_files\\random\\robot-assets\\barret_hand\\meshes\\finger_1_prox_link.STL"", ""D:\\CADtest\\papertest\\go_nogo1\\sources\\urdf_files_dataset\\urdf_files\\random\\robot-assets\\barret_hand\\meshes\\finger_2_dist_link.STL"", ""D:\\CADtest\\papertest\\go_nogo1\\sources\\urdf_files_dataset\\urdf_files\\random\\robot-assets\\barret_hand\\meshes\\finger_2_med_link.STL"", ""D:\\CADtest\\papertest\\go_nogo1\\sources\\urdf_files_dataset\\urdf_files\\random\\robot-assets\\barret_hand\\meshes\\finger_2_prox_link.STL"", ""D:\\CADtest\\papertest\\go_nogo1\\sources\\urdf_files_dataset\\urdf_files\\random\\robot-assets\\barret_hand\\meshes\\finger_3_dist_link.STL"", ""D:\\CADtest\\papertest\\go_nogo1\\sources\\urdf_files_dataset\\urdf_files\\random\\robot-assets\\barret_hand\\meshes\\finger_3_med_link.STL""]",bhand_model,random,https://github.com/ankurhanda/robot-assets/tree/12f1a3c89c9975194551afaed0dfae1e09fdb27c/urdfs/robots/barret_hand,end effector,D:\CADtest\papertest\go_nogo1\sources\urdf_files_dataset\urdf_files\random\robot-assets\barret_hand\bhand_model.URDF,original,1.0,False
85,,,Fetch Robotics,,True,,,,,,,,,,,Fetch,,"unbound prefix: line 655, column 4",False,,random\robot-assets\fetch\robots\fetch.urdf,,,,random,https://github.com/ankurhanda/robot-assets/tree/12f1a3c89c9975194551afaed0dfae1e09fdb27c/urdfs/robots/fetch,mobile manipulator,D:\CADtest\papertest\go_nogo1\sources\urdf_files_dataset\urdf_files\random\robot-assets\fetch\robots\fetch.urdf,original,,False
86,True,"{""fixed"": 4, ""prismatic"": 2, ""revolute"": 7}",Franka Emika,11,True,9,11,1,13,14,11,11,0,11,11,Panda,1.0,,True,A,random\robot-assets\franka_panda\panda.urdf,"{""relative"": 11}","[""D:\\CADtest\\papertest\\go_nogo1\\sources\\urdf_files_dataset\\urdf_files\\random\\robot-assets\\franka_panda\\meshes\\visual\\finger.dae"", ""D:\\CADtest\\papertest\\go_nogo1\\sources\\urdf_files_dataset\\urdf_files\\random\\robot-assets\\franka_panda\\meshes\\visual\\hand.dae"", ""D:\\CADtest\\papertest\\go_nogo1\\sources\\urdf_files_dataset\\urdf_files\\random\\robot-assets\\franka_panda\\meshes\\visual\\link0.dae"", ""D:\\CADtest\\papertest\\go_nogo1\\sources\\urdf_files_dataset\\urdf_files\\random\\robot-assets\\franka_panda\\meshes\\visual\\link1.dae"", ""D:\\CADtest\\papertest\\go_nogo1\\sources\\urdf_files_dataset\\urdf_files\\random\\robot-assets\\franka_panda\\meshes\\visual\\link2.dae"", ""D:\\CADtest\\papertest\\go_nogo1\\sources\\urdf_files_dataset\\urdf_files\\random\\robot-assets\\franka_panda\\meshes\\visual\\link3.dae"", ""D:\\CADtest\\papertest\\go_nogo1\\sources\\urdf_files_dataset\\urdf_files\\random\\robot-assets\\franka_panda\\meshes\\visual\\link4.dae"", ""D:\\CADtest\\papertest\\go_nogo1\\sources\\urdf_files_dataset\\urdf_files\\random\\robot-assets\\franka_panda\\meshes\\visual\\link5.dae"", ""D:\\CADtest\\papertest\\go_nogo1\\sources\\urdf_files_dataset\\urdf_files\\random\\robot-assets\\franka_panda\\meshes\\visual\\link6.dae"", ""D:\\CADtest\\papertest\\go_nogo1\\sources\\urdf_files_dataset\\urdf_files\\random\\robot-assets\\franka_panda\\meshes\\visual\\link7.dae""]",panda,random,https://github.com/ankurhanda/robot-assets/tree/12f1a3c89c9975194551afaed0dfae1e09fdb27c/urdfs/robots/franka_panda,robotic arm,D:\CADtest\papertest\go_nogo1\sources\urdf_files_dataset\urdf_files\random\robot-assets\franka_panda\panda.urdf,original,1.0,False
87,True,"{""continuous"": 49}",Paaila Technology,14,True,49,50,1,49,50,50,50,0,50,50,Ginger,1.0,,True,A,random\robot-assets\ginger_robot\gingerurdf.urdf,"{""relative"": 50}","[""D:\\CADtest\\papertest\\go_nogo1\\sources\\urdf_files_dataset\\urdf_files\\random\\robot-assets\\ginger_robot\\meshes\\Back_X_Link.STL"", ""D:\\CADtest\\papertest\\go_nogo1\\sources\\urdf_files_dataset\\urdf_files\\random\\robot-assets\\ginger_robot\\meshes\\Back_Y_Link.STL"", ""D:\\CADtest\\papertest\\go_nogo1\\sources\\urdf_files_dataset\\urdf_files\\random\\robot-assets\\ginger_robot\\meshes\\Back_Z_Link.STL"", ""D:\\CADtest\\papertest\\go_nogo1\\sources\\urdf_files_dataset\\urdf_files\\random\\robot-assets\\ginger_robot\\meshes\\Head_Y_Link.STL"", ""D:\\CADtest\\papertest\\go_nogo1\\sources\\urdf_files_dataset\\urdf_files\\random\\robot-assets\\ginger_robot\\meshes\\Knee_Link.STL"", ""D:\\CADtest\\papertest\\go_nogo1\\sources\\urdf_files_dataset\\urdf_files\\random\\robot-assets\\ginger_robot\\meshes\\Left_1_1_Link.STL"", ""D:\\CADtest\\papertest\\go_nogo1\\sources\\urdf_files_dataset\\urdf_files\\random\\robot-assets\\ginger_robot\\meshes\\Left_1_2_Link.STL"", ""D:\\CADtest\\papertest\\go_nogo1\\sources\\urdf_files_dataset\\urdf_files\\random\\robot-assets\\ginger_robot\\meshes\\Left_2_1_Link.STL"", ""D:\\CADtest\\papertest\\go_nogo1\\sources\\urdf_files_dataset\\urdf_files\\random\\robot-assets\\ginger_robot\\meshes\\Left_2_2_Link.STL"", ""D:\\CADtest\\papertest\\go_nogo1\\sources\\urdf_files_dataset\\urdf_files\\random\\robot-assets\\ginger_robot\\meshes\\Left_2_3_Link.STL"", ""D:\\CADtest\\papertest\\go_nogo1\\sources\\urdf_files_dataset\\urdf_files\\random\\robot-assets\\ginger_robot\\meshes\\Left_3_1_Link.STL"", ""D:\\CADtest\\papertest\\go_nogo1\\sources\\urdf_files_dataset\\urdf_files\\random\\robot-assets\\ginger_robot\\meshes\\Left_3_2_Link.STL"", ""D:\\CADtest\\papertest\\go_nogo1\\sources\\urdf_files_dataset\\urdf_files\\random\\robot-assets\\ginger_robot\\meshes\\Left_3_3_Link.STL"", ""D:\\CADtest\\papertest\\go_nogo1\\sources\\urdf_files_dataset\\urdf_files\\random\\robot-assets\\ginger_robot\\meshes\\Left_4_1_Link.STL"", ""D:\\CADtest\\papertest\\go_nogo1\\sources\\urdf_files_dataset\\urdf_files\\random\\robot-assets\\ginger_robot\\meshes\\Left_4_2_Link.STL"", ""D:\\CADtest\\papertest\\go_nogo1\\sources\\urdf_files_dataset\\urdf_files\\random\\robot-assets\\ginger_robot\\meshes\\Left_4_3_Link.STL"", ""D:\\CADtest\\papertest\\go_nogo1\\sources\\urdf_files_dataset\\urdf_files\\random\\robot-assets\\ginger_robot\\meshes\\Left_5_1_Link.STL"", ""D:\\CADtest\\papertest\\go_nogo1\\sources\\urdf_files_dataset\\urdf_files\\random\\robot-assets\\ginger_robot\\meshes\\Left_5_2_Link.STL"", ""D:\\CADtest\\papertest\\go_nogo1\\sources\\urdf_files_dataset\\urdf_files\\random\\robot-assets\\ginger_robot\\meshes\\Left_5_3_Link.STL"", ""D:\\CADtest\\papertest\\go_nogo1\\sources\\urdf_files_dataset\\urdf_files\\random\\robot-assets\\ginger_robot\\meshes\\Left_Elbow_X_Link.STL"", ""D:\\CADtest\\papertest\\go_nogo1\\sources\\urdf_files_dataset\\urdf_files\\random\\robot-assets\\ginger_robot\\meshes\\Left_Elbow_Z_Link.STL"", ""D:\\CADtest\\papertest\\go_nogo1\\sources\\urdf_files_dataset\\urdf_files\\random\\robot-assets\\ginger_robot\\meshes\\Left_Shoulder_X_Link.STL"", ""D:\\CADtest\\papertest\\go_nogo1\\sources\\urdf_files_dataset\\urdf_files\\random\\robot-assets\\ginger_robot\\meshes\\Left_Shoulder_Y_Link.STL"", ""D:\\CADtest\\papertest\\go_nogo1\\sources\\urdf_files_dataset\\urdf_files\\random\\robot-assets\\ginger_robot\\meshes\\Left_Wrist_X_Link.STL"", ""D:\\CADtest\\papertest\\go_nogo1\\sources\\urdf_files_dataset\\urdf_files\\random\\robot-assets\\ginger_robot\\meshes\\Left_Wrist_Y_Link.STL"", ""D:\\CADtest\\papertest\\go_nogo1\\sources\\urdf_files_dataset\\urdf_files\\random\\robot-assets\\ginger_robot\\meshes\\Left_Wrist_Z_Link.STL"", ""D:\\CADtest\\papertest\\go_nogo1\\sources\\urdf_files_dataset\\urdf_files\\random\\robot-assets\\ginger_robot\\meshes\\Neck_X_Link.STL"", ""D:\\CADtest\\papertest\\go_nogo1\\sources\\urdf_files_dataset\\urdf_files\\random\\robot-assets\\ginger_robot\\meshes\\Neck_Z_Link.STL"", ""D:\\CADtest\\papertest\\go_nogo1\\sources\\urdf_files_dataset\\urdf_files\\random\\robot-assets\\ginger_robot\\meshes\\Right_1_1_Link.STL"", ""D:\\CADtest\\papertest\\go_nogo1\\sources\\urdf_files_dataset\\urdf_files\\random\\robot-assets\\ginger_robot\\meshes\\Right_1_2_Link.STL"", ""D:\\CADtest\\papertest\\go_nogo1\\sources\\urdf_files_dataset\\urdf_files\\random\\robot-assets\\ginger_robot\\meshes\\Right_2_1_Link.STL"", ""D:\\CADtest\\papertest\\go_nogo1\\sources\\urdf_files_dataset\\urdf_files\\random\\robot-assets\\ginger_robot\\meshes\\Right_2_2_Link.STL"", ""D:\\CADtest\\papertest\\go_nogo1\\sources\\urdf_files_dataset\\urdf_files\\random\\robot-assets\\ginger_robot\\meshes\\Right_2_3_Link.STL"", ""D:\\CADtest\\papertest\\go_nogo1\\sources\\urdf_files_dataset\\urdf_files\\random\\robot-assets\\ginger_robot\\meshes\\Right_3_1_Link.STL"", ""D:\\CADtest\\papertest\\go_nogo1\\sources\\urdf_files_dataset\\urdf_files\\random\\robot-assets\\ginger_robot\\meshes\\Right_3_2_Link.STL"", ""D:\\CADtest\\papertest\\go_nogo1\\sources\\urdf_files_dataset\\urdf_files\\random\\robot-assets\\ginger_robot\\meshes\\Right_3_3_Link.STL"", ""D:\\CADtest\\papertest\\go_nogo1\\sources\\urdf_files_dataset\\urdf_files\\random\\robot-assets\\ginger_robot\\meshes\\Right_4_1_Link.STL"", ""D:\\CADtest\\papertest\\go_nogo1\\sources\\urdf_files_dataset\\urdf_files\\random\\robot-assets\\ginger_robot\\meshes\\Right_4_2_Link.STL"", ""D:\\CADtest\\papertest\\go_nogo1\\sources\\urdf_files_dataset\\urdf_files\\random\\robot-assets\\ginger_robot\\meshes\\Right_4_3_Link.STL"", ""D:\\CADtest\\papertest\\go_nogo1\\sources\\urdf_files_dataset\\urdf_files\\random\\robot-assets\\ginger_robot\\meshes\\Right_5_1_Link.STL"", ""D:\\CADtest\\papertest\\go_nogo1\\sources\\urdf_files_dataset\\urdf_files\\random\\robot-assets\\ginger_robot\\meshes\\Right_5_2_Link.STL"", ""D:\\CADtest\\papertest\\go_nogo1\\sources\\urdf_files_dataset\\urdf_files\\random\\robot-assets\\ginger_robot\\meshes\\Right_5_3_Link.STL"", ""D:\\CADtest\\papertest\\go_nogo1\\sources\\urdf_files_dataset\\urdf_files\\random\\robot-assets\\ginger_robot\\meshes\\Right_Elbow_X_Link.STL"", ""D:\\CADtest\\papertest\\go_nogo1\\sources\\urdf_files_dataset\\urdf_files\\random\\robot-assets\\ginger_robot\\meshes\\Right_Elbow_Z_Link.STL"", ""D:\\CADtest\\papertest\\go_nogo1\\sources\\urdf_files_dataset\\urdf_files\\random\\robot-assets\\ginger_robot\\meshes\\Right_Shoulder_X_Link.STL"", ""D:\\CADtest\\papertest\\go_nogo1\\sources\\urdf_files_dataset\\urdf_files\\random\\robot-assets\\ginger_robot\\meshes\\Right_Shoulder_Y_Link.STL"", ""D:\\CADtest\\papertest\\go_nogo1\\sources\\urdf_files_dataset\\urdf_files\\random\\robot-assets\\ginger_robot\\meshes\\Right_Wrist_X_Link.STL"", ""D:\\CADtest\\papertest\\go_nogo1\\sources\\urdf_files_dataset\\urdf_files\\random\\robot-assets\\ginger_robot\\meshes\\Right_Wrist_Y_Link.STL"", ""D:\\CADtest\\papertest\\go_nogo1\\sources\\urdf_files_dataset\\urdf_files\\random\\robot-assets\\ginger_robot\\meshes\\Right_Wrist_Z_Link.STL"", ""D:\\CADtest\\papertest\\go_nogo1\\sources\\urdf_files_dataset\\urdf_files\\random\\robot-assets\\ginger_robot\\meshes\\base_link.STL""]",gingerurdf,random,https://github.com/ankurhanda/robot-assets/tree/12f1a3c89c9975194551afaed0dfae1e09fdb27c/urdfs/robots/ginger_robot,humanoid robot,D:\CADtest\papertest\go_nogo1\sources\urdf_files_dataset\urdf_files\random\robot-assets\ginger_robot\gingerurdf.urdf,original,1.0,False
88,True,"{""continuous"": 2, ""fixed"": 72, ""revolute"": 21}",Halodi,16,True,23,42,1,95,96,66,66,0,24,66,EVEr3,1.0,,True,C,random\robot-assets\halodi\eve_r3.urdf,"{""relative"": 24, ""unresolved"": 42}","[""D:\\CADtest\\papertest\\go_nogo1\\sources\\urdf_files_dataset\\urdf_files\\random\\robot-assets\\halodi\\meshes\\abdomen.obj"", ""D:\\CADtest\\papertest\\go_nogo1\\sources\\urdf_files_dataset\\urdf_files\\random\\robot-assets\\halodi\\meshes\\ankle.obj"", ""D:\\CADtest\\papertest\\go_nogo1\\sources\\urdf_files_dataset\\urdf_files\\random\\robot-assets\\halodi\\meshes\\base.obj"", ""D:\\CADtest\\papertest\\go_nogo1\\sources\\urdf_files_dataset\\urdf_files\\random\\robot-assets\\halodi\\meshes\\elbow.obj"", ""D:\\CADtest\\papertest\\go_nogo1\\sources\\urdf_files_dataset\\urdf_files\\random\\robot-assets\\halodi\\meshes\\forearm.obj"", ""D:\\CADtest\\papertest\\go_nogo1\\sources\\urdf_files_dataset\\urdf_files\\random\\robot-assets\\halodi\\meshes\\head.obj"", ""D:\\CADtest\\papertest\\go_nogo1\\sources\\urdf_files_dataset\\urdf_files\\random\\robot-assets\\halodi\\meshes\\hip.obj"", ""D:\\CADtest\\papertest\\go_nogo1\\sources\\urdf_files_dataset\\urdf_files\\random\\robot-assets\\halodi\\meshes\\palm.obj"", ""D:\\CADtest\\papertest\\go_nogo1\\sources\\urdf_files_dataset\\urdf_files\\random\\robot-assets\\halodi\\meshes\\scapula.obj"", ""D:\\CADtest\\papertest\\go_nogo1\\sources\\urdf_files_dataset\\urdf_files\\random\\robot-assets\\halodi\\meshes\\shin.obj"", ""D:\\CADtest\\papertest\\go_nogo1\\sources\\urdf_files_dataset\\urdf_files\\random\\robot-assets\\halodi\\meshes\\shoulder.obj"", ""D:\\CADtest\\papertest\\go_nogo1\\sources\\urdf_files_dataset\\urdf_files\\random\\robot-assets\\halodi\\meshes\\thigh.obj"", ""D:\\CADtest\\papertest\\go_nogo1\\sources\\urdf_files_dataset\\urdf_files\\random\\robot-assets\\halodi\\meshes\\torso.obj"", ""D:\\CADtest\\papertest\\go_nogo1\\sources\\urdf_files_dataset\\urdf_files\\random\\robot-assets\\halodi\\meshes\\upper_arm.obj"", ""D:\\CADtest\\papertest\\go_nogo1\\sources\\urdf_files_dataset\\urdf_files\\random\\robot-assets\\halodi\\meshes\\wheel.obj"", ""D:\\CADtest\\papertest\\go_nogo1\\sources\\urdf_files_dataset\\urdf_files\\random\\robot-assets\\halodi\\meshes\\wrist.obj""]",eve_r3,random,https://github.com/ankurhanda/robot-assets/tree/12f1a3c89c9975194551afaed0dfae1e09fdb27c/urdfs/robots/halodi,humanoid robot,D:\CADtest\papertest\go_nogo1\sources\urdf_files_dataset\urdf_files\random\robot-assets\halodi\eve_r3.urdf,original,0.363636,False
89,True,"{""continuous"": 3, ""fixed"": 8, ""revolute"": 3}",unknown,11,True,6,11,1,14,15,13,13,0,19,19,unknown,1.0,,True,A,random\robot-assets\kinova\kinova.urdf,"{""relative"": 19}","[""D:\\CADtest\\papertest\\go_nogo1\\sources\\urdf_files_dataset\\urdf_files\\random\\robot-assets\\kinova\\meshes\\arm.dae"", ""D:\\CADtest\\papertest\\go_nogo1\\sources\\urdf_files_dataset\\urdf_files\\random\\robot-assets\\kinova\\meshes\\base.dae"", ""D:\\CADtest\\papertest\\go_nogo1\\sources\\urdf_files_dataset\\urdf_files\\random\\robot-assets\\kinova\\meshes\\finger_distal.dae"", ""D:\\CADtest\\papertest\\go_nogo1\\sources\\urdf_files_dataset\\urdf_files\\random\\robot-assets\\kinova\\meshes\\finger_proximal.dae"", ""D:\\CADtest\\papertest\\go_nogo1\\sources\\urdf_files_dataset\\urdf_files\\random\\robot-assets\\kinova\\meshes\\forearm.dae"", ""D:\\CADtest\\papertest\\go_nogo1\\sources\\urdf_files_dataset\\urdf_files\\random\\robot-assets\\kinova\\meshes\\hand_2finger.dae"", ""D:\\CADtest\\papertest\\go_nogo1\\sources\\urdf_files_dataset\\urdf_files\\random\\robot-assets\\kinova\\meshes\\jaco_front_hatch_support_v2.dae"", ""D:\\CADtest\\papertest\\go_nogo1\\sources\\urdf_files_dataset\\urdf_files\\random\\robot-assets\\kinova\\meshes\\jaco_mounting_block.dae"", ""D:\\CADtest\\papertest\\go_nogo1\\sources\\urdf_files_dataset\\urdf_files\\random\\robot-assets\\kinova\\meshes\\ring_big.dae"", ""D:\\CADtest\\papertest\\go_nogo1\\sources\\urdf_files_dataset\\urdf_files\\random\\robot-assets\\kinova\\meshes\\ring_small.dae"", ""D:\\CADtest\\papertest\\go_nogo1\\sources\\urdf_files_dataset\\urdf_files\\random\\robot-assets\\kinova\\meshes\\shoulder.dae"", ""D:\\CADtest\\papertest\\go_nogo1\\sources\\urdf_files_dataset\\urdf_files\\random\\robot-assets\\kinova\\meshes\\wrist_spherical_1.dae"", ""D:\\CADtest\\papertest\\go_nogo1\\sources\\urdf_files_dataset\\urdf_files\\random\\robot-assets\\kinova\\meshes\\wrist_spherical_2.dae""]",kinova,random,https://github.com/ankurhanda/robot-assets/tree/12f1a3c89c9975194551afaed0dfae1e09fdb27c/urdfs/robots/kinova,unknown,D:\CADtest\papertest\go_nogo1\sources\urdf_files_dataset\urdf_files\random\robot-assets\kinova\kinova.urdf,original,1.0,False
90,True,"{""revolute"": 7}",KUKA,7,True,7,8,1,7,8,8,8,0,8,8,LBR iiwa 7,1.0,,True,A,random\robot-assets\kuka_iiwa\model.urdf,"{""relative"": 8}","[""D:\\CADtest\\papertest\\go_nogo1\\sources\\urdf_files_dataset\\urdf_files\\random\\robot-assets\\kuka_iiwa\\meshes\\link_0.obj"", ""D:\\CADtest\\papertest\\go_nogo1\\sources\\urdf_files_dataset\\urdf_files\\random\\robot-assets\\kuka_iiwa\\meshes\\link_1.obj"", ""D:\\CADtest\\papertest\\go_nogo1\\sources\\urdf_files_dataset\\urdf_files\\random\\robot-assets\\kuka_iiwa\\meshes\\link_2.obj"", ""D:\\CADtest\\papertest\\go_nogo1\\sources\\urdf_files_dataset\\urdf_files\\random\\robot-assets\\kuka_iiwa\\meshes\\link_3.obj"", ""D:\\CADtest\\papertest\\go_nogo1\\sources\\urdf_files_dataset\\urdf_files\\random\\robot-assets\\kuka_iiwa\\meshes\\link_4.obj"", ""D:\\CADtest\\papertest\\go_nogo1\\sources\\urdf_files_dataset\\urdf_files\\random\\robot-assets\\kuka_iiwa\\meshes\\link_5.obj"", ""D:\\CADtest\\papertest\\go_nogo1\\sources\\urdf_files_dataset\\urdf_files\\random\\robot-assets\\kuka_iiwa\\meshes\\link_6.obj"", ""D:\\CADtest\\papertest\\go_nogo1\\sources\\urdf_files_dataset\\urdf_files\\random\\robot-assets\\kuka_iiwa\\meshes\\link_7.obj""]",lbr_iiwa,random,https://github.com/ankurhanda/robot-assets/tree/12f1a3c89c9975194551afaed0dfae1e09fdb27c/urdfs/robots/kuka_iiwa,robotic arm,D:\CADtest\papertest\go_nogo1\sources\urdf_files_dataset\urdf_files\random\robot-assets\kuka_iiwa\model.urdf,original,1.0,False
91,True,"{""continuous"": 16, ""fixed"": 11, ""prismatic"": 1, ""revolute"": 21}",Willow Garage,14,True,38,37,1,49,50,45,50,5,45,45,PR2,1.0,,True,A,random\robot-assets\pr2\pr2.urdf,"{""relative"": 45}","[""D:\\CADtest\\papertest\\go_nogo1\\sources\\urdf_files_dataset\\urdf_files\\random\\robot-assets\\pr2\\meshes\\base_v0\\base_L.stl"", ""D:\\CADtest\\papertest\\go_nogo1\\sources\\urdf_files_dataset\\urdf_files\\random\\robot-assets\\pr2\\meshes\\base_v0\\caster.stl"", ""D:\\CADtest\\papertest\\go_nogo1\\sources\\urdf_files_dataset\\urdf_files\\random\\robot-assets\\pr2\\meshes\\forearm_v0\\forearm.dae"", ""D:\\CADtest\\papertest\\go_nogo1\\sources\\urdf_files_dataset\\urdf_files\\random\\robot-assets\\pr2\\meshes\\forearm_v0\\wrist_flex.dae"", ""D:\\CADtest\\papertest\\go_nogo1\\sources\\urdf_files_dataset\\urdf_files\\random\\robot-assets\\pr2\\meshes\\forearm_v0\\wrist_roll.stl"", ""D:\\CADtest\\papertest\\go_nogo1\\sources\\urdf_files_dataset\\urdf_files\\random\\robot-assets\\pr2\\meshes\\gripper_v0\\gripper_palm.dae"", ""D:\\CADtest\\papertest\\go_nogo1\\sources\\urdf_files_dataset\\urdf_files\\random\\robot-assets\\pr2\\meshes\\gripper_v0\\l_finger.dae"", ""D:\\CADtest\\papertest\\go_nogo1\\sources\\urdf_files_dataset\\urdf_files\\random\\robot-assets\\pr2\\meshes\\gripper_v0\\l_finger_tip.dae"", ""D:\\CADtest\\papertest\\go_nogo1\\sources\\urdf_files_dataset\\urdf_files\\random\\robot-assets\\pr2\\meshes\\head_v0\\head_pan_L.stl"", ""D:\\CADtest\\papertest\\go_nogo1\\sources\\urdf_files_dataset\\urdf_files\\random\\robot-assets\\pr2\\meshes\\head_v0\\head_tilt_L.stl"", ""D:\\CADtest\\papertest\\go_nogo1\\sources\\urdf_files_dataset\\urdf_files\\random\\robot-assets\\pr2\\meshes\\shoulder_v0\\shoulder_lift.dae"", ""D:\\CADtest\\papertest\\go_nogo1\\sources\\urdf_files_dataset\\urdf_files\\random\\robot-assets\\pr2\\meshes\\shoulder_v0\\shoulder_pan.dae"", ""D:\\CADtest\\papertest\\go_nogo1\\sources\\urdf_files_dataset\\urdf_files\\random\\robot-assets\\pr2\\meshes\\shoulder_v0\\upper_arm_roll.stl"", ""D:\\CADtest\\papertest\\go_nogo1\\sources\\urdf_files_dataset\\urdf_files\\random\\robot-assets\\pr2\\meshes\\tilting_laser_v0\\tilting_hokuyo_L.stl"", ""D:\\CADtest\\papertest\\go_nogo1\\sources\\urdf_files_dataset\\urdf_files\\random\\robot-assets\\pr2\\meshes\\torso_v0\\torso_lift_L.stl"", ""D:\\CADtest\\papertest\\go_nogo1\\sources\\urdf_files_dataset\\urdf_files\\random\\robot-assets\\pr2\\meshes\\upper_arm_v0\\elbow_flex.dae"", ""D:\\CADtest\\papertest\\go_nogo1\\sources\\urdf_files_dataset\\urdf_files\\random\\robot-assets\\pr2\\meshes\\upper_arm_v0\\forearm_roll.stl"", ""D:\\CADtest\\papertest\\go_nogo1\\sources\\urdf_files_dataset\\urdf_files\\random\\robot-assets\\pr2\\meshes\\upper_arm_v0\\upper_arm.dae""]",pr2,random,https://github.com/ankurhanda/robot-assets/tree/12f1a3c89c9975194551afaed0dfae1e09fdb27c/urdfs/robots/pr2,mobile manipulator,D:\CADtest\papertest\go_nogo1\sources\urdf_files_dataset\urdf_files\random\robot-assets\pr2\pr2.urdf,original,1.0,False
288,True,"{""fixed"": 8, ""revolute"": 14}",Star Wars Character,10,True,14,12,1,22,23,12,12,0,12,12,R2-D2,0.8,,True,A,random\robot-assets\r2_description\robots\r2_left_forearm.urdf,"{""ancestor_suffix"": 12}","[""D:\\CADtest\\papertest\\go_nogo1\\sources\\urdf_files_dataset\\urdf_files\\random\\robot-assets\\r2_description\\meshes\\r2_upperbody\\Finger_Mid.dae"", ""D:\\CADtest\\papertest\\go_nogo1\\sources\\urdf_files_dataset\\urdf_files\\random\\robot-assets\\r2_description\\meshes\\r2_upperbody\\Finger_Proximal.dae"", ""D:\\CADtest\\papertest\\go_nogo1\\sources\\urdf_files_dataset\\urdf_files\\random\\robot-assets\\r2_description\\meshes\\r2_upperbody\\Left_Forearm.dae"", ""D:\\CADtest\\papertest\\go_nogo1\\sources\\urdf_files_dataset\\urdf_files\\random\\robot-assets\\r2_description\\meshes\\r2_upperbody\\Left_Palm.dae"", ""D:\\CADtest\\papertest\\go_nogo1\\sources\\urdf_files_dataset\\urdf_files\\random\\robot-assets\\r2_description\\meshes\\r2_upperbody\\Left_Thumb_Carp.dae"", ""D:\\CADtest\\papertest\\go_nogo1\\sources\\urdf_files_dataset\\urdf_files\\random\\robot-assets\\r2_description\\meshes\\r2_upperbody\\Left_Thumb_MtCar.dae"", ""D:\\CADtest\\papertest\\go_nogo1\\sources\\urdf_files_dataset\\urdf_files\\random\\robot-assets\\r2_description\\meshes\\r2_upperbody\\Thumb_Dist.dae"", ""D:\\CADtest\\papertest\\go_nogo1\\sources\\urdf_files_dataset\\urdf_files\\random\\robot-assets\\r2_description\\meshes\\r2_upperbody\\Thumb_Proximal.dae""]",r2,random,https://github.com/ankurhanda/robot-assets/tree/12f1a3c89c9975194551afaed0dfae1e09fdb27c/urdfs/robots/r2_description,humanoid robot,D:\CADtest\papertest\go_nogo1\sources\urdf_files_dataset\urdf_files\random\robot-assets\r2_description\robots\r2_left_forearm.urdf,left forearm,1.0,False
289,True,"{""fixed"": 9, ""revolute"": 3}",Star Wars Character,4,True,3,3,1,12,12,3,3,0,3,3,R2-D2,0.75,,True,B,random\robot-assets\r2_description\robots\r2_left_gripper.urdf,"{""ancestor_suffix"": 3}","[""D:\\CADtest\\papertest\\go_nogo1\\sources\\urdf_files_dataset\\urdf_files\\random\\robot-assets\\r2_description\\meshes\\r2c_legs\\foot_body.dae"", ""D:\\CADtest\\papertest\\go_nogo1\\sources\\urdf_files_dataset\\urdf_files\\random\\robot-assets\\r2_description\\meshes\\r2c_legs\\foot_jaw.dae""]",r2,random,https://github.com/ankurhanda/robot-assets/tree/12f1a3c89c9975194551afaed0dfae1e09fdb27c/urdfs/robots/r2_description,humanoid robot,D:\CADtest\papertest\go_nogo1\sources\urdf_files_dataset\urdf_files\random\robot-assets\r2_description\robots\r2_left_gripper.urdf,left gripper,1.0,False
267,True,"{""fixed"": 53, ""revolute"": 74}",Star Wars Character,19,True,74,69,1,127,128,69,71,2,69,69,R2-D2,0.92,,True,A,random\robot-assets\r2_description\robots\r2b.urdf,"{""ancestor_suffix"": 69}","[""D:\\CADtest\\papertest\\go_nogo1\\sources\\urdf_files_dataset\\urdf_files\\random\\robot-assets\\r2_description\\meshes\\r2_upperbody\\Backpack.dae"", ""D:\\CADtest\\papertest\\go_nogo1\\sources\\urdf_files_dataset\\urdf_files\\random\\robot-assets\\r2_description\\meshes\\r2_upperbody\\Body.dae"", ""D:\\CADtest\\papertest\\go_nogo1\\sources\\urdf_files_dataset\\urdf_files\\random\\robot-assets\\r2_description\\meshes\\r2_upperbody\\Body_Cover.dae"", ""D:\\CADtest\\papertest\\go_nogo1\\sources\\urdf_files_dataset\\urdf_files\\random\\robot-assets\\r2_description\\meshes\\r2_upperbody\\Finger_Dist.dae"", ""D:\\CADtest\\papertest\\go_nogo1\\sources\\urdf_files_dataset\\urdf_files\\random\\robot-assets\\r2_description\\meshes\\r2_upperbody\\Finger_Mid.dae"", ""D:\\CADtest\\papertest\\go_nogo1\\sources\\urdf_files_dataset\\urdf_files\\random\\robot-assets\\r2_description\\meshes\\r2_upperbody\\Finger_Proximal.dae"", ""D:\\CADtest\\papertest\\go_nogo1\\sources\\urdf_files_dataset\\urdf_files\\random\\robot-assets\\r2_description\\meshes\\r2_upperbody\\Head.dae"", ""D:\\CADtest\\papertest\\go_nogo1\\sources\\urdf_files_dataset\\urdf_files\\random\\robot-assets\\r2_description\\meshes\\r2_upperbody\\Left_Elbow.dae"", ""D:\\CADtest\\papertest\\go_nogo1\\sources\\urdf_files_dataset\\urdf_files\\random\\robot-assets\\r2_description\\meshes\\r2_upperbody\\Left_Forearm.dae"", ""D:\\CADtest\\papertest\\go_nogo1\\sources\\urdf_files_dataset\\urdf_files\\random\\robot-assets\\r2_description\\meshes\\r2_upperbody\\Left_Palm.dae"", ""D:\\CADtest\\papertest\\go_nogo1\\sources\\urdf_files_dataset\\urdf_files\\random\\robot-assets\\r2_description\\meshes\\r2_upperbody\\Left_Shoulder_Lower.dae"", ""D:\\CADtest\\papertest\\go_nogo1\\sources\\urdf_files_dataset\\urdf_files\\random\\robot-assets\\r2_description\\meshes\\r2_upperbody\\Left_Shoulder_Upper.dae"", ""D:\\CADtest\\papertest\\go_nogo1\\sources\\urdf_files_dataset\\urdf_files\\random\\robot-assets\\r2_description\\meshes\\r2_upperbody\\Left_Thumb_Carp.dae"", ""D:\\CADtest\\papertest\\go_nogo1\\sources\\urdf_files_dataset\\urdf_files\\random\\robot-assets\\r2_description\\meshes\\r2_upperbody\\Left_Thumb_MtCar.dae"", ""D:\\CADtest\\papertest\\go_nogo1\\sources\\urdf_files_dataset\\urdf_files\\random\\robot-assets\\r2_description\\meshes\\r2_upperbody\\Left_Upper_Arm.dae"", ""D:\\CADtest\\papertest\\go_nogo1\\sources\\urdf_files_dataset\\urdf_files\\random\\robot-assets\\r2_description\\meshes\\r2_upperbody\\Neck_Lower.dae"", ""D:\\CADtest\\papertest\\go_nogo1\\sources\\urdf_files_dataset\\urdf_files\\random\\robot-assets\\r2_description\\meshes\\r2_upperbody\\Neck_Upper.dae"", ""D:\\CADtest\\papertest\\go_nogo1\\sources\\urdf_files_dataset\\urdf_files\\random\\robot-assets\\r2_description\\meshes\\r2_upperbody\\Right_Elbow.dae"", ""D:\\CADtest\\papertest\\go_nogo1\\sources\\urdf_files_dataset\\urdf_files\\random\\robot-assets\\r2_description\\meshes\\r2_upperbody\\Right_Forearm.dae"", ""D:\\CADtest\\papertest\\go_nogo1\\sources\\urdf_files_dataset\\urdf_files\\random\\robot-assets\\r2_description\\meshes\\r2_upperbody\\Right_Palm.dae"", ""D:\\CADtest\\papertest\\go_nogo1\\sources\\urdf_files_dataset\\urdf_files\\random\\robot-assets\\r2_description\\meshes\\r2_upperbody\\Right_Shoulder_Lower.dae"", ""D:\\CADtest\\papertest\\go_nogo1\\sources\\urdf_files_dataset\\urdf_files\\random\\robot-assets\\r2_description\\meshes\\r2_upperbody\\Right_Shoulder_Upper.dae"", ""D:\\CADtest\\papertest\\go_nogo1\\sources\\urdf_files_dataset\\urdf_files\\random\\robot-assets\\r2_description\\meshes\\r2_upperbody\\Right_Thumb_MtCar.dae"", ""D:\\CADtest\\papertest\\go_nogo1\\sources\\urdf_files_dataset\\urdf_files\\random\\robot-assets\\r2_description\\meshes\\r2_upperbody\\Right_Upper_Arm.dae"", ""D:\\CADtest\\papertest\\go_nogo1\\sources\\urdf_files_dataset\\urdf_files\\random\\robot-assets\\r2_description\\meshes\\r2_upperbody\\Thumb_Dist.dae"", ""D:\\CADtest\\papertest\\go_nogo1\\sources\\urdf_files_dataset\\urdf_files\\random\\robot-assets\\r2_description\\meshes\\r2_upperbody\\Thumb_Proximal.dae"", ""D:\\CADtest\\papertest\\go_nogo1\\sources\\urdf_files_dataset\\urdf_files\\random\\robot-assets\\r2_description\\meshes\\r2c_legs\\foot_body.dae"", ""D:\\CADtest\\papertest\\go_nogo1\\sources\\urdf_files_dataset\\urdf_files\\random\\robot-assets\\r2_description\\meshes\\r2c_legs\\foot_jaw.dae"", ""D:\\CADtest\\papertest\\go_nogo1\\sources\\urdf_files_dataset\\urdf_files\\random\\robot-assets\\r2_description\\meshes\\r2c_legs\\r2cl_ext_bone1.dae"", ""D:\\CADtest\\papertest\\go_nogo1\\sources\\urdf_files_dataset\\urdf_files\\random\\robot-assets\\r2_description\\meshes\\r2c_legs\\r2cl_ext_bone2.dae"", ""D:\\CADtest\\papertest\\go_nogo1\\sources\\urdf_files_dataset\\urdf_files\\random\\robot-assets\\r2_description\\meshes\\r2c_legs\\r2cl_ext_bone3.dae"", ""D:\\CADtest\\papertest\\go_nogo1\\sources\\urdf_files_dataset\\urdf_files\\random\\robot-assets\\r2_description\\meshes\\r2c_legs\\r2cl_ext_pelvis.dae""]",r2,random,https://github.com/ankurhanda/robot-assets/tree/12f1a3c89c9975194551afaed0dfae1e09fdb27c/urdfs/robots/r2_description,humanoid robot,D:\CADtest\papertest\go_nogo1\sources\urdf_files_dataset\urdf_files\random\robot-assets\r2_description\robots\r2b.urdf,b,1.0,False
268,True,"{""fixed"": 45, ""revolute"": 56}",Star Wars Character,19,True,56,53,1,101,102,53,55,2,53,53,R2-D2,0.929825,,True,A,random\robot-assets\r2_description\robots\r2b_control.urdf,"{""ancestor_suffix"": 53}","[""D:\\CADtest\\papertest\\go_nogo1\\sources\\urdf_files_dataset\\urdf_files\\random\\robot-assets\\r2_description\\meshes\\r2_upperbody\\Backpack.dae"", ""D:\\CADtest\\papertest\\go_nogo1\\sources\\urdf_files_dataset\\urdf_files\\random\\robot-assets\\r2_description\\meshes\\r2_upperbody\\Body.dae"", ""D:\\CADtest\\papertest\\go_nogo1\\sources\\urdf_files_dataset\\urdf_files\\random\\robot-assets\\r2_description\\meshes\\r2_upperbody\\Body_Cover.dae"", ""D:\\CADtest\\papertest\\go_nogo1\\sources\\urdf_files_dataset\\urdf_files\\random\\robot-assets\\r2_description\\meshes\\r2_upperbody\\Finger_Mid.dae"", ""D:\\CADtest\\papertest\\go_nogo1\\sources\\urdf_files_dataset\\urdf_files\\random\\robot-assets\\r2_description\\meshes\\r2_upperbody\\Finger_Proximal.dae"", ""D:\\CADtest\\papertest\\go_nogo1\\sources\\urdf_files_dataset\\urdf_files\\random\\robot-assets\\r2_description\\meshes\\r2_upperbody\\Head.dae"", ""D:\\CADtest\\papertest\\go_nogo1\\sources\\urdf_files_dataset\\urdf_files\\random\\robot-assets\\r2_description\\meshes\\r2_upperbody\\Left_Elbow.dae"", ""D:\\CADtest\\papertest\\go_nogo1\\sources\\urdf_files_dataset\\urdf_files\\random\\robot-assets\\r2_description\\meshes\\r2_upperbody\\Left_Forearm.dae"", ""D:\\CADtest\\papertest\\go_nogo1\\sources\\urdf_files_dataset\\urdf_files\\random\\robot-assets\\r2_description\\meshes\\r2_upperbody\\Left_Palm.dae"", ""D:\\CADtest\\papertest\\go_nogo1\\sources\\urdf_files_dataset\\urdf_files\\random\\robot-assets\\r2_description\\meshes\\r2_upperbody\\Left_Shoulder_Lower.dae"", ""D:\\CADtest\\papertest\\go_nogo1\\sources\\urdf_files_dataset\\urdf_files\\random\\robot-assets\\r2_description\\meshes\\r2_upperbody\\Left_Shoulder_Upper.dae"", ""D:\\CADtest\\papertest\\go_nogo1\\sources\\urdf_files_dataset\\urdf_files\\random\\robot-assets\\r2_description\\meshes\\r2_upperbody\\Left_Thumb_Carp.dae"", ""D:\\CADtest\\papertest\\go_nogo1\\sources\\urdf_files_dataset\\urdf_files\\random\\robot-assets\\r2_description\\meshes\\r2_upperbody\\Left_Thumb_MtCar.dae"", ""D:\\CADtest\\papertest\\go_nogo1\\sources\\urdf_files_dataset\\urdf_files\\random\\robot-assets\\r2_description\\meshes\\r2_upperbody\\Left_Upper_Arm.dae"", ""D:\\CADtest\\papertest\\go_nogo1\\sources\\urdf_files_dataset\\urdf_files\\random\\robot-assets\\r2_description\\meshes\\r2_upperbody\\Neck_Lower.dae"", ""D:\\CADtest\\papertest\\go_nogo1\\sources\\urdf_files_dataset\\urdf_files\\random\\robot-assets\\r2_description\\meshes\\r2_upperbody\\Neck_Upper.dae"", ""D:\\CADtest\\papertest\\go_nogo1\\sources\\urdf_files_dataset\\urdf_files\\random\\robot-assets\\r2_description\\meshes\\r2_upperbody\\Right_Elbow.dae"", ""D:\\CADtest\\papertest\\go_nogo1\\sources\\urdf_files_dataset\\urdf_files\\random\\robot-assets\\r2_description\\meshes\\r2_upperbody\\Right_Forearm.dae"", ""D:\\CADtest\\papertest\\go_nogo1\\sources\\urdf_files_dataset\\urdf_files\\random\\robot-assets\\r2_description\\meshes\\r2_upperbody\\Right_Palm.dae"", ""D:\\CADtest\\papertest\\go_nogo1\\sources\\urdf_files_dataset\\urdf_files\\random\\robot-assets\\r2_description\\meshes\\r2_upperbody\\Right_Shoulder_Lower.dae"", ""D:\\CADtest\\papertest\\go_nogo1\\sources\\urdf_files_dataset\\urdf_files\\random\\robot-assets\\r2_description\\meshes\\r2_upperbody\\Right_Shoulder_Upper.dae"", ""D:\\CADtest\\papertest\\go_nogo1\\sources\\urdf_files_dataset\\urdf_files\\random\\robot-assets\\r2_description\\meshes\\r2_upperbody\\Right_Thumb_MtCar.dae"", ""D:\\CADtest\\papertest\\go_nogo1\\sources\\urdf_files_dataset\\urdf_files\\random\\robot-assets\\r2_description\\meshes\\r2_upperbody\\Right_Upper_Arm.dae"", ""D:\\CADtest\\papertest\\go_nogo1\\sources\\urdf_files_dataset\\urdf_files\\random\\robot-assets\\r2_description\\meshes\\r2_upperbody\\Thumb_Dist.dae"", ""D:\\CADtest\\papertest\\go_nogo1\\sources\\urdf_files_dataset\\urdf_files\\random\\robot-assets\\r2_description\\meshes\\r2_upperbody\\Thumb_Proximal.dae"", ""D:\\CADtest\\papertest\\go_nogo1\\sources\\urdf_files_dataset\\urdf_files\\random\\robot-assets\\r2_description\\meshes\\r2c_legs\\foot_body.dae"", ""D:\\CADtest\\papertest\\go_nogo1\\sources\\urdf_files_dataset\\urdf_files\\random\\robot-assets\\r2_description\\meshes\\r2c_legs\\r2cl_ext_bone1.dae"", ""D:\\CADtest\\papertest\\go_nogo1\\sources\\urdf_files_dataset\\urdf_files\\random\\robot-assets\\r2_description\\meshes\\r2c_legs\\r2cl_ext_bone2.dae"", ""D:\\CADtest\\papertest\\go_nogo1\\sources\\urdf_files_dataset\\urdf_files\\random\\robot-assets\\r2_description\\meshes\\r2c_legs\\r2cl_ext_bone3.dae"", ""D:\\CADtest\\papertest\\go_nogo1\\sources\\urdf_files_dataset\\urdf_files\\random\\robot-assets\\r2_description\\meshes\\r2c_legs\\r2cl_ext_pelvis.dae""]",r2,random,https://github.com/ankurhanda/robot-assets/tree/12f1a3c89c9975194551afaed0dfae1e09fdb27c/urdfs/robots/r2_description,humanoid robot,D:\CADtest\papertest\go_nogo1\sources\urdf_files_dataset\urdf_files\random\robot-assets\r2_description\robots\r2b_control.urdf,b control,1.0,False
269,True,"{""fixed"": 31, ""revolute"": 32}",Star Wars Character,15,True,32,31,1,63,64,31,33,2,31,31,R2-D2,0.939394,,True,A,random\robot-assets\r2_description\robots\r2b_dynamics.urdf,"{""ancestor_suffix"": 31}","[""D:\\CADtest\\papertest\\go_nogo1\\sources\\urdf_files_dataset\\urdf_files\\random\\robot-assets\\r2_description\\meshes\\r2_upperbody\\Backpack.dae"", ""D:\\CADtest\\papertest\\go_nogo1\\sources\\urdf_files_dataset\\urdf_files\\random\\robot-assets\\r2_description\\meshes\\r2_upperbody\\Body.dae"", ""D:\\CADtest\\papertest\\go_nogo1\\sources\\urdf_files_dataset\\urdf_files\\random\\robot-assets\\r2_description\\meshes\\r2_upperbody\\Body_Cover.dae"", ""D:\\CADtest\\papertest\\go_nogo1\\sources\\urdf_files_dataset\\urdf_files\\random\\robot-assets\\r2_description\\meshes\\r2_upperbody\\Head.dae"", ""D:\\CADtest\\papertest\\go_nogo1\\sources\\urdf_files_dataset\\urdf_files\\random\\robot-assets\\r2_description\\meshes\\r2_upperbody\\Left_Elbow.dae"", ""D:\\CADtest\\papertest\\go_nogo1\\sources\\urdf_files_dataset\\urdf_files\\random\\robot-assets\\r2_description\\meshes\\r2_upperbody\\Left_Forearm.dae"", ""D:\\CADtest\\papertest\\go_nogo1\\sources\\urdf_files_dataset\\urdf_files\\random\\robot-assets\\r2_description\\meshes\\r2_upperbody\\Left_Shoulder_Lower.dae"", ""D:\\CADtest\\papertest\\go_nogo1\\sources\\urdf_files_dataset\\urdf_files\\random\\robot-assets\\r2_description\\meshes\\r2_upperbody\\Left_Shoulder_Upper.dae"", ""D:\\CADtest\\papertest\\go_nogo1\\sources\\urdf_files_dataset\\urdf_files\\random\\robot-assets\\r2_description\\meshes\\r2_upperbody\\Left_Upper_Arm.dae"", ""D:\\CADtest\\papertest\\go_nogo1\\sources\\urdf_files_dataset\\urdf_files\\random\\robot-assets\\r2_description\\meshes\\r2_upperbody\\Neck_Lower.dae"", ""D:\\CADtest\\papertest\\go_nogo1\\sources\\urdf_files_dataset\\urdf_files\\random\\robot-assets\\r2_description\\meshes\\r2_upperbody\\Neck_Upper.dae"", ""D:\\CADtest\\papertest\\go_nogo1\\sources\\urdf_files_dataset\\urdf_files\\random\\robot-assets\\r2_description\\meshes\\r2_upperbody\\Right_Elbow.dae"", ""D:\\CADtest\\papertest\\go_nogo1\\sources\\urdf_files_dataset\\urdf_files\\random\\robot-assets\\r2_description\\meshes\\r2_upperbody\\Right_Forearm.dae"", ""D:\\CADtest\\papertest\\go_nogo1\\sources\\urdf_files_dataset\\urdf_files\\random\\robot-assets\\r2_description\\meshes\\r2_upperbody\\Right_Shoulder_Lower.dae"", ""D:\\CADtest\\papertest\\go_nogo1\\sources\\urdf_files_dataset\\urdf_files\\random\\robot-assets\\r2_description\\meshes\\r2_upperbody\\Right_Shoulder_Upper.dae"", ""D:\\CADtest\\papertest\\go_nogo1\\sources\\urdf_files_dataset\\urdf_files\\random\\robot-assets\\r2_description\\meshes\\r2_upperbody\\Right_Upper_Arm.dae"", ""D:\\CADtest\\papertest\\go_nogo1\\sources\\urdf_files_dataset\\urdf_files\\random\\robot-assets\\r2_description\\meshes\\r2c_legs\\foot_body.dae"", ""D:\\CADtest\\papertest\\go_nogo1\\sources\\urdf_files_dataset\\urdf_files\\random\\robot-assets\\r2_description\\meshes\\r2c_legs\\r2cl_ext_bone1.dae"", ""D:\\CADtest\\papertest\\go_nogo1\\sources\\urdf_files_dataset\\urdf_files\\random\\robot-assets\\r2_description\\meshes\\r2c_legs\\r2cl_ext_bone2.dae"", ""D:\\CADtest\\papertest\\go_nogo1\\sources\\urdf_files_dataset\\urdf_files\\random\\robot-assets\\r2_description\\meshes\\r2c_legs\\r2cl_ext_bone3.dae"", ""D:\\CADtest\\papertest\\go_nogo1\\sources\\urdf_files_dataset\\urdf_files\\random\\robot-assets\\r2_description\\meshes\\r2c_legs\\r2cl_ext_pelvis.dae""]",r2,random,https://github.com/ankurhanda/robot-assets/tree/12f1a3c89c9975194551afaed0dfae1e09fdb27c/urdfs/robots/r2_description,humanoid robot,D:\CADtest\papertest\go_nogo1\sources\urdf_files_dataset\urdf_files\random\robot-assets\r2_description\robots\r2b_dynamics.urdf,b dynamics,1.0,False
270,True,"{""fixed"": 28, ""revolute"": 42}",Star Wars Character,19,True,42,38,1,70,71,38,38,0,38,38,R2-D2,0.883721,,True,A,random\robot-assets\r2_description\robots\r2b_sim_upperbody_control.urdf.urdf,"{""ancestor_suffix"": 38}","[""D:\\CADtest\\papertest\\go_nogo1\\sources\\urdf_files_dataset\\urdf_files\\random\\robot-assets\\r2_description\\meshes\\r2_upperbody\\Backpack.dae"", ""D:\\CADtest\\papertest\\go_nogo1\\sources\\urdf_files_dataset\\urdf_files\\random\\robot-assets\\r2_description\\meshes\\r2_upperbody\\Body.dae"", ""D:\\CADtest\\papertest\\go_nogo1\\sources\\urdf_files_dataset\\urdf_files\\random\\robot-assets\\r2_description\\meshes\\r2_upperbody\\Body_Cover.dae"", ""D:\\CADtest\\papertest\\go_nogo1\\sources\\urdf_files_dataset\\urdf_files\\random\\robot-assets\\r2_description\\meshes\\r2_upperbody\\Finger_Mid.dae"", ""D:\\CADtest\\papertest\\go_nogo1\\sources\\urdf_files_dataset\\urdf_files\\random\\robot-assets\\r2_description\\meshes\\r2_upperbody\\Finger_Proximal.dae"", ""D:\\CADtest\\papertest\\go_nogo1\\sources\\urdf_files_dataset\\urdf_files\\random\\robot-assets\\r2_description\\meshes\\r2_upperbody\\Head.dae"", ""D:\\CADtest\\papertest\\go_nogo1\\sources\\urdf_files_dataset\\urdf_files\\random\\robot-assets\\r2_description\\meshes\\r2_upperbody\\Left_Elbow.dae"", ""D:\\CADtest\\papertest\\go_nogo1\\sources\\urdf_files_dataset\\urdf_files\\random\\robot-assets\\r2_description\\meshes\\r2_upperbody\\Left_Forearm.dae"", ""D:\\CADtest\\papertest\\go_nogo1\\sources\\urdf_files_dataset\\urdf_files\\random\\robot-assets\\r2_description\\meshes\\r2_upperbody\\Left_Palm.dae"", ""D:\\CADtest\\papertest\\go_nogo1\\sources\\urdf_files_dataset\\urdf_files\\random\\robot-assets\\r2_description\\meshes\\r2_upperbody\\Left_Shoulder_Lower.dae"", ""D:\\CADtest\\papertest\\go_nogo1\\sources\\urdf_files_dataset\\urdf_files\\random\\robot-assets\\r2_description\\meshes\\r2_upperbody\\Left_Shoulder_Upper.dae"", ""D:\\CADtest\\papertest\\go_nogo1\\sources\\urdf_files_dataset\\urdf_files\\random\\robot-assets\\r2_description\\meshes\\r2_upperbody\\Left_Thumb_Carp.dae"", ""D:\\CADtest\\papertest\\go_nogo1\\sources\\urdf_files_dataset\\urdf_files\\random\\robot-assets\\r2_description\\meshes\\r2_upperbody\\Left_Thumb_MtCar.dae"", ""D:\\CADtest\\papertest\\go_nogo1\\sources\\urdf_files_dataset\\urdf_files\\random\\robot-assets\\r2_description\\meshes\\r2_upperbody\\Left_Upper_Arm.dae"", ""D:\\CADtest\\papertest\\go_nogo1\\sources\\urdf_files_dataset\\urdf_files\\random\\robot-assets\\r2_description\\meshes\\r2_upperbody\\Neck_Lower.dae"", ""D:\\CADtest\\papertest\\go_nogo1\\sources\\urdf_files_dataset\\urdf_files\\random\\robot-assets\\r2_description\\meshes\\r2_upperbody\\Neck_Upper.dae"", ""D:\\CADtest\\papertest\\go_nogo1\\sources\\urdf_files_dataset\\urdf_files\\random\\robot-assets\\r2_description\\meshes\\r2_upperbody\\Right_Elbow.dae"", ""D:\\CADtest\\papertest\\go_nogo1\\sources\\urdf_files_dataset\\urdf_files\\random\\robot-assets\\r2_description\\meshes\\r2_upperbody\\Right_Forearm.dae"", ""D:\\CADtest\\papertest\\go_nogo1\\sources\\urdf_files_dataset\\urdf_files\\random\\robot-assets\\r2_description\\meshes\\r2_upperbody\\Right_Palm.dae"", ""D:\\CADtest\\papertest\\go_nogo1\\sources\\urdf_files_dataset\\urdf_files\\random\\robot-assets\\r2_description\\meshes\\r2_upperbody\\Right_Shoulder_Lower.dae"", ""D:\\CADtest\\papertest\\go_nogo1\\sources\\urdf_files_dataset\\urdf_files\\random\\robot-assets\\r2_description\\meshes\\r2_upperbody\\Right_Shoulder_Upper.dae"", ""D:\\CADtest\\papertest\\go_nogo1\\sources\\urdf_files_dataset\\urdf_files\\random\\robot-assets\\r2_description\\meshes\\r2_upperbody\\Right_Thumb_MtCar.dae"", ""D:\\CADtest\\papertest\\go_nogo1\\sources\\urdf_files_dataset\\urdf_files\\random\\robot-assets\\r2_description\\meshes\\r2_upperbody\\Right_Upper_Arm.dae"", ""D:\\CADtest\\papertest\\go_nogo1\\sources\\urdf_files_dataset\\urdf_files\\random\\robot-assets\\r2_description\\meshes\\r2_upperbody\\Thumb_Dist.dae"", ""D:\\CADtest\\papertest\\go_nogo1\\sources\\urdf_files_dataset\\urdf_files\\random\\robot-assets\\r2_description\\meshes\\r2_upperbody\\Thumb_Proximal.dae""]",r2,random,https://github.com/ankurhanda/robot-assets/tree/12f1a3c89c9975194551afaed0dfae1e09fdb27c/urdfs/robots/r2_description,humanoid robot,D:\CADtest\papertest\go_nogo1\sources\urdf_files_dataset\urdf_files\random\robot-assets\r2_description\robots\r2b_sim_upperbody_control.urdf.urdf,b sim upperbody control,1.0,False
271,True,"{""fixed"": 14, ""revolute"": 18}",Star Wars Character,14,True,18,16,1,32,33,16,16,0,16,16,R2-D2,0.842105,,True,A,random\robot-assets\r2_description\robots\r2b_sim_upperbody_dynamics.urdf.urdf,"{""ancestor_suffix"": 16}","[""D:\\CADtest\\papertest\\go_nogo1\\sources\\urdf_files_dataset\\urdf_files\\random\\robot-assets\\r2_description\\meshes\\r2_upperbody\\Backpack.dae"", ""D:\\CADtest\\papertest\\go_nogo1\\sources\\urdf_files_dataset\\urdf_files\\random\\robot-assets\\r2_description\\meshes\\r2_upperbody\\Body.dae"", ""D:\\CADtest\\papertest\\go_nogo1\\sources\\urdf_files_dataset\\urdf_files\\random\\robot-assets\\r2_description\\meshes\\r2_upperbody\\Body_Cover.dae"", ""D:\\CADtest\\papertest\\go_nogo1\\sources\\urdf_files_dataset\\urdf_files\\random\\robot-assets\\r2_description\\meshes\\r2_upperbody\\Head.dae"", ""D:\\CADtest\\papertest\\go_nogo1\\sources\\urdf_files_dataset\\urdf_files\\random\\robot-assets\\r2_description\\meshes\\r2_upperbody\\Left_Elbow.dae"", ""D:\\CADtest\\papertest\\go_nogo1\\sources\\urdf_files_dataset\\urdf_files\\random\\robot-assets\\r2_description\\meshes\\r2_upperbody\\Left_Forearm.dae"", ""D:\\CADtest\\papertest\\go_nogo1\\sources\\urdf_files_dataset\\urdf_files\\random\\robot-assets\\r2_description\\meshes\\r2_upperbody\\Left_Shoulder_Lower.dae"", ""D:\\CADtest\\papertest\\go_nogo1\\sources\\urdf_files_dataset\\urdf_files\\random\\robot-assets\\r2_description\\meshes\\r2_upperbody\\Left_Shoulder_Upper.dae"", ""D:\\CADtest\\papertest\\go_nogo1\\sources\\urdf_files_dataset\\urdf_files\\random\\robot-assets\\r2_description\\meshes\\r2_upperbody\\Left_Upper_Arm.dae"", ""D:\\CADtest\\papertest\\go_nogo1\\sources\\urdf_files_dataset\\urdf_files\\random\\robot-assets\\r2_description\\meshes\\r2_upperbody\\Neck_Lower.dae"", ""D:\\CADtest\\papertest\\go_nogo1\\sources\\urdf_files_dataset\\urdf_files\\random\\robot-assets\\r2_description\\meshes\\r2_upperbody\\Neck_Upper.dae"", ""D:\\CADtest\\papertest\\go_nogo1\\sources\\urdf_files_dataset\\urdf_files\\random\\robot-assets\\r2_description\\meshes\\r2_upperbody\\Right_Elbow.dae"", ""D:\\CADtest\\papertest\\go_nogo1\\sources\\urdf_files_dataset\\urdf_files\\random\\robot-assets\\r2_description\\meshes\\r2_upperbody\\Right_Forearm.dae"", ""D:\\CADtest\\papertest\\go_nogo1\\sources\\urdf_files_dataset\\urdf_files\\random\\robot-assets\\r2_description\\meshes\\r2_upperbody\\Right_Shoulder_Lower.dae"", ""D:\\CADtest\\papertest\\go_nogo1\\sources\\urdf_files_dataset\\urdf_files\\random\\robot-assets\\r2_description\\meshes\\r2_upperbody\\Right_Shoulder_Upper.dae"", ""D:\\CADtest\\papertest\\go_nogo1\\sources\\urdf_files_dataset\\urdf_files\\random\\robot-assets\\r2_description\\meshes\\r2_upperbody\\Right_Upper_Arm.dae""]",r2,random,https://github.com/ankurhanda/robot-assets/tree/12f1a3c89c9975194551afaed0dfae1e09fdb27c/urdfs/robots/r2_description,humanoid robot,D:\CADtest\papertest\go_nogo1\sources\urdf_files_dataset\urdf_files\random\robot-assets\r2_description\robots\r2b_sim_upperbody_dynamics.urdf.urdf,b sim upperbody dynamics,1.0,False
272,True,"{""fixed"": 53, ""revolute"": 74}",Star Wars Character,19,True,74,69,1,127,128,69,71,2,69,69,R2-D2,0.92,,True,A,random\robot-assets\r2_description\robots\r2c1.urdf,"{""ancestor_suffix"": 69}","[""D:\\CADtest\\papertest\\go_nogo1\\sources\\urdf_files_dataset\\urdf_files\\random\\robot-assets\\r2_description\\meshes\\r2_upperbody\\Backpack.dae"", ""D:\\CADtest\\papertest\\go_nogo1\\sources\\urdf_files_dataset\\urdf_files\\random\\robot-assets\\r2_description\\meshes\\r2_upperbody\\Body.dae"", ""D:\\CADtest\\papertest\\go_nogo1\\sources\\urdf_files_dataset\\urdf_files\\random\\robot-assets\\r2_description\\meshes\\r2_upperbody\\Body_Cover.dae"", ""D:\\CADtest\\papertest\\go_nogo1\\sources\\urdf_files_dataset\\urdf_files\\random\\robot-assets\\r2_description\\meshes\\r2_upperbody\\Finger_Dist.dae"", ""D:\\CADtest\\papertest\\go_nogo1\\sources\\urdf_files_dataset\\urdf_files\\random\\robot-assets\\r2_description\\meshes\\r2_upperbody\\Finger_Mid.dae"", ""D:\\CADtest\\papertest\\go_nogo1\\sources\\urdf_files_dataset\\urdf_files\\random\\robot-assets\\r2_description\\meshes\\r2_upperbody\\Finger_Proximal.dae"", ""D:\\CADtest\\papertest\\go_nogo1\\sources\\urdf_files_dataset\\urdf_files\\random\\robot-assets\\r2_description\\meshes\\r2_upperbody\\Head.dae"", ""D:\\CADtest\\papertest\\go_nogo1\\sources\\urdf_files_dataset\\urdf_files\\random\\robot-assets\\r2_description\\meshes\\r2_upperbody\\Left_Elbow.dae"", ""D:\\CADtest\\papertest\\go_nogo1\\sources\\urdf_files_dataset\\urdf_files\\random\\robot-assets\\r2_description\\meshes\\r2_upperbody\\Left_Forearm.dae"", ""D:\\CADtest\\papertest\\go_nogo1\\sources\\urdf_files_dataset\\urdf_files\\random\\robot-assets\\r2_description\\meshes\\r2_upperbody\\Left_Palm.dae"", ""D:\\CADtest\\papertest\\go_nogo1\\sources\\urdf_files_dataset\\urdf_files\\random\\robot-assets\\r2_description\\meshes\\r2_upperbody\\Left_Shoulder_Lower.dae"", ""D:\\CADtest\\papertest\\go_nogo1\\sources\\urdf_files_dataset\\urdf_files\\random\\robot-assets\\r2_description\\meshes\\r2_upperbody\\Left_Shoulder_Upper.dae"", ""D:\\CADtest\\papertest\\go_nogo1\\sources\\urdf_files_dataset\\urdf_files\\random\\robot-assets\\r2_description\\meshes\\r2_upperbody\\Left_Thumb_Carp.dae"", ""D:\\CADtest\\papertest\\go_nogo1\\sources\\urdf_files_dataset\\urdf_files\\random\\robot-assets\\r2_description\\meshes\\r2_upperbody\\Left_Thumb_MtCar.dae"", ""D:\\CADtest\\papertest\\go_nogo1\\sources\\urdf_files_dataset\\urdf_files\\random\\robot-assets\\r2_description\\meshes\\r2_upperbody\\Left_Upper_Arm.dae"", ""D:\\CADtest\\papertest\\go_nogo1\\sources\\urdf_files_dataset\\urdf_files\\random\\robot-assets\\r2_description\\meshes\\r2_upperbody\\Neck_Lower.dae"", ""D:\\CADtest\\papertest\\go_nogo1\\sources\\urdf_files_dataset\\urdf_files\\random\\robot-assets\\r2_description\\meshes\\r2_upperbody\\Neck_Upper.dae"", ""D:\\CADtest\\papertest\\go_nogo1\\sources\\urdf_files_dataset\\urdf_files\\random\\robot-assets\\r2_description\\meshes\\r2_upperbody\\Right_Elbow.dae"", ""D:\\CADtest\\papertest\\go_nogo1\\sources\\urdf_files_dataset\\urdf_files\\random\\robot-assets\\r2_description\\meshes\\r2_upperbody\\Right_Forearm.dae"", ""D:\\CADtest\\papertest\\go_nogo1\\sources\\urdf_files_dataset\\urdf_files\\random\\robot-assets\\r2_description\\meshes\\r2_upperbody\\Right_Palm.dae"", ""D:\\CADtest\\papertest\\go_nogo1\\sources\\urdf_files_dataset\\urdf_files\\random\\robot-assets\\r2_description\\meshes\\r2_upperbody\\Right_Shoulder_Lower.dae"", ""D:\\CADtest\\papertest\\go_nogo1\\sources\\urdf_files_dataset\\urdf_files\\random\\robot-assets\\r2_description\\meshes\\r2_upperbody\\Right_Shoulder_Upper.dae"", ""D:\\CADtest\\papertest\\go_nogo1\\sources\\urdf_files_dataset\\urdf_files\\random\\robot-assets\\r2_description\\meshes\\r2_upperbody\\Right_Thumb_MtCar.dae"", ""D:\\CADtest\\papertest\\go_nogo1\\sources\\urdf_files_dataset\\urdf_files\\random\\robot-assets\\r2_description\\meshes\\r2_upperbody\\Right_Upper_Arm.dae"", ""D:\\CADtest\\papertest\\go_nogo1\\sources\\urdf_files_dataset\\urdf_files\\random\\robot-assets\\r2_description\\meshes\\r2_upperbody\\Thumb_Dist.dae"", ""D:\\CADtest\\papertest\\go_nogo1\\sources\\urdf_files_dataset\\urdf_files\\random\\robot-assets\\r2_description\\meshes\\r2_upperbody\\Thumb_Proximal.dae"", ""D:\\CADtest\\papertest\\go_nogo1\\sources\\urdf_files_dataset\\urdf_files\\random\\robot-assets\\r2_description\\meshes\\r2c_legs\\foot_body.dae"", ""D:\\CADtest\\papertest\\go_nogo1\\sources\\urdf_files_dataset\\urdf_files\\random\\robot-assets\\r2_description\\meshes\\r2c_legs\\foot_jaw.dae"", ""D:\\CADtest\\papertest\\go_nogo1\\sources\\urdf_files_dataset\\urdf_files\\random\\robot-assets\\r2_description\\meshes\\r2c_legs\\r2cl_ext_bone1.dae"", ""D:\\CADtest\\papertest\\go_nogo1\\sources\\urdf_files_dataset\\urdf_files\\random\\robot-assets\\r2_description\\meshes\\r2c_legs\\r2cl_ext_bone2.dae"", ""D:\\CADtest\\papertest\\go_nogo1\\sources\\urdf_files_dataset\\urdf_files\\random\\robot-assets\\r2_description\\meshes\\r2c_legs\\r2cl_ext_bone3.dae"", ""D:\\CADtest\\papertest\\go_nogo1\\sources\\urdf_files_dataset\\urdf_files\\random\\robot-assets\\r2_description\\meshes\\r2c_legs\\r2cl_ext_pelvis.dae""]",r2,random,https://github.com/ankurhanda/robot-assets/tree/12f1a3c89c9975194551afaed0dfae1e09fdb27c/urdfs/robots/r2_description,humanoid robot,D:\CADtest\papertest\go_nogo1\sources\urdf_files_dataset\urdf_files\random\robot-assets\r2_description\robots\r2c1.urdf,c1,1.0,False
273,True,"{""fixed"": 45, ""revolute"": 56}",Star Wars Character,19,True,56,53,1,101,102,53,55,2,53,53,R2-D2,0.929825,,True,A,random\robot-assets\r2_description\robots\r2c1_control.urdf,"{""ancestor_suffix"": 53}","[""D:\\CADtest\\papertest\\go_nogo1\\sources\\urdf_files_dataset\\urdf_files\\random\\robot-assets\\r2_description\\meshes\\r2_upperbody\\Backpack.dae"", ""D:\\CADtest\\papertest\\go_nogo1\\sources\\urdf_files_dataset\\urdf_files\\random\\robot-assets\\r2_description\\meshes\\r2_upperbody\\Body.dae"", ""D:\\CADtest\\papertest\\go_nogo1\\sources\\urdf_files_dataset\\urdf_files\\random\\robot-assets\\r2_description\\meshes\\r2_upperbody\\Body_Cover.dae"", ""D:\\CADtest\\papertest\\go_nogo1\\sources\\urdf_files_dataset\\urdf_files\\random\\robot-assets\\r2_description\\meshes\\r2_upperbody\\Finger_Mid.dae"", ""D:\\CADtest\\papertest\\go_nogo1\\sources\\urdf_files_dataset\\urdf_files\\random\\robot-assets\\r2_description\\meshes\\r2_upperbody\\Finger_Proximal.dae"", ""D:\\CADtest\\papertest\\go_nogo1\\sources\\urdf_files_dataset\\urdf_files\\random\\robot-assets\\r2_description\\meshes\\r2_upperbody\\Head.dae"", ""D:\\CADtest\\papertest\\go_nogo1\\sources\\urdf_files_dataset\\urdf_files\\random\\robot-assets\\r2_description\\meshes\\r2_upperbody\\Left_Elbow.dae"", ""D:\\CADtest\\papertest\\go_nogo1\\sources\\urdf_files_dataset\\urdf_files\\random\\robot-assets\\r2_description\\meshes\\r2_upperbody\\Left_Forearm.dae"", ""D:\\CADtest\\papertest\\go_nogo1\\sources\\urdf_files_dataset\\urdf_files\\random\\robot-assets\\r2_description\\meshes\\r2_upperbody\\Left_Palm.dae"", ""D:\\CADtest\\papertest\\go_nogo1\\sources\\urdf_files_dataset\\urdf_files\\random\\robot-assets\\r2_description\\meshes\\r2_upperbody\\Left_Shoulder_Lower.dae"", ""D:\\CADtest\\papertest\\go_nogo1\\sources\\urdf_files_dataset\\urdf_files\\random\\robot-assets\\r2_description\\meshes\\r2_upperbody\\Left_Shoulder_Upper.dae"", ""D:\\CADtest\\papertest\\go_nogo1\\sources\\urdf_files_dataset\\urdf_files\\random\\robot-assets\\r2_description\\meshes\\r2_upperbody\\Left_Thumb_Carp.dae"", ""D:\\CADtest\\papertest\\go_nogo1\\sources\\urdf_files_dataset\\urdf_files\\random\\robot-assets\\r2_description\\meshes\\r2_upperbody\\Left_Thumb_MtCar.dae"", ""D:\\CADtest\\papertest\\go_nogo1\\sources\\urdf_files_dataset\\urdf_files\\random\\robot-assets\\r2_description\\meshes\\r2_upperbody\\Left_Upper_Arm.dae"", ""D:\\CADtest\\papertest\\go_nogo1\\sources\\urdf_files_dataset\\urdf_files\\random\\robot-assets\\r2_description\\meshes\\r2_upperbody\\Neck_Lower.dae"", ""D:\\CADtest\\papertest\\go_nogo1\\sources\\urdf_files_dataset\\urdf_files\\random\\robot-assets\\r2_description\\meshes\\r2_upperbody\\Neck_Upper.dae"", ""D:\\CADtest\\papertest\\go_nogo1\\sources\\urdf_files_dataset\\urdf_files\\random\\robot-assets\\r2_description\\meshes\\r2_upperbody\\Right_Elbow.dae"", ""D:\\CADtest\\papertest\\go_nogo1\\sources\\urdf_files_dataset\\urdf_files\\random\\robot-assets\\r2_description\\meshes\\r2_upperbody\\Right_Forearm.dae"", ""D:\\CADtest\\papertest\\go_nogo1\\sources\\urdf_files_dataset\\urdf_files\\random\\robot-assets\\r2_description\\meshes\\r2_upperbody\\Right_Palm.dae"", ""D:\\CADtest\\papertest\\go_nogo1\\sources\\urdf_files_dataset\\urdf_files\\random\\robot-assets\\r2_description\\meshes\\r2_upperbody\\Right_Shoulder_Lower.dae"", ""D:\\CADtest\\papertest\\go_nogo1\\sources\\urdf_files_dataset\\urdf_files\\random\\robot-assets\\r2_description\\meshes\\r2_upperbody\\Right_Shoulder_Upper.dae"", ""D:\\CADtest\\papertest\\go_nogo1\\sources\\urdf_files_dataset\\urdf_files\\random\\robot-assets\\r2_description\\meshes\\r2_upperbody\\Right_Thumb_MtCar.dae"", ""D:\\CADtest\\papertest\\go_nogo1\\sources\\urdf_files_dataset\\urdf_files\\random\\robot-assets\\r2_description\\meshes\\r2_upperbody\\Right_Upper_Arm.dae"", ""D:\\CADtest\\papertest\\go_nogo1\\sources\\urdf_files_dataset\\urdf_files\\random\\robot-assets\\r2_description\\meshes\\r2_upperbody\\Thumb_Dist.dae"", ""D:\\CADtest\\papertest\\go_nogo1\\sources\\urdf_files_dataset\\urdf_files\\random\\robot-assets\\r2_description\\meshes\\r2_upperbody\\Thumb_Proximal.dae"", ""D:\\CADtest\\papertest\\go_nogo1\\sources\\urdf_files_dataset\\urdf_files\\random\\robot-assets\\r2_description\\meshes\\r2c_legs\\foot_body.dae"", ""D:\\CADtest\\papertest\\go_nogo1\\sources\\urdf_files_dataset\\urdf_files\\random\\robot-assets\\r2_description\\meshes\\r2c_legs\\r2cl_ext_bone1.dae"", ""D:\\CADtest\\papertest\\go_nogo1\\sources\\urdf_files_dataset\\urdf_files\\random\\robot-assets\\r2_description\\meshes\\r2c_legs\\r2cl_ext_bone2.dae"", ""D:\\CADtest\\papertest\\go_nogo1\\sources\\urdf_files_dataset\\urdf_files\\random\\robot-assets\\r2_description\\meshes\\r2c_legs\\r2cl_ext_bone3.dae"", ""D:\\CADtest\\papertest\\go_nogo1\\sources\\urdf_files_dataset\\urdf_files\\random\\robot-assets\\r2_description\\meshes\\r2c_legs\\r2cl_ext_pelvis.dae""]",r2,random,https://github.com/ankurhanda/robot-assets/tree/12f1a3c89c9975194551afaed0dfae1e09fdb27c/urdfs/robots/r2_description,humanoid robot,D:\CADtest\papertest\go_nogo1\sources\urdf_files_dataset\urdf_files\random\robot-assets\r2_description\robots\r2c1_control.urdf,c1 control,1.0,False
274,True,"{""fixed"": 31, ""revolute"": 32}",Star Wars Character,15,True,32,31,1,63,64,31,33,2,31,31,R2-D2,0.939394,,True,A,random\robot-assets\r2_description\robots\r2c1_dynamics.urdf,"{""ancestor_suffix"": 31}","[""D:\\CADtest\\papertest\\go_nogo1\\sources\\urdf_files_dataset\\urdf_files\\random\\robot-assets\\r2_description\\meshes\\r2_upperbody\\Backpack.dae"", ""D:\\CADtest\\papertest\\go_nogo1\\sources\\urdf_files_dataset\\urdf_files\\random\\robot-assets\\r2_description\\meshes\\r2_upperbody\\Body.dae"", ""D:\\CADtest\\papertest\\go_nogo1\\sources\\urdf_files_dataset\\urdf_files\\random\\robot-assets\\r2_description\\meshes\\r2_upperbody\\Body_Cover.dae"", ""D:\\CADtest\\papertest\\go_nogo1\\sources\\urdf_files_dataset\\urdf_files\\random\\robot-assets\\r2_description\\meshes\\r2_upperbody\\Head.dae"", ""D:\\CADtest\\papertest\\go_nogo1\\sources\\urdf_files_dataset\\urdf_files\\random\\robot-assets\\r2_description\\meshes\\r2_upperbody\\Left_Elbow.dae"", ""D:\\CADtest\\papertest\\go_nogo1\\sources\\urdf_files_dataset\\urdf_files\\random\\robot-assets\\r2_description\\meshes\\r2_upperbody\\Left_Forearm.dae"", ""D:\\CADtest\\papertest\\go_nogo1\\sources\\urdf_files_dataset\\urdf_files\\random\\robot-assets\\r2_description\\meshes\\r2_upperbody\\Left_Shoulder_Lower.dae"", ""D:\\CADtest\\papertest\\go_nogo1\\sources\\urdf_files_dataset\\urdf_files\\random\\robot-assets\\r2_description\\meshes\\r2_upperbody\\Left_Shoulder_Upper.dae"", ""D:\\CADtest\\papertest\\go_nogo1\\sources\\urdf_files_dataset\\urdf_files\\random\\robot-assets\\r2_description\\meshes\\r2_upperbody\\Left_Upper_Arm.dae"", ""D:\\CADtest\\papertest\\go_nogo1\\sources\\urdf_files_dataset\\urdf_files\\random\\robot-assets\\r2_description\\meshes\\r2_upperbody\\Neck_Lower.dae"", ""D:\\CADtest\\papertest\\go_nogo1\\sources\\urdf_files_dataset\\urdf_files\\random\\robot-assets\\r2_description\\meshes\\r2_upperbody\\Neck_Upper.dae"", ""D:\\CADtest\\papertest\\go_nogo1\\sources\\urdf_files_dataset\\urdf_files\\random\\robot-assets\\r2_description\\meshes\\r2_upperbody\\Right_Elbow.dae"", ""D:\\CADtest\\papertest\\go_nogo1\\sources\\urdf_files_dataset\\urdf_files\\random\\robot-assets\\r2_description\\meshes\\r2_upperbody\\Right_Forearm.dae"", ""D:\\CADtest\\papertest\\go_nogo1\\sources\\urdf_files_dataset\\urdf_files\\random\\robot-assets\\r2_description\\meshes\\r2_upperbody\\Right_Shoulder_Lower.dae"", ""D:\\CADtest\\papertest\\go_nogo1\\sources\\urdf_files_dataset\\urdf_files\\random\\robot-assets\\r2_description\\meshes\\r2_upperbody\\Right_Shoulder_Upper.dae"", ""D:\\CADtest\\papertest\\go_nogo1\\sources\\urdf_files_dataset\\urdf_files\\random\\robot-assets\\r2_description\\meshes\\r2_upperbody\\Right_Upper_Arm.dae"", ""D:\\CADtest\\papertest\\go_nogo1\\sources\\urdf_files_dataset\\urdf_files\\random\\robot-assets\\r2_description\\meshes\\r2c_legs\\foot_body.dae"", ""D:\\CADtest\\papertest\\go_nogo1\\sources\\urdf_files_dataset\\urdf_files\\random\\robot-assets\\r2_description\\meshes\\r2c_legs\\r2cl_ext_bone1.dae"", ""D:\\CADtest\\papertest\\go_nogo1\\sources\\urdf_files_dataset\\urdf_files\\random\\robot-assets\\r2_description\\meshes\\r2c_legs\\r2cl_ext_bone2.dae"", ""D:\\CADtest\\papertest\\go_nogo1\\sources\\urdf_files_dataset\\urdf_files\\random\\robot-assets\\r2_description\\meshes\\r2c_legs\\r2cl_ext_bone3.dae"", ""D:\\CADtest\\papertest\\go_nogo1\\sources\\urdf_files_dataset\\urdf_files\\random\\robot-assets\\r2_description\\meshes\\r2c_legs\\r2cl_ext_pelvis.dae""]",r2,random,https://github.com/ankurhanda/robot-assets/tree/12f1a3c89c9975194551afaed0dfae1e09fdb27c/urdfs/robots/r2_description,humanoid robot,D:\CADtest\papertest\go_nogo1\sources\urdf_files_dataset\urdf_files\random\robot-assets\r2_description\robots\r2c1_dynamics.urdf,c1 dynamics,1.0,False
275,True,"{""fixed"": 41, ""revolute"": 54}",Star Wars Character,21,True,54,51,1,95,96,52,52,0,52,52,R2-D2,0.945455,,True,A,random\robot-assets\r2_description\robots\r2c5.urdf,"{""ancestor_suffix"": 52}","[""D:\\CADtest\\papertest\\go_nogo1\\sources\\urdf_files_dataset\\urdf_files\\random\\robot-assets\\r2_description\\meshes\\Stanchion.dae"", ""D:\\CADtest\\papertest\\go_nogo1\\sources\\urdf_files_dataset\\urdf_files\\random\\robot-assets\\r2_description\\meshes\\Stanchion_Baseplate.dae"", ""D:\\CADtest\\papertest\\go_nogo1\\sources\\urdf_files_dataset\\urdf_files\\random\\robot-assets\\r2_description\\meshes\\r2_upperbody\\Backpack.dae"", ""D:\\CADtest\\papertest\\go_nogo1\\sources\\urdf_files_dataset\\urdf_files\\random\\robot-assets\\r2_description\\meshes\\r2_upperbody\\Body.dae"", ""D:\\CADtest\\papertest\\go_nogo1\\sources\\urdf_files_dataset\\urdf_files\\random\\robot-assets\\r2_description\\meshes\\r2_upperbody\\Body_Cover.dae"", ""D:\\CADtest\\papertest\\go_nogo1\\sources\\urdf_files_dataset\\urdf_files\\random\\robot-assets\\r2_description\\meshes\\r2_upperbody\\Finger_Dist.dae"", ""D:\\CADtest\\papertest\\go_nogo1\\sources\\urdf_files_dataset\\urdf_files\\random\\robot-assets\\r2_description\\meshes\\r2_upperbody\\Finger_Mid.dae"", ""D:\\CADtest\\papertest\\go_nogo1\\sources\\urdf_files_dataset\\urdf_files\\random\\robot-assets\\r2_description\\meshes\\r2_upperbody\\Finger_Proximal.dae"", ""D:\\CADtest\\papertest\\go_nogo1\\sources\\urdf_files_dataset\\urdf_files\\random\\robot-assets\\r2_description\\meshes\\r2_upperbody\\Head.dae"", ""D:\\CADtest\\papertest\\go_nogo1\\sources\\urdf_files_dataset\\urdf_files\\random\\robot-assets\\r2_description\\meshes\\r2_upperbody\\Left_Elbow.dae"", ""D:\\CADtest\\papertest\\go_nogo1\\sources\\urdf_files_dataset\\urdf_files\\random\\robot-assets\\r2_description\\meshes\\r2_upperbody\\Left_Forearm.dae"", ""D:\\CADtest\\papertest\\go_nogo1\\sources\\urdf_files_dataset\\urdf_files\\random\\robot-assets\\r2_description\\meshes\\r2_upperbody\\Left_Palm.dae"", ""D:\\CADtest\\papertest\\go_nogo1\\sources\\urdf_files_dataset\\urdf_files\\random\\robot-assets\\r2_description\\meshes\\r2_upperbody\\Left_Shoulder_Lower.dae"", ""D:\\CADtest\\papertest\\go_nogo1\\sources\\urdf_files_dataset\\urdf_files\\random\\robot-assets\\r2_description\\meshes\\r2_upperbody\\Left_Shoulder_Upper.dae"", ""D:\\CADtest\\papertest\\go_nogo1\\sources\\urdf_files_dataset\\urdf_files\\random\\robot-assets\\r2_description\\meshes\\r2_upperbody\\Left_Thumb_Carp.dae"", ""D:\\CADtest\\papertest\\go_nogo1\\sources\\urdf_files_dataset\\urdf_files\\random\\robot-assets\\r2_description\\meshes\\r2_upperbody\\Left_Thumb_MtCar.dae"", ""D:\\CADtest\\papertest\\go_nogo1\\sources\\urdf_files_dataset\\urdf_files\\random\\robot-assets\\r2_description\\meshes\\r2_upperbody\\Left_Upper_Arm.dae"", ""D:\\CADtest\\papertest\\go_nogo1\\sources\\urdf_files_dataset\\urdf_files\\random\\robot-assets\\r2_description\\meshes\\r2_upperbody\\Neck_Lower.dae"", ""D:\\CADtest\\papertest\\go_nogo1\\sources\\urdf_files_dataset\\urdf_files\\random\\robot-assets\\r2_description\\meshes\\r2_upperbody\\Neck_Upper.dae"", ""D:\\CADtest\\papertest\\go_nogo1\\sources\\urdf_files_dataset\\urdf_files\\random\\robot-assets\\r2_description\\meshes\\r2_upperbody\\Right_Elbow.dae"", ""D:\\CADtest\\papertest\\go_nogo1\\sources\\urdf_files_dataset\\urdf_files\\random\\robot-assets\\r2_description\\meshes\\r2_upperbody\\Right_Forearm.dae"", ""D:\\CADtest\\papertest\\go_nogo1\\sources\\urdf_files_dataset\\urdf_files\\random\\robot-assets\\r2_description\\meshes\\r2_upperbody\\Right_Palm.dae"", ""D:\\CADtest\\papertest\\go_nogo1\\sources\\urdf_files_dataset\\urdf_files\\random\\robot-assets\\r2_description\\meshes\\r2_upperbody\\Right_Shoulder_Lower.dae"", ""D:\\CADtest\\papertest\\go_nogo1\\sources\\urdf_files_dataset\\urdf_files\\random\\robot-assets\\r2_description\\meshes\\r2_upperbody\\Right_Shoulder_Upper.dae"", ""D:\\CADtest\\papertest\\go_nogo1\\sources\\urdf_files_dataset\\urdf_files\\random\\robot-assets\\r2_description\\meshes\\r2_upperbody\\Right_Thumb_MtCar.dae"", ""D:\\CADtest\\papertest\\go_nogo1\\sources\\urdf_files_dataset\\urdf_files\\random\\robot-assets\\r2_description\\meshes\\r2_upperbody\\Right_Upper_Arm.dae"", ""D:\\CADtest\\papertest\\go_nogo1\\sources\\urdf_files_dataset\\urdf_files\\random\\robot-assets\\r2_description\\meshes\\r2_upperbody\\Thumb_Dist.dae"", ""D:\\CADtest\\papertest\\go_nogo1\\sources\\urdf_files_dataset\\urdf_files\\random\\robot-assets\\r2_description\\meshes\\r2_upperbody\\Thumb_Proximal.dae""]",r2,random,https://github.com/ankurhanda/robot-assets/tree/12f1a3c89c9975194551afaed0dfae1e09fdb27c/urdfs/robots/r2_description,humanoid robot,D:\CADtest\papertest\go_nogo1\sources\urdf_files_dataset\urdf_files\random\robot-assets\r2_description\robots\r2c5.urdf,c5,1.0,False
276,True,"{""fixed"": 31, ""revolute"": 42}",Star Wars Character,19,True,42,38,1,73,74,38,38,0,38,38,R2-D2,0.883721,,True,A,random\robot-assets\r2_description\robots\r2c5_control.urdf,"{""ancestor_suffix"": 38}","[""D:\\CADtest\\papertest\\go_nogo1\\sources\\urdf_files_dataset\\urdf_files\\random\\robot-assets\\r2_description\\meshes\\r2_upperbody\\Backpack.dae"", ""D:\\CADtest\\papertest\\go_nogo1\\sources\\urdf_files_dataset\\urdf_files\\random\\robot-assets\\r2_description\\meshes\\r2_upperbody\\Body.dae"", ""D:\\CADtest\\papertest\\go_nogo1\\sources\\urdf_files_dataset\\urdf_files\\random\\robot-assets\\r2_description\\meshes\\r2_upperbody\\Body_Cover.dae"", ""D:\\CADtest\\papertest\\go_nogo1\\sources\\urdf_files_dataset\\urdf_files\\random\\robot-assets\\r2_description\\meshes\\r2_upperbody\\Finger_Mid.dae"", ""D:\\CADtest\\papertest\\go_nogo1\\sources\\urdf_files_dataset\\urdf_files\\random\\robot-assets\\r2_description\\meshes\\r2_upperbody\\Finger_Proximal.dae"", ""D:\\CADtest\\papertest\\go_nogo1\\sources\\urdf_files_dataset\\urdf_files\\random\\robot-assets\\r2_description\\meshes\\r2_upperbody\\Head.dae"", ""D:\\CADtest\\papertest\\go_nogo1\\sources\\urdf_files_dataset\\urdf_files\\random\\robot-assets\\r2_description\\meshes\\r2_upperbody\\Left_Elbow.dae"", ""D:\\CADtest\\papertest\\go_nogo1\\sources\\urdf_files_dataset\\urdf_files\\random\\robot-assets\\r2_description\\meshes\\r2_upperbody\\Left_Forearm.dae"", ""D:\\CADtest\\papertest\\go_nogo1\\sources\\urdf_files_dataset\\urdf_files\\random\\robot-assets\\r2_description\\meshes\\r2_upperbody\\Left_Palm.dae"", ""D:\\CADtest\\papertest\\go_nogo1\\sources\\urdf_files_dataset\\urdf_files\\random\\robot-assets\\r2_description\\meshes\\r2_upperbody\\Left_Shoulder_Lower.dae"", ""D:\\CADtest\\papertest\\go_nogo1\\sources\\urdf_files_dataset\\urdf_files\\random\\robot-assets\\r2_description\\meshes\\r2_upperbody\\Left_Shoulder_Upper.dae"", ""D:\\CADtest\\papertest\\go_nogo1\\sources\\urdf_files_dataset\\urdf_files\\random\\robot-assets\\r2_description\\meshes\\r2_upperbody\\Left_Thumb_Carp.dae"", ""D:\\CADtest\\papertest\\go_nogo1\\sources\\urdf_files_dataset\\urdf_files\\random\\robot-assets\\r2_description\\meshes\\r2_upperbody\\Left_Thumb_MtCar.dae"", ""D:\\CADtest\\papertest\\go_nogo1\\sources\\urdf_files_dataset\\urdf_files\\random\\robot-assets\\r2_description\\meshes\\r2_upperbody\\Left_Upper_Arm.dae"", ""D:\\CADtest\\papertest\\go_nogo1\\sources\\urdf_files_dataset\\urdf_files\\random\\robot-assets\\r2_description\\meshes\\r2_upperbody\\Neck_Lower.dae"", ""D:\\CADtest\\papertest\\go_nogo1\\sources\\urdf_files_dataset\\urdf_files\\random\\robot-assets\\r2_description\\meshes\\r2_upperbody\\Neck_Upper.dae"", ""D:\\CADtest\\papertest\\go_nogo1\\sources\\urdf_files_dataset\\urdf_files\\random\\robot-assets\\r2_description\\meshes\\r2_upperbody\\Right_Elbow.dae"", ""D:\\CADtest\\papertest\\go_nogo1\\sources\\urdf_files_dataset\\urdf_files\\random\\robot-assets\\r2_description\\meshes\\r2_upperbody\\Right_Forearm.dae"", ""D:\\CADtest\\papertest\\go_nogo1\\sources\\urdf_files_dataset\\urdf_files\\random\\robot-assets\\r2_description\\meshes\\r2_upperbody\\Right_Palm.dae"", ""D:\\CADtest\\papertest\\go_nogo1\\sources\\urdf_files_dataset\\urdf_files\\random\\robot-assets\\r2_description\\meshes\\r2_upperbody\\Right_Shoulder_Lower.dae"", ""D:\\CADtest\\papertest\\go_nogo1\\sources\\urdf_files_dataset\\urdf_files\\random\\robot-assets\\r2_description\\meshes\\r2_upperbody\\Right_Shoulder_Upper.dae"", ""D:\\CADtest\\papertest\\go_nogo1\\sources\\urdf_files_dataset\\urdf_files\\random\\robot-assets\\r2_description\\meshes\\r2_upperbody\\Right_Thumb_MtCar.dae"", ""D:\\CADtest\\papertest\\go_nogo1\\sources\\urdf_files_dataset\\urdf_files\\random\\robot-assets\\r2_description\\meshes\\r2_upperbody\\Right_Upper_Arm.dae"", ""D:\\CADtest\\papertest\\go_nogo1\\sources\\urdf_files_dataset\\urdf_files\\random\\robot-assets\\r2_description\\meshes\\r2_upperbody\\Thumb_Dist.dae"", ""D:\\CADtest\\papertest\\go_nogo1\\sources\\urdf_files_dataset\\urdf_files\\random\\robot-assets\\r2_description\\meshes\\r2_upperbody\\Thumb_Proximal.dae""]",r2,random,https://github.com/ankurhanda/robot-assets/tree/12f1a3c89c9975194551afaed0dfae1e09fdb27c/urdfs/robots/r2_description,humanoid robot,D:\CADtest\papertest\go_nogo1\sources\urdf_files_dataset\urdf_files\random\robot-assets\r2_description\robots\r2c5_control.urdf,c5 control,1.0,False
277,True,"{""fixed"": 14, ""revolute"": 18}",Star Wars Character,14,True,18,16,1,32,33,16,16,0,16,16,R2-D2,0.842105,,True,A,random\robot-assets\r2_description\robots\r2c5_dynamics.urdf,"{""ancestor_suffix"": 16}","[""D:\\CADtest\\papertest\\go_nogo1\\sources\\urdf_files_dataset\\urdf_files\\random\\robot-assets\\r2_description\\meshes\\r2_upperbody\\Backpack.dae"", ""D:\\CADtest\\papertest\\go_nogo1\\sources\\urdf_files_dataset\\urdf_files\\random\\robot-assets\\r2_description\\meshes\\r2_upperbody\\Body.dae"", ""D:\\CADtest\\papertest\\go_nogo1\\sources\\urdf_files_dataset\\urdf_files\\random\\robot-assets\\r2_description\\meshes\\r2_upperbody\\Body_Cover.dae"", ""D:\\CADtest\\papertest\\go_nogo1\\sources\\urdf_files_dataset\\urdf_files\\random\\robot-assets\\r2_description\\meshes\\r2_upperbody\\Head.dae"", ""D:\\CADtest\\papertest\\go_nogo1\\sources\\urdf_files_dataset\\urdf_files\\random\\robot-assets\\r2_description\\meshes\\r2_upperbody\\Left_Elbow.dae"", ""D:\\CADtest\\papertest\\go_nogo1\\sources\\urdf_files_dataset\\urdf_files\\random\\robot-assets\\r2_description\\meshes\\r2_upperbody\\Left_Forearm.dae"", ""D:\\CADtest\\papertest\\go_nogo1\\sources\\urdf_files_dataset\\urdf_files\\random\\robot-assets\\r2_description\\meshes\\r2_upperbody\\Left_Shoulder_Lower.dae"", ""D:\\CADtest\\papertest\\go_nogo1\\sources\\urdf_files_dataset\\urdf_files\\random\\robot-assets\\r2_description\\meshes\\r2_upperbody\\Left_Shoulder_Upper.dae"", ""D:\\CADtest\\papertest\\go_nogo1\\sources\\urdf_files_dataset\\urdf_files\\random\\robot-assets\\r2_description\\meshes\\r2_upperbody\\Left_Upper_Arm.dae"", ""D:\\CADtest\\papertest\\go_nogo1\\sources\\urdf_files_dataset\\urdf_files\\random\\robot-assets\\r2_description\\meshes\\r2_upperbody\\Neck_Lower.dae"", ""D:\\CADtest\\papertest\\go_nogo1\\sources\\urdf_files_dataset\\urdf_files\\random\\robot-assets\\r2_description\\meshes\\r2_upperbody\\Neck_Upper.dae"", ""D:\\CADtest\\papertest\\go_nogo1\\sources\\urdf_files_dataset\\urdf_files\\random\\robot-assets\\r2_description\\meshes\\r2_upperbody\\Right_Elbow.dae"", ""D:\\CADtest\\papertest\\go_nogo1\\sources\\urdf_files_dataset\\urdf_files\\random\\robot-assets\\r2_description\\meshes\\r2_upperbody\\Right_Forearm.dae"", ""D:\\CADtest\\papertest\\go_nogo1\\sources\\urdf_files_dataset\\urdf_files\\random\\robot-assets\\r2_description\\meshes\\r2_upperbody\\Right_Shoulder_Lower.dae"", ""D:\\CADtest\\papertest\\go_nogo1\\sources\\urdf_files_dataset\\urdf_files\\random\\robot-assets\\r2_description\\meshes\\r2_upperbody\\Right_Shoulder_Upper.dae"", ""D:\\CADtest\\papertest\\go_nogo1\\sources\\urdf_files_dataset\\urdf_files\\random\\robot-assets\\r2_description\\meshes\\r2_upperbody\\Right_Upper_Arm.dae""]",r2,random,https://github.com/ankurhanda/robot-assets/tree/12f1a3c89c9975194551afaed0dfae1e09fdb27c/urdfs/robots/r2_description,humanoid robot,D:\CADtest\papertest\go_nogo1\sources\urdf_files_dataset\urdf_files\random\robot-assets\r2_description\robots\r2c5_dynamics.urdf,c5 dynamics,1.0,False
278,True,"{""fixed"": 57, ""revolute"": 74}",Star Wars Character,19,True,74,69,1,131,132,69,72,3,69,69,R2-D2,0.92,,True,A,random\robot-assets\r2_description\robots\r2c6.urdf,"{""ancestor_suffix"": 69}","[""D:\\CADtest\\papertest\\go_nogo1\\sources\\urdf_files_dataset\\urdf_files\\random\\robot-assets\\r2_description\\meshes\\r2_upperbody\\Backpack.dae"", ""D:\\CADtest\\papertest\\go_nogo1\\sources\\urdf_files_dataset\\urdf_files\\random\\robot-assets\\r2_description\\meshes\\r2_upperbody\\Body.dae"", ""D:\\CADtest\\papertest\\go_nogo1\\sources\\urdf_files_dataset\\urdf_files\\random\\robot-assets\\r2_description\\meshes\\r2_upperbody\\Body_Cover.dae"", ""D:\\CADtest\\papertest\\go_nogo1\\sources\\urdf_files_dataset\\urdf_files\\random\\robot-assets\\r2_description\\meshes\\r2_upperbody\\Finger_Dist.dae"", ""D:\\CADtest\\papertest\\go_nogo1\\sources\\urdf_files_dataset\\urdf_files\\random\\robot-assets\\r2_description\\meshes\\r2_upperbody\\Finger_Mid.dae"", ""D:\\CADtest\\papertest\\go_nogo1\\sources\\urdf_files_dataset\\urdf_files\\random\\robot-assets\\r2_description\\meshes\\r2_upperbody\\Finger_Proximal.dae"", ""D:\\CADtest\\papertest\\go_nogo1\\sources\\urdf_files_dataset\\urdf_files\\random\\robot-assets\\r2_description\\meshes\\r2_upperbody\\Head.dae"", ""D:\\CADtest\\papertest\\go_nogo1\\sources\\urdf_files_dataset\\urdf_files\\random\\robot-assets\\r2_description\\meshes\\r2_upperbody\\Left_Elbow.dae"", ""D:\\CADtest\\papertest\\go_nogo1\\sources\\urdf_files_dataset\\urdf_files\\random\\robot-assets\\r2_description\\meshes\\r2_upperbody\\Left_Forearm.dae"", ""D:\\CADtest\\papertest\\go_nogo1\\sources\\urdf_files_dataset\\urdf_files\\random\\robot-assets\\r2_description\\meshes\\r2_upperbody\\Left_Palm.dae"", ""D:\\CADtest\\papertest\\go_nogo1\\sources\\urdf_files_dataset\\urdf_files\\random\\robot-assets\\r2_description\\meshes\\r2_upperbody\\Left_Shoulder_Lower.dae"", ""D:\\CADtest\\papertest\\go_nogo1\\sources\\urdf_files_dataset\\urdf_files\\random\\robot-assets\\r2_description\\meshes\\r2_upperbody\\Left_Shoulder_Upper.dae"", ""D:\\CADtest\\papertest\\go_nogo1\\sources\\urdf_files_dataset\\urdf_files\\random\\robot-assets\\r2_description\\meshes\\r2_upperbody\\Left_Thumb_Carp.dae"", ""D:\\CADtest\\papertest\\go_nogo1\\sources\\urdf_files_dataset\\urdf_files\\random\\robot-assets\\r2_description\\meshes\\r2_upperbody\\Left_Thumb_MtCar.dae"", ""D:\\CADtest\\papertest\\go_nogo1\\sources\\urdf_files_dataset\\urdf_files\\random\\robot-assets\\r2_description\\meshes\\r2_upperbody\\Left_Upper_Arm.dae"", ""D:\\CADtest\\papertest\\go_nogo1\\sources\\urdf_files_dataset\\urdf_files\\random\\robot-assets\\r2_description\\meshes\\r2_upperbody\\Neck_Lower.dae"", ""D:\\CADtest\\papertest\\go_nogo1\\sources\\urdf_files_dataset\\urdf_files\\random\\robot-assets\\r2_description\\meshes\\r2_upperbody\\Neck_Upper.dae"", ""D:\\CADtest\\papertest\\go_nogo1\\sources\\urdf_files_dataset\\urdf_files\\random\\robot-assets\\r2_description\\meshes\\r2_upperbody\\Right_Elbow.dae"", ""D:\\CADtest\\papertest\\go_nogo1\\sources\\urdf_files_dataset\\urdf_files\\random\\robot-assets\\r2_description\\meshes\\r2_upperbody\\Right_Forearm.dae"", ""D:\\CADtest\\papertest\\go_nogo1\\sources\\urdf_files_dataset\\urdf_files\\random\\robot-assets\\r2_description\\meshes\\r2_upperbody\\Right_Palm.dae"", ""D:\\CADtest\\papertest\\go_nogo1\\sources\\urdf_files_dataset\\urdf_files\\random\\robot-assets\\r2_description\\meshes\\r2_upperbody\\Right_Shoulder_Lower.dae"", ""D:\\CADtest\\papertest\\go_nogo1\\sources\\urdf_files_dataset\\urdf_files\\random\\robot-assets\\r2_description\\meshes\\r2_upperbody\\Right_Shoulder_Upper.dae"", ""D:\\CADtest\\papertest\\go_nogo1\\sources\\urdf_files_dataset\\urdf_files\\random\\robot-assets\\r2_description\\meshes\\r2_upperbody\\Right_Thumb_MtCar.dae"", ""D:\\CADtest\\papertest\\go_nogo1\\sources\\urdf_files_dataset\\urdf_files\\random\\robot-assets\\r2_description\\meshes\\r2_upperbody\\Right_Upper_Arm.dae"", ""D:\\CADtest\\papertest\\go_nogo1\\sources\\urdf_files_dataset\\urdf_files\\random\\robot-assets\\r2_description\\meshes\\r2_upperbody\\Thumb_Dist.dae"", ""D:\\CADtest\\papertest\\go_nogo1\\sources\\urdf_files_dataset\\urdf_files\\random\\robot-assets\\r2_description\\meshes\\r2_upperbody\\Thumb_Proximal.dae"", ""D:\\CADtest\\papertest\\go_nogo1\\sources\\urdf_files_dataset\\urdf_files\\random\\robot-assets\\r2_description\\meshes\\r2c_legs\\foot_body.dae"", ""D:\\CADtest\\papertest\\go_nogo1\\sources\\urdf_files_dataset\\urdf_files\\random\\robot-assets\\r2_description\\meshes\\r2c_legs\\foot_jaw.dae"", ""D:\\CADtest\\papertest\\go_nogo1\\sources\\urdf_files_dataset\\urdf_files\\random\\robot-assets\\r2_description\\meshes\\r2c_legs\\r2cl_ext_bone1.dae"", ""D:\\CADtest\\papertest\\go_nogo1\\sources\\urdf_files_dataset\\urdf_files\\random\\robot-assets\\r2_description\\meshes\\r2c_legs\\r2cl_ext_bone2.dae"", ""D:\\CADtest\\papertest\\go_nogo1\\sources\\urdf_files_dataset\\urdf_files\\random\\robot-assets\\r2_description\\meshes\\r2c_legs\\r2cl_ext_bone3.dae"", ""D:\\CADtest\\papertest\\go_nogo1\\sources\\urdf_files_dataset\\urdf_files\\random\\robot-assets\\r2_description\\meshes\\r2c_legs\\r2cl_ext_pelvis.dae""]",r2,random,https://github.com/ankurhanda/robot-assets/tree/12f1a3c89c9975194551afaed0dfae1e09fdb27c/urdfs/robots/r2_description,humanoid robot,D:\CADtest\papertest\go_nogo1\sources\urdf_files_dataset\urdf_files\random\robot-assets\r2_description\robots\r2c6.urdf,c6,1.0,False
279,True,"{""fixed"": 48, ""revolute"": 56}",Star Wars Character,19,True,56,53,1,104,105,53,55,2,53,53,R2-D2,0.929825,,True,A,random\robot-assets\r2_description\robots\r2c6_control.urdf,"{""ancestor_suffix"": 53}","[""D:\\CADtest\\papertest\\go_nogo1\\sources\\urdf_files_dataset\\urdf_files\\random\\robot-assets\\r2_description\\meshes\\r2_upperbody\\Backpack.dae"", ""D:\\CADtest\\papertest\\go_nogo1\\sources\\urdf_files_dataset\\urdf_files\\random\\robot-assets\\r2_description\\meshes\\r2_upperbody\\Body.dae"", ""D:\\CADtest\\papertest\\go_nogo1\\sources\\urdf_files_dataset\\urdf_files\\random\\robot-assets\\r2_description\\meshes\\r2_upperbody\\Body_Cover.dae"", ""D:\\CADtest\\papertest\\go_nogo1\\sources\\urdf_files_dataset\\urdf_files\\random\\robot-assets\\r2_description\\meshes\\r2_upperbody\\Finger_Mid.dae"", ""D:\\CADtest\\papertest\\go_nogo1\\sources\\urdf_files_dataset\\urdf_files\\random\\robot-assets\\r2_description\\meshes\\r2_upperbody\\Finger_Proximal.dae"", ""D:\\CADtest\\papertest\\go_nogo1\\sources\\urdf_files_dataset\\urdf_files\\random\\robot-assets\\r2_description\\meshes\\r2_upperbody\\Head.dae"", ""D:\\CADtest\\papertest\\go_nogo1\\sources\\urdf_files_dataset\\urdf_files\\random\\robot-assets\\r2_description\\meshes\\r2_upperbody\\Left_Elbow.dae"", ""D:\\CADtest\\papertest\\go_nogo1\\sources\\urdf_files_dataset\\urdf_files\\random\\robot-assets\\r2_description\\meshes\\r2_upperbody\\Left_Forearm.dae"", ""D:\\CADtest\\papertest\\go_nogo1\\sources\\urdf_files_dataset\\urdf_files\\random\\robot-assets\\r2_description\\meshes\\r2_upperbody\\Left_Palm.dae"", ""D:\\CADtest\\papertest\\go_nogo1\\sources\\urdf_files_dataset\\urdf_files\\random\\robot-assets\\r2_description\\meshes\\r2_upperbody\\Left_Shoulder_Lower.dae"", ""D:\\CADtest\\papertest\\go_nogo1\\sources\\urdf_files_dataset\\urdf_files\\random\\robot-assets\\r2_description\\meshes\\r2_upperbody\\Left_Shoulder_Upper.dae"", ""D:\\CADtest\\papertest\\go_nogo1\\sources\\urdf_files_dataset\\urdf_files\\random\\robot-assets\\r2_description\\meshes\\r2_upperbody\\Left_Thumb_Carp.dae"", ""D:\\CADtest\\papertest\\go_nogo1\\sources\\urdf_files_dataset\\urdf_files\\random\\robot-assets\\r2_description\\meshes\\r2_upperbody\\Left_Thumb_MtCar.dae"", ""D:\\CADtest\\papertest\\go_nogo1\\sources\\urdf_files_dataset\\urdf_files\\random\\robot-assets\\r2_description\\meshes\\r2_upperbody\\Left_Upper_Arm.dae"", ""D:\\CADtest\\papertest\\go_nogo1\\sources\\urdf_files_dataset\\urdf_files\\random\\robot-assets\\r2_description\\meshes\\r2_upperbody\\Neck_Lower.dae"", ""D:\\CADtest\\papertest\\go_nogo1\\sources\\urdf_files_dataset\\urdf_files\\random\\robot-assets\\r2_description\\meshes\\r2_upperbody\\Neck_Upper.dae"", ""D:\\CADtest\\papertest\\go_nogo1\\sources\\urdf_files_dataset\\urdf_files\\random\\robot-assets\\r2_description\\meshes\\r2_upperbody\\Right_Elbow.dae"", ""D:\\CADtest\\papertest\\go_nogo1\\sources\\urdf_files_dataset\\urdf_files\\random\\robot-assets\\r2_description\\meshes\\r2_upperbody\\Right_Forearm.dae"", ""D:\\CADtest\\papertest\\go_nogo1\\sources\\urdf_files_dataset\\urdf_files\\random\\robot-assets\\r2_description\\meshes\\r2_upperbody\\Right_Palm.dae"", ""D:\\CADtest\\papertest\\go_nogo1\\sources\\urdf_files_dataset\\urdf_files\\random\\robot-assets\\r2_description\\meshes\\r2_upperbody\\Right_Shoulder_Lower.dae"", ""D:\\CADtest\\papertest\\go_nogo1\\sources\\urdf_files_dataset\\urdf_files\\random\\robot-assets\\r2_description\\meshes\\r2_upperbody\\Right_Shoulder_Upper.dae"", ""D:\\CADtest\\papertest\\go_nogo1\\sources\\urdf_files_dataset\\urdf_files\\random\\robot-assets\\r2_description\\meshes\\r2_upperbody\\Right_Thumb_MtCar.dae"", ""D:\\CADtest\\papertest\\go_nogo1\\sources\\urdf_files_dataset\\urdf_files\\random\\robot-assets\\r2_description\\meshes\\r2_upperbody\\Right_Upper_Arm.dae"", ""D:\\CADtest\\papertest\\go_nogo1\\sources\\urdf_files_dataset\\urdf_files\\random\\robot-assets\\r2_description\\meshes\\r2_upperbody\\Thumb_Dist.dae"", ""D:\\CADtest\\papertest\\go_nogo1\\sources\\urdf_files_dataset\\urdf_files\\random\\robot-assets\\r2_description\\meshes\\r2_upperbody\\Thumb_Proximal.dae"", ""D:\\CADtest\\papertest\\go_nogo1\\sources\\urdf_files_dataset\\urdf_files\\random\\robot-assets\\r2_description\\meshes\\r2c_legs\\foot_body.dae"", ""D:\\CADtest\\papertest\\go_nogo1\\sources\\urdf_files_dataset\\urdf_files\\random\\robot-assets\\r2_description\\meshes\\r2c_legs\\r2cl_ext_bone1.dae"", ""D:\\CADtest\\papertest\\go_nogo1\\sources\\urdf_files_dataset\\urdf_files\\random\\robot-assets\\r2_description\\meshes\\r2c_legs\\r2cl_ext_bone2.dae"", ""D:\\CADtest\\papertest\\go_nogo1\\sources\\urdf_files_dataset\\urdf_files\\random\\robot-assets\\r2_description\\meshes\\r2c_legs\\r2cl_ext_bone3.dae"", ""D:\\CADtest\\papertest\\go_nogo1\\sources\\urdf_files_dataset\\urdf_files\\random\\robot-assets\\r2_description\\meshes\\r2c_legs\\r2cl_ext_pelvis.dae""]",r2,random,https://github.com/ankurhanda/robot-assets/tree/12f1a3c89c9975194551afaed0dfae1e09fdb27c/urdfs/robots/r2_description,humanoid robot,D:\CADtest\papertest\go_nogo1\sources\urdf_files_dataset\urdf_files\random\robot-assets\r2_description\robots\r2c6_control.urdf,c6 control,1.0,False
280,True,"{""fixed"": 31, ""revolute"": 32}",Star Wars Character,15,True,32,31,1,63,64,31,33,2,31,31,R2-D2,0.939394,,True,A,random\robot-assets\r2_description\robots\r2c6_dynamics.urdf,"{""ancestor_suffix"": 31}","[""D:\\CADtest\\papertest\\go_nogo1\\sources\\urdf_files_dataset\\urdf_files\\random\\robot-assets\\r2_description\\meshes\\r2_upperbody\\Backpack.dae"", ""D:\\CADtest\\papertest\\go_nogo1\\sources\\urdf_files_dataset\\urdf_files\\random\\robot-assets\\r2_description\\meshes\\r2_upperbody\\Body.dae"", ""D:\\CADtest\\papertest\\go_nogo1\\sources\\urdf_files_dataset\\urdf_files\\random\\robot-assets\\r2_description\\meshes\\r2_upperbody\\Body_Cover.dae"", ""D:\\CADtest\\papertest\\go_nogo1\\sources\\urdf_files_dataset\\urdf_files\\random\\robot-assets\\r2_description\\meshes\\r2_upperbody\\Head.dae"", ""D:\\CADtest\\papertest\\go_nogo1\\sources\\urdf_files_dataset\\urdf_files\\random\\robot-assets\\r2_description\\meshes\\r2_upperbody\\Left_Elbow.dae"", ""D:\\CADtest\\papertest\\go_nogo1\\sources\\urdf_files_dataset\\urdf_files\\random\\robot-assets\\r2_description\\meshes\\r2_upperbody\\Left_Forearm.dae"", ""D:\\CADtest\\papertest\\go_nogo1\\sources\\urdf_files_dataset\\urdf_files\\random\\robot-assets\\r2_description\\meshes\\r2_upperbody\\Left_Shoulder_Lower.dae"", ""D:\\CADtest\\papertest\\go_nogo1\\sources\\urdf_files_dataset\\urdf_files\\random\\robot-assets\\r2_description\\meshes\\r2_upperbody\\Left_Shoulder_Upper.dae"", ""D:\\CADtest\\papertest\\go_nogo1\\sources\\urdf_files_dataset\\urdf_files\\random\\robot-assets\\r2_description\\meshes\\r2_upperbody\\Left_Upper_Arm.dae"", ""D:\\CADtest\\papertest\\go_nogo1\\sources\\urdf_files_dataset\\urdf_files\\random\\robot-assets\\r2_description\\meshes\\r2_upperbody\\Neck_Lower.dae"", ""D:\\CADtest\\papertest\\go_nogo1\\sources\\urdf_files_dataset\\urdf_files\\random\\robot-assets\\r2_description\\meshes\\r2_upperbody\\Neck_Upper.dae"", ""D:\\CADtest\\papertest\\go_nogo1\\sources\\urdf_files_dataset\\urdf_files\\random\\robot-assets\\r2_description\\meshes\\r2_upperbody\\Right_Elbow.dae"", ""D:\\CADtest\\papertest\\go_nogo1\\sources\\urdf_files_dataset\\urdf_files\\random\\robot-assets\\r2_description\\meshes\\r2_upperbody\\Right_Forearm.dae"", ""D:\\CADtest\\papertest\\go_nogo1\\sources\\urdf_files_dataset\\urdf_files\\random\\robot-assets\\r2_description\\meshes\\r2_upperbody\\Right_Shoulder_Lower.dae"", ""D:\\CADtest\\papertest\\go_nogo1\\sources\\urdf_files_dataset\\urdf_files\\random\\robot-assets\\r2_description\\meshes\\r2_upperbody\\Right_Shoulder_Upper.dae"", ""D:\\CADtest\\papertest\\go_nogo1\\sources\\urdf_files_dataset\\urdf_files\\random\\robot-assets\\r2_description\\meshes\\r2_upperbody\\Right_Upper_Arm.dae"", ""D:\\CADtest\\papertest\\go_nogo1\\sources\\urdf_files_dataset\\urdf_files\\random\\robot-assets\\r2_description\\meshes\\r2c_legs\\foot_body.dae"", ""D:\\CADtest\\papertest\\go_nogo1\\sources\\urdf_files_dataset\\urdf_files\\random\\robot-assets\\r2_description\\meshes\\r2c_legs\\r2cl_ext_bone1.dae"", ""D:\\CADtest\\papertest\\go_nogo1\\sources\\urdf_files_dataset\\urdf_files\\random\\robot-assets\\r2_description\\meshes\\r2c_legs\\r2cl_ext_bone2.dae"", ""D:\\CADtest\\papertest\\go_nogo1\\sources\\urdf_files_dataset\\urdf_files\\random\\robot-assets\\r2_description\\meshes\\r2c_legs\\r2cl_ext_bone3.dae"", ""D:\\CADtest\\papertest\\go_nogo1\\sources\\urdf_files_dataset\\urdf_files\\random\\robot-assets\\r2_description\\meshes\\r2c_legs\\r2cl_ext_pelvis.dae""]",r2,random,https://github.com/ankurhanda/robot-assets/tree/12f1a3c89c9975194551afaed0dfae1e09fdb27c/urdfs/robots/r2_description,humanoid robot,D:\CADtest\papertest\go_nogo1\sources\urdf_files_dataset\urdf_files\random\robot-assets\r2_description\robots\r2c6_dynamics.urdf,c6 dynamics,1.0,False
281,True,"{""fixed"": 58, ""revolute"": 74}",Star Wars Character,19,True,74,69,1,132,133,69,73,4,69,69,R2-D2,0.92,,True,A,random\robot-assets\r2_description\robots\r2c6_valve.urdf,"{""ancestor_suffix"": 69}","[""D:\\CADtest\\papertest\\go_nogo1\\sources\\urdf_files_dataset\\urdf_files\\random\\robot-assets\\r2_description\\meshes\\r2_upperbody\\Backpack.dae"", ""D:\\CADtest\\papertest\\go_nogo1\\sources\\urdf_files_dataset\\urdf_files\\random\\robot-assets\\r2_description\\meshes\\r2_upperbody\\Body.dae"", ""D:\\CADtest\\papertest\\go_nogo1\\sources\\urdf_files_dataset\\urdf_files\\random\\robot-assets\\r2_description\\meshes\\r2_upperbody\\Body_Cover.dae"", ""D:\\CADtest\\papertest\\go_nogo1\\sources\\urdf_files_dataset\\urdf_files\\random\\robot-assets\\r2_description\\meshes\\r2_upperbody\\Finger_Dist.dae"", ""D:\\CADtest\\papertest\\go_nogo1\\sources\\urdf_files_dataset\\urdf_files\\random\\robot-assets\\r2_description\\meshes\\r2_upperbody\\Finger_Mid.dae"", ""D:\\CADtest\\papertest\\go_nogo1\\sources\\urdf_files_dataset\\urdf_files\\random\\robot-assets\\r2_description\\meshes\\r2_upperbody\\Finger_Proximal.dae"", ""D:\\CADtest\\papertest\\go_nogo1\\sources\\urdf_files_dataset\\urdf_files\\random\\robot-assets\\r2_description\\meshes\\r2_upperbody\\Head.dae"", ""D:\\CADtest\\papertest\\go_nogo1\\sources\\urdf_files_dataset\\urdf_files\\random\\robot-assets\\r2_description\\meshes\\r2_upperbody\\Left_Elbow.dae"", ""D:\\CADtest\\papertest\\go_nogo1\\sources\\urdf_files_dataset\\urdf_files\\random\\robot-assets\\r2_description\\meshes\\r2_upperbody\\Left_Forearm.dae"", ""D:\\CADtest\\papertest\\go_nogo1\\sources\\urdf_files_dataset\\urdf_files\\random\\robot-assets\\r2_description\\meshes\\r2_upperbody\\Left_Palm.dae"", ""D:\\CADtest\\papertest\\go_nogo1\\sources\\urdf_files_dataset\\urdf_files\\random\\robot-assets\\r2_description\\meshes\\r2_upperbody\\Left_Shoulder_Lower.dae"", ""D:\\CADtest\\papertest\\go_nogo1\\sources\\urdf_files_dataset\\urdf_files\\random\\robot-assets\\r2_description\\meshes\\r2_upperbody\\Left_Shoulder_Upper.dae"", ""D:\\CADtest\\papertest\\go_nogo1\\sources\\urdf_files_dataset\\urdf_files\\random\\robot-assets\\r2_description\\meshes\\r2_upperbody\\Left_Thumb_Carp.dae"", ""D:\\CADtest\\papertest\\go_nogo1\\sources\\urdf_files_dataset\\urdf_files\\random\\robot-assets\\r2_description\\meshes\\r2_upperbody\\Left_Thumb_MtCar.dae"", ""D:\\CADtest\\papertest\\go_nogo1\\sources\\urdf_files_dataset\\urdf_files\\random\\robot-assets\\r2_description\\meshes\\r2_upperbody\\Left_Upper_Arm.dae"", ""D:\\CADtest\\papertest\\go_nogo1\\sources\\urdf_files_dataset\\urdf_files\\random\\robot-assets\\r2_description\\meshes\\r2_upperbody\\Neck_Lower.dae"", ""D:\\CADtest\\papertest\\go_nogo1\\sources\\urdf_files_dataset\\urdf_files\\random\\robot-assets\\r2_description\\meshes\\r2_upperbody\\Neck_Upper.dae"", ""D:\\CADtest\\papertest\\go_nogo1\\sources\\urdf_files_dataset\\urdf_files\\random\\robot-assets\\r2_description\\meshes\\r2_upperbody\\Right_Elbow.dae"", ""D:\\CADtest\\papertest\\go_nogo1\\sources\\urdf_files_dataset\\urdf_files\\random\\robot-assets\\r2_description\\meshes\\r2_upperbody\\Right_Forearm.dae"", ""D:\\CADtest\\papertest\\go_nogo1\\sources\\urdf_files_dataset\\urdf_files\\random\\robot-assets\\r2_description\\meshes\\r2_upperbody\\Right_Palm.dae"", ""D:\\CADtest\\papertest\\go_nogo1\\sources\\urdf_files_dataset\\urdf_files\\random\\robot-assets\\r2_description\\meshes\\r2_upperbody\\Right_Shoulder_Lower.dae"", ""D:\\CADtest\\papertest\\go_nogo1\\sources\\urdf_files_dataset\\urdf_files\\random\\robot-assets\\r2_description\\meshes\\r2_upperbody\\Right_Shoulder_Upper.dae"", ""D:\\CADtest\\papertest\\go_nogo1\\sources\\urdf_files_dataset\\urdf_files\\random\\robot-assets\\r2_description\\meshes\\r2_upperbody\\Right_Thumb_MtCar.dae"", ""D:\\CADtest\\papertest\\go_nogo1\\sources\\urdf_files_dataset\\urdf_files\\random\\robot-assets\\r2_description\\meshes\\r2_upperbody\\Right_Upper_Arm.dae"", ""D:\\CADtest\\papertest\\go_nogo1\\sources\\urdf_files_dataset\\urdf_files\\random\\robot-assets\\r2_description\\meshes\\r2_upperbody\\Thumb_Dist.dae"", ""D:\\CADtest\\papertest\\go_nogo1\\sources\\urdf_files_dataset\\urdf_files\\random\\robot-assets\\r2_description\\meshes\\r2_upperbody\\Thumb_Proximal.dae"", ""D:\\CADtest\\papertest\\go_nogo1\\sources\\urdf_files_dataset\\urdf_files\\random\\robot-assets\\r2_description\\meshes\\r2c_legs\\foot_body.dae"", ""D:\\CADtest\\papertest\\go_nogo1\\sources\\urdf_files_dataset\\urdf_files\\random\\robot-assets\\r2_description\\meshes\\r2c_legs\\foot_jaw.dae"", ""D:\\CADtest\\papertest\\go_nogo1\\sources\\urdf_files_dataset\\urdf_files\\random\\robot-assets\\r2_description\\meshes\\r2c_legs\\r2cl_ext_bone1.dae"", ""D:\\CADtest\\papertest\\go_nogo1\\sources\\urdf_files_dataset\\urdf_files\\random\\robot-assets\\r2_description\\meshes\\r2c_legs\\r2cl_ext_bone2.dae"", ""D:\\CADtest\\papertest\\go_nogo1\\sources\\urdf_files_dataset\\urdf_files\\random\\robot-assets\\r2_description\\meshes\\r2c_legs\\r2cl_ext_bone3.dae"", ""D:\\CADtest\\papertest\\go_nogo1\\sources\\urdf_files_dataset\\urdf_files\\random\\robot-assets\\r2_description\\meshes\\r2c_legs\\r2cl_ext_pelvis.dae""]",r2,random,https://github.com/ankurhanda/robot-assets/tree/12f1a3c89c9975194551afaed0dfae1e09fdb27c/urdfs/robots/r2_description,humanoid robot,D:\CADtest\papertest\go_nogo1\sources\urdf_files_dataset\urdf_files\random\robot-assets\r2_description\robots\r2c6_valve.urdf,c6 valve,1.0,False
282,True,"{""fixed"": 48, ""revolute"": 56}",Star Wars Character,19,True,56,53,1,104,105,53,55,2,53,53,R2-D2,0.929825,,True,A,random\robot-assets\r2_description\robots\r2c_sim_full_control.urdf.urdf,"{""ancestor_suffix"": 53}","[""D:\\CADtest\\papertest\\go_nogo1\\sources\\urdf_files_dataset\\urdf_files\\random\\robot-assets\\r2_description\\meshes\\r2_upperbody\\Backpack.dae"", ""D:\\CADtest\\papertest\\go_nogo1\\sources\\urdf_files_dataset\\urdf_files\\random\\robot-assets\\r2_description\\meshes\\r2_upperbody\\Body.dae"", ""D:\\CADtest\\papertest\\go_nogo1\\sources\\urdf_files_dataset\\urdf_files\\random\\robot-assets\\r2_description\\meshes\\r2_upperbody\\Body_Cover.dae"", ""D:\\CADtest\\papertest\\go_nogo1\\sources\\urdf_files_dataset\\urdf_files\\random\\robot-assets\\r2_description\\meshes\\r2_upperbody\\Finger_Mid.dae"", ""D:\\CADtest\\papertest\\go_nogo1\\sources\\urdf_files_dataset\\urdf_files\\random\\robot-assets\\r2_description\\meshes\\r2_upperbody\\Finger_Proximal.dae"", ""D:\\CADtest\\papertest\\go_nogo1\\sources\\urdf_files_dataset\\urdf_files\\random\\robot-assets\\r2_description\\meshes\\r2_upperbody\\Head.dae"", ""D:\\CADtest\\papertest\\go_nogo1\\sources\\urdf_files_dataset\\urdf_files\\random\\robot-assets\\r2_description\\meshes\\r2_upperbody\\Left_Elbow.dae"", ""D:\\CADtest\\papertest\\go_nogo1\\sources\\urdf_files_dataset\\urdf_files\\random\\robot-assets\\r2_description\\meshes\\r2_upperbody\\Left_Forearm.dae"", ""D:\\CADtest\\papertest\\go_nogo1\\sources\\urdf_files_dataset\\urdf_files\\random\\robot-assets\\r2_description\\meshes\\r2_upperbody\\Left_Palm.dae"", ""D:\\CADtest\\papertest\\go_nogo1\\sources\\urdf_files_dataset\\urdf_files\\random\\robot-assets\\r2_description\\meshes\\r2_upperbody\\Left_Shoulder_Lower.dae"", ""D:\\CADtest\\papertest\\go_nogo1\\sources\\urdf_files_dataset\\urdf_files\\random\\robot-assets\\r2_description\\meshes\\r2_upperbody\\Left_Shoulder_Upper.dae"", ""D:\\CADtest\\papertest\\go_nogo1\\sources\\urdf_files_dataset\\urdf_files\\random\\robot-assets\\r2_description\\meshes\\r2_upperbody\\Left_Thumb_Carp.dae"", ""D:\\CADtest\\papertest\\go_nogo1\\sources\\urdf_files_dataset\\urdf_files\\random\\robot-assets\\r2_description\\meshes\\r2_upperbody\\Left_Thumb_MtCar.dae"", ""D:\\CADtest\\papertest\\go_nogo1\\sources\\urdf_files_dataset\\urdf_files\\random\\robot-assets\\r2_description\\meshes\\r2_upperbody\\Left_Upper_Arm.dae"", ""D:\\CADtest\\papertest\\go_nogo1\\sources\\urdf_files_dataset\\urdf_files\\random\\robot-assets\\r2_description\\meshes\\r2_upperbody\\Neck_Lower.dae"", ""D:\\CADtest\\papertest\\go_nogo1\\sources\\urdf_files_dataset\\urdf_files\\random\\robot-assets\\r2_description\\meshes\\r2_upperbody\\Neck_Upper.dae"", ""D:\\CADtest\\papertest\\go_nogo1\\sources\\urdf_files_dataset\\urdf_files\\random\\robot-assets\\r2_description\\meshes\\r2_upperbody\\Right_Elbow.dae"", ""D:\\CADtest\\papertest\\go_nogo1\\sources\\urdf_files_dataset\\urdf_files\\random\\robot-assets\\r2_description\\meshes\\r2_upperbody\\Right_Forearm.dae"", ""D:\\CADtest\\papertest\\go_nogo1\\sources\\urdf_files_dataset\\urdf_files\\random\\robot-assets\\r2_description\\meshes\\r2_upperbody\\Right_Palm.dae"", ""D:\\CADtest\\papertest\\go_nogo1\\sources\\urdf_files_dataset\\urdf_files\\random\\robot-assets\\r2_description\\meshes\\r2_upperbody\\Right_Shoulder_Lower.dae"", ""D:\\CADtest\\papertest\\go_nogo1\\sources\\urdf_files_dataset\\urdf_files\\random\\robot-assets\\r2_description\\meshes\\r2_upperbody\\Right_Shoulder_Upper.dae"", ""D:\\CADtest\\papertest\\go_nogo1\\sources\\urdf_files_dataset\\urdf_files\\random\\robot-assets\\r2_description\\meshes\\r2_upperbody\\Right_Thumb_MtCar.dae"", ""D:\\CADtest\\papertest\\go_nogo1\\sources\\urdf_files_dataset\\urdf_files\\random\\robot-assets\\r2_description\\meshes\\r2_upperbody\\Right_Upper_Arm.dae"", ""D:\\CADtest\\papertest\\go_nogo1\\sources\\urdf_files_dataset\\urdf_files\\random\\robot-assets\\r2_description\\meshes\\r2_upperbody\\Thumb_Dist.dae"", ""D:\\CADtest\\papertest\\go_nogo1\\sources\\urdf_files_dataset\\urdf_files\\random\\robot-assets\\r2_description\\meshes\\r2_upperbody\\Thumb_Proximal.dae"", ""D:\\CADtest\\papertest\\go_nogo1\\sources\\urdf_files_dataset\\urdf_files\\random\\robot-assets\\r2_description\\meshes\\r2c_legs\\foot_body.dae"", ""D:\\CADtest\\papertest\\go_nogo1\\sources\\urdf_files_dataset\\urdf_files\\random\\robot-assets\\r2_description\\meshes\\r2c_legs\\r2cl_ext_bone1.dae"", ""D:\\CADtest\\papertest\\go_nogo1\\sources\\urdf_files_dataset\\urdf_files\\random\\robot-assets\\r2_description\\meshes\\r2c_legs\\r2cl_ext_bone2.dae"", ""D:\\CADtest\\papertest\\go_nogo1\\sources\\urdf_files_dataset\\urdf_files\\random\\robot-assets\\r2_description\\meshes\\r2c_legs\\r2cl_ext_bone3.dae"", ""D:\\CADtest\\papertest\\go_nogo1\\sources\\urdf_files_dataset\\urdf_files\\random\\robot-assets\\r2_description\\meshes\\r2c_legs\\r2cl_ext_pelvis.dae""]",r2,random,https://github.com/ankurhanda/robot-assets/tree/12f1a3c89c9975194551afaed0dfae1e09fdb27c/urdfs/robots/r2_description,humanoid robot,D:\CADtest\papertest\go_nogo1\sources\urdf_files_dataset\urdf_files\random\robot-assets\r2_description\robots\r2c_sim_full_control.urdf.urdf,c sim full control,1.0,False
283,True,"{""fixed"": 32, ""revolute"": 32}",Star Wars Character,15,True,32,31,1,64,65,31,33,2,31,31,R2-D2,0.939394,,True,A,random\robot-assets\r2_description\robots\r2c_sim_full_dynamics.urdf.urdf,"{""ancestor_suffix"": 31}","[""D:\\CADtest\\papertest\\go_nogo1\\sources\\urdf_files_dataset\\urdf_files\\random\\robot-assets\\r2_description\\meshes\\r2_upperbody\\Backpack.dae"", ""D:\\CADtest\\papertest\\go_nogo1\\sources\\urdf_files_dataset\\urdf_files\\random\\robot-assets\\r2_description\\meshes\\r2_upperbody\\Body.dae"", ""D:\\CADtest\\papertest\\go_nogo1\\sources\\urdf_files_dataset\\urdf_files\\random\\robot-assets\\r2_description\\meshes\\r2_upperbody\\Body_Cover.dae"", ""D:\\CADtest\\papertest\\go_nogo1\\sources\\urdf_files_dataset\\urdf_files\\random\\robot-assets\\r2_description\\meshes\\r2_upperbody\\Head.dae"", ""D:\\CADtest\\papertest\\go_nogo1\\sources\\urdf_files_dataset\\urdf_files\\random\\robot-assets\\r2_description\\meshes\\r2_upperbody\\Left_Elbow.dae"", ""D:\\CADtest\\papertest\\go_nogo1\\sources\\urdf_files_dataset\\urdf_files\\random\\robot-assets\\r2_description\\meshes\\r2_upperbody\\Left_Forearm.dae"", ""D:\\CADtest\\papertest\\go_nogo1\\sources\\urdf_files_dataset\\urdf_files\\random\\robot-assets\\r2_description\\meshes\\r2_upperbody\\Left_Shoulder_Lower.dae"", ""D:\\CADtest\\papertest\\go_nogo1\\sources\\urdf_files_dataset\\urdf_files\\random\\robot-assets\\r2_description\\meshes\\r2_upperbody\\Left_Shoulder_Upper.dae"", ""D:\\CADtest\\papertest\\go_nogo1\\sources\\urdf_files_dataset\\urdf_files\\random\\robot-assets\\r2_description\\meshes\\r2_upperbody\\Left_Upper_Arm.dae"", ""D:\\CADtest\\papertest\\go_nogo1\\sources\\urdf_files_dataset\\urdf_files\\random\\robot-assets\\r2_description\\meshes\\r2_upperbody\\Neck_Lower.dae"", ""D:\\CADtest\\papertest\\go_nogo1\\sources\\urdf_files_dataset\\urdf_files\\random\\robot-assets\\r2_description\\meshes\\r2_upperbody\\Neck_Upper.dae"", ""D:\\CADtest\\papertest\\go_nogo1\\sources\\urdf_files_dataset\\urdf_files\\random\\robot-assets\\r2_description\\meshes\\r2_upperbody\\Right_Elbow.dae"", ""D:\\CADtest\\papertest\\go_nogo1\\sources\\urdf_files_dataset\\urdf_files\\random\\robot-assets\\r2_description\\meshes\\r2_upperbody\\Right_Forearm.dae"", ""D:\\CADtest\\papertest\\go_nogo1\\sources\\urdf_files_dataset\\urdf_files\\random\\robot-assets\\r2_description\\meshes\\r2_upperbody\\Right_Shoulder_Lower.dae"", ""D:\\CADtest\\papertest\\go_nogo1\\sources\\urdf_files_dataset\\urdf_files\\random\\robot-assets\\r2_description\\meshes\\r2_upperbody\\Right_Shoulder_Upper.dae"", ""D:\\CADtest\\papertest\\go_nogo1\\sources\\urdf_files_dataset\\urdf_files\\random\\robot-assets\\r2_description\\meshes\\r2_upperbody\\Right_Upper_Arm.dae"", ""D:\\CADtest\\papertest\\go_nogo1\\sources\\urdf_files_dataset\\urdf_files\\random\\robot-assets\\r2_description\\meshes\\r2c_legs\\foot_body.dae"", ""D:\\CADtest\\papertest\\go_nogo1\\sources\\urdf_files_dataset\\urdf_files\\random\\robot-assets\\r2_description\\meshes\\r2c_legs\\r2cl_ext_bone1.dae"", ""D:\\CADtest\\papertest\\go_nogo1\\sources\\urdf_files_dataset\\urdf_files\\random\\robot-assets\\r2_description\\meshes\\r2c_legs\\r2cl_ext_bone2.dae"", ""D:\\CADtest\\papertest\\go_nogo1\\sources\\urdf_files_dataset\\urdf_files\\random\\robot-assets\\r2_description\\meshes\\r2c_legs\\r2cl_ext_bone3.dae"", ""D:\\CADtest\\papertest\\go_nogo1\\sources\\urdf_files_dataset\\urdf_files\\random\\robot-assets\\r2_description\\meshes\\r2c_legs\\r2cl_ext_pelvis.dae""]",r2,random,https://github.com/ankurhanda/robot-assets/tree/12f1a3c89c9975194551afaed0dfae1e09fdb27c/urdfs/robots/r2_description,humanoid robot,D:\CADtest\papertest\go_nogo1\sources\urdf_files_dataset\urdf_files\random\robot-assets\r2_description\robots\r2c_sim_full_dynamics.urdf.urdf,c sim full dynamics,1.0,False
284,True,"{""fixed"": 19, ""revolute"": 14}",Star Wars Character,15,True,14,15,1,33,34,15,17,2,15,15,R2-D2,1.0,,True,A,random\robot-assets\r2_description\robots\r2c_sim_legs_control.urdf.urdf,"{""ancestor_suffix"": 15}","[""D:\\CADtest\\papertest\\go_nogo1\\sources\\urdf_files_dataset\\urdf_files\\random\\robot-assets\\r2_description\\meshes\\r2c_legs\\foot_body.dae"", ""D:\\CADtest\\papertest\\go_nogo1\\sources\\urdf_files_dataset\\urdf_files\\random\\robot-assets\\r2_description\\meshes\\r2c_legs\\r2cl_ext_bone1.dae"", ""D:\\CADtest\\papertest\\go_nogo1\\sources\\urdf_files_dataset\\urdf_files\\random\\robot-assets\\r2_description\\meshes\\r2c_legs\\r2cl_ext_bone2.dae"", ""D:\\CADtest\\papertest\\go_nogo1\\sources\\urdf_files_dataset\\urdf_files\\random\\robot-assets\\r2_description\\meshes\\r2c_legs\\r2cl_ext_bone3.dae"", ""D:\\CADtest\\papertest\\go_nogo1\\sources\\urdf_files_dataset\\urdf_files\\random\\robot-assets\\r2_description\\meshes\\r2c_legs\\r2cl_ext_pelvis.dae""]",r2,random,https://github.com/ankurhanda/robot-assets/tree/12f1a3c89c9975194551afaed0dfae1e09fdb27c/urdfs/robots/r2_description,humanoid robot,D:\CADtest\papertest\go_nogo1\sources\urdf_files_dataset\urdf_files\random\robot-assets\r2_description\robots\r2c_sim_legs_control.urdf.urdf,c sim legs control,1.0,False
285,True,"{""fixed"": 19, ""revolute"": 14}",Star Wars Character,15,True,14,15,1,33,34,15,17,2,15,15,R2-D2,1.0,,True,A,random\robot-assets\r2_description\robots\r2c_sim_legs_dynamics.urdf.urdf,"{""ancestor_suffix"": 15}","[""D:\\CADtest\\papertest\\go_nogo1\\sources\\urdf_files_dataset\\urdf_files\\random\\robot-assets\\r2_description\\meshes\\r2c_legs\\foot_body.dae"", ""D:\\CADtest\\papertest\\go_nogo1\\sources\\urdf_files_dataset\\urdf_files\\random\\robot-assets\\r2_description\\meshes\\r2c_legs\\r2cl_ext_bone1.dae"", ""D:\\CADtest\\papertest\\go_nogo1\\sources\\urdf_files_dataset\\urdf_files\\random\\robot-assets\\r2_description\\meshes\\r2c_legs\\r2cl_ext_bone2.dae"", ""D:\\CADtest\\papertest\\go_nogo1\\sources\\urdf_files_dataset\\urdf_files\\random\\robot-assets\\r2_description\\meshes\\r2c_legs\\r2cl_ext_bone3.dae"", ""D:\\CADtest\\papertest\\go_nogo1\\sources\\urdf_files_dataset\\urdf_files\\random\\robot-assets\\r2_description\\meshes\\r2c_legs\\r2cl_ext_pelvis.dae""]",r2,random,https://github.com/ankurhanda/robot-assets/tree/12f1a3c89c9975194551afaed0dfae1e09fdb27c/urdfs/robots/r2_description,humanoid robot,D:\CADtest\papertest\go_nogo1\sources\urdf_files_dataset\urdf_files\random\robot-assets\r2_description\robots\r2c_sim_legs_dynamics.urdf.urdf,c sim legs dynamics,1.0,False
286,True,"{""fixed"": 31, ""revolute"": 42}",Star Wars Character,19,True,42,38,1,73,74,38,38,0,38,38,R2-D2,0.883721,,True,A,random\robot-assets\r2_description\robots\r2c_sim_upperbody_control.urdf.urdf,"{""ancestor_suffix"": 38}","[""D:\\CADtest\\papertest\\go_nogo1\\sources\\urdf_files_dataset\\urdf_files\\random\\robot-assets\\r2_description\\meshes\\r2_upperbody\\Backpack.dae"", ""D:\\CADtest\\papertest\\go_nogo1\\sources\\urdf_files_dataset\\urdf_files\\random\\robot-assets\\r2_description\\meshes\\r2_upperbody\\Body.dae"", ""D:\\CADtest\\papertest\\go_nogo1\\sources\\urdf_files_dataset\\urdf_files\\random\\robot-assets\\r2_description\\meshes\\r2_upperbody\\Body_Cover.dae"", ""D:\\CADtest\\papertest\\go_nogo1\\sources\\urdf_files_dataset\\urdf_files\\random\\robot-assets\\r2_description\\meshes\\r2_upperbody\\Finger_Mid.dae"", ""D:\\CADtest\\papertest\\go_nogo1\\sources\\urdf_files_dataset\\urdf_files\\random\\robot-assets\\r2_description\\meshes\\r2_upperbody\\Finger_Proximal.dae"", ""D:\\CADtest\\papertest\\go_nogo1\\sources\\urdf_files_dataset\\urdf_files\\random\\robot-assets\\r2_description\\meshes\\r2_upperbody\\Head.dae"", ""D:\\CADtest\\papertest\\go_nogo1\\sources\\urdf_files_dataset\\urdf_files\\random\\robot-assets\\r2_description\\meshes\\r2_upperbody\\Left_Elbow.dae"", ""D:\\CADtest\\papertest\\go_nogo1\\sources\\urdf_files_dataset\\urdf_files\\random\\robot-assets\\r2_description\\meshes\\r2_upperbody\\Left_Forearm.dae"", ""D:\\CADtest\\papertest\\go_nogo1\\sources\\urdf_files_dataset\\urdf_files\\random\\robot-assets\\r2_description\\meshes\\r2_upperbody\\Left_Palm.dae"", ""D:\\CADtest\\papertest\\go_nogo1\\sources\\urdf_files_dataset\\urdf_files\\random\\robot-assets\\r2_description\\meshes\\r2_upperbody\\Left_Shoulder_Lower.dae"", ""D:\\CADtest\\papertest\\go_nogo1\\sources\\urdf_files_dataset\\urdf_files\\random\\robot-assets\\r2_description\\meshes\\r2_upperbody\\Left_Shoulder_Upper.dae"", ""D:\\CADtest\\papertest\\go_nogo1\\sources\\urdf_files_dataset\\urdf_files\\random\\robot-assets\\r2_description\\meshes\\r2_upperbody\\Left_Thumb_Carp.dae"", ""D:\\CADtest\\papertest\\go_nogo1\\sources\\urdf_files_dataset\\urdf_files\\random\\robot-assets\\r2_description\\meshes\\r2_upperbody\\Left_Thumb_MtCar.dae"", ""D:\\CADtest\\papertest\\go_nogo1\\sources\\urdf_files_dataset\\urdf_files\\random\\robot-assets\\r2_description\\meshes\\r2_upperbody\\Left_Upper_Arm.dae"", ""D:\\CADtest\\papertest\\go_nogo1\\sources\\urdf_files_dataset\\urdf_files\\random\\robot-assets\\r2_description\\meshes\\r2_upperbody\\Neck_Lower.dae"", ""D:\\CADtest\\papertest\\go_nogo1\\sources\\urdf_files_dataset\\urdf_files\\random\\robot-assets\\r2_description\\meshes\\r2_upperbody\\Neck_Upper.dae"", ""D:\\CADtest\\papertest\\go_nogo1\\sources\\urdf_files_dataset\\urdf_files\\random\\robot-assets\\r2_description\\meshes\\r2_upperbody\\Right_Elbow.dae"", ""D:\\CADtest\\papertest\\go_nogo1\\sources\\urdf_files_dataset\\urdf_files\\random\\robot-assets\\r2_description\\meshes\\r2_upperbody\\Right_Forearm.dae"", ""D:\\CADtest\\papertest\\go_nogo1\\sources\\urdf_files_dataset\\urdf_files\\random\\robot-assets\\r2_description\\meshes\\r2_upperbody\\Right_Palm.dae"", ""D:\\CADtest\\papertest\\go_nogo1\\sources\\urdf_files_dataset\\urdf_files\\random\\robot-assets\\r2_description\\meshes\\r2_upperbody\\Right_Shoulder_Lower.dae"", ""D:\\CADtest\\papertest\\go_nogo1\\sources\\urdf_files_dataset\\urdf_files\\random\\robot-assets\\r2_description\\meshes\\r2_upperbody\\Right_Shoulder_Upper.dae"", ""D:\\CADtest\\papertest\\go_nogo1\\sources\\urdf_files_dataset\\urdf_files\\random\\robot-assets\\r2_description\\meshes\\r2_upperbody\\Right_Thumb_MtCar.dae"", ""D:\\CADtest\\papertest\\go_nogo1\\sources\\urdf_files_dataset\\urdf_files\\random\\robot-assets\\r2_description\\meshes\\r2_upperbody\\Right_Upper_Arm.dae"", ""D:\\CADtest\\papertest\\go_nogo1\\sources\\urdf_files_dataset\\urdf_files\\random\\robot-assets\\r2_description\\meshes\\r2_upperbody\\Thumb_Dist.dae"", ""D:\\CADtest\\papertest\\go_nogo1\\sources\\urdf_files_dataset\\urdf_files\\random\\robot-assets\\r2_description\\meshes\\r2_upperbody\\Thumb_Proximal.dae""]",r2,random,https://github.com/ankurhanda/robot-assets/tree/12f1a3c89c9975194551afaed0dfae1e09fdb27c/urdfs/robots/r2_description,humanoid robot,D:\CADtest\papertest\go_nogo1\sources\urdf_files_dataset\urdf_files\random\robot-assets\r2_description\robots\r2c_sim_upperbody_control.urdf.urdf,c sim upperbody control,1.0,False
287,True,"{""fixed"": 15, ""revolute"": 18}",Star Wars Character,14,True,18,16,1,33,34,16,16,0,16,16,R2-D2,0.842105,,True,A,random\robot-assets\r2_description\robots\r2c_sim_upperbody_dynamics.urdf.urdf,"{""ancestor_suffix"": 16}","[""D:\\CADtest\\papertest\\go_nogo1\\sources\\urdf_files_dataset\\urdf_files\\random\\robot-assets\\r2_description\\meshes\\r2_upperbody\\Backpack.dae"", ""D:\\CADtest\\papertest\\go_nogo1\\sources\\urdf_files_dataset\\urdf_files\\random\\robot-assets\\r2_description\\meshes\\r2_upperbody\\Body.dae"", ""D:\\CADtest\\papertest\\go_nogo1\\sources\\urdf_files_dataset\\urdf_files\\random\\robot-assets\\r2_description\\meshes\\r2_upperbody\\Body_Cover.dae"", ""D:\\CADtest\\papertest\\go_nogo1\\sources\\urdf_files_dataset\\urdf_files\\random\\robot-assets\\r2_description\\meshes\\r2_upperbody\\Head.dae"", ""D:\\CADtest\\papertest\\go_nogo1\\sources\\urdf_files_dataset\\urdf_files\\random\\robot-assets\\r2_description\\meshes\\r2_upperbody\\Left_Elbow.dae"", ""D:\\CADtest\\papertest\\go_nogo1\\sources\\urdf_files_dataset\\urdf_files\\random\\robot-assets\\r2_description\\meshes\\r2_upperbody\\Left_Forearm.dae"", ""D:\\CADtest\\papertest\\go_nogo1\\sources\\urdf_files_dataset\\urdf_files\\random\\robot-assets\\r2_description\\meshes\\r2_upperbody\\Left_Shoulder_Lower.dae"", ""D:\\CADtest\\papertest\\go_nogo1\\sources\\urdf_files_dataset\\urdf_files\\random\\robot-assets\\r2_description\\meshes\\r2_upperbody\\Left_Shoulder_Upper.dae"", ""D:\\CADtest\\papertest\\go_nogo1\\sources\\urdf_files_dataset\\urdf_files\\random\\robot-assets\\r2_description\\meshes\\r2_upperbody\\Left_Upper_Arm.dae"", ""D:\\CADtest\\papertest\\go_nogo1\\sources\\urdf_files_dataset\\urdf_files\\random\\robot-assets\\r2_description\\meshes\\r2_upperbody\\Neck_Lower.dae"", ""D:\\CADtest\\papertest\\go_nogo1\\sources\\urdf_files_dataset\\urdf_files\\random\\robot-assets\\r2_description\\meshes\\r2_upperbody\\Neck_Upper.dae"", ""D:\\CADtest\\papertest\\go_nogo1\\sources\\urdf_files_dataset\\urdf_files\\random\\robot-assets\\r2_description\\meshes\\r2_upperbody\\Right_Elbow.dae"", ""D:\\CADtest\\papertest\\go_nogo1\\sources\\urdf_files_dataset\\urdf_files\\random\\robot-assets\\r2_description\\meshes\\r2_upperbody\\Right_Forearm.dae"", ""D:\\CADtest\\papertest\\go_nogo1\\sources\\urdf_files_dataset\\urdf_files\\random\\robot-assets\\r2_description\\meshes\\r2_upperbody\\Right_Shoulder_Lower.dae"", ""D:\\CADtest\\papertest\\go_nogo1\\sources\\urdf_files_dataset\\urdf_files\\random\\robot-assets\\r2_description\\meshes\\r2_upperbody\\Right_Shoulder_Upper.dae"", ""D:\\CADtest\\papertest\\go_nogo1\\sources\\urdf_files_dataset\\urdf_files\\random\\robot-assets\\r2_description\\meshes\\r2_upperbody\\Right_Upper_Arm.dae""]",r2,random,https://github.com/ankurhanda/robot-assets/tree/12f1a3c89c9975194551afaed0dfae1e09fdb27c/urdfs/robots/r2_description,humanoid robot,D:\CADtest\papertest\go_nogo1\sources\urdf_files_dataset\urdf_files\random\robot-assets\r2_description\robots\r2c_sim_upperbody_dynamics.urdf.urdf,c sim upperbody dynamics,1.0,False
92,True,"{""fixed"": 2, ""revolute"": 6}",Robotiq,2,True,6,9,1,8,9,9,9,0,9,9,2F-85 gripper,1.0,,True,A,random\robot-assets\robotiq_gripper\robotiq_arg85_description.URDF,"{""ancestor_suffix"": 9}","[""D:\\CADtest\\papertest\\go_nogo1\\sources\\urdf_files_dataset\\urdf_files\\random\\robot-assets\\robotiq_gripper\\meshes\\inner_finger_fine.STL"", ""D:\\CADtest\\papertest\\go_nogo1\\sources\\urdf_files_dataset\\urdf_files\\random\\robot-assets\\robotiq_gripper\\meshes\\inner_knuckle_fine.STL"", ""D:\\CADtest\\papertest\\go_nogo1\\sources\\urdf_files_dataset\\urdf_files\\random\\robot-assets\\robotiq_gripper\\meshes\\outer_finger_fine.STL"", ""D:\\CADtest\\papertest\\go_nogo1\\sources\\urdf_files_dataset\\urdf_files\\random\\robot-assets\\robotiq_gripper\\meshes\\outer_knuckle_fine.STL"", ""D:\\CADtest\\papertest\\go_nogo1\\sources\\urdf_files_dataset\\urdf_files\\random\\robot-assets\\robotiq_gripper\\meshes\\robotiq_85_base_link_fine.STL""]",robotiq_arg85_description,random,https://github.com/ankurhanda/robot-assets/tree/12f1a3c89c9975194551afaed0dfae1e09fdb27c/urdfs/robots/robotiq_gripper,end effector,D:\CADtest\papertest\go_nogo1\sources\urdf_files_dataset\urdf_files\random\robot-assets\robotiq_gripper\robotiq_arg85_description.URDF,original,1.0,False
93,True,"{""fixed"": 4, ""revolute"": 6}",Universal Robots,8,True,6,7,1,10,11,7,7,0,7,7,UR10,1.0,,True,A,random\robot-assets\ur10\ur10_robot.urdf,"{""relative"": 7}","[""D:\\CADtest\\papertest\\go_nogo1\\sources\\urdf_files_dataset\\urdf_files\\random\\robot-assets\\ur10\\meshes\\ur10\\visual\\base.dae"", ""D:\\CADtest\\papertest\\go_nogo1\\sources\\urdf_files_dataset\\urdf_files\\random\\robot-assets\\ur10\\meshes\\ur10\\visual\\forearm.dae"", ""D:\\CADtest\\papertest\\go_nogo1\\sources\\urdf_files_dataset\\urdf_files\\random\\robot-assets\\ur10\\meshes\\ur10\\visual\\shoulder.dae"", ""D:\\CADtest\\papertest\\go_nogo1\\sources\\urdf_files_dataset\\urdf_files\\random\\robot-assets\\ur10\\meshes\\ur10\\visual\\upperarm.dae"", ""D:\\CADtest\\papertest\\go_nogo1\\sources\\urdf_files_dataset\\urdf_files\\random\\robot-assets\\ur10\\meshes\\ur10\\visual\\wrist1.dae"", ""D:\\CADtest\\papertest\\go_nogo1\\sources\\urdf_files_dataset\\urdf_files\\random\\robot-assets\\ur10\\meshes\\ur10\\visual\\wrist2.dae"", ""D:\\CADtest\\papertest\\go_nogo1\\sources\\urdf_files_dataset\\urdf_files\\random\\robot-assets\\ur10\\meshes\\ur10\\visual\\wrist3.dae""]",ur10,random,https://github.com/ankurhanda/robot-assets/tree/12f1a3c89c9975194551afaed0dfae1e09fdb27c/urdfs/robots/ur10,robotic arm,D:\CADtest\papertest\go_nogo1\sources\urdf_files_dataset\urdf_files\random\robot-assets\ur10\ur10_robot.urdf,original,1.0,False
290,True,"{""fixed"": 4, ""revolute"": 6}",Universal Robots,8,True,6,7,1,10,11,7,8,3,7,7,UR5,1.0,,True,A,random\robot-assets\ur5\ur5_gripper.urdf,"{""relative"": 7}","[""D:\\CADtest\\papertest\\go_nogo1\\sources\\urdf_files_dataset\\urdf_files\\random\\robot-assets\\ur5\\meshes\\ur5\\visual\\base.dae"", ""D:\\CADtest\\papertest\\go_nogo1\\sources\\urdf_files_dataset\\urdf_files\\random\\robot-assets\\ur5\\meshes\\ur5\\visual\\forearm.dae"", ""D:\\CADtest\\papertest\\go_nogo1\\sources\\urdf_files_dataset\\urdf_files\\random\\robot-assets\\ur5\\meshes\\ur5\\visual\\shoulder.dae"", ""D:\\CADtest\\papertest\\go_nogo1\\sources\\urdf_files_dataset\\urdf_files\\random\\robot-assets\\ur5\\meshes\\ur5\\visual\\upperarm.dae"", ""D:\\CADtest\\papertest\\go_nogo1\\sources\\urdf_files_dataset\\urdf_files\\random\\robot-assets\\ur5\\meshes\\ur5\\visual\\wrist1.dae"", ""D:\\CADtest\\papertest\\go_nogo1\\sources\\urdf_files_dataset\\urdf_files\\random\\robot-assets\\ur5\\meshes\\ur5\\visual\\wrist2.dae"", ""D:\\CADtest\\papertest\\go_nogo1\\sources\\urdf_files_dataset\\urdf_files\\random\\robot-assets\\ur5\\meshes\\ur5\\visual\\wrist3.dae""]",ur5,random,https://github.com/ankurhanda/robot-assets/tree/12f1a3c89c9975194551afaed0dfae1e09fdb27c/urdfs/robots/ur5,robotic arm,D:\CADtest\papertest\go_nogo1\sources\urdf_files_dataset\urdf_files\random\robot-assets\ur5\ur5_gripper.urdf,joint limited,1.0,False
291,True,"{""revolute"": 16}",NASA,7,True,16,16,1,16,17,16,16,0,16,16,Valkyrie,0.941176,,True,A,random\robot-assets\val_description\model\robots\forearm_left.urdf,"{""ancestor_suffix"": 16}","[""D:\\CADtest\\papertest\\go_nogo1\\sources\\urdf_files_dataset\\urdf_files\\random\\robot-assets\\val_description\\model\\meshes\\arms\\aj5_right.dae"", ""D:\\CADtest\\papertest\\go_nogo1\\sources\\urdf_files_dataset\\urdf_files\\random\\robot-assets\\val_description\\model\\meshes\\arms\\aj6_right.dae"", ""D:\\CADtest\\papertest\\go_nogo1\\sources\\urdf_files_dataset\\urdf_files\\random\\robot-assets\\val_description\\model\\meshes\\arms\\palm_right.dae"", ""D:\\CADtest\\papertest\\go_nogo1\\sources\\urdf_files_dataset\\urdf_files\\random\\robot-assets\\val_description\\model\\meshes\\fingers\\indexj1_right.dae"", ""D:\\CADtest\\papertest\\go_nogo1\\sources\\urdf_files_dataset\\urdf_files\\random\\robot-assets\\val_description\\model\\meshes\\fingers\\indexj2_right.dae"", ""D:\\CADtest\\papertest\\go_nogo1\\sources\\urdf_files_dataset\\urdf_files\\random\\robot-assets\\val_description\\model\\meshes\\fingers\\indexj3_right.dae"", ""D:\\CADtest\\papertest\\go_nogo1\\sources\\urdf_files_dataset\\urdf_files\\random\\robot-assets\\val_description\\model\\meshes\\fingers\\middlej1_right.dae"", ""D:\\CADtest\\papertest\\go_nogo1\\sources\\urdf_files_dataset\\urdf_files\\random\\robot-assets\\val_description\\model\\meshes\\fingers\\middlej2_right.dae"", ""D:\\CADtest\\papertest\\go_nogo1\\sources\\urdf_files_dataset\\urdf_files\\random\\robot-assets\\val_description\\model\\meshes\\fingers\\middlej3_right.dae"", ""D:\\CADtest\\papertest\\go_nogo1\\sources\\urdf_files_dataset\\urdf_files\\random\\robot-assets\\val_description\\model\\meshes\\fingers\\pinkyj1_right.dae"", ""D:\\CADtest\\papertest\\go_nogo1\\sources\\urdf_files_dataset\\urdf_files\\random\\robot-assets\\val_description\\model\\meshes\\fingers\\pinkyj2_right.dae"", ""D:\\CADtest\\papertest\\go_nogo1\\sources\\urdf_files_dataset\\urdf_files\\random\\robot-assets\\val_description\\model\\meshes\\fingers\\pinkyj3_right.dae"", ""D:\\CADtest\\papertest\\go_nogo1\\sources\\urdf_files_dataset\\urdf_files\\random\\robot-assets\\val_description\\model\\meshes\\fingers\\thumbj1_right.dae"", ""D:\\CADtest\\papertest\\go_nogo1\\sources\\urdf_files_dataset\\urdf_files\\random\\robot-assets\\val_description\\model\\meshes\\fingers\\thumbj2_right.dae"", ""D:\\CADtest\\papertest\\go_nogo1\\sources\\urdf_files_dataset\\urdf_files\\random\\robot-assets\\val_description\\model\\meshes\\fingers\\thumbj3_right.dae"", ""D:\\CADtest\\papertest\\go_nogo1\\sources\\urdf_files_dataset\\urdf_files\\random\\robot-assets\\val_description\\model\\meshes\\fingers\\thumbj4_right.dae""]",valkyrie,random,https://github.com/ankurhanda/robot-assets/tree/12f1a3c89c9975194551afaed0dfae1e09fdb27c/urdfs/robots/val_description/model,humanoid robot,D:\CADtest\papertest\go_nogo1\sources\urdf_files_dataset\urdf_files\random\robot-assets\val_description\model\robots\forearm_left.urdf,forearm left,1.0,False
292,True,"{""revolute"": 16}",NASA,7,True,16,16,1,16,17,16,16,0,16,16,Valkyrie,0.941176,,True,A,random\robot-assets\val_description\model\robots\forearm_right.urdf,"{""ancestor_suffix"": 16}","[""D:\\CADtest\\papertest\\go_nogo1\\sources\\urdf_files_dataset\\urdf_files\\random\\robot-assets\\val_description\\model\\meshes\\arms\\aj5_right.dae"", ""D:\\CADtest\\papertest\\go_nogo1\\sources\\urdf_files_dataset\\urdf_files\\random\\robot-assets\\val_description\\model\\meshes\\arms\\aj6_right.dae"", ""D:\\CADtest\\papertest\\go_nogo1\\sources\\urdf_files_dataset\\urdf_files\\random\\robot-assets\\val_description\\model\\meshes\\arms\\palm_right.dae"", ""D:\\CADtest\\papertest\\go_nogo1\\sources\\urdf_files_dataset\\urdf_files\\random\\robot-assets\\val_description\\model\\meshes\\fingers\\indexj1_right.dae"", ""D:\\CADtest\\papertest\\go_nogo1\\sources\\urdf_files_dataset\\urdf_files\\random\\robot-assets\\val_description\\model\\meshes\\fingers\\indexj2_right.dae"", ""D:\\CADtest\\papertest\\go_nogo1\\sources\\urdf_files_dataset\\urdf_files\\random\\robot-assets\\val_description\\model\\meshes\\fingers\\indexj3_right.dae"", ""D:\\CADtest\\papertest\\go_nogo1\\sources\\urdf_files_dataset\\urdf_files\\random\\robot-assets\\val_description\\model\\meshes\\fingers\\middlej1_right.dae"", ""D:\\CADtest\\papertest\\go_nogo1\\sources\\urdf_files_dataset\\urdf_files\\random\\robot-assets\\val_description\\model\\meshes\\fingers\\middlej2_right.dae"", ""D:\\CADtest\\papertest\\go_nogo1\\sources\\urdf_files_dataset\\urdf_files\\random\\robot-assets\\val_description\\model\\meshes\\fingers\\middlej3_right.dae"", ""D:\\CADtest\\papertest\\go_nogo1\\sources\\urdf_files_dataset\\urdf_files\\random\\robot-assets\\val_description\\model\\meshes\\fingers\\pinkyj1_right.dae"", ""D:\\CADtest\\papertest\\go_nogo1\\sources\\urdf_files_dataset\\urdf_files\\random\\robot-assets\\val_description\\model\\meshes\\fingers\\pinkyj2_right.dae"", ""D:\\CADtest\\papertest\\go_nogo1\\sources\\urdf_files_dataset\\urdf_files\\random\\robot-assets\\val_description\\model\\meshes\\fingers\\pinkyj3_right.dae"", ""D:\\CADtest\\papertest\\go_nogo1\\sources\\urdf_files_dataset\\urdf_files\\random\\robot-assets\\val_description\\model\\meshes\\fingers\\thumbj1_right.dae"", ""D:\\CADtest\\papertest\\go_nogo1\\sources\\urdf_files_dataset\\urdf_files\\random\\robot-assets\\val_description\\model\\meshes\\fingers\\thumbj2_right.dae"", ""D:\\CADtest\\papertest\\go_nogo1\\sources\\urdf_files_dataset\\urdf_files\\random\\robot-assets\\val_description\\model\\meshes\\fingers\\thumbj3_right.dae"", ""D:\\CADtest\\papertest\\go_nogo1\\sources\\urdf_files_dataset\\urdf_files\\random\\robot-assets\\val_description\\model\\meshes\\fingers\\thumbj4_right.dae""]",valkyrie,random,https://github.com/ankurhanda/robot-assets/tree/12f1a3c89c9975194551afaed0dfae1e09fdb27c/urdfs/robots/val_description/model,humanoid robot,D:\CADtest\papertest\go_nogo1\sources\urdf_files_dataset\urdf_files\random\robot-assets\val_description\model\robots\forearm_right.urdf,forearm right,1.0,False
94,False,{},unknown,0,True,0,0,0,0,0,0,0,0,0,0,imu test,0.0,,True,C,random\robot-assets\val_description\model\robots\imu_test.urdf,{},[],valkyrie,random,https://github.com/ankurhanda/robot-assets/tree/12f1a3c89c9975194551afaed0dfae1e09fdb27c/urdfs/robots/val_description/model,unknown,D:\CADtest\papertest\go_nogo1\sources\urdf_files_dataset\urdf_files\random\robot-assets\val_description\model\robots\imu_test.urdf,original,0.0,False
95,False,{},unknown,0,True,0,0,0,0,0,0,0,0,0,0,test bench,0.0,,True,C,random\robot-assets\val_description\model\robots\test_bench.urdf,{},[],valkyrie,random,https://github.com/ankurhanda/robot-assets/tree/12f1a3c89c9975194551afaed0dfae1e09fdb27c/urdfs/robots/val_description/model,unknown,D:\CADtest\papertest\go_nogo1\sources\urdf_files_dataset\urdf_files\random\robot-assets\val_description\model\robots\test_bench.urdf,original,0.0,False
293,True,"{""fixed"": 10, ""revolute"": 58}",NASA,14,True,58,55,1,68,69,57,57,0,57,57,Valkyrie,0.966102,,True,A,random\robot-assets\val_description\model\robots\valkyrie_A.urdf,"{""ancestor_suffix"": 57}","[""D:\\CADtest\\papertest\\go_nogo1\\sources\\urdf_files_dataset\\urdf_files\\random\\robot-assets\\val_description\\model\\meshes\\arms\\aj1_left.dae"", ""D:\\CADtest\\papertest\\go_nogo1\\sources\\urdf_files_dataset\\urdf_files\\random\\robot-assets\\val_description\\model\\meshes\\arms\\aj1_right.dae"", ""D:\\CADtest\\papertest\\go_nogo1\\sources\\urdf_files_dataset\\urdf_files\\random\\robot-assets\\val_description\\model\\meshes\\arms\\aj2_left.dae"", ""D:\\CADtest\\papertest\\go_nogo1\\sources\\urdf_files_dataset\\urdf_files\\random\\robot-assets\\val_description\\model\\meshes\\arms\\aj2_right.dae"", ""D:\\CADtest\\papertest\\go_nogo1\\sources\\urdf_files_dataset\\urdf_files\\random\\robot-assets\\val_description\\model\\meshes\\arms\\aj3_left.dae"", ""D:\\CADtest\\papertest\\go_nogo1\\sources\\urdf_files_dataset\\urdf_files\\random\\robot-assets\\val_description\\model\\meshes\\arms\\aj3_right.dae"", ""D:\\CADtest\\papertest\\go_nogo1\\sources\\urdf_files_dataset\\urdf_files\\random\\robot-assets\\val_description\\model\\meshes\\arms\\aj4_left.dae"", ""D:\\CADtest\\papertest\\go_nogo1\\sources\\urdf_files_dataset\\urdf_files\\random\\robot-assets\\val_description\\model\\meshes\\arms\\aj4_right.dae"", ""D:\\CADtest\\papertest\\go_nogo1\\sources\\urdf_files_dataset\\urdf_files\\random\\robot-assets\\val_description\\model\\meshes\\arms\\aj5_left.dae"", ""D:\\CADtest\\papertest\\go_nogo1\\sources\\urdf_files_dataset\\urdf_files\\random\\robot-assets\\val_description\\model\\meshes\\arms\\aj5_right.dae"", ""D:\\CADtest\\papertest\\go_nogo1\\sources\\urdf_files_dataset\\urdf_files\\random\\robot-assets\\val_description\\model\\meshes\\arms\\aj6_left.dae"", ""D:\\CADtest\\papertest\\go_nogo1\\sources\\urdf_files_dataset\\urdf_files\\random\\robot-assets\\val_description\\model\\meshes\\arms\\aj6_right.dae"", ""D:\\CADtest\\papertest\\go_nogo1\\sources\\urdf_files_dataset\\urdf_files\\random\\robot-assets\\val_description\\model\\meshes\\arms\\palm_left.dae"", ""D:\\CADtest\\papertest\\go_nogo1\\sources\\urdf_files_dataset\\urdf_files\\random\\robot-assets\\val_description\\model\\meshes\\arms\\palm_right.dae"", ""D:\\CADtest\\papertest\\go_nogo1\\sources\\urdf_files_dataset\\urdf_files\\random\\robot-assets\\val_description\\model\\meshes\\fingers\\indexj1_left.dae"", ""D:\\CADtest\\papertest\\go_nogo1\\sources\\urdf_files_dataset\\urdf_files\\random\\robot-assets\\val_description\\model\\meshes\\fingers\\indexj1_right.dae"", ""D:\\CADtest\\papertest\\go_nogo1\\sources\\urdf_files_dataset\\urdf_files\\random\\robot-assets\\val_description\\model\\meshes\\fingers\\indexj2_left.dae"", ""D:\\CADtest\\papertest\\go_nogo1\\sources\\urdf_files_dataset\\urdf_files\\random\\robot-assets\\val_description\\model\\meshes\\fingers\\indexj2_right.dae"", ""D:\\CADtest\\papertest\\go_nogo1\\sources\\urdf_files_dataset\\urdf_files\\random\\robot-assets\\val_description\\model\\meshes\\fingers\\indexj3_left.dae"", ""D:\\CADtest\\papertest\\go_nogo1\\sources\\urdf_files_dataset\\urdf_files\\random\\robot-assets\\val_description\\model\\meshes\\fingers\\indexj3_right.dae"", ""D:\\CADtest\\papertest\\go_nogo1\\sources\\urdf_files_dataset\\urdf_files\\random\\robot-assets\\val_description\\model\\meshes\\fingers\\middlej1_left.dae"", ""D:\\CADtest\\papertest\\go_nogo1\\sources\\urdf_files_dataset\\urdf_files\\random\\robot-assets\\val_description\\model\\meshes\\fingers\\middlej1_right.dae"", ""D:\\CADtest\\papertest\\go_nogo1\\sources\\urdf_files_dataset\\urdf_files\\random\\robot-assets\\val_description\\model\\meshes\\fingers\\middlej2_left.dae"", ""D:\\CADtest\\papertest\\go_nogo1\\sources\\urdf_files_dataset\\urdf_files\\random\\robot-assets\\val_description\\model\\meshes\\fingers\\middlej2_right.dae"", ""D:\\CADtest\\papertest\\go_nogo1\\sources\\urdf_files_dataset\\urdf_files\\random\\robot-assets\\val_description\\model\\meshes\\fingers\\middlej3_left.dae"", ""D:\\CADtest\\papertest\\go_nogo1\\sources\\urdf_files_dataset\\urdf_files\\random\\robot-assets\\val_description\\model\\meshes\\fingers\\middlej3_right.dae"", ""D:\\CADtest\\papertest\\go_nogo1\\sources\\urdf_files_dataset\\urdf_files\\random\\robot-assets\\val_description\\model\\meshes\\fingers\\pinkyj1_left.dae"", ""D:\\CADtest\\papertest\\go_nogo1\\sources\\urdf_files_dataset\\urdf_files\\random\\robot-assets\\val_description\\model\\meshes\\fingers\\pinkyj1_right.dae"", ""D:\\CADtest\\papertest\\go_nogo1\\sources\\urdf_files_dataset\\urdf_files\\random\\robot-assets\\val_description\\model\\meshes\\fingers\\pinkyj2_left.dae"", ""D:\\CADtest\\papertest\\go_nogo1\\sources\\urdf_files_dataset\\urdf_files\\random\\robot-assets\\val_description\\model\\meshes\\fingers\\pinkyj2_right.dae"", ""D:\\CADtest\\papertest\\go_nogo1\\sources\\urdf_files_dataset\\urdf_files\\random\\robot-assets\\val_description\\model\\meshes\\fingers\\pinkyj3_left.dae"", ""D:\\CADtest\\papertest\\go_nogo1\\sources\\urdf_files_dataset\\urdf_files\\random\\robot-assets\\val_description\\model\\meshes\\fingers\\pinkyj3_right.dae"", ""D:\\CADtest\\papertest\\go_nogo1\\sources\\urdf_files_dataset\\urdf_files\\random\\robot-assets\\val_description\\model\\meshes\\fingers\\thumbj1_left.dae"", ""D:\\CADtest\\papertest\\go_nogo1\\sources\\urdf_files_dataset\\urdf_files\\random\\robot-assets\\val_description\\model\\meshes\\fingers\\thumbj1_right.dae"", ""D:\\CADtest\\papertest\\go_nogo1\\sources\\urdf_files_dataset\\urdf_files\\random\\robot-assets\\val_description\\model\\meshes\\fingers\\thumbj2_left.dae"", ""D:\\CADtest\\papertest\\go_nogo1\\sources\\urdf_files_dataset\\urdf_files\\random\\robot-assets\\val_description\\model\\meshes\\fingers\\thumbj2_right.dae"", ""D:\\CADtest\\papertest\\go_nogo1\\sources\\urdf_files_dataset\\urdf_files\\random\\robot-assets\\val_description\\model\\meshes\\fingers\\thumbj3_left.dae"", ""D:\\CADtest\\papertest\\go_nogo1\\sources\\urdf_files_dataset\\urdf_files\\random\\robot-assets\\val_description\\model\\meshes\\fingers\\thumbj3_right.dae"", ""D:\\CADtest\\papertest\\go_nogo1\\sources\\urdf_files_dataset\\urdf_files\\random\\robot-assets\\val_description\\model\\meshes\\fingers\\thumbj4_left.dae"", ""D:\\CADtest\\papertest\\go_nogo1\\sources\\urdf_files_dataset\\urdf_files\\random\\robot-assets\\val_description\\model\\meshes\\fingers\\thumbj4_right.dae"", ""D:\\CADtest\\papertest\\go_nogo1\\sources\\urdf_files_dataset\\urdf_files\\random\\robot-assets\\val_description\\model\\meshes\\head\\head_multisense_no_visor.dae"", ""D:\\CADtest\\papertest\\go_nogo1\\sources\\urdf_files_dataset\\urdf_files\\random\\robot-assets\\val_description\\model\\meshes\\head\\neckj1.dae"", ""D:\\CADtest\\papertest\\go_nogo1\\sources\\urdf_files_dataset\\urdf_files\\random\\robot-assets\\val_description\\model\\meshes\\head\\neckj2.dae"", ""D:\\CADtest\\papertest\\go_nogo1\\sources\\urdf_files_dataset\\urdf_files\\random\\robot-assets\\val_description\\model\\meshes\\legs\\foot.dae"", ""D:\\CADtest\\papertest\\go_nogo1\\sources\\urdf_files_dataset\\urdf_files\\random\\robot-assets\\val_description\\model\\meshes\\legs\\lj1_left.dae"", ""D:\\CADtest\\papertest\\go_nogo1\\sources\\urdf_files_dataset\\urdf_files\\random\\robot-assets\\val_description\\model\\meshes\\legs\\lj1_right.dae"", ""D:\\CADtest\\papertest\\go_nogo1\\sources\\urdf_files_dataset\\urdf_files\\random\\robot-assets\\val_description\\model\\meshes\\legs\\lj3_left.dae"", ""D:\\CADtest\\papertest\\go_nogo1\\sources\\urdf_files_dataset\\urdf_files\\random\\robot-assets\\val_description\\model\\meshes\\legs\\lj3_right.dae"", ""D:\\CADtest\\papertest\\go_nogo1\\sources\\urdf_files_dataset\\urdf_files\\random\\robot-assets\\val_description\\model\\meshes\\legs\\lj4_left.dae"", ""D:\\CADtest\\papertest\\go_nogo1\\sources\\urdf_files_dataset\\urdf_files\\random\\robot-assets\\val_description\\model\\meshes\\legs\\lj4_right.dae"", ""D:\\CADtest\\papertest\\go_nogo1\\sources\\urdf_files_dataset\\urdf_files\\random\\robot-assets\\val_description\\model\\meshes\\legs\\lj5.dae"", ""D:\\CADtest\\papertest\\go_nogo1\\sources\\urdf_files_dataset\\urdf_files\\random\\robot-assets\\val_description\\model\\meshes\\pelvis\\pelvis.dae"", ""D:\\CADtest\\papertest\\go_nogo1\\sources\\urdf_files_dataset\\urdf_files\\random\\robot-assets\\val_description\\model\\meshes\\torso\\torso.dae"", ""D:\\CADtest\\papertest\\go_nogo1\\sources\\urdf_files_dataset\\urdf_files\\random\\robot-assets\\val_description\\model\\meshes\\torso\\torsopitch.dae"", ""D:\\CADtest\\papertest\\go_nogo1\\sources\\urdf_files_dataset\\urdf_files\\random\\robot-assets\\val_description\\model\\meshes\\torso\\torsoyaw.dae""]",valkyrie,random,https://github.com/ankurhanda/robot-assets/tree/12f1a3c89c9975194551afaed0dfae1e09fdb27c/urdfs/robots/val_description/model,humanoid robot,D:\CADtest\papertest\go_nogo1\sources\urdf_files_dataset\urdf_files\random\robot-assets\val_description\model\robots\valkyrie_A.urdf,A,1.0,False
294,True,"{""fixed"": 10, ""revolute"": 26}",NASA,7,True,26,23,1,36,37,25,25,0,25,25,Valkyrie,0.925926,,True,A,random\robot-assets\val_description\model\robots\valkyrie_A_arm_mass_sims.urdf,"{""ancestor_suffix"": 25}","[""D:\\CADtest\\papertest\\go_nogo1\\sources\\urdf_files_dataset\\urdf_files\\random\\robot-assets\\val_description\\model\\meshes\\arms\\aj1_left.dae"", ""D:\\CADtest\\papertest\\go_nogo1\\sources\\urdf_files_dataset\\urdf_files\\random\\robot-assets\\val_description\\model\\meshes\\arms\\aj1_right.dae"", ""D:\\CADtest\\papertest\\go_nogo1\\sources\\urdf_files_dataset\\urdf_files\\random\\robot-assets\\val_description\\model\\meshes\\arms\\aj2_left.dae"", ""D:\\CADtest\\papertest\\go_nogo1\\sources\\urdf_files_dataset\\urdf_files\\random\\robot-assets\\val_description\\model\\meshes\\arms\\aj2_right.dae"", ""D:\\CADtest\\papertest\\go_nogo1\\sources\\urdf_files_dataset\\urdf_files\\random\\robot-assets\\val_description\\model\\meshes\\arms\\aj3_left.dae"", ""D:\\CADtest\\papertest\\go_nogo1\\sources\\urdf_files_dataset\\urdf_files\\random\\robot-assets\\val_description\\model\\meshes\\arms\\aj3_right.dae"", ""D:\\CADtest\\papertest\\go_nogo1\\sources\\urdf_files_dataset\\urdf_files\\random\\robot-assets\\val_description\\model\\meshes\\arms\\left_elbow_mass_sim.dae"", ""D:\\CADtest\\papertest\\go_nogo1\\sources\\urdf_files_dataset\\urdf_files\\random\\robot-assets\\val_description\\model\\meshes\\arms\\right_elbow_mass_sim.dae"", ""D:\\CADtest\\papertest\\go_nogo1\\sources\\urdf_files_dataset\\urdf_files\\random\\robot-assets\\val_description\\model\\meshes\\head\\head_multisense_no_visor.dae"", ""D:\\CADtest\\papertest\\go_nogo1\\sources\\urdf_files_dataset\\urdf_files\\random\\robot-assets\\val_description\\model\\meshes\\head\\neckj1.dae"", ""D:\\CADtest\\papertest\\go_nogo1\\sources\\urdf_files_dataset\\urdf_files\\random\\robot-assets\\val_description\\model\\meshes\\head\\neckj2.dae"", ""D:\\CADtest\\papertest\\go_nogo1\\sources\\urdf_files_dataset\\urdf_files\\random\\robot-assets\\val_description\\model\\meshes\\legs\\foot.dae"", ""D:\\CADtest\\papertest\\go_nogo1\\sources\\urdf_files_dataset\\urdf_files\\random\\robot-assets\\val_description\\model\\meshes\\legs\\lj1_left.dae"", ""D:\\CADtest\\papertest\\go_nogo1\\sources\\urdf_files_dataset\\urdf_files\\random\\robot-assets\\val_description\\model\\meshes\\legs\\lj1_right.dae"", ""D:\\CADtest\\papertest\\go_nogo1\\sources\\urdf_files_dataset\\urdf_files\\random\\robot-assets\\val_description\\model\\meshes\\legs\\lj3_left.dae"", ""D:\\CADtest\\papertest\\go_nogo1\\sources\\urdf_files_dataset\\urdf_files\\random\\robot-assets\\val_description\\model\\meshes\\legs\\lj3_right.dae"", ""D:\\CADtest\\papertest\\go_nogo1\\sources\\urdf_files_dataset\\urdf_files\\random\\robot-assets\\val_description\\model\\meshes\\legs\\lj4_left.dae"", ""D:\\CADtest\\papertest\\go_nogo1\\sources\\urdf_files_dataset\\urdf_files\\random\\robot-assets\\val_description\\model\\meshes\\legs\\lj4_right.dae"", ""D:\\CADtest\\papertest\\go_nogo1\\sources\\urdf_files_dataset\\urdf_files\\random\\robot-assets\\val_description\\model\\meshes\\legs\\lj5.dae"", ""D:\\CADtest\\papertest\\go_nogo1\\sources\\urdf_files_dataset\\urdf_files\\random\\robot-assets\\val_description\\model\\meshes\\pelvis\\pelvis.dae"", ""D:\\CADtest\\papertest\\go_nogo1\\sources\\urdf_files_dataset\\urdf_files\\random\\robot-assets\\val_description\\model\\meshes\\torso\\torso.dae"", ""D:\\CADtest\\papertest\\go_nogo1\\sources\\urdf_files_dataset\\urdf_files\\random\\robot-assets\\val_description\\model\\meshes\\torso\\torsopitch.dae"", ""D:\\CADtest\\papertest\\go_nogo1\\sources\\urdf_files_dataset\\urdf_files\\random\\robot-assets\\val_description\\model\\meshes\\torso\\torsoyaw.dae""]",valkyrie,random,https://github.com/ankurhanda/robot-assets/tree/12f1a3c89c9975194551afaed0dfae1e09fdb27c/urdfs/robots/val_description/model,humanoid robot,D:\CADtest\papertest\go_nogo1\sources\urdf_files_dataset\urdf_files\random\robot-assets\val_description\model\robots\valkyrie_A_arm_mass_sims.urdf,A arm mass sims,1.0,False
295,True,"{""fixed"": 10, ""revolute"": 58}",NASA,14,True,58,55,1,68,69,57,57,0,57,57,Valkyrie,0.966102,,True,A,random\robot-assets\val_description\model\robots\valkyrie_B.urdf,"{""ancestor_suffix"": 57}","[""D:\\CADtest\\papertest\\go_nogo1\\sources\\urdf_files_dataset\\urdf_files\\random\\robot-assets\\val_description\\model\\meshes\\arms\\aj1_left.dae"", ""D:\\CADtest\\papertest\\go_nogo1\\sources\\urdf_files_dataset\\urdf_files\\random\\robot-assets\\val_description\\model\\meshes\\arms\\aj1_right.dae"", ""D:\\CADtest\\papertest\\go_nogo1\\sources\\urdf_files_dataset\\urdf_files\\random\\robot-assets\\val_description\\model\\meshes\\arms\\aj2_left.dae"", ""D:\\CADtest\\papertest\\go_nogo1\\sources\\urdf_files_dataset\\urdf_files\\random\\robot-assets\\val_description\\model\\meshes\\arms\\aj2_right.dae"", ""D:\\CADtest\\papertest\\go_nogo1\\sources\\urdf_files_dataset\\urdf_files\\random\\robot-assets\\val_description\\model\\meshes\\arms\\aj3_left.dae"", ""D:\\CADtest\\papertest\\go_nogo1\\sources\\urdf_files_dataset\\urdf_files\\random\\robot-assets\\val_description\\model\\meshes\\arms\\aj3_right.dae"", ""D:\\CADtest\\papertest\\go_nogo1\\sources\\urdf_files_dataset\\urdf_files\\random\\robot-assets\\val_description\\model\\meshes\\arms\\aj4_left.dae"", ""D:\\CADtest\\papertest\\go_nogo1\\sources\\urdf_files_dataset\\urdf_files\\random\\robot-assets\\val_description\\model\\meshes\\arms\\aj4_right.dae"", ""D:\\CADtest\\papertest\\go_nogo1\\sources\\urdf_files_dataset\\urdf_files\\random\\robot-assets\\val_description\\model\\meshes\\arms\\aj5_left.dae"", ""D:\\CADtest\\papertest\\go_nogo1\\sources\\urdf_files_dataset\\urdf_files\\random\\robot-assets\\val_description\\model\\meshes\\arms\\aj5_right.dae"", ""D:\\CADtest\\papertest\\go_nogo1\\sources\\urdf_files_dataset\\urdf_files\\random\\robot-assets\\val_description\\model\\meshes\\arms\\aj6_left.dae"", ""D:\\CADtest\\papertest\\go_nogo1\\sources\\urdf_files_dataset\\urdf_files\\random\\robot-assets\\val_description\\model\\meshes\\arms\\aj6_right.dae"", ""D:\\CADtest\\papertest\\go_nogo1\\sources\\urdf_files_dataset\\urdf_files\\random\\robot-assets\\val_description\\model\\meshes\\arms\\palm_left.dae"", ""D:\\CADtest\\papertest\\go_nogo1\\sources\\urdf_files_dataset\\urdf_files\\random\\robot-assets\\val_description\\model\\meshes\\arms\\palm_right.dae"", ""D:\\CADtest\\papertest\\go_nogo1\\sources\\urdf_files_dataset\\urdf_files\\random\\robot-assets\\val_description\\model\\meshes\\fingers\\indexj1_left.dae"", ""D:\\CADtest\\papertest\\go_nogo1\\sources\\urdf_files_dataset\\urdf_files\\random\\robot-assets\\val_description\\model\\meshes\\fingers\\indexj1_right.dae"", ""D:\\CADtest\\papertest\\go_nogo1\\sources\\urdf_files_dataset\\urdf_files\\random\\robot-assets\\val_description\\model\\meshes\\fingers\\indexj2_left.dae"", ""D:\\CADtest\\papertest\\go_nogo1\\sources\\urdf_files_dataset\\urdf_files\\random\\robot-assets\\val_description\\model\\meshes\\fingers\\indexj2_right.dae"", ""D:\\CADtest\\papertest\\go_nogo1\\sources\\urdf_files_dataset\\urdf_files\\random\\robot-assets\\val_description\\model\\meshes\\fingers\\indexj3_left.dae"", ""D:\\CADtest\\papertest\\go_nogo1\\sources\\urdf_files_dataset\\urdf_files\\random\\robot-assets\\val_description\\model\\meshes\\fingers\\indexj3_right.dae"", ""D:\\CADtest\\papertest\\go_nogo1\\sources\\urdf_files_dataset\\urdf_files\\random\\robot-assets\\val_description\\model\\meshes\\fingers\\middlej1_left.dae"", ""D:\\CADtest\\papertest\\go_nogo1\\sources\\urdf_files_dataset\\urdf_files\\random\\robot-assets\\val_description\\model\\meshes\\fingers\\middlej1_right.dae"", ""D:\\CADtest\\papertest\\go_nogo1\\sources\\urdf_files_dataset\\urdf_files\\random\\robot-assets\\val_description\\model\\meshes\\fingers\\middlej2_left.dae"", ""D:\\CADtest\\papertest\\go_nogo1\\sources\\urdf_files_dataset\\urdf_files\\random\\robot-assets\\val_description\\model\\meshes\\fingers\\middlej2_right.dae"", ""D:\\CADtest\\papertest\\go_nogo1\\sources\\urdf_files_dataset\\urdf_files\\random\\robot-assets\\val_description\\model\\meshes\\fingers\\middlej3_left.dae"", ""D:\\CADtest\\papertest\\go_nogo1\\sources\\urdf_files_dataset\\urdf_files\\random\\robot-assets\\val_description\\model\\meshes\\fingers\\middlej3_right.dae"", ""D:\\CADtest\\papertest\\go_nogo1\\sources\\urdf_files_dataset\\urdf_files\\random\\robot-assets\\val_description\\model\\meshes\\fingers\\pinkyj1_left.dae"", ""D:\\CADtest\\papertest\\go_nogo1\\sources\\urdf_files_dataset\\urdf_files\\random\\robot-assets\\val_description\\model\\meshes\\fingers\\pinkyj1_right.dae"", ""D:\\CADtest\\papertest\\go_nogo1\\sources\\urdf_files_dataset\\urdf_files\\random\\robot-assets\\val_description\\model\\meshes\\fingers\\pinkyj2_left.dae"", ""D:\\CADtest\\papertest\\go_nogo1\\sources\\urdf_files_dataset\\urdf_files\\random\\robot-assets\\val_description\\model\\meshes\\fingers\\pinkyj2_right.dae"", ""D:\\CADtest\\papertest\\go_nogo1\\sources\\urdf_files_dataset\\urdf_files\\random\\robot-assets\\val_description\\model\\meshes\\fingers\\pinkyj3_left.dae"", ""D:\\CADtest\\papertest\\go_nogo1\\sources\\urdf_files_dataset\\urdf_files\\random\\robot-assets\\val_description\\model\\meshes\\fingers\\pinkyj3_right.dae"", ""D:\\CADtest\\papertest\\go_nogo1\\sources\\urdf_files_dataset\\urdf_files\\random\\robot-assets\\val_description\\model\\meshes\\fingers\\thumbj1_left.dae"", ""D:\\CADtest\\papertest\\go_nogo1\\sources\\urdf_files_dataset\\urdf_files\\random\\robot-assets\\val_description\\model\\meshes\\fingers\\thumbj1_right.dae"", ""D:\\CADtest\\papertest\\go_nogo1\\sources\\urdf_files_dataset\\urdf_files\\random\\robot-assets\\val_description\\model\\meshes\\fingers\\thumbj2_left.dae"", ""D:\\CADtest\\papertest\\go_nogo1\\sources\\urdf_files_dataset\\urdf_files\\random\\robot-assets\\val_description\\model\\meshes\\fingers\\thumbj2_right.dae"", ""D:\\CADtest\\papertest\\go_nogo1\\sources\\urdf_files_dataset\\urdf_files\\random\\robot-assets\\val_description\\model\\meshes\\fingers\\thumbj3_left.dae"", ""D:\\CADtest\\papertest\\go_nogo1\\sources\\urdf_files_dataset\\urdf_files\\random\\robot-assets\\val_description\\model\\meshes\\fingers\\thumbj3_right.dae"", ""D:\\CADtest\\papertest\\go_nogo1\\sources\\urdf_files_dataset\\urdf_files\\random\\robot-assets\\val_description\\model\\meshes\\fingers\\thumbj4_left.dae"", ""D:\\CADtest\\papertest\\go_nogo1\\sources\\urdf_files_dataset\\urdf_files\\random\\robot-assets\\val_description\\model\\meshes\\fingers\\thumbj4_right.dae"", ""D:\\CADtest\\papertest\\go_nogo1\\sources\\urdf_files_dataset\\urdf_files\\random\\robot-assets\\val_description\\model\\meshes\\head\\head_multisense_no_visor.dae"", ""D:\\CADtest\\papertest\\go_nogo1\\sources\\urdf_files_dataset\\urdf_files\\random\\robot-assets\\val_description\\model\\meshes\\head\\neckj1.dae"", ""D:\\CADtest\\papertest\\go_nogo1\\sources\\urdf_files_dataset\\urdf_files\\random\\robot-assets\\val_description\\model\\meshes\\head\\neckj2.dae"", ""D:\\CADtest\\papertest\\go_nogo1\\sources\\urdf_files_dataset\\urdf_files\\random\\robot-assets\\val_description\\model\\meshes\\legs\\foot.dae"", ""D:\\CADtest\\papertest\\go_nogo1\\sources\\urdf_files_dataset\\urdf_files\\random\\robot-assets\\val_description\\model\\meshes\\legs\\lj1_left.dae"", ""D:\\CADtest\\papertest\\go_nogo1\\sources\\urdf_files_dataset\\urdf_files\\random\\robot-assets\\val_description\\model\\meshes\\legs\\lj1_right.dae"", ""D:\\CADtest\\papertest\\go_nogo1\\sources\\urdf_files_dataset\\urdf_files\\random\\robot-assets\\val_description\\model\\meshes\\legs\\lj3_left.dae"", ""D:\\CADtest\\papertest\\go_nogo1\\sources\\urdf_files_dataset\\urdf_files\\random\\robot-assets\\val_description\\model\\meshes\\legs\\lj3_right.dae"", ""D:\\CADtest\\papertest\\go_nogo1\\sources\\urdf_files_dataset\\urdf_files\\random\\robot-assets\\val_description\\model\\meshes\\legs\\lj4_left.dae"", ""D:\\CADtest\\papertest\\go_nogo1\\sources\\urdf_files_dataset\\urdf_files\\random\\robot-assets\\val_description\\model\\meshes\\legs\\lj4_right.dae"", ""D:\\CADtest\\papertest\\go_nogo1\\sources\\urdf_files_dataset\\urdf_files\\random\\robot-assets\\val_description\\model\\meshes\\legs\\lj5.dae"", ""D:\\CADtest\\papertest\\go_nogo1\\sources\\urdf_files_dataset\\urdf_files\\random\\robot-assets\\val_description\\model\\meshes\\pelvis\\pelvis.dae"", ""D:\\CADtest\\papertest\\go_nogo1\\sources\\urdf_files_dataset\\urdf_files\\random\\robot-assets\\val_description\\model\\meshes\\torso\\torso.dae"", ""D:\\CADtest\\papertest\\go_nogo1\\sources\\urdf_files_dataset\\urdf_files\\random\\robot-assets\\val_description\\model\\meshes\\torso\\torsopitch.dae"", ""D:\\CADtest\\papertest\\go_nogo1\\sources\\urdf_files_dataset\\urdf_files\\random\\robot-assets\\val_description\\model\\meshes\\torso\\torsoyaw.dae""]",valkyrie,random,https://github.com/ankurhanda/robot-assets/tree/12f1a3c89c9975194551afaed0dfae1e09fdb27c/urdfs/robots/val_description/model,humanoid robot,D:\CADtest\papertest\go_nogo1\sources\urdf_files_dataset\urdf_files\random\robot-assets\val_description\model\robots\valkyrie_B.urdf,B,1.0,False
296,True,"{""fixed"": 10, ""revolute"": 26}",NASA,7,True,26,23,1,36,37,25,25,0,25,25,Valkyrie,0.925926,,True,A,random\robot-assets\val_description\model\robots\valkyrie_B_arm_mass_sims.urdf,"{""ancestor_suffix"": 25}","[""D:\\CADtest\\papertest\\go_nogo1\\sources\\urdf_files_dataset\\urdf_files\\random\\robot-assets\\val_description\\model\\meshes\\arms\\aj1_left.dae"", ""D:\\CADtest\\papertest\\go_nogo1\\sources\\urdf_files_dataset\\urdf_files\\random\\robot-assets\\val_description\\model\\meshes\\arms\\aj1_right.dae"", ""D:\\CADtest\\papertest\\go_nogo1\\sources\\urdf_files_dataset\\urdf_files\\random\\robot-assets\\val_description\\model\\meshes\\arms\\aj2_left.dae"", ""D:\\CADtest\\papertest\\go_nogo1\\sources\\urdf_files_dataset\\urdf_files\\random\\robot-assets\\val_description\\model\\meshes\\arms\\aj2_right.dae"", ""D:\\CADtest\\papertest\\go_nogo1\\sources\\urdf_files_dataset\\urdf_files\\random\\robot-assets\\val_description\\model\\meshes\\arms\\aj3_left.dae"", ""D:\\CADtest\\papertest\\go_nogo1\\sources\\urdf_files_dataset\\urdf_files\\random\\robot-assets\\val_description\\model\\meshes\\arms\\aj3_right.dae"", ""D:\\CADtest\\papertest\\go_nogo1\\sources\\urdf_files_dataset\\urdf_files\\random\\robot-assets\\val_description\\model\\meshes\\arms\\left_elbow_mass_sim.dae"", ""D:\\CADtest\\papertest\\go_nogo1\\sources\\urdf_files_dataset\\urdf_files\\random\\robot-assets\\val_description\\model\\meshes\\arms\\right_elbow_mass_sim.dae"", ""D:\\CADtest\\papertest\\go_nogo1\\sources\\urdf_files_dataset\\urdf_files\\random\\robot-assets\\val_description\\model\\meshes\\head\\head_multisense_no_visor.dae"", ""D:\\CADtest\\papertest\\go_nogo1\\sources\\urdf_files_dataset\\urdf_files\\random\\robot-assets\\val_description\\model\\meshes\\head\\neckj1.dae"", ""D:\\CADtest\\papertest\\go_nogo1\\sources\\urdf_files_dataset\\urdf_files\\random\\robot-assets\\val_description\\model\\meshes\\head\\neckj2.dae"", ""D:\\CADtest\\papertest\\go_nogo1\\sources\\urdf_files_dataset\\urdf_files\\random\\robot-assets\\val_description\\model\\meshes\\legs\\foot.dae"", ""D:\\CADtest\\papertest\\go_nogo1\\sources\\urdf_files_dataset\\urdf_files\\random\\robot-assets\\val_description\\model\\meshes\\legs\\lj1_left.dae"", ""D:\\CADtest\\papertest\\go_nogo1\\sources\\urdf_files_dataset\\urdf_files\\random\\robot-assets\\val_description\\model\\meshes\\legs\\lj1_right.dae"", ""D:\\CADtest\\papertest\\go_nogo1\\sources\\urdf_files_dataset\\urdf_files\\random\\robot-assets\\val_description\\model\\meshes\\legs\\lj3_left.dae"", ""D:\\CADtest\\papertest\\go_nogo1\\sources\\urdf_files_dataset\\urdf_files\\random\\robot-assets\\val_description\\model\\meshes\\legs\\lj3_right.dae"", ""D:\\CADtest\\papertest\\go_nogo1\\sources\\urdf_files_dataset\\urdf_files\\random\\robot-assets\\val_description\\model\\meshes\\legs\\lj4_left.dae"", ""D:\\CADtest\\papertest\\go_nogo1\\sources\\urdf_files_dataset\\urdf_files\\random\\robot-assets\\val_description\\model\\meshes\\legs\\lj4_right.dae"", ""D:\\CADtest\\papertest\\go_nogo1\\sources\\urdf_files_dataset\\urdf_files\\random\\robot-assets\\val_description\\model\\meshes\\legs\\lj5.dae"", ""D:\\CADtest\\papertest\\go_nogo1\\sources\\urdf_files_dataset\\urdf_files\\random\\robot-assets\\val_description\\model\\meshes\\pelvis\\pelvis.dae"", ""D:\\CADtest\\papertest\\go_nogo1\\sources\\urdf_files_dataset\\urdf_files\\random\\robot-assets\\val_description\\model\\meshes\\torso\\torso.dae"", ""D:\\CADtest\\papertest\\go_nogo1\\sources\\urdf_files_dataset\\urdf_files\\random\\robot-assets\\val_description\\model\\meshes\\torso\\torsopitch.dae"", ""D:\\CADtest\\papertest\\go_nogo1\\sources\\urdf_files_dataset\\urdf_files\\random\\robot-assets\\val_description\\model\\meshes\\torso\\torsoyaw.dae""]",valkyrie,random,https://github.com/ankurhanda/robot-assets/tree/12f1a3c89c9975194551afaed0dfae1e09fdb27c/urdfs/robots/val_description/model,humanoid robot,D:\CADtest\papertest\go_nogo1\sources\urdf_files_dataset\urdf_files\random\robot-assets\val_description\model\robots\valkyrie_B_arm_mass_sims.urdf,B arm mass sims,1.0,False
297,True,"{""fixed"": 10, ""revolute"": 58}",NASA,14,True,58,55,1,68,69,57,57,0,57,57,Valkyrie,0.966102,,True,A,random\robot-assets\val_description\model\robots\valkyrie_C.urdf,"{""ancestor_suffix"": 57}","[""D:\\CADtest\\papertest\\go_nogo1\\sources\\urdf_files_dataset\\urdf_files\\random\\robot-assets\\val_description\\model\\meshes\\arms\\aj1_left.dae"", ""D:\\CADtest\\papertest\\go_nogo1\\sources\\urdf_files_dataset\\urdf_files\\random\\robot-assets\\val_description\\model\\meshes\\arms\\aj1_right.dae"", ""D:\\CADtest\\papertest\\go_nogo1\\sources\\urdf_files_dataset\\urdf_files\\random\\robot-assets\\val_description\\model\\meshes\\arms\\aj2_left.dae"", ""D:\\CADtest\\papertest\\go_nogo1\\sources\\urdf_files_dataset\\urdf_files\\random\\robot-assets\\val_description\\model\\meshes\\arms\\aj2_right.dae"", ""D:\\CADtest\\papertest\\go_nogo1\\sources\\urdf_files_dataset\\urdf_files\\random\\robot-assets\\val_description\\model\\meshes\\arms\\aj3_left.dae"", ""D:\\CADtest\\papertest\\go_nogo1\\sources\\urdf_files_dataset\\urdf_files\\random\\robot-assets\\val_description\\model\\meshes\\arms\\aj3_right.dae"", ""D:\\CADtest\\papertest\\go_nogo1\\sources\\urdf_files_dataset\\urdf_files\\random\\robot-assets\\val_description\\model\\meshes\\arms\\aj4_left.dae"", ""D:\\CADtest\\papertest\\go_nogo1\\sources\\urdf_files_dataset\\urdf_files\\random\\robot-assets\\val_description\\model\\meshes\\arms\\aj4_right.dae"", ""D:\\CADtest\\papertest\\go_nogo1\\sources\\urdf_files_dataset\\urdf_files\\random\\robot-assets\\val_description\\model\\meshes\\arms\\aj5_left.dae"", ""D:\\CADtest\\papertest\\go_nogo1\\sources\\urdf_files_dataset\\urdf_files\\random\\robot-assets\\val_description\\model\\meshes\\arms\\aj5_right.dae"", ""D:\\CADtest\\papertest\\go_nogo1\\sources\\urdf_files_dataset\\urdf_files\\random\\robot-assets\\val_description\\model\\meshes\\arms\\aj6_left.dae"", ""D:\\CADtest\\papertest\\go_nogo1\\sources\\urdf_files_dataset\\urdf_files\\random\\robot-assets\\val_description\\model\\meshes\\arms\\aj6_right.dae"", ""D:\\CADtest\\papertest\\go_nogo1\\sources\\urdf_files_dataset\\urdf_files\\random\\robot-assets\\val_description\\model\\meshes\\arms\\palm_left.dae"", ""D:\\CADtest\\papertest\\go_nogo1\\sources\\urdf_files_dataset\\urdf_files\\random\\robot-assets\\val_description\\model\\meshes\\arms\\palm_right.dae"", ""D:\\CADtest\\papertest\\go_nogo1\\sources\\urdf_files_dataset\\urdf_files\\random\\robot-assets\\val_description\\model\\meshes\\fingers\\indexj1_left.dae"", ""D:\\CADtest\\papertest\\go_nogo1\\sources\\urdf_files_dataset\\urdf_files\\random\\robot-assets\\val_description\\model\\meshes\\fingers\\indexj1_right.dae"", ""D:\\CADtest\\papertest\\go_nogo1\\sources\\urdf_files_dataset\\urdf_files\\random\\robot-assets\\val_description\\model\\meshes\\fingers\\indexj2_left.dae"", ""D:\\CADtest\\papertest\\go_nogo1\\sources\\urdf_files_dataset\\urdf_files\\random\\robot-assets\\val_description\\model\\meshes\\fingers\\indexj2_right.dae"", ""D:\\CADtest\\papertest\\go_nogo1\\sources\\urdf_files_dataset\\urdf_files\\random\\robot-assets\\val_description\\model\\meshes\\fingers\\indexj3_left.dae"", ""D:\\CADtest\\papertest\\go_nogo1\\sources\\urdf_files_dataset\\urdf_files\\random\\robot-assets\\val_description\\model\\meshes\\fingers\\indexj3_right.dae"", ""D:\\CADtest\\papertest\\go_nogo1\\sources\\urdf_files_dataset\\urdf_files\\random\\robot-assets\\val_description\\model\\meshes\\fingers\\middlej1_left.dae"", ""D:\\CADtest\\papertest\\go_nogo1\\sources\\urdf_files_dataset\\urdf_files\\random\\robot-assets\\val_description\\model\\meshes\\fingers\\middlej1_right.dae"", ""D:\\CADtest\\papertest\\go_nogo1\\sources\\urdf_files_dataset\\urdf_files\\random\\robot-assets\\val_description\\model\\meshes\\fingers\\middlej2_left.dae"", ""D:\\CADtest\\papertest\\go_nogo1\\sources\\urdf_files_dataset\\urdf_files\\random\\robot-assets\\val_description\\model\\meshes\\fingers\\middlej2_right.dae"", ""D:\\CADtest\\papertest\\go_nogo1\\sources\\urdf_files_dataset\\urdf_files\\random\\robot-assets\\val_description\\model\\meshes\\fingers\\middlej3_left.dae"", ""D:\\CADtest\\papertest\\go_nogo1\\sources\\urdf_files_dataset\\urdf_files\\random\\robot-assets\\val_description\\model\\meshes\\fingers\\middlej3_right.dae"", ""D:\\CADtest\\papertest\\go_nogo1\\sources\\urdf_files_dataset\\urdf_files\\random\\robot-assets\\val_description\\model\\meshes\\fingers\\pinkyj1_left.dae"", ""D:\\CADtest\\papertest\\go_nogo1\\sources\\urdf_files_dataset\\urdf_files\\random\\robot-assets\\val_description\\model\\meshes\\fingers\\pinkyj1_right.dae"", ""D:\\CADtest\\papertest\\go_nogo1\\sources\\urdf_files_dataset\\urdf_files\\random\\robot-assets\\val_description\\model\\meshes\\fingers\\pinkyj2_left.dae"", ""D:\\CADtest\\papertest\\go_nogo1\\sources\\urdf_files_dataset\\urdf_files\\random\\robot-assets\\val_description\\model\\meshes\\fingers\\pinkyj2_right.dae"", ""D:\\CADtest\\papertest\\go_nogo1\\sources\\urdf_files_dataset\\urdf_files\\random\\robot-assets\\val_description\\model\\meshes\\fingers\\pinkyj3_left.dae"", ""D:\\CADtest\\papertest\\go_nogo1\\sources\\urdf_files_dataset\\urdf_files\\random\\robot-assets\\val_description\\model\\meshes\\fingers\\pinkyj3_right.dae"", ""D:\\CADtest\\papertest\\go_nogo1\\sources\\urdf_files_dataset\\urdf_files\\random\\robot-assets\\val_description\\model\\meshes\\fingers\\thumbj1_left.dae"", ""D:\\CADtest\\papertest\\go_nogo1\\sources\\urdf_files_dataset\\urdf_files\\random\\robot-assets\\val_description\\model\\meshes\\fingers\\thumbj1_right.dae"", ""D:\\CADtest\\papertest\\go_nogo1\\sources\\urdf_files_dataset\\urdf_files\\random\\robot-assets\\val_description\\model\\meshes\\fingers\\thumbj2_left.dae"", ""D:\\CADtest\\papertest\\go_nogo1\\sources\\urdf_files_dataset\\urdf_files\\random\\robot-assets\\val_description\\model\\meshes\\fingers\\thumbj2_right.dae"", ""D:\\CADtest\\papertest\\go_nogo1\\sources\\urdf_files_dataset\\urdf_files\\random\\robot-assets\\val_description\\model\\meshes\\fingers\\thumbj3_left.dae"", ""D:\\CADtest\\papertest\\go_nogo1\\sources\\urdf_files_dataset\\urdf_files\\random\\robot-assets\\val_description\\model\\meshes\\fingers\\thumbj3_right.dae"", ""D:\\CADtest\\papertest\\go_nogo1\\sources\\urdf_files_dataset\\urdf_files\\random\\robot-assets\\val_description\\model\\meshes\\fingers\\thumbj4_left.dae"", ""D:\\CADtest\\papertest\\go_nogo1\\sources\\urdf_files_dataset\\urdf_files\\random\\robot-assets\\val_description\\model\\meshes\\fingers\\thumbj4_right.dae"", ""D:\\CADtest\\papertest\\go_nogo1\\sources\\urdf_files_dataset\\urdf_files\\random\\robot-assets\\val_description\\model\\meshes\\head\\head_multisense_no_visor.dae"", ""D:\\CADtest\\papertest\\go_nogo1\\sources\\urdf_files_dataset\\urdf_files\\random\\robot-assets\\val_description\\model\\meshes\\head\\neckj1.dae"", ""D:\\CADtest\\papertest\\go_nogo1\\sources\\urdf_files_dataset\\urdf_files\\random\\robot-assets\\val_description\\model\\meshes\\head\\neckj2.dae"", ""D:\\CADtest\\papertest\\go_nogo1\\sources\\urdf_files_dataset\\urdf_files\\random\\robot-assets\\val_description\\model\\meshes\\legs\\foot.dae"", ""D:\\CADtest\\papertest\\go_nogo1\\sources\\urdf_files_dataset\\urdf_files\\random\\robot-assets\\val_description\\model\\meshes\\legs\\lj1_left.dae"", ""D:\\CADtest\\papertest\\go_nogo1\\sources\\urdf_files_dataset\\urdf_files\\random\\robot-assets\\val_description\\model\\meshes\\legs\\lj1_right.dae"", ""D:\\CADtest\\papertest\\go_nogo1\\sources\\urdf_files_dataset\\urdf_files\\random\\robot-assets\\val_description\\model\\meshes\\legs\\lj3_left.dae"", ""D:\\CADtest\\papertest\\go_nogo1\\sources\\urdf_files_dataset\\urdf_files\\random\\robot-assets\\val_description\\model\\meshes\\legs\\lj3_right.dae"", ""D:\\CADtest\\papertest\\go_nogo1\\sources\\urdf_files_dataset\\urdf_files\\random\\robot-assets\\val_description\\model\\meshes\\legs\\lj4_left.dae"", ""D:\\CADtest\\papertest\\go_nogo1\\sources\\urdf_files_dataset\\urdf_files\\random\\robot-assets\\val_description\\model\\meshes\\legs\\lj4_right.dae"", ""D:\\CADtest\\papertest\\go_nogo1\\sources\\urdf_files_dataset\\urdf_files\\random\\robot-assets\\val_description\\model\\meshes\\legs\\lj5.dae"", ""D:\\CADtest\\papertest\\go_nogo1\\sources\\urdf_files_dataset\\urdf_files\\random\\robot-assets\\val_description\\model\\meshes\\pelvis\\pelvis.dae"", ""D:\\CADtest\\papertest\\go_nogo1\\sources\\urdf_files_dataset\\urdf_files\\random\\robot-assets\\val_description\\model\\meshes\\torso\\torso.dae"", ""D:\\CADtest\\papertest\\go_nogo1\\sources\\urdf_files_dataset\\urdf_files\\random\\robot-assets\\val_description\\model\\meshes\\torso\\torsopitch.dae"", ""D:\\CADtest\\papertest\\go_nogo1\\sources\\urdf_files_dataset\\urdf_files\\random\\robot-assets\\val_description\\model\\meshes\\torso\\torsoyaw.dae""]",valkyrie,random,https://github.com/ankurhanda/robot-assets/tree/12f1a3c89c9975194551afaed0dfae1e09fdb27c/urdfs/robots/val_description/model,humanoid robot,D:\CADtest\papertest\go_nogo1\sources\urdf_files_dataset\urdf_files\random\robot-assets\val_description\model\robots\valkyrie_C.urdf,C,1.0,False
298,True,"{""fixed"": 10, ""revolute"": 26}",NASA,7,True,26,23,1,36,37,25,25,0,25,25,Valkyrie,0.925926,,True,A,random\robot-assets\val_description\model\robots\valkyrie_C_arm_mass_sims.urdf,"{""ancestor_suffix"": 25}","[""D:\\CADtest\\papertest\\go_nogo1\\sources\\urdf_files_dataset\\urdf_files\\random\\robot-assets\\val_description\\model\\meshes\\arms\\aj1_left.dae"", ""D:\\CADtest\\papertest\\go_nogo1\\sources\\urdf_files_dataset\\urdf_files\\random\\robot-assets\\val_description\\model\\meshes\\arms\\aj1_right.dae"", ""D:\\CADtest\\papertest\\go_nogo1\\sources\\urdf_files_dataset\\urdf_files\\random\\robot-assets\\val_description\\model\\meshes\\arms\\aj2_left.dae"", ""D:\\CADtest\\papertest\\go_nogo1\\sources\\urdf_files_dataset\\urdf_files\\random\\robot-assets\\val_description\\model\\meshes\\arms\\aj2_right.dae"", ""D:\\CADtest\\papertest\\go_nogo1\\sources\\urdf_files_dataset\\urdf_files\\random\\robot-assets\\val_description\\model\\meshes\\arms\\aj3_left.dae"", ""D:\\CADtest\\papertest\\go_nogo1\\sources\\urdf_files_dataset\\urdf_files\\random\\robot-assets\\val_description\\model\\meshes\\arms\\aj3_right.dae"", ""D:\\CADtest\\papertest\\go_nogo1\\sources\\urdf_files_dataset\\urdf_files\\random\\robot-assets\\val_description\\model\\meshes\\arms\\left_elbow_mass_sim.dae"", ""D:\\CADtest\\papertest\\go_nogo1\\sources\\urdf_files_dataset\\urdf_files\\random\\robot-assets\\val_description\\model\\meshes\\arms\\right_elbow_mass_sim.dae"", ""D:\\CADtest\\papertest\\go_nogo1\\sources\\urdf_files_dataset\\urdf_files\\random\\robot-assets\\val_description\\model\\meshes\\head\\head_multisense_no_visor.dae"", ""D:\\CADtest\\papertest\\go_nogo1\\sources\\urdf_files_dataset\\urdf_files\\random\\robot-assets\\val_description\\model\\meshes\\head\\neckj1.dae"", ""D:\\CADtest\\papertest\\go_nogo1\\sources\\urdf_files_dataset\\urdf_files\\random\\robot-assets\\val_description\\model\\meshes\\head\\neckj2.dae"", ""D:\\CADtest\\papertest\\go_nogo1\\sources\\urdf_files_dataset\\urdf_files\\random\\robot-assets\\val_description\\model\\meshes\\legs\\foot.dae"", ""D:\\CADtest\\papertest\\go_nogo1\\sources\\urdf_files_dataset\\urdf_files\\random\\robot-assets\\val_description\\model\\meshes\\legs\\lj1_left.dae"", ""D:\\CADtest\\papertest\\go_nogo1\\sources\\urdf_files_dataset\\urdf_files\\random\\robot-assets\\val_description\\model\\meshes\\legs\\lj1_right.dae"", ""D:\\CADtest\\papertest\\go_nogo1\\sources\\urdf_files_dataset\\urdf_files\\random\\robot-assets\\val_description\\model\\meshes\\legs\\lj3_left.dae"", ""D:\\CADtest\\papertest\\go_nogo1\\sources\\urdf_files_dataset\\urdf_files\\random\\robot-assets\\val_description\\model\\meshes\\legs\\lj3_right.dae"", ""D:\\CADtest\\papertest\\go_nogo1\\sources\\urdf_files_dataset\\urdf_files\\random\\robot-assets\\val_description\\model\\meshes\\legs\\lj4_left.dae"", ""D:\\CADtest\\papertest\\go_nogo1\\sources\\urdf_files_dataset\\urdf_files\\random\\robot-assets\\val_description\\model\\meshes\\legs\\lj4_right.dae"", ""D:\\CADtest\\papertest\\go_nogo1\\sources\\urdf_files_dataset\\urdf_files\\random\\robot-assets\\val_description\\model\\meshes\\legs\\lj5.dae"", ""D:\\CADtest\\papertest\\go_nogo1\\sources\\urdf_files_dataset\\urdf_files\\random\\robot-assets\\val_description\\model\\meshes\\pelvis\\pelvis.dae"", ""D:\\CADtest\\papertest\\go_nogo1\\sources\\urdf_files_dataset\\urdf_files\\random\\robot-assets\\val_description\\model\\meshes\\torso\\torso.dae"", ""D:\\CADtest\\papertest\\go_nogo1\\sources\\urdf_files_dataset\\urdf_files\\random\\robot-assets\\val_description\\model\\meshes\\torso\\torsopitch.dae"", ""D:\\CADtest\\papertest\\go_nogo1\\sources\\urdf_files_dataset\\urdf_files\\random\\robot-assets\\val_description\\model\\meshes\\torso\\torsoyaw.dae""]",valkyrie,random,https://github.com/ankurhanda/robot-assets/tree/12f1a3c89c9975194551afaed0dfae1e09fdb27c/urdfs/robots/val_description/model,humanoid robot,D:\CADtest\papertest\go_nogo1\sources\urdf_files_dataset\urdf_files\random\robot-assets\val_description\model\robots\valkyrie_C_arm_mass_sims.urdf,C arm mass sims,1.0,False
299,True,"{""fixed"": 10, ""revolute"": 58}",NASA,14,True,58,55,1,68,69,57,57,0,57,57,Valkyrie,0.966102,,True,A,random\robot-assets\val_description\model\robots\valkyrie_D.urdf,"{""ancestor_suffix"": 57}","[""D:\\CADtest\\papertest\\go_nogo1\\sources\\urdf_files_dataset\\urdf_files\\random\\robot-assets\\val_description\\model\\meshes\\arms\\aj1_left.dae"", ""D:\\CADtest\\papertest\\go_nogo1\\sources\\urdf_files_dataset\\urdf_files\\random\\robot-assets\\val_description\\model\\meshes\\arms\\aj1_right.dae"", ""D:\\CADtest\\papertest\\go_nogo1\\sources\\urdf_files_dataset\\urdf_files\\random\\robot-assets\\val_description\\model\\meshes\\arms\\aj2_left.dae"", ""D:\\CADtest\\papertest\\go_nogo1\\sources\\urdf_files_dataset\\urdf_files\\random\\robot-assets\\val_description\\model\\meshes\\arms\\aj2_right.dae"", ""D:\\CADtest\\papertest\\go_nogo1\\sources\\urdf_files_dataset\\urdf_files\\random\\robot-assets\\val_description\\model\\meshes\\arms\\aj3_left.dae"", ""D:\\CADtest\\papertest\\go_nogo1\\sources\\urdf_files_dataset\\urdf_files\\random\\robot-assets\\val_description\\model\\meshes\\arms\\aj3_right.dae"", ""D:\\CADtest\\papertest\\go_nogo1\\sources\\urdf_files_dataset\\urdf_files\\random\\robot-assets\\val_description\\model\\meshes\\arms\\aj4_left.dae"", ""D:\\CADtest\\papertest\\go_nogo1\\sources\\urdf_files_dataset\\urdf_files\\random\\robot-assets\\val_description\\model\\meshes\\arms\\aj4_right.dae"", ""D:\\CADtest\\papertest\\go_nogo1\\sources\\urdf_files_dataset\\urdf_files\\random\\robot-assets\\val_description\\model\\meshes\\arms\\aj5_left.dae"", ""D:\\CADtest\\papertest\\go_nogo1\\sources\\urdf_files_dataset\\urdf_files\\random\\robot-assets\\val_description\\model\\meshes\\arms\\aj5_right.dae"", ""D:\\CADtest\\papertest\\go_nogo1\\sources\\urdf_files_dataset\\urdf_files\\random\\robot-assets\\val_description\\model\\meshes\\arms\\aj6_left.dae"", ""D:\\CADtest\\papertest\\go_nogo1\\sources\\urdf_files_dataset\\urdf_files\\random\\robot-assets\\val_description\\model\\meshes\\arms\\aj6_right.dae"", ""D:\\CADtest\\papertest\\go_nogo1\\sources\\urdf_files_dataset\\urdf_files\\random\\robot-assets\\val_description\\model\\meshes\\arms\\palm_left.dae"", ""D:\\CADtest\\papertest\\go_nogo1\\sources\\urdf_files_dataset\\urdf_files\\random\\robot-assets\\val_description\\model\\meshes\\arms\\palm_right.dae"", ""D:\\CADtest\\papertest\\go_nogo1\\sources\\urdf_files_dataset\\urdf_files\\random\\robot-assets\\val_description\\model\\meshes\\fingers\\indexj1_left.dae"", ""D:\\CADtest\\papertest\\go_nogo1\\sources\\urdf_files_dataset\\urdf_files\\random\\robot-assets\\val_description\\model\\meshes\\fingers\\indexj1_right.dae"", ""D:\\CADtest\\papertest\\go_nogo1\\sources\\urdf_files_dataset\\urdf_files\\random\\robot-assets\\val_description\\model\\meshes\\fingers\\indexj2_left.dae"", ""D:\\CADtest\\papertest\\go_nogo1\\sources\\urdf_files_dataset\\urdf_files\\random\\robot-assets\\val_description\\model\\meshes\\fingers\\indexj2_right.dae"", ""D:\\CADtest\\papertest\\go_nogo1\\sources\\urdf_files_dataset\\urdf_files\\random\\robot-assets\\val_description\\model\\meshes\\fingers\\indexj3_left.dae"", ""D:\\CADtest\\papertest\\go_nogo1\\sources\\urdf_files_dataset\\urdf_files\\random\\robot-assets\\val_description\\model\\meshes\\fingers\\indexj3_right.dae"", ""D:\\CADtest\\papertest\\go_nogo1\\sources\\urdf_files_dataset\\urdf_files\\random\\robot-assets\\val_description\\model\\meshes\\fingers\\middlej1_left.dae"", ""D:\\CADtest\\papertest\\go_nogo1\\sources\\urdf_files_dataset\\urdf_files\\random\\robot-assets\\val_description\\model\\meshes\\fingers\\middlej1_right.dae"", ""D:\\CADtest\\papertest\\go_nogo1\\sources\\urdf_files_dataset\\urdf_files\\random\\robot-assets\\val_description\\model\\meshes\\fingers\\middlej2_left.dae"", ""D:\\CADtest\\papertest\\go_nogo1\\sources\\urdf_files_dataset\\urdf_files\\random\\robot-assets\\val_description\\model\\meshes\\fingers\\middlej2_right.dae"", ""D:\\CADtest\\papertest\\go_nogo1\\sources\\urdf_files_dataset\\urdf_files\\random\\robot-assets\\val_description\\model\\meshes\\fingers\\middlej3_left.dae"", ""D:\\CADtest\\papertest\\go_nogo1\\sources\\urdf_files_dataset\\urdf_files\\random\\robot-assets\\val_description\\model\\meshes\\fingers\\middlej3_right.dae"", ""D:\\CADtest\\papertest\\go_nogo1\\sources\\urdf_files_dataset\\urdf_files\\random\\robot-assets\\val_description\\model\\meshes\\fingers\\pinkyj1_left.dae"", ""D:\\CADtest\\papertest\\go_nogo1\\sources\\urdf_files_dataset\\urdf_files\\random\\robot-assets\\val_description\\model\\meshes\\fingers\\pinkyj1_right.dae"", ""D:\\CADtest\\papertest\\go_nogo1\\sources\\urdf_files_dataset\\urdf_files\\random\\robot-assets\\val_description\\model\\meshes\\fingers\\pinkyj2_left.dae"", ""D:\\CADtest\\papertest\\go_nogo1\\sources\\urdf_files_dataset\\urdf_files\\random\\robot-assets\\val_description\\model\\meshes\\fingers\\pinkyj2_right.dae"", ""D:\\CADtest\\papertest\\go_nogo1\\sources\\urdf_files_dataset\\urdf_files\\random\\robot-assets\\val_description\\model\\meshes\\fingers\\pinkyj3_left.dae"", ""D:\\CADtest\\papertest\\go_nogo1\\sources\\urdf_files_dataset\\urdf_files\\random\\robot-assets\\val_description\\model\\meshes\\fingers\\pinkyj3_right.dae"", ""D:\\CADtest\\papertest\\go_nogo1\\sources\\urdf_files_dataset\\urdf_files\\random\\robot-assets\\val_description\\model\\meshes\\fingers\\thumbj1_left.dae"", ""D:\\CADtest\\papertest\\go_nogo1\\sources\\urdf_files_dataset\\urdf_files\\random\\robot-assets\\val_description\\model\\meshes\\fingers\\thumbj1_right.dae"", ""D:\\CADtest\\papertest\\go_nogo1\\sources\\urdf_files_dataset\\urdf_files\\random\\robot-assets\\val_description\\model\\meshes\\fingers\\thumbj2_left.dae"", ""D:\\CADtest\\papertest\\go_nogo1\\sources\\urdf_files_dataset\\urdf_files\\random\\robot-assets\\val_description\\model\\meshes\\fingers\\thumbj2_right.dae"", ""D:\\CADtest\\papertest\\go_nogo1\\sources\\urdf_files_dataset\\urdf_files\\random\\robot-assets\\val_description\\model\\meshes\\fingers\\thumbj3_left.dae"", ""D:\\CADtest\\papertest\\go_nogo1\\sources\\urdf_files_dataset\\urdf_files\\random\\robot-assets\\val_description\\model\\meshes\\fingers\\thumbj3_right.dae"", ""D:\\CADtest\\papertest\\go_nogo1\\sources\\urdf_files_dataset\\urdf_files\\random\\robot-assets\\val_description\\model\\meshes\\fingers\\thumbj4_left.dae"", ""D:\\CADtest\\papertest\\go_nogo1\\sources\\urdf_files_dataset\\urdf_files\\random\\robot-assets\\val_description\\model\\meshes\\fingers\\thumbj4_right.dae"", ""D:\\CADtest\\papertest\\go_nogo1\\sources\\urdf_files_dataset\\urdf_files\\random\\robot-assets\\val_description\\model\\meshes\\head\\head_multisense_no_visor.dae"", ""D:\\CADtest\\papertest\\go_nogo1\\sources\\urdf_files_dataset\\urdf_files\\random\\robot-assets\\val_description\\model\\meshes\\head\\neckj1.dae"", ""D:\\CADtest\\papertest\\go_nogo1\\sources\\urdf_files_dataset\\urdf_files\\random\\robot-assets\\val_description\\model\\meshes\\head\\neckj2.dae"", ""D:\\CADtest\\papertest\\go_nogo1\\sources\\urdf_files_dataset\\urdf_files\\random\\robot-assets\\val_description\\model\\meshes\\legs\\foot.dae"", ""D:\\CADtest\\papertest\\go_nogo1\\sources\\urdf_files_dataset\\urdf_files\\random\\robot-assets\\val_description\\model\\meshes\\legs\\lj1_left.dae"", ""D:\\CADtest\\papertest\\go_nogo1\\sources\\urdf_files_dataset\\urdf_files\\random\\robot-assets\\val_description\\model\\meshes\\legs\\lj1_right.dae"", ""D:\\CADtest\\papertest\\go_nogo1\\sources\\urdf_files_dataset\\urdf_files\\random\\robot-assets\\val_description\\model\\meshes\\legs\\lj3_left.dae"", ""D:\\CADtest\\papertest\\go_nogo1\\sources\\urdf_files_dataset\\urdf_files\\random\\robot-assets\\val_description\\model\\meshes\\legs\\lj3_right.dae"", ""D:\\CADtest\\papertest\\go_nogo1\\sources\\urdf_files_dataset\\urdf_files\\random\\robot-assets\\val_description\\model\\meshes\\legs\\lj4_left.dae"", ""D:\\CADtest\\papertest\\go_nogo1\\sources\\urdf_files_dataset\\urdf_files\\random\\robot-assets\\val_description\\model\\meshes\\legs\\lj4_right.dae"", ""D:\\CADtest\\papertest\\go_nogo1\\sources\\urdf_files_dataset\\urdf_files\\random\\robot-assets\\val_description\\model\\meshes\\legs\\lj5.dae"", ""D:\\CADtest\\papertest\\go_nogo1\\sources\\urdf_files_dataset\\urdf_files\\random\\robot-assets\\val_description\\model\\meshes\\pelvis\\pelvis.dae"", ""D:\\CADtest\\papertest\\go_nogo1\\sources\\urdf_files_dataset\\urdf_files\\random\\robot-assets\\val_description\\model\\meshes\\torso\\torso.dae"", ""D:\\CADtest\\papertest\\go_nogo1\\sources\\urdf_files_dataset\\urdf_files\\random\\robot-assets\\val_description\\model\\meshes\\torso\\torsopitch.dae"", ""D:\\CADtest\\papertest\\go_nogo1\\sources\\urdf_files_dataset\\urdf_files\\random\\robot-assets\\val_description\\model\\meshes\\torso\\torsoyaw.dae""]",valkyrie,random,https://github.com/ankurhanda/robot-assets/tree/12f1a3c89c9975194551afaed0dfae1e09fdb27c/urdfs/robots/val_description/model,humanoid robot,D:\CADtest\papertest\go_nogo1\sources\urdf_files_dataset\urdf_files\random\robot-assets\val_description\model\robots\valkyrie_D.urdf,D,1.0,False
300,True,"{""fixed"": 10, ""revolute"": 26}",NASA,7,True,26,23,1,36,37,25,25,0,25,25,Valkyrie,0.925926,,True,A,random\robot-assets\val_description\model\robots\valkyrie_D_arm_mass_sims.urdf,"{""ancestor_suffix"": 25}","[""D:\\CADtest\\papertest\\go_nogo1\\sources\\urdf_files_dataset\\urdf_files\\random\\robot-assets\\val_description\\model\\meshes\\arms\\aj1_left.dae"", ""D:\\CADtest\\papertest\\go_nogo1\\sources\\urdf_files_dataset\\urdf_files\\random\\robot-assets\\val_description\\model\\meshes\\arms\\aj1_right.dae"", ""D:\\CADtest\\papertest\\go_nogo1\\sources\\urdf_files_dataset\\urdf_files\\random\\robot-assets\\val_description\\model\\meshes\\arms\\aj2_left.dae"", ""D:\\CADtest\\papertest\\go_nogo1\\sources\\urdf_files_dataset\\urdf_files\\random\\robot-assets\\val_description\\model\\meshes\\arms\\aj2_right.dae"", ""D:\\CADtest\\papertest\\go_nogo1\\sources\\urdf_files_dataset\\urdf_files\\random\\robot-assets\\val_description\\model\\meshes\\arms\\aj3_left.dae"", ""D:\\CADtest\\papertest\\go_nogo1\\sources\\urdf_files_dataset\\urdf_files\\random\\robot-assets\\val_description\\model\\meshes\\arms\\aj3_right.dae"", ""D:\\CADtest\\papertest\\go_nogo1\\sources\\urdf_files_dataset\\urdf_files\\random\\robot-assets\\val_description\\model\\meshes\\arms\\left_elbow_mass_sim.dae"", ""D:\\CADtest\\papertest\\go_nogo1\\sources\\urdf_files_dataset\\urdf_files\\random\\robot-assets\\val_description\\model\\meshes\\arms\\right_elbow_mass_sim.dae"", ""D:\\CADtest\\papertest\\go_nogo1\\sources\\urdf_files_dataset\\urdf_files\\random\\robot-assets\\val_description\\model\\meshes\\head\\head_multisense_no_visor.dae"", ""D:\\CADtest\\papertest\\go_nogo1\\sources\\urdf_files_dataset\\urdf_files\\random\\robot-assets\\val_description\\model\\meshes\\head\\neckj1.dae"", ""D:\\CADtest\\papertest\\go_nogo1\\sources\\urdf_files_dataset\\urdf_files\\random\\robot-assets\\val_description\\model\\meshes\\head\\neckj2.dae"", ""D:\\CADtest\\papertest\\go_nogo1\\sources\\urdf_files_dataset\\urdf_files\\random\\robot-assets\\val_description\\model\\meshes\\legs\\foot.dae"", ""D:\\CADtest\\papertest\\go_nogo1\\sources\\urdf_files_dataset\\urdf_files\\random\\robot-assets\\val_description\\model\\meshes\\legs\\lj1_left.dae"", ""D:\\CADtest\\papertest\\go_nogo1\\sources\\urdf_files_dataset\\urdf_files\\random\\robot-assets\\val_description\\model\\meshes\\legs\\lj1_right.dae"", ""D:\\CADtest\\papertest\\go_nogo1\\sources\\urdf_files_dataset\\urdf_files\\random\\robot-assets\\val_description\\model\\meshes\\legs\\lj3_left.dae"", ""D:\\CADtest\\papertest\\go_nogo1\\sources\\urdf_files_dataset\\urdf_files\\random\\robot-assets\\val_description\\model\\meshes\\legs\\lj3_right.dae"", ""D:\\CADtest\\papertest\\go_nogo1\\sources\\urdf_files_dataset\\urdf_files\\random\\robot-assets\\val_description\\model\\meshes\\legs\\lj4_left.dae"", ""D:\\CADtest\\papertest\\go_nogo1\\sources\\urdf_files_dataset\\urdf_files\\random\\robot-assets\\val_description\\model\\meshes\\legs\\lj4_right.dae"", ""D:\\CADtest\\papertest\\go_nogo1\\sources\\urdf_files_dataset\\urdf_files\\random\\robot-assets\\val_description\\model\\meshes\\legs\\lj5.dae"", ""D:\\CADtest\\papertest\\go_nogo1\\sources\\urdf_files_dataset\\urdf_files\\random\\robot-assets\\val_description\\model\\meshes\\pelvis\\pelvis.dae"", ""D:\\CADtest\\papertest\\go_nogo1\\sources\\urdf_files_dataset\\urdf_files\\random\\robot-assets\\val_description\\model\\meshes\\torso\\torso.dae"", ""D:\\CADtest\\papertest\\go_nogo1\\sources\\urdf_files_dataset\\urdf_files\\random\\robot-assets\\val_description\\model\\meshes\\torso\\torsopitch.dae"", ""D:\\CADtest\\papertest\\go_nogo1\\sources\\urdf_files_dataset\\urdf_files\\random\\robot-assets\\val_description\\model\\meshes\\torso\\torsoyaw.dae""]",valkyrie,random,https://github.com/ankurhanda/robot-assets/tree/12f1a3c89c9975194551afaed0dfae1e09fdb27c/urdfs/robots/val_description/model,humanoid robot,D:\CADtest\papertest\go_nogo1\sources\urdf_files_dataset\urdf_files\random\robot-assets\val_description\model\robots\valkyrie_D_arm_mass_sims.urdf,D arm mass sims,1.0,False
301,True,"{""continuous"": 1, ""fixed"": 18, ""revolute"": 58}",NASA,14,True,59,55,1,77,78,58,59,1,58,58,Valkyrie,0.966667,,True,A,random\robot-assets\val_description\model\robots\valkyrie_sim.urdf,"{""ancestor_suffix"": 58}","[""D:\\CADtest\\papertest\\go_nogo1\\sources\\urdf_files_dataset\\urdf_files\\random\\robot-assets\\val_description\\model\\meshes\\arms\\aj1_left.dae"", ""D:\\CADtest\\papertest\\go_nogo1\\sources\\urdf_files_dataset\\urdf_files\\random\\robot-assets\\val_description\\model\\meshes\\arms\\aj1_right.dae"", ""D:\\CADtest\\papertest\\go_nogo1\\sources\\urdf_files_dataset\\urdf_files\\random\\robot-assets\\val_description\\model\\meshes\\arms\\aj2_left.dae"", ""D:\\CADtest\\papertest\\go_nogo1\\sources\\urdf_files_dataset\\urdf_files\\random\\robot-assets\\val_description\\model\\meshes\\arms\\aj2_right.dae"", ""D:\\CADtest\\papertest\\go_nogo1\\sources\\urdf_files_dataset\\urdf_files\\random\\robot-assets\\val_description\\model\\meshes\\arms\\aj3_left.dae"", ""D:\\CADtest\\papertest\\go_nogo1\\sources\\urdf_files_dataset\\urdf_files\\random\\robot-assets\\val_description\\model\\meshes\\arms\\aj3_right.dae"", ""D:\\CADtest\\papertest\\go_nogo1\\sources\\urdf_files_dataset\\urdf_files\\random\\robot-assets\\val_description\\model\\meshes\\arms\\aj4_left.dae"", ""D:\\CADtest\\papertest\\go_nogo1\\sources\\urdf_files_dataset\\urdf_files\\random\\robot-assets\\val_description\\model\\meshes\\arms\\aj4_right.dae"", ""D:\\CADtest\\papertest\\go_nogo1\\sources\\urdf_files_dataset\\urdf_files\\random\\robot-assets\\val_description\\model\\meshes\\arms\\aj5_left.dae"", ""D:\\CADtest\\papertest\\go_nogo1\\sources\\urdf_files_dataset\\urdf_files\\random\\robot-assets\\val_description\\model\\meshes\\arms\\aj5_right.dae"", ""D:\\CADtest\\papertest\\go_nogo1\\sources\\urdf_files_dataset\\urdf_files\\random\\robot-assets\\val_description\\model\\meshes\\arms\\aj6_left.dae"", ""D:\\CADtest\\papertest\\go_nogo1\\sources\\urdf_files_dataset\\urdf_files\\random\\robot-assets\\val_description\\model\\meshes\\arms\\aj6_right.dae"", ""D:\\CADtest\\papertest\\go_nogo1\\sources\\urdf_files_dataset\\urdf_files\\random\\robot-assets\\val_description\\model\\meshes\\arms\\palm_left.dae"", ""D:\\CADtest\\papertest\\go_nogo1\\sources\\urdf_files_dataset\\urdf_files\\random\\robot-assets\\val_description\\model\\meshes\\arms\\palm_right.dae"", ""D:\\CADtest\\papertest\\go_nogo1\\sources\\urdf_files_dataset\\urdf_files\\random\\robot-assets\\val_description\\model\\meshes\\fingers\\indexj1_left.dae"", ""D:\\CADtest\\papertest\\go_nogo1\\sources\\urdf_files_dataset\\urdf_files\\random\\robot-assets\\val_description\\model\\meshes\\fingers\\indexj1_right.dae"", ""D:\\CADtest\\papertest\\go_nogo1\\sources\\urdf_files_dataset\\urdf_files\\random\\robot-assets\\val_description\\model\\meshes\\fingers\\indexj2_left.dae"", ""D:\\CADtest\\papertest\\go_nogo1\\sources\\urdf_files_dataset\\urdf_files\\random\\robot-assets\\val_description\\model\\meshes\\fingers\\indexj2_right.dae"", ""D:\\CADtest\\papertest\\go_nogo1\\sources\\urdf_files_dataset\\urdf_files\\random\\robot-assets\\val_description\\model\\meshes\\fingers\\indexj3_left.dae"", ""D:\\CADtest\\papertest\\go_nogo1\\sources\\urdf_files_dataset\\urdf_files\\random\\robot-assets\\val_description\\model\\meshes\\fingers\\indexj3_right.dae"", ""D:\\CADtest\\papertest\\go_nogo1\\sources\\urdf_files_dataset\\urdf_files\\random\\robot-assets\\val_description\\model\\meshes\\fingers\\middlej1_left.dae"", ""D:\\CADtest\\papertest\\go_nogo1\\sources\\urdf_files_dataset\\urdf_files\\random\\robot-assets\\val_description\\model\\meshes\\fingers\\middlej1_right.dae"", ""D:\\CADtest\\papertest\\go_nogo1\\sources\\urdf_files_dataset\\urdf_files\\random\\robot-assets\\val_description\\model\\meshes\\fingers\\middlej2_left.dae"", ""D:\\CADtest\\papertest\\go_nogo1\\sources\\urdf_files_dataset\\urdf_files\\random\\robot-assets\\val_description\\model\\meshes\\fingers\\middlej2_right.dae"", ""D:\\CADtest\\papertest\\go_nogo1\\sources\\urdf_files_dataset\\urdf_files\\random\\robot-assets\\val_description\\model\\meshes\\fingers\\middlej3_left.dae"", ""D:\\CADtest\\papertest\\go_nogo1\\sources\\urdf_files_dataset\\urdf_files\\random\\robot-assets\\val_description\\model\\meshes\\fingers\\middlej3_right.dae"", ""D:\\CADtest\\papertest\\go_nogo1\\sources\\urdf_files_dataset\\urdf_files\\random\\robot-assets\\val_description\\model\\meshes\\fingers\\pinkyj1_left.dae"", ""D:\\CADtest\\papertest\\go_nogo1\\sources\\urdf_files_dataset\\urdf_files\\random\\robot-assets\\val_description\\model\\meshes\\fingers\\pinkyj1_right.dae"", ""D:\\CADtest\\papertest\\go_nogo1\\sources\\urdf_files_dataset\\urdf_files\\random\\robot-assets\\val_description\\model\\meshes\\fingers\\pinkyj2_left.dae"", ""D:\\CADtest\\papertest\\go_nogo1\\sources\\urdf_files_dataset\\urdf_files\\random\\robot-assets\\val_description\\model\\meshes\\fingers\\pinkyj2_right.dae"", ""D:\\CADtest\\papertest\\go_nogo1\\sources\\urdf_files_dataset\\urdf_files\\random\\robot-assets\\val_description\\model\\meshes\\fingers\\pinkyj3_left.dae"", ""D:\\CADtest\\papertest\\go_nogo1\\sources\\urdf_files_dataset\\urdf_files\\random\\robot-assets\\val_description\\model\\meshes\\fingers\\pinkyj3_right.dae"", ""D:\\CADtest\\papertest\\go_nogo1\\sources\\urdf_files_dataset\\urdf_files\\random\\robot-assets\\val_description\\model\\meshes\\fingers\\thumbj1_left.dae"", ""D:\\CADtest\\papertest\\go_nogo1\\sources\\urdf_files_dataset\\urdf_files\\random\\robot-assets\\val_description\\model\\meshes\\fingers\\thumbj1_right.dae"", ""D:\\CADtest\\papertest\\go_nogo1\\sources\\urdf_files_dataset\\urdf_files\\random\\robot-assets\\val_description\\model\\meshes\\fingers\\thumbj2_left.dae"", ""D:\\CADtest\\papertest\\go_nogo1\\sources\\urdf_files_dataset\\urdf_files\\random\\robot-assets\\val_description\\model\\meshes\\fingers\\thumbj2_right.dae"", ""D:\\CADtest\\papertest\\go_nogo1\\sources\\urdf_files_dataset\\urdf_files\\random\\robot-assets\\val_description\\model\\meshes\\fingers\\thumbj3_left.dae"", ""D:\\CADtest\\papertest\\go_nogo1\\sources\\urdf_files_dataset\\urdf_files\\random\\robot-assets\\val_description\\model\\meshes\\fingers\\thumbj3_right.dae"", ""D:\\CADtest\\papertest\\go_nogo1\\sources\\urdf_files_dataset\\urdf_files\\random\\robot-assets\\val_description\\model\\meshes\\fingers\\thumbj4_left.dae"", ""D:\\CADtest\\papertest\\go_nogo1\\sources\\urdf_files_dataset\\urdf_files\\random\\robot-assets\\val_description\\model\\meshes\\fingers\\thumbj4_right.dae"", ""D:\\CADtest\\papertest\\go_nogo1\\sources\\urdf_files_dataset\\urdf_files\\random\\robot-assets\\val_description\\model\\meshes\\head\\head_multisense_no_visor.dae"", ""D:\\CADtest\\papertest\\go_nogo1\\sources\\urdf_files_dataset\\urdf_files\\random\\robot-assets\\val_description\\model\\meshes\\head\\neckj1.dae"", ""D:\\CADtest\\papertest\\go_nogo1\\sources\\urdf_files_dataset\\urdf_files\\random\\robot-assets\\val_description\\model\\meshes\\head\\neckj2.dae"", ""D:\\CADtest\\papertest\\go_nogo1\\sources\\urdf_files_dataset\\urdf_files\\random\\robot-assets\\val_description\\model\\meshes\\legs\\foot.dae"", ""D:\\CADtest\\papertest\\go_nogo1\\sources\\urdf_files_dataset\\urdf_files\\random\\robot-assets\\val_description\\model\\meshes\\legs\\lj1_left.dae"", ""D:\\CADtest\\papertest\\go_nogo1\\sources\\urdf_files_dataset\\urdf_files\\random\\robot-assets\\val_description\\model\\meshes\\legs\\lj1_right.dae"", ""D:\\CADtest\\papertest\\go_nogo1\\sources\\urdf_files_dataset\\urdf_files\\random\\robot-assets\\val_description\\model\\meshes\\legs\\lj3_left.dae"", ""D:\\CADtest\\papertest\\go_nogo1\\sources\\urdf_files_dataset\\urdf_files\\random\\robot-assets\\val_description\\model\\meshes\\legs\\lj3_right.dae"", ""D:\\CADtest\\papertest\\go_nogo1\\sources\\urdf_files_dataset\\urdf_files\\random\\robot-assets\\val_description\\model\\meshes\\legs\\lj4_left.dae"", ""D:\\CADtest\\papertest\\go_nogo1\\sources\\urdf_files_dataset\\urdf_files\\random\\robot-assets\\val_description\\model\\meshes\\legs\\lj4_right.dae"", ""D:\\CADtest\\papertest\\go_nogo1\\sources\\urdf_files_dataset\\urdf_files\\random\\robot-assets\\val_description\\model\\meshes\\legs\\lj5.dae"", ""D:\\CADtest\\papertest\\go_nogo1\\sources\\urdf_files_dataset\\urdf_files\\random\\robot-assets\\val_description\\model\\meshes\\multisense\\head_camera.dae"", ""D:\\CADtest\\papertest\\go_nogo1\\sources\\urdf_files_dataset\\urdf_files\\random\\robot-assets\\val_description\\model\\meshes\\pelvis\\pelvis.dae"", ""D:\\CADtest\\papertest\\go_nogo1\\sources\\urdf_files_dataset\\urdf_files\\random\\robot-assets\\val_description\\model\\meshes\\torso\\torso.dae"", ""D:\\CADtest\\papertest\\go_nogo1\\sources\\urdf_files_dataset\\urdf_files\\random\\robot-assets\\val_description\\model\\meshes\\torso\\torsopitch.dae"", ""D:\\CADtest\\papertest\\go_nogo1\\sources\\urdf_files_dataset\\urdf_files\\random\\robot-assets\\val_description\\model\\meshes\\torso\\torsoyaw.dae""]",valkyrie,random,https://github.com/ankurhanda/robot-assets/tree/12f1a3c89c9975194551afaed0dfae1e09fdb27c/urdfs/robots/val_description/model,humanoid robot,D:\CADtest\papertest\go_nogo1\sources\urdf_files_dataset\urdf_files\random\robot-assets\val_description\model\robots\valkyrie_sim.urdf,sim,1.0,False
302,True,"{""continuous"": 1, ""fixed"": 18, ""revolute"": 58}",NASA,14,True,59,55,1,77,78,58,59,1,58,58,Valkyrie,0.966667,,True,A,random\robot-assets\val_description\model\robots\valkyrie_sim_angled_legj1s.urdf,"{""ancestor_suffix"": 58}","[""D:\\CADtest\\papertest\\go_nogo1\\sources\\urdf_files_dataset\\urdf_files\\random\\robot-assets\\val_description\\model\\meshes\\arms\\aj1_left.dae"", ""D:\\CADtest\\papertest\\go_nogo1\\sources\\urdf_files_dataset\\urdf_files\\random\\robot-assets\\val_description\\model\\meshes\\arms\\aj1_right.dae"", ""D:\\CADtest\\papertest\\go_nogo1\\sources\\urdf_files_dataset\\urdf_files\\random\\robot-assets\\val_description\\model\\meshes\\arms\\aj2_left.dae"", ""D:\\CADtest\\papertest\\go_nogo1\\sources\\urdf_files_dataset\\urdf_files\\random\\robot-assets\\val_description\\model\\meshes\\arms\\aj2_right.dae"", ""D:\\CADtest\\papertest\\go_nogo1\\sources\\urdf_files_dataset\\urdf_files\\random\\robot-assets\\val_description\\model\\meshes\\arms\\aj3_left.dae"", ""D:\\CADtest\\papertest\\go_nogo1\\sources\\urdf_files_dataset\\urdf_files\\random\\robot-assets\\val_description\\model\\meshes\\arms\\aj3_right.dae"", ""D:\\CADtest\\papertest\\go_nogo1\\sources\\urdf_files_dataset\\urdf_files\\random\\robot-assets\\val_description\\model\\meshes\\arms\\aj4_left.dae"", ""D:\\CADtest\\papertest\\go_nogo1\\sources\\urdf_files_dataset\\urdf_files\\random\\robot-assets\\val_description\\model\\meshes\\arms\\aj4_right.dae"", ""D:\\CADtest\\papertest\\go_nogo1\\sources\\urdf_files_dataset\\urdf_files\\random\\robot-assets\\val_description\\model\\meshes\\arms\\aj5_left.dae"", ""D:\\CADtest\\papertest\\go_nogo1\\sources\\urdf_files_dataset\\urdf_files\\random\\robot-assets\\val_description\\model\\meshes\\arms\\aj5_right.dae"", ""D:\\CADtest\\papertest\\go_nogo1\\sources\\urdf_files_dataset\\urdf_files\\random\\robot-assets\\val_description\\model\\meshes\\arms\\aj6_left.dae"", ""D:\\CADtest\\papertest\\go_nogo1\\sources\\urdf_files_dataset\\urdf_files\\random\\robot-assets\\val_description\\model\\meshes\\arms\\aj6_right.dae"", ""D:\\CADtest\\papertest\\go_nogo1\\sources\\urdf_files_dataset\\urdf_files\\random\\robot-assets\\val_description\\model\\meshes\\arms\\palm_left.dae"", ""D:\\CADtest\\papertest\\go_nogo1\\sources\\urdf_files_dataset\\urdf_files\\random\\robot-assets\\val_description\\model\\meshes\\arms\\palm_right.dae"", ""D:\\CADtest\\papertest\\go_nogo1\\sources\\urdf_files_dataset\\urdf_files\\random\\robot-assets\\val_description\\model\\meshes\\fingers\\indexj1_left.dae"", ""D:\\CADtest\\papertest\\go_nogo1\\sources\\urdf_files_dataset\\urdf_files\\random\\robot-assets\\val_description\\model\\meshes\\fingers\\indexj1_right.dae"", ""D:\\CADtest\\papertest\\go_nogo1\\sources\\urdf_files_dataset\\urdf_files\\random\\robot-assets\\val_description\\model\\meshes\\fingers\\indexj2_left.dae"", ""D:\\CADtest\\papertest\\go_nogo1\\sources\\urdf_files_dataset\\urdf_files\\random\\robot-assets\\val_description\\model\\meshes\\fingers\\indexj2_right.dae"", ""D:\\CADtest\\papertest\\go_nogo1\\sources\\urdf_files_dataset\\urdf_files\\random\\robot-assets\\val_description\\model\\meshes\\fingers\\indexj3_left.dae"", ""D:\\CADtest\\papertest\\go_nogo1\\sources\\urdf_files_dataset\\urdf_files\\random\\robot-assets\\val_description\\model\\meshes\\fingers\\indexj3_right.dae"", ""D:\\CADtest\\papertest\\go_nogo1\\sources\\urdf_files_dataset\\urdf_files\\random\\robot-assets\\val_description\\model\\meshes\\fingers\\middlej1_left.dae"", ""D:\\CADtest\\papertest\\go_nogo1\\sources\\urdf_files_dataset\\urdf_files\\random\\robot-assets\\val_description\\model\\meshes\\fingers\\middlej1_right.dae"", ""D:\\CADtest\\papertest\\go_nogo1\\sources\\urdf_files_dataset\\urdf_files\\random\\robot-assets\\val_description\\model\\meshes\\fingers\\middlej2_left.dae"", ""D:\\CADtest\\papertest\\go_nogo1\\sources\\urdf_files_dataset\\urdf_files\\random\\robot-assets\\val_description\\model\\meshes\\fingers\\middlej2_right.dae"", ""D:\\CADtest\\papertest\\go_nogo1\\sources\\urdf_files_dataset\\urdf_files\\random\\robot-assets\\val_description\\model\\meshes\\fingers\\middlej3_left.dae"", ""D:\\CADtest\\papertest\\go_nogo1\\sources\\urdf_files_dataset\\urdf_files\\random\\robot-assets\\val_description\\model\\meshes\\fingers\\middlej3_right.dae"", ""D:\\CADtest\\papertest\\go_nogo1\\sources\\urdf_files_dataset\\urdf_files\\random\\robot-assets\\val_description\\model\\meshes\\fingers\\pinkyj1_left.dae"", ""D:\\CADtest\\papertest\\go_nogo1\\sources\\urdf_files_dataset\\urdf_files\\random\\robot-assets\\val_description\\model\\meshes\\fingers\\pinkyj1_right.dae"", ""D:\\CADtest\\papertest\\go_nogo1\\sources\\urdf_files_dataset\\urdf_files\\random\\robot-assets\\val_description\\model\\meshes\\fingers\\pinkyj2_left.dae"", ""D:\\CADtest\\papertest\\go_nogo1\\sources\\urdf_files_dataset\\urdf_files\\random\\robot-assets\\val_description\\model\\meshes\\fingers\\pinkyj2_right.dae"", ""D:\\CADtest\\papertest\\go_nogo1\\sources\\urdf_files_dataset\\urdf_files\\random\\robot-assets\\val_description\\model\\meshes\\fingers\\pinkyj3_left.dae"", ""D:\\CADtest\\papertest\\go_nogo1\\sources\\urdf_files_dataset\\urdf_files\\random\\robot-assets\\val_description\\model\\meshes\\fingers\\pinkyj3_right.dae"", ""D:\\CADtest\\papertest\\go_nogo1\\sources\\urdf_files_dataset\\urdf_files\\random\\robot-assets\\val_description\\model\\meshes\\fingers\\thumbj1_left.dae"", ""D:\\CADtest\\papertest\\go_nogo1\\sources\\urdf_files_dataset\\urdf_files\\random\\robot-assets\\val_description\\model\\meshes\\fingers\\thumbj1_right.dae"", ""D:\\CADtest\\papertest\\go_nogo1\\sources\\urdf_files_dataset\\urdf_files\\random\\robot-assets\\val_description\\model\\meshes\\fingers\\thumbj2_left.dae"", ""D:\\CADtest\\papertest\\go_nogo1\\sources\\urdf_files_dataset\\urdf_files\\random\\robot-assets\\val_description\\model\\meshes\\fingers\\thumbj2_right.dae"", ""D:\\CADtest\\papertest\\go_nogo1\\sources\\urdf_files_dataset\\urdf_files\\random\\robot-assets\\val_description\\model\\meshes\\fingers\\thumbj3_left.dae"", ""D:\\CADtest\\papertest\\go_nogo1\\sources\\urdf_files_dataset\\urdf_files\\random\\robot-assets\\val_description\\model\\meshes\\fingers\\thumbj3_right.dae"", ""D:\\CADtest\\papertest\\go_nogo1\\sources\\urdf_files_dataset\\urdf_files\\random\\robot-assets\\val_description\\model\\meshes\\fingers\\thumbj4_left.dae"", ""D:\\CADtest\\papertest\\go_nogo1\\sources\\urdf_files_dataset\\urdf_files\\random\\robot-assets\\val_description\\model\\meshes\\fingers\\thumbj4_right.dae"", ""D:\\CADtest\\papertest\\go_nogo1\\sources\\urdf_files_dataset\\urdf_files\\random\\robot-assets\\val_description\\model\\meshes\\head\\head_multisense_no_visor.dae"", ""D:\\CADtest\\papertest\\go_nogo1\\sources\\urdf_files_dataset\\urdf_files\\random\\robot-assets\\val_description\\model\\meshes\\head\\neckj1.dae"", ""D:\\CADtest\\papertest\\go_nogo1\\sources\\urdf_files_dataset\\urdf_files\\random\\robot-assets\\val_description\\model\\meshes\\head\\neckj2.dae"", ""D:\\CADtest\\papertest\\go_nogo1\\sources\\urdf_files_dataset\\urdf_files\\random\\robot-assets\\val_description\\model\\meshes\\legs_angled_j1s\\foot.dae"", ""D:\\CADtest\\papertest\\go_nogo1\\sources\\urdf_files_dataset\\urdf_files\\random\\robot-assets\\val_description\\model\\meshes\\legs_angled_j1s\\lj1_left.dae"", ""D:\\CADtest\\papertest\\go_nogo1\\sources\\urdf_files_dataset\\urdf_files\\random\\robot-assets\\val_description\\model\\meshes\\legs_angled_j1s\\lj1_right.dae"", ""D:\\CADtest\\papertest\\go_nogo1\\sources\\urdf_files_dataset\\urdf_files\\random\\robot-assets\\val_description\\model\\meshes\\legs_angled_j1s\\lj3_left.dae"", ""D:\\CADtest\\papertest\\go_nogo1\\sources\\urdf_files_dataset\\urdf_files\\random\\robot-assets\\val_description\\model\\meshes\\legs_angled_j1s\\lj3_right.dae"", ""D:\\CADtest\\papertest\\go_nogo1\\sources\\urdf_files_dataset\\urdf_files\\random\\robot-assets\\val_description\\model\\meshes\\legs_angled_j1s\\lj4_left.dae"", ""D:\\CADtest\\papertest\\go_nogo1\\sources\\urdf_files_dataset\\urdf_files\\random\\robot-assets\\val_description\\model\\meshes\\legs_angled_j1s\\lj4_right.dae"", ""D:\\CADtest\\papertest\\go_nogo1\\sources\\urdf_files_dataset\\urdf_files\\random\\robot-assets\\val_description\\model\\meshes\\legs_angled_j1s\\lj5.dae"", ""D:\\CADtest\\papertest\\go_nogo1\\sources\\urdf_files_dataset\\urdf_files\\random\\robot-assets\\val_description\\model\\meshes\\multisense\\head_camera.dae"", ""D:\\CADtest\\papertest\\go_nogo1\\sources\\urdf_files_dataset\\urdf_files\\random\\robot-assets\\val_description\\model\\meshes\\pelvis_angled_j1s\\pelvis.dae"", ""D:\\CADtest\\papertest\\go_nogo1\\sources\\urdf_files_dataset\\urdf_files\\random\\robot-assets\\val_description\\model\\meshes\\torso_angled_j1s\\torso.dae"", ""D:\\CADtest\\papertest\\go_nogo1\\sources\\urdf_files_dataset\\urdf_files\\random\\robot-assets\\val_description\\model\\meshes\\torso_angled_j1s\\torsopitch.dae"", ""D:\\CADtest\\papertest\\go_nogo1\\sources\\urdf_files_dataset\\urdf_files\\random\\robot-assets\\val_description\\model\\meshes\\torso_angled_j1s\\torsoyaw.dae""]",valkyrie,random,https://github.com/ankurhanda/robot-assets/tree/12f1a3c89c9975194551afaed0dfae1e09fdb27c/urdfs/robots/val_description/model,humanoid robot,D:\CADtest\papertest\go_nogo1\sources\urdf_files_dataset\urdf_files\random\robot-assets\val_description\model\robots\valkyrie_sim_angled_legj1s.urdf,sim angled legj1s,1.0,False
303,True,"{""continuous"": 1, ""fixed"": 18, ""revolute"": 26}",NASA,9,True,27,23,1,45,46,26,27,1,26,26,Valkyrie,0.928571,,True,A,random\robot-assets\val_description\model\robots\valkyrie_sim_arm_mass_sims.urdf,"{""ancestor_suffix"": 26}","[""D:\\CADtest\\papertest\\go_nogo1\\sources\\urdf_files_dataset\\urdf_files\\random\\robot-assets\\val_description\\model\\meshes\\arms\\aj1_left.dae"", ""D:\\CADtest\\papertest\\go_nogo1\\sources\\urdf_files_dataset\\urdf_files\\random\\robot-assets\\val_description\\model\\meshes\\arms\\aj1_right.dae"", ""D:\\CADtest\\papertest\\go_nogo1\\sources\\urdf_files_dataset\\urdf_files\\random\\robot-assets\\val_description\\model\\meshes\\arms\\aj2_left.dae"", ""D:\\CADtest\\papertest\\go_nogo1\\sources\\urdf_files_dataset\\urdf_files\\random\\robot-assets\\val_description\\model\\meshes\\arms\\aj2_right.dae"", ""D:\\CADtest\\papertest\\go_nogo1\\sources\\urdf_files_dataset\\urdf_files\\random\\robot-assets\\val_description\\model\\meshes\\arms\\aj3_left.dae"", ""D:\\CADtest\\papertest\\go_nogo1\\sources\\urdf_files_dataset\\urdf_files\\random\\robot-assets\\val_description\\model\\meshes\\arms\\aj3_right.dae"", ""D:\\CADtest\\papertest\\go_nogo1\\sources\\urdf_files_dataset\\urdf_files\\random\\robot-assets\\val_description\\model\\meshes\\arms\\left_elbow_mass_sim.dae"", ""D:\\CADtest\\papertest\\go_nogo1\\sources\\urdf_files_dataset\\urdf_files\\random\\robot-assets\\val_description\\model\\meshes\\arms\\right_elbow_mass_sim.dae"", ""D:\\CADtest\\papertest\\go_nogo1\\sources\\urdf_files_dataset\\urdf_files\\random\\robot-assets\\val_description\\model\\meshes\\head\\head_multisense_no_visor.dae"", ""D:\\CADtest\\papertest\\go_nogo1\\sources\\urdf_files_dataset\\urdf_files\\random\\robot-assets\\val_description\\model\\meshes\\head\\neckj1.dae"", ""D:\\CADtest\\papertest\\go_nogo1\\sources\\urdf_files_dataset\\urdf_files\\random\\robot-assets\\val_description\\model\\meshes\\head\\neckj2.dae"", ""D:\\CADtest\\papertest\\go_nogo1\\sources\\urdf_files_dataset\\urdf_files\\random\\robot-assets\\val_description\\model\\meshes\\legs\\foot.dae"", ""D:\\CADtest\\papertest\\go_nogo1\\sources\\urdf_files_dataset\\urdf_files\\random\\robot-assets\\val_description\\model\\meshes\\legs\\lj1_left.dae"", ""D:\\CADtest\\papertest\\go_nogo1\\sources\\urdf_files_dataset\\urdf_files\\random\\robot-assets\\val_description\\model\\meshes\\legs\\lj1_right.dae"", ""D:\\CADtest\\papertest\\go_nogo1\\sources\\urdf_files_dataset\\urdf_files\\random\\robot-assets\\val_description\\model\\meshes\\legs\\lj3_left.dae"", ""D:\\CADtest\\papertest\\go_nogo1\\sources\\urdf_files_dataset\\urdf_files\\random\\robot-assets\\val_description\\model\\meshes\\legs\\lj3_right.dae"", ""D:\\CADtest\\papertest\\go_nogo1\\sources\\urdf_files_dataset\\urdf_files\\random\\robot-assets\\val_description\\model\\meshes\\legs\\lj4_left.dae"", ""D:\\CADtest\\papertest\\go_nogo1\\sources\\urdf_files_dataset\\urdf_files\\random\\robot-assets\\val_description\\model\\meshes\\legs\\lj4_right.dae"", ""D:\\CADtest\\papertest\\go_nogo1\\sources\\urdf_files_dataset\\urdf_files\\random\\robot-assets\\val_description\\model\\meshes\\legs\\lj5.dae"", ""D:\\CADtest\\papertest\\go_nogo1\\sources\\urdf_files_dataset\\urdf_files\\random\\robot-assets\\val_description\\model\\meshes\\multisense\\head_camera.dae"", ""D:\\CADtest\\papertest\\go_nogo1\\sources\\urdf_files_dataset\\urdf_files\\random\\robot-assets\\val_description\\model\\meshes\\pelvis\\pelvis.dae"", ""D:\\CADtest\\papertest\\go_nogo1\\sources\\urdf_files_dataset\\urdf_files\\random\\robot-assets\\val_description\\model\\meshes\\torso\\torso.dae"", ""D:\\CADtest\\papertest\\go_nogo1\\sources\\urdf_files_dataset\\urdf_files\\random\\robot-assets\\val_description\\model\\meshes\\torso\\torsopitch.dae"", ""D:\\CADtest\\papertest\\go_nogo1\\sources\\urdf_files_dataset\\urdf_files\\random\\robot-assets\\val_description\\model\\meshes\\torso\\torsoyaw.dae""]",valkyrie,random,https://github.com/ankurhanda/robot-assets/tree/12f1a3c89c9975194551afaed0dfae1e09fdb27c/urdfs/robots/val_description/model,humanoid robot,D:\CADtest\papertest\go_nogo1\sources\urdf_files_dataset\urdf_files\random\robot-assets\val_description\model\robots\valkyrie_sim_arm_mass_sims.urdf,sim arm mass sims,1.0,False
304,True,"{""continuous"": 1, ""fixed"": 18, ""revolute"": 58}",NASA,14,True,59,55,1,77,78,58,59,1,58,58,Valkyrie,0.966667,,True,A,random\robot-assets\val_description\model\robots\valkyrie_sim_gazebo_sync.urdf,"{""ancestor_suffix"": 58}","[""D:\\CADtest\\papertest\\go_nogo1\\sources\\urdf_files_dataset\\urdf_files\\random\\robot-assets\\val_description\\model\\meshes\\arms\\aj1_left.dae"", ""D:\\CADtest\\papertest\\go_nogo1\\sources\\urdf_files_dataset\\urdf_files\\random\\robot-assets\\val_description\\model\\meshes\\arms\\aj1_right.dae"", ""D:\\CADtest\\papertest\\go_nogo1\\sources\\urdf_files_dataset\\urdf_files\\random\\robot-assets\\val_description\\model\\meshes\\arms\\aj2_left.dae"", ""D:\\CADtest\\papertest\\go_nogo1\\sources\\urdf_files_dataset\\urdf_files\\random\\robot-assets\\val_description\\model\\meshes\\arms\\aj2_right.dae"", ""D:\\CADtest\\papertest\\go_nogo1\\sources\\urdf_files_dataset\\urdf_files\\random\\robot-assets\\val_description\\model\\meshes\\arms\\aj3_left.dae"", ""D:\\CADtest\\papertest\\go_nogo1\\sources\\urdf_files_dataset\\urdf_files\\random\\robot-assets\\val_description\\model\\meshes\\arms\\aj3_right.dae"", ""D:\\CADtest\\papertest\\go_nogo1\\sources\\urdf_files_dataset\\urdf_files\\random\\robot-assets\\val_description\\model\\meshes\\arms\\aj4_left.dae"", ""D:\\CADtest\\papertest\\go_nogo1\\sources\\urdf_files_dataset\\urdf_files\\random\\robot-assets\\val_description\\model\\meshes\\arms\\aj4_right.dae"", ""D:\\CADtest\\papertest\\go_nogo1\\sources\\urdf_files_dataset\\urdf_files\\random\\robot-assets\\val_description\\model\\meshes\\arms\\aj5_left.dae"", ""D:\\CADtest\\papertest\\go_nogo1\\sources\\urdf_files_dataset\\urdf_files\\random\\robot-assets\\val_description\\model\\meshes\\arms\\aj5_right.dae"", ""D:\\CADtest\\papertest\\go_nogo1\\sources\\urdf_files_dataset\\urdf_files\\random\\robot-assets\\val_description\\model\\meshes\\arms\\aj6_left.dae"", ""D:\\CADtest\\papertest\\go_nogo1\\sources\\urdf_files_dataset\\urdf_files\\random\\robot-assets\\val_description\\model\\meshes\\arms\\aj6_right.dae"", ""D:\\CADtest\\papertest\\go_nogo1\\sources\\urdf_files_dataset\\urdf_files\\random\\robot-assets\\val_description\\model\\meshes\\arms\\palm_left.dae"", ""D:\\CADtest\\papertest\\go_nogo1\\sources\\urdf_files_dataset\\urdf_files\\random\\robot-assets\\val_description\\model\\meshes\\arms\\palm_right.dae"", ""D:\\CADtest\\papertest\\go_nogo1\\sources\\urdf_files_dataset\\urdf_files\\random\\robot-assets\\val_description\\model\\meshes\\fingers\\indexj1_left.dae"", ""D:\\CADtest\\papertest\\go_nogo1\\sources\\urdf_files_dataset\\urdf_files\\random\\robot-assets\\val_description\\model\\meshes\\fingers\\indexj1_right.dae"", ""D:\\CADtest\\papertest\\go_nogo1\\sources\\urdf_files_dataset\\urdf_files\\random\\robot-assets\\val_description\\model\\meshes\\fingers\\indexj2_left.dae"", ""D:\\CADtest\\papertest\\go_nogo1\\sources\\urdf_files_dataset\\urdf_files\\random\\robot-assets\\val_description\\model\\meshes\\fingers\\indexj2_right.dae"", ""D:\\CADtest\\papertest\\go_nogo1\\sources\\urdf_files_dataset\\urdf_files\\random\\robot-assets\\val_description\\model\\meshes\\fingers\\indexj3_left.dae"", ""D:\\CADtest\\papertest\\go_nogo1\\sources\\urdf_files_dataset\\urdf_files\\random\\robot-assets\\val_description\\model\\meshes\\fingers\\indexj3_right.dae"", ""D:\\CADtest\\papertest\\go_nogo1\\sources\\urdf_files_dataset\\urdf_files\\random\\robot-assets\\val_description\\model\\meshes\\fingers\\middlej1_left.dae"", ""D:\\CADtest\\papertest\\go_nogo1\\sources\\urdf_files_dataset\\urdf_files\\random\\robot-assets\\val_description\\model\\meshes\\fingers\\middlej1_right.dae"", ""D:\\CADtest\\papertest\\go_nogo1\\sources\\urdf_files_dataset\\urdf_files\\random\\robot-assets\\val_description\\model\\meshes\\fingers\\middlej2_left.dae"", ""D:\\CADtest\\papertest\\go_nogo1\\sources\\urdf_files_dataset\\urdf_files\\random\\robot-assets\\val_description\\model\\meshes\\fingers\\middlej2_right.dae"", ""D:\\CADtest\\papertest\\go_nogo1\\sources\\urdf_files_dataset\\urdf_files\\random\\robot-assets\\val_description\\model\\meshes\\fingers\\middlej3_left.dae"", ""D:\\CADtest\\papertest\\go_nogo1\\sources\\urdf_files_dataset\\urdf_files\\random\\robot-assets\\val_description\\model\\meshes\\fingers\\middlej3_right.dae"", ""D:\\CADtest\\papertest\\go_nogo1\\sources\\urdf_files_dataset\\urdf_files\\random\\robot-assets\\val_description\\model\\meshes\\fingers\\pinkyj1_left.dae"", ""D:\\CADtest\\papertest\\go_nogo1\\sources\\urdf_files_dataset\\urdf_files\\random\\robot-assets\\val_description\\model\\meshes\\fingers\\pinkyj1_right.dae"", ""D:\\CADtest\\papertest\\go_nogo1\\sources\\urdf_files_dataset\\urdf_files\\random\\robot-assets\\val_description\\model\\meshes\\fingers\\pinkyj2_left.dae"", ""D:\\CADtest\\papertest\\go_nogo1\\sources\\urdf_files_dataset\\urdf_files\\random\\robot-assets\\val_description\\model\\meshes\\fingers\\pinkyj2_right.dae"", ""D:\\CADtest\\papertest\\go_nogo1\\sources\\urdf_files_dataset\\urdf_files\\random\\robot-assets\\val_description\\model\\meshes\\fingers\\pinkyj3_left.dae"", ""D:\\CADtest\\papertest\\go_nogo1\\sources\\urdf_files_dataset\\urdf_files\\random\\robot-assets\\val_description\\model\\meshes\\fingers\\pinkyj3_right.dae"", ""D:\\CADtest\\papertest\\go_nogo1\\sources\\urdf_files_dataset\\urdf_files\\random\\robot-assets\\val_description\\model\\meshes\\fingers\\thumbj1_left.dae"", ""D:\\CADtest\\papertest\\go_nogo1\\sources\\urdf_files_dataset\\urdf_files\\random\\robot-assets\\val_description\\model\\meshes\\fingers\\thumbj1_right.dae"", ""D:\\CADtest\\papertest\\go_nogo1\\sources\\urdf_files_dataset\\urdf_files\\random\\robot-assets\\val_description\\model\\meshes\\fingers\\thumbj2_left.dae"", ""D:\\CADtest\\papertest\\go_nogo1\\sources\\urdf_files_dataset\\urdf_files\\random\\robot-assets\\val_description\\model\\meshes\\fingers\\thumbj2_right.dae"", ""D:\\CADtest\\papertest\\go_nogo1\\sources\\urdf_files_dataset\\urdf_files\\random\\robot-assets\\val_description\\model\\meshes\\fingers\\thumbj3_left.dae"", ""D:\\CADtest\\papertest\\go_nogo1\\sources\\urdf_files_dataset\\urdf_files\\random\\robot-assets\\val_description\\model\\meshes\\fingers\\thumbj3_right.dae"", ""D:\\CADtest\\papertest\\go_nogo1\\sources\\urdf_files_dataset\\urdf_files\\random\\robot-assets\\val_description\\model\\meshes\\fingers\\thumbj4_left.dae"", ""D:\\CADtest\\papertest\\go_nogo1\\sources\\urdf_files_dataset\\urdf_files\\random\\robot-assets\\val_description\\model\\meshes\\fingers\\thumbj4_right.dae"", ""D:\\CADtest\\papertest\\go_nogo1\\sources\\urdf_files_dataset\\urdf_files\\random\\robot-assets\\val_description\\model\\meshes\\head\\head_multisense_no_visor.dae"", ""D:\\CADtest\\papertest\\go_nogo1\\sources\\urdf_files_dataset\\urdf_files\\random\\robot-assets\\val_description\\model\\meshes\\head\\neckj1.dae"", ""D:\\CADtest\\papertest\\go_nogo1\\sources\\urdf_files_dataset\\urdf_files\\random\\robot-assets\\val_description\\model\\meshes\\head\\neckj2.dae"", ""D:\\CADtest\\papertest\\go_nogo1\\sources\\urdf_files_dataset\\urdf_files\\random\\robot-assets\\val_description\\model\\meshes\\legs\\foot.dae"", ""D:\\CADtest\\papertest\\go_nogo1\\sources\\urdf_files_dataset\\urdf_files\\random\\robot-assets\\val_description\\model\\meshes\\legs\\lj1_left.dae"", ""D:\\CADtest\\papertest\\go_nogo1\\sources\\urdf_files_dataset\\urdf_files\\random\\robot-assets\\val_description\\model\\meshes\\legs\\lj1_right.dae"", ""D:\\CADtest\\papertest\\go_nogo1\\sources\\urdf_files_dataset\\urdf_files\\random\\robot-assets\\val_description\\model\\meshes\\legs\\lj3_left.dae"", ""D:\\CADtest\\papertest\\go_nogo1\\sources\\urdf_files_dataset\\urdf_files\\random\\robot-assets\\val_description\\model\\meshes\\legs\\lj3_right.dae"", ""D:\\CADtest\\papertest\\go_nogo1\\sources\\urdf_files_dataset\\urdf_files\\random\\robot-assets\\val_description\\model\\meshes\\legs\\lj4_left.dae"", ""D:\\CADtest\\papertest\\go_nogo1\\sources\\urdf_files_dataset\\urdf_files\\random\\robot-assets\\val_description\\model\\meshes\\legs\\lj4_right.dae"", ""D:\\CADtest\\papertest\\go_nogo1\\sources\\urdf_files_dataset\\urdf_files\\random\\robot-assets\\val_description\\model\\meshes\\legs\\lj5.dae"", ""D:\\CADtest\\papertest\\go_nogo1\\sources\\urdf_files_dataset\\urdf_files\\random\\robot-assets\\val_description\\model\\meshes\\multisense\\head_camera.dae"", ""D:\\CADtest\\papertest\\go_nogo1\\sources\\urdf_files_dataset\\urdf_files\\random\\robot-assets\\val_description\\model\\meshes\\pelvis\\pelvis.dae"", ""D:\\CADtest\\papertest\\go_nogo1\\sources\\urdf_files_dataset\\urdf_files\\random\\robot-assets\\val_description\\model\\meshes\\torso\\torso.dae"", ""D:\\CADtest\\papertest\\go_nogo1\\sources\\urdf_files_dataset\\urdf_files\\random\\robot-assets\\val_description\\model\\meshes\\torso\\torsopitch.dae"", ""D:\\CADtest\\papertest\\go_nogo1\\sources\\urdf_files_dataset\\urdf_files\\random\\robot-assets\\val_description\\model\\meshes\\torso\\torsoyaw.dae""]",valkyrie,random,https://github.com/ankurhanda/robot-assets/tree/12f1a3c89c9975194551afaed0dfae1e09fdb27c/urdfs/robots/val_description/model,humanoid robot,D:\CADtest\papertest\go_nogo1\sources\urdf_files_dataset\urdf_files\random\robot-assets\val_description\model\robots\valkyrie_sim_gazebo_sync.urdf,sim gazebo sync,1.0,False
96,True,"{""fixed"": 4, ""prismatic"": 4, ""revolute"": 14}",ABB,11,True,18,21,1,22,23,21,21,0,21,21,YuMi,1.0,,True,A,random\robot-assets\yumi\yumi.urdf,"{""ancestor_suffix"": 21}","[""D:\\CADtest\\papertest\\go_nogo1\\sources\\urdf_files_dataset\\urdf_files\\random\\robot-assets\\yumi\\meshes\\body.stl"", ""D:\\CADtest\\papertest\\go_nogo1\\sources\\urdf_files_dataset\\urdf_files\\random\\robot-assets\\yumi\\meshes\\gripper\\base.stl"", ""D:\\CADtest\\papertest\\go_nogo1\\sources\\urdf_files_dataset\\urdf_files\\random\\robot-assets\\yumi\\meshes\\gripper\\finger.stl"", ""D:\\CADtest\\papertest\\go_nogo1\\sources\\urdf_files_dataset\\urdf_files\\random\\robot-assets\\yumi\\meshes\\link_1.stl"", ""D:\\CADtest\\papertest\\go_nogo1\\sources\\urdf_files_dataset\\urdf_files\\random\\robot-assets\\yumi\\meshes\\link_2.stl"", ""D:\\CADtest\\papertest\\go_nogo1\\sources\\urdf_files_dataset\\urdf_files\\random\\robot-assets\\yumi\\meshes\\link_3.stl"", ""D:\\CADtest\\papertest\\go_nogo1\\sources\\urdf_files_dataset\\urdf_files\\random\\robot-assets\\yumi\\meshes\\link_4.stl"", ""D:\\CADtest\\papertest\\go_nogo1\\sources\\urdf_files_dataset\\urdf_files\\random\\robot-assets\\yumi\\meshes\\link_5.stl"", ""D:\\CADtest\\papertest\\go_nogo1\\sources\\urdf_files_dataset\\urdf_files\\random\\robot-assets\\yumi\\meshes\\link_6.stl"", ""D:\\CADtest\\papertest\\go_nogo1\\sources\\urdf_files_dataset\\urdf_files\\random\\robot-assets\\yumi\\meshes\\link_7.stl""]",yumi,random,https://github.com/ankurhanda/robot-assets/tree/12f1a3c89c9975194551afaed0dfae1e09fdb27c/urdfs/robots/yumi,dual arm robot,D:\CADtest\papertest\go_nogo1\sources\urdf_files_dataset\urdf_files\random\robot-assets\yumi\yumi.urdf,original,1.0,False
97,True,"{""fixed"": 3, ""prismatic"": 2, ""revolute"": 6}",Schunk,10,True,8,8,1,11,12,8,10,2,8,8,LWA 4P,0.888889,,True,A,random\schunk_lwa4p\robot.urdf,"{""ancestor_suffix"": 7, ""indexed_suffix_nearest_package"": 1}","[""D:\\CADtest\\papertest\\go_nogo1\\sources\\urdf_files_dataset\\urdf_files\\random\\schunk_lwa4p\\lwa4p\\arm_1_link.stl"", ""D:\\CADtest\\papertest\\go_nogo1\\sources\\urdf_files_dataset\\urdf_files\\random\\schunk_lwa4p\\lwa4p\\arm_2_link.stl"", ""D:\\CADtest\\papertest\\go_nogo1\\sources\\urdf_files_dataset\\urdf_files\\random\\schunk_lwa4p\\lwa4p\\arm_3_link.stl"", ""D:\\CADtest\\papertest\\go_nogo1\\sources\\urdf_files_dataset\\urdf_files\\random\\schunk_lwa4p\\lwa4p\\arm_4_link.stl"", ""D:\\CADtest\\papertest\\go_nogo1\\sources\\urdf_files_dataset\\urdf_files\\random\\schunk_lwa4p\\lwa4p\\arm_5_link.stl"", ""D:\\CADtest\\papertest\\go_nogo1\\sources\\urdf_files_dataset\\urdf_files\\random\\schunk_lwa4p\\lwa4p\\arm_6_link.stl"", ""D:\\CADtest\\papertest\\go_nogo1\\sources\\urdf_files_dataset\\urdf_files\\random\\schunk_lwa4p\\lwa4p\\arm_base_link.stl"", ""D:\\CADtest\\papertest\\go_nogo1\\sources\\urdf_files_dataset\\urdf_files\\random\\xacro_generated\\schunk_modular_robotics\\schunk_description\\meshes\\pg70\\pg70.dae""]",lwa4p,random,https://github.com/jlarraez/schunk_lwa4p/tree/33c5f37e1dce5ce1ff8f46ee63c975d10795a1f1,robotic arm,D:\CADtest\papertest\go_nogo1\sources\urdf_files_dataset\urdf_files\random\schunk_lwa4p\robot.urdf,original,1.0,False
98,True,"{""fixed"": 5, ""revolute"": 12}",Boston Dynamics,3,True,12,13,1,17,18,13,13,0,13,13,Spot,1.0,,True,A,random\spot_ros\spot_description\urdf\spot.urdf,"{""ancestor_suffix"": 13}","[""D:\\CADtest\\papertest\\go_nogo1\\sources\\urdf_files_dataset\\urdf_files\\random\\spot_ros\\spot_description\\meshes\\body.dae"", ""D:\\CADtest\\papertest\\go_nogo1\\sources\\urdf_files_dataset\\urdf_files\\random\\spot_ros\\spot_description\\meshes\\front_left_hip.dae"", ""D:\\CADtest\\papertest\\go_nogo1\\sources\\urdf_files_dataset\\urdf_files\\random\\spot_ros\\spot_description\\meshes\\front_left_lower_leg.dae"", ""D:\\CADtest\\papertest\\go_nogo1\\sources\\urdf_files_dataset\\urdf_files\\random\\spot_ros\\spot_description\\meshes\\front_left_upper_leg.dae"", ""D:\\CADtest\\papertest\\go_nogo1\\sources\\urdf_files_dataset\\urdf_files\\random\\spot_ros\\spot_description\\meshes\\front_right_hip.dae"", ""D:\\CADtest\\papertest\\go_nogo1\\sources\\urdf_files_dataset\\urdf_files\\random\\spot_ros\\spot_description\\meshes\\front_right_lower_leg.dae"", ""D:\\CADtest\\papertest\\go_nogo1\\sources\\urdf_files_dataset\\urdf_files\\random\\spot_ros\\spot_description\\meshes\\front_right_upper_leg.dae"", ""D:\\CADtest\\papertest\\go_nogo1\\sources\\urdf_files_dataset\\urdf_files\\random\\spot_ros\\spot_description\\meshes\\rear_left_hip.dae"", ""D:\\CADtest\\papertest\\go_nogo1\\sources\\urdf_files_dataset\\urdf_files\\random\\spot_ros\\spot_description\\meshes\\rear_left_lower_leg.dae"", ""D:\\CADtest\\papertest\\go_nogo1\\sources\\urdf_files_dataset\\urdf_files\\random\\spot_ros\\spot_description\\meshes\\rear_left_upper_leg.dae"", ""D:\\CADtest\\papertest\\go_nogo1\\sources\\urdf_files_dataset\\urdf_files\\random\\spot_ros\\spot_description\\meshes\\rear_right_hip.dae"", ""D:\\CADtest\\papertest\\go_nogo1\\sources\\urdf_files_dataset\\urdf_files\\random\\spot_ros\\spot_description\\meshes\\rear_right_lower_leg.dae"", ""D:\\CADtest\\papertest\\go_nogo1\\sources\\urdf_files_dataset\\urdf_files\\random\\spot_ros\\spot_description\\meshes\\rear_right_upper_leg.dae""]",spot,random,https://github.com/heuristicus/spot_ros/tree/3f89ebedb2062e22282948333cb48fa6e478641b/spot_description,quadrupedal robot,D:\CADtest\papertest\go_nogo1\sources\urdf_files_dataset\urdf_files\random\spot_ros\spot_description\urdf\spot.urdf,original,1.0,False
99,False,"{""fixed"": 1, ""revolute"": 7}",Boston Dynamics,0,True,7,8,0,8,8,8,8,0,8,8,Spot Arm,1.0,,True,C,random\spot_ros\spot_description\urdf\spot_arm.urdf,"{""ancestor_suffix"": 8}","[""D:\\CADtest\\papertest\\go_nogo1\\sources\\urdf_files_dataset\\urdf_files\\random\\spot_ros\\spot_description\\meshes\\arm\\base_link.stl"", ""D:\\CADtest\\papertest\\go_nogo1\\sources\\urdf_files_dataset\\urdf_files\\random\\spot_ros\\spot_description\\meshes\\arm\\finger.stl"", ""D:\\CADtest\\papertest\\go_nogo1\\sources\\urdf_files_dataset\\urdf_files\\random\\spot_ros\\spot_description\\meshes\\arm\\gripper.stl"", ""D:\\CADtest\\papertest\\go_nogo1\\sources\\urdf_files_dataset\\urdf_files\\random\\spot_ros\\spot_description\\meshes\\arm\\link1.stl"", ""D:\\CADtest\\papertest\\go_nogo1\\sources\\urdf_files_dataset\\urdf_files\\random\\spot_ros\\spot_description\\meshes\\arm\\link2.stl"", ""D:\\CADtest\\papertest\\go_nogo1\\sources\\urdf_files_dataset\\urdf_files\\random\\spot_ros\\spot_description\\meshes\\arm\\link3.stl"", ""D:\\CADtest\\papertest\\go_nogo1\\sources\\urdf_files_dataset\\urdf_files\\random\\spot_ros\\spot_description\\meshes\\arm\\link4.stl"", ""D:\\CADtest\\papertest\\go_nogo1\\sources\\urdf_files_dataset\\urdf_files\\random\\spot_ros\\spot_description\\meshes\\arm\\wrist.stl""]",spot_arm,random,https://github.com/heuristicus/spot_ros/tree/3f89ebedb2062e22282948333cb48fa6e478641b/spot_description,robotic arm,D:\CADtest\papertest\go_nogo1\sources\urdf_files_dataset\urdf_files\random\spot_ros\spot_description\urdf\spot_arm.urdf,original,1.0,False
100,True,"{""fixed"": 1, ""prismatic"": 2}",Onrobot,2,True,2,3,1,3,4,3,3,0,3,3,2FG7 gripper,1.0,,True,A,random\xacro_generated\juandpenan\onrobot_2fg7_description\urdf\onrobot_2fg7_upload.urdf,"{""ancestor_suffix"": 3}","[""D:\\CADtest\\papertest\\go_nogo1\\sources\\urdf_files_dataset\\urdf_files\\random\\xacro_generated\\juandpenan\\onrobot_2fg7_description\\meshes\\base_link.stl"", ""D:\\CADtest\\papertest\\go_nogo1\\sources\\urdf_files_dataset\\urdf_files\\random\\xacro_generated\\juandpenan\\onrobot_2fg7_description\\meshes\\left_finger_link.stl"", ""D:\\CADtest\\papertest\\go_nogo1\\sources\\urdf_files_dataset\\urdf_files\\random\\xacro_generated\\juandpenan\\onrobot_2fg7_description\\meshes\\right_finger_link.stl""]",2fg7_outwards,random,https://github.com/juandpenan/onrobot_2FG7_gripper_description/tree/0fdc88a0378c376cb5e576a12a03bf8fa918ccc2,end effector,D:\CADtest\papertest\go_nogo1\sources\urdf_files_dataset\urdf_files\random\xacro_generated\juandpenan\onrobot_2fg7_description\urdf\onrobot_2fg7_upload.urdf,original,1.0,True
101,True,"{""continuous"": 10, ""fixed"": 8}",Mobile Industrial Robots,3,True,10,7,1,18,19,7,13,6,7,7,MiR 100,0.636364,,True,B,random\xacro_generated\mir_description\urdf\mir.urdf,"{""ancestor_suffix"": 7}","[""D:\\CADtest\\papertest\\go_nogo1\\sources\\urdf_files_dataset\\urdf_files\\random\\xacro_generated\\mir_description\\meshes\\visual\\caster_wheel_base.stl"", ""D:\\CADtest\\papertest\\go_nogo1\\sources\\urdf_files_dataset\\urdf_files\\random\\xacro_generated\\mir_description\\meshes\\visual\\mir_100_base.stl"", ""D:\\CADtest\\papertest\\go_nogo1\\sources\\urdf_files_dataset\\urdf_files\\random\\xacro_generated\\mir_description\\meshes\\visual\\sick_lms-100.stl""]",mir,random,https://github.com/DFKI-NI/mir_robot/tree/5a44ff5593dc48f9ec74c0e83d15ed9dec33069e/mir_description,mobile robot,D:\CADtest\papertest\go_nogo1\sources\urdf_files_dataset\urdf_files\random\xacro_generated\mir_description\urdf\mir.urdf,original,1.0,True
102,True,"{""revolute"": 6}",Onrobot,2,True,6,7,1,6,7,7,7,0,7,7,RG2 gripper,1.0,,True,A,random\xacro_generated\osaka_university_onrobot\onrobot_rg2_visualization\urdf\onrobot_rg2_model.urdf,"{""ancestor_suffix"": 7}","[""D:\\CADtest\\papertest\\go_nogo1\\sources\\urdf_files_dataset\\urdf_files\\random\\xacro_generated\\osaka_university_onrobot\\onrobot_rg2_visualization\\meshes\\visual\\base_link.stl"", ""D:\\CADtest\\papertest\\go_nogo1\\sources\\urdf_files_dataset\\urdf_files\\random\\xacro_generated\\osaka_university_onrobot\\onrobot_rg2_visualization\\meshes\\visual\\inner_finger.stl"", ""D:\\CADtest\\papertest\\go_nogo1\\sources\\urdf_files_dataset\\urdf_files\\random\\xacro_generated\\osaka_university_onrobot\\onrobot_rg2_visualization\\meshes\\visual\\inner_knuckle.stl"", ""D:\\CADtest\\papertest\\go_nogo1\\sources\\urdf_files_dataset\\urdf_files\\random\\xacro_generated\\osaka_university_onrobot\\onrobot_rg2_visualization\\meshes\\visual\\outer_knuckle.stl""]",onrobot_rg2_model,random,https://github.com/Osaka-University-Harada-Laboratory/onrobot/tree/4016460d8bd53ab17917ebb7ace0fbd8dc849ad3/onrobot_rg2_visualization,end effector,D:\CADtest\papertest\go_nogo1\sources\urdf_files_dataset\urdf_files\random\xacro_generated\osaka_university_onrobot\onrobot_rg2_visualization\urdf\onrobot_rg2_model.urdf,original,1.0,True
103,True,"{""revolute"": 6}",Onrobot,2,True,6,7,1,6,7,7,7,0,7,7,RG6 gripper,1.0,,True,A,random\xacro_generated\osaka_university_onrobot\onrobot_rg6_visualization\urdf\onrobot_rg6_model.urdf,"{""ancestor_suffix"": 7}","[""D:\\CADtest\\papertest\\go_nogo1\\sources\\urdf_files_dataset\\urdf_files\\random\\xacro_generated\\osaka_university_onrobot\\onrobot_rg6_visualization\\meshes\\visual\\base_link.stl"", ""D:\\CADtest\\papertest\\go_nogo1\\sources\\urdf_files_dataset\\urdf_files\\random\\xacro_generated\\osaka_university_onrobot\\onrobot_rg6_visualization\\meshes\\visual\\inner_finger.stl"", ""D:\\CADtest\\papertest\\go_nogo1\\sources\\urdf_files_dataset\\urdf_files\\random\\xacro_generated\\osaka_university_onrobot\\onrobot_rg6_visualization\\meshes\\visual\\inner_knuckle.stl"", ""D:\\CADtest\\papertest\\go_nogo1\\sources\\urdf_files_dataset\\urdf_files\\random\\xacro_generated\\osaka_university_onrobot\\onrobot_rg6_visualization\\meshes\\visual\\outer_knuckle.stl""]",onrobot_rg6_model,random,https://github.com/Osaka-University-Harada-Laboratory/onrobot/tree/4016460d8bd53ab17917ebb7ace0fbd8dc849ad3/onrobot_rg6_visualization,end effector,D:\CADtest\papertest\go_nogo1\sources\urdf_files_dataset\urdf_files\random\xacro_generated\osaka_university_onrobot\onrobot_rg6_visualization\urdf\onrobot_rg6_model.urdf,original,1.0,True
104,True,"{""fixed"": 1}",Onrobot,1,True,0,2,1,1,2,2,2,0,2,2,VG10 gripper,1.0,,True,A,random\xacro_generated\osaka_university_onrobot\onrobot_vg10_visualization\urdf\onrobot_vg10_model.urdf,"{""ancestor_suffix"": 2}","[""D:\\CADtest\\papertest\\go_nogo1\\sources\\urdf_files_dataset\\urdf_files\\random\\xacro_generated\\osaka_university_onrobot\\onrobot_vg10_visualization\\meshes\\visual\\base_link.stl"", ""D:\\CADtest\\papertest\\go_nogo1\\sources\\urdf_files_dataset\\urdf_files\\random\\xacro_generated\\osaka_university_onrobot\\onrobot_vg10_visualization\\meshes\\visual\\suction_cups.stl""]",onrobot_vg10_model,random,https://github.com/Osaka-University-Harada-Laboratory/onrobot/tree/4016460d8bd53ab17917ebb7ace0fbd8dc849ad3/onrobot_vg10_visualization,end effector,D:\CADtest\papertest\go_nogo1\sources\urdf_files_dataset\urdf_files\random\xacro_generated\osaka_university_onrobot\onrobot_vg10_visualization\urdf\onrobot_vg10_model.urdf,original,1.0,True
105,True,"{""fixed"": 1}",Onrobot,1,True,0,2,1,1,2,2,2,0,2,2,VGC10 gripper - 1 cup model,1.0,,True,A,random\xacro_generated\osaka_university_onrobot\onrobot_vgc10_visualization\urdf\onrobot_vgc10_1cup_model.urdf,"{""ancestor_suffix"": 2}","[""D:\\CADtest\\papertest\\go_nogo1\\sources\\urdf_files_dataset\\urdf_files\\random\\xacro_generated\\osaka_university_onrobot\\onrobot_vgc10_visualization\\meshes\\visual\\base_link_1cup.stl"", ""D:\\CADtest\\papertest\\go_nogo1\\sources\\urdf_files_dataset\\urdf_files\\random\\xacro_generated\\osaka_university_onrobot\\onrobot_vgc10_visualization\\meshes\\visual\\suction_cup_1cup.stl""]",onrobot_vgc10_model,random,https://github.com/Osaka-University-Harada-Laboratory/onrobot/tree/4016460d8bd53ab17917ebb7ace0fbd8dc849ad3/onrobot_vgc10_visualization,end effector,D:\CADtest\papertest\go_nogo1\sources\urdf_files_dataset\urdf_files\random\xacro_generated\osaka_university_onrobot\onrobot_vgc10_visualization\urdf\onrobot_vgc10_1cup_model.urdf,original,1.0,True
106,True,"{""fixed"": 5}",Onrobot,2,True,0,5,1,5,6,5,5,0,5,5,VGC10 gripper - 4 cups model,1.0,,True,A,random\xacro_generated\osaka_university_onrobot\onrobot_vgc10_visualization\urdf\onrobot_vgc10_4cups_model.urdf,"{""ancestor_suffix"": 5}","[""D:\\CADtest\\papertest\\go_nogo1\\sources\\urdf_files_dataset\\urdf_files\\random\\xacro_generated\\osaka_university_onrobot\\onrobot_vgc10_visualization\\meshes\\visual\\base_link_4cups.stl"", ""D:\\CADtest\\papertest\\go_nogo1\\sources\\urdf_files_dataset\\urdf_files\\random\\xacro_generated\\osaka_university_onrobot\\onrobot_vgc10_visualization\\meshes\\visual\\suction_cup_4cups.stl""]",onrobot_vgc10_model,random,https://github.com/Osaka-University-Harada-Laboratory/onrobot/tree/4016460d8bd53ab17917ebb7ace0fbd8dc849ad3/onrobot_vgc10_visualization,end effector,D:\CADtest\papertest\go_nogo1\sources\urdf_files_dataset\urdf_files\random\xacro_generated\osaka_university_onrobot\onrobot_vgc10_visualization\urdf\onrobot_vgc10_4cups_model.urdf,original,1.0,True
108,True,"{""fixed"": 3, ""revolute"": 7}",Schunk,10,True,7,8,1,10,11,8,8,0,8,8,LWA 4D,1.0,,True,A,random\xacro_generated\schunk_modular_robotics\schunk_description\urdf\schunk_lwa4d.urdf,"{""ancestor_suffix"": 8}","[""D:\\CADtest\\papertest\\go_nogo1\\sources\\urdf_files_dataset\\urdf_files\\random\\xacro_generated\\schunk_modular_robotics\\schunk_description\\meshes\\lwa4d\\arm_1_link.stl"", ""D:\\CADtest\\papertest\\go_nogo1\\sources\\urdf_files_dataset\\urdf_files\\random\\xacro_generated\\schunk_modular_robotics\\schunk_description\\meshes\\lwa4d\\arm_2_link.stl"", ""D:\\CADtest\\papertest\\go_nogo1\\sources\\urdf_files_dataset\\urdf_files\\random\\xacro_generated\\schunk_modular_robotics\\schunk_description\\meshes\\lwa4d\\arm_3_link.stl"", ""D:\\CADtest\\papertest\\go_nogo1\\sources\\urdf_files_dataset\\urdf_files\\random\\xacro_generated\\schunk_modular_robotics\\schunk_description\\meshes\\lwa4d\\arm_4_link.stl"", ""D:\\CADtest\\papertest\\go_nogo1\\sources\\urdf_files_dataset\\urdf_files\\random\\xacro_generated\\schunk_modular_robotics\\schunk_description\\meshes\\lwa4d\\arm_5_link.stl"", ""D:\\CADtest\\papertest\\go_nogo1\\sources\\urdf_files_dataset\\urdf_files\\random\\xacro_generated\\schunk_modular_robotics\\schunk_description\\meshes\\lwa4d\\arm_6_link.stl"", ""D:\\CADtest\\papertest\\go_nogo1\\sources\\urdf_files_dataset\\urdf_files\\random\\xacro_generated\\schunk_modular_robotics\\schunk_description\\meshes\\lwa4d\\arm_7_link.stl"", ""D:\\CADtest\\papertest\\go_nogo1\\sources\\urdf_files_dataset\\urdf_files\\random\\xacro_generated\\schunk_modular_robotics\\schunk_description\\meshes\\lwa4d\\arm_podest_link.stl""]",lwa4d,random,https://github.com/ipa320/schunk_modular_robotics/tree/b2d73bdd333eceda0e91b4f8d4e8881433dc243a/schunk_description,robotic arm,D:\CADtest\papertest\go_nogo1\sources\urdf_files_dataset\urdf_files\random\xacro_generated\schunk_modular_robotics\schunk_description\urdf\schunk_lwa4d.urdf,original,1.0,True
107,True,"{""fixed"": 2, ""revolute"": 6}",Schunk,8,True,6,7,1,8,9,7,7,0,7,7,LWA 4P,1.0,,True,A,random\xacro_generated\schunk_modular_robotics\schunk_description\urdf\schunk_lwa4p.urdf,"{""ancestor_suffix"": 7}","[""D:\\CADtest\\papertest\\go_nogo1\\sources\\urdf_files_dataset\\urdf_files\\random\\xacro_generated\\schunk_modular_robotics\\schunk_description\\meshes\\lwa4p\\arm_1_link.stl"", ""D:\\CADtest\\papertest\\go_nogo1\\sources\\urdf_files_dataset\\urdf_files\\random\\xacro_generated\\schunk_modular_robotics\\schunk_description\\meshes\\lwa4p\\arm_2_link.stl"", ""D:\\CADtest\\papertest\\go_nogo1\\sources\\urdf_files_dataset\\urdf_files\\random\\xacro_generated\\schunk_modular_robotics\\schunk_description\\meshes\\lwa4p\\arm_3_link.stl"", ""D:\\CADtest\\papertest\\go_nogo1\\sources\\urdf_files_dataset\\urdf_files\\random\\xacro_generated\\schunk_modular_robotics\\schunk_description\\meshes\\lwa4p\\arm_4_link.stl"", ""D:\\CADtest\\papertest\\go_nogo1\\sources\\urdf_files_dataset\\urdf_files\\random\\xacro_generated\\schunk_modular_robotics\\schunk_description\\meshes\\lwa4p\\arm_5_link.stl"", ""D:\\CADtest\\papertest\\go_nogo1\\sources\\urdf_files_dataset\\urdf_files\\random\\xacro_generated\\schunk_modular_robotics\\schunk_description\\meshes\\lwa4p\\arm_6_link.stl"", ""D:\\CADtest\\papertest\\go_nogo1\\sources\\urdf_files_dataset\\urdf_files\\random\\xacro_generated\\schunk_modular_robotics\\schunk_description\\meshes\\lwa4p\\arm_base_link.stl""]",lwa4p,random,https://github.com/ipa320/schunk_modular_robotics/tree/b2d73bdd333eceda0e91b4f8d4e8881433dc243a/schunk_description,robotic arm,D:\CADtest\papertest\go_nogo1\sources\urdf_files_dataset\urdf_files\random\xacro_generated\schunk_modular_robotics\schunk_description\urdf\schunk_lwa4p.urdf,original,1.0,True
305,True,"{""fixed"": 2, ""revolute"": 7}",Schunk,9,True,7,7,1,9,10,7,9,2,7,7,LWA 4P,0.875,,True,A,random\xacro_generated\schunk_modular_robotics\schunk_description\urdf\schunk_lwa4p_extended.urdf,"{""ancestor_suffix"": 7}","[""D:\\CADtest\\papertest\\go_nogo1\\sources\\urdf_files_dataset\\urdf_files\\random\\xacro_generated\\schunk_modular_robotics\\schunk_description\\meshes\\lwa4p_extended\\arm_1_link.dae"", ""D:\\CADtest\\papertest\\go_nogo1\\sources\\urdf_files_dataset\\urdf_files\\random\\xacro_generated\\schunk_modular_robotics\\schunk_description\\meshes\\lwa4p_extended\\arm_2_link.dae"", ""D:\\CADtest\\papertest\\go_nogo1\\sources\\urdf_files_dataset\\urdf_files\\random\\xacro_generated\\schunk_modular_robotics\\schunk_description\\meshes\\lwa4p_extended\\arm_3_link.dae"", ""D:\\CADtest\\papertest\\go_nogo1\\sources\\urdf_files_dataset\\urdf_files\\random\\xacro_generated\\schunk_modular_robotics\\schunk_description\\meshes\\lwa4p_extended\\arm_4_link.dae"", ""D:\\CADtest\\papertest\\go_nogo1\\sources\\urdf_files_dataset\\urdf_files\\random\\xacro_generated\\schunk_modular_robotics\\schunk_description\\meshes\\lwa4p_extended\\arm_5_link.dae"", ""D:\\CADtest\\papertest\\go_nogo1\\sources\\urdf_files_dataset\\urdf_files\\random\\xacro_generated\\schunk_modular_robotics\\schunk_description\\meshes\\lwa4p_extended\\arm_6_link.dae"", ""D:\\CADtest\\papertest\\go_nogo1\\sources\\urdf_files_dataset\\urdf_files\\random\\xacro_generated\\schunk_modular_robotics\\schunk_description\\meshes\\lwa4p_extended\\arm_base_link.stl""]",lwa4p_extended,random,,robotic arm,D:\CADtest\papertest\go_nogo1\sources\urdf_files_dataset\urdf_files\random\xacro_generated\schunk_modular_robotics\schunk_description\urdf\schunk_lwa4p_extended.urdf,extended,1.0,True
109,True,"{""fixed"": 2, ""prismatic"": 2}",Schunk,3,True,2,1,1,4,5,2,4,2,2,2,PG 70,0.666667,,True,B,random\xacro_generated\schunk_modular_robotics\schunk_description\urdf\schunk_pg70.urdf,"{""ancestor_suffix"": 2}","[""D:\\CADtest\\papertest\\go_nogo1\\sources\\urdf_files_dataset\\urdf_files\\random\\xacro_generated\\schunk_modular_robotics\\schunk_description\\meshes\\lwa4p\\arm_base_link.stl"", ""D:\\CADtest\\papertest\\go_nogo1\\sources\\urdf_files_dataset\\urdf_files\\random\\xacro_generated\\schunk_modular_robotics\\schunk_description\\meshes\\pg70\\pg70.dae""]",pg70,random,https://github.com/ipa320/schunk_modular_robotics/tree/b2d73bdd333eceda0e91b4f8d4e8881433dc243a/schunk_description,end effector,D:\CADtest\papertest\go_nogo1\sources\urdf_files_dataset\urdf_files\random\xacro_generated\schunk_modular_robotics\schunk_description\urdf\schunk_pg70.urdf,original,1.0,True
110,True,"{""fixed"": 2, ""revolute"": 2}",Schunk,4,True,2,3,1,4,5,3,3,0,3,3,PW 70,1.0,,True,A,random\xacro_generated\schunk_modular_robotics\schunk_description\urdf\schunk_pw70.urdf,"{""ancestor_suffix"": 3}","[""D:\\CADtest\\papertest\\go_nogo1\\sources\\urdf_files_dataset\\urdf_files\\random\\xacro_generated\\schunk_modular_robotics\\schunk_description\\meshes\\pw70\\pw70_body.stl"", ""D:\\CADtest\\papertest\\go_nogo1\\sources\\urdf_files_dataset\\urdf_files\\random\\xacro_generated\\schunk_modular_robotics\\schunk_description\\meshes\\pw70\\pw70_round_holder.stl"", ""D:\\CADtest\\papertest\\go_nogo1\\sources\\urdf_files_dataset\\urdf_files\\random\\xacro_generated\\schunk_modular_robotics\\schunk_description\\meshes\\pw70\\pw70_square_holder.stl""]",pw70,random,https://github.com/ipa320/schunk_modular_robotics/tree/b2d73bdd333eceda0e91b4f8d4e8881433dc243a/schunk_description,end effector,D:\CADtest\papertest\go_nogo1\sources\urdf_files_dataset\urdf_files\random\xacro_generated\schunk_modular_robotics\schunk_description\urdf\schunk_pw70.urdf,original,1.0,True
111,True,"{""fixed"": 2, ""revolute"": 6}",ABB,7,True,6,7,1,8,9,7,7,0,7,7,IRB 140,1.0,,True,A,robotics-toolbox\abb_irb140\urdf\irb140.urdf,"{""ancestor_suffix"": 7}","[""D:\\CADtest\\papertest\\go_nogo1\\sources\\urdf_files_dataset\\urdf_files\\robotics-toolbox\\abb_irb140\\meshes\\irb140\\visual\\base_link.stl"", ""D:\\CADtest\\papertest\\go_nogo1\\sources\\urdf_files_dataset\\urdf_files\\robotics-toolbox\\abb_irb140\\meshes\\irb140\\visual\\link_1.stl"", ""D:\\CADtest\\papertest\\go_nogo1\\sources\\urdf_files_dataset\\urdf_files\\robotics-toolbox\\abb_irb140\\meshes\\irb140\\visual\\link_2.stl"", ""D:\\CADtest\\papertest\\go_nogo1\\sources\\urdf_files_dataset\\urdf_files\\robotics-toolbox\\abb_irb140\\meshes\\irb140\\visual\\link_3.stl"", ""D:\\CADtest\\papertest\\go_nogo1\\sources\\urdf_files_dataset\\urdf_files\\robotics-toolbox\\abb_irb140\\meshes\\irb140\\visual\\link_4.stl"", ""D:\\CADtest\\papertest\\go_nogo1\\sources\\urdf_files_dataset\\urdf_files\\robotics-toolbox\\abb_irb140\\meshes\\irb140\\visual\\link_5.stl"", ""D:\\CADtest\\papertest\\go_nogo1\\sources\\urdf_files_dataset\\urdf_files\\robotics-toolbox\\abb_irb140\\meshes\\irb140\\visual\\link_6.stl""]",abb_irb140,robotics-toolbox,https://github.com/petercorke/robotics-toolbox-python/tree/07ad1259338d6dfd41af6e5e50973e315284a912/rtb-data/rtbdata/xacro/abb_irb140,robotic arm,D:\CADtest\papertest\go_nogo1\sources\urdf_files_dataset\urdf_files\robotics-toolbox\abb_irb140\urdf\irb140.urdf,original,1.0,False
112,True,"{""fixed"": 2, ""revolute"": 6}",ABB,7,True,6,7,1,8,9,7,7,0,7,7,IRB 140T,1.0,,True,A,robotics-toolbox\abb_irb140\urdf\irb140QT.urdf,"{""ancestor_suffix"": 7}","[""D:\\CADtest\\papertest\\go_nogo1\\sources\\urdf_files_dataset\\urdf_files\\robotics-toolbox\\abb_irb140\\meshes\\irb140\\visual\\base_link.stl"", ""D:\\CADtest\\papertest\\go_nogo1\\sources\\urdf_files_dataset\\urdf_files\\robotics-toolbox\\abb_irb140\\meshes\\irb140\\visual\\link_1.stl"", ""D:\\CADtest\\papertest\\go_nogo1\\sources\\urdf_files_dataset\\urdf_files\\robotics-toolbox\\abb_irb140\\meshes\\irb140\\visual\\link_2.stl"", ""D:\\CADtest\\papertest\\go_nogo1\\sources\\urdf_files_dataset\\urdf_files\\robotics-toolbox\\abb_irb140\\meshes\\irb140\\visual\\link_3.stl"", ""D:\\CADtest\\papertest\\go_nogo1\\sources\\urdf_files_dataset\\urdf_files\\robotics-toolbox\\abb_irb140\\meshes\\irb140\\visual\\link_4.stl"", ""D:\\CADtest\\papertest\\go_nogo1\\sources\\urdf_files_dataset\\urdf_files\\robotics-toolbox\\abb_irb140\\meshes\\irb140\\visual\\link_5.stl"", ""D:\\CADtest\\papertest\\go_nogo1\\sources\\urdf_files_dataset\\urdf_files\\robotics-toolbox\\abb_irb140\\meshes\\irb140\\visual\\link_6.stl""]",abb_irb140,robotics-toolbox,https://github.com/petercorke/robotics-toolbox-python/tree/07ad1259338d6dfd41af6e5e50973e315284a912/rtb-data/rtbdata/xacro/abb_irb140,robotic arm,D:\CADtest\papertest\go_nogo1\sources\urdf_files_dataset\urdf_files\robotics-toolbox\abb_irb140\urdf\irb140QT.urdf,original,1.0,False
113,True,"{""revolute"": 4}",Lynxmotion,4,True,4,0,1,4,5,5,5,0,5,5,AL5D,1.0,,True,A,robotics-toolbox\al5d_description\urdf\al5d_robot.urdf,"{""ancestor_suffix"": 5}","[""D:\\CADtest\\papertest\\go_nogo1\\sources\\urdf_files_dataset\\urdf_files\\robotics-toolbox\\al5d_description\\meshes\\base.stl"", ""D:\\CADtest\\papertest\\go_nogo1\\sources\\urdf_files_dataset\\urdf_files\\robotics-toolbox\\al5d_description\\meshes\\link1.stl"", ""D:\\CADtest\\papertest\\go_nogo1\\sources\\urdf_files_dataset\\urdf_files\\robotics-toolbox\\al5d_description\\meshes\\link2.stl"", ""D:\\CADtest\\papertest\\go_nogo1\\sources\\urdf_files_dataset\\urdf_files\\robotics-toolbox\\al5d_description\\meshes\\link3.stl"", ""D:\\CADtest\\papertest\\go_nogo1\\sources\\urdf_files_dataset\\urdf_files\\robotics-toolbox\\al5d_description\\meshes\\link4.stl""]",AL5D,robotics-toolbox,https://github.com/petercorke/robotics-toolbox-python/tree/07ad1259338d6dfd41af6e5e50973e315284a912/rtb-data/rtbdata/xacro/al5d_description,robotic arm,D:\CADtest\papertest\go_nogo1\sources\urdf_files_dataset\urdf_files\robotics-toolbox\al5d_description\urdf\al5d_robot.urdf,original,1.0,False
114,True,"{""continuous"": 3, ""fixed"": 8, ""prismatic"": 2, ""revolute"": 5}",Fetch Robotics,12,True,10,17,1,18,19,17,17,0,17,17,Fetch,1.0,,True,A,robotics-toolbox\fetch_description\robots\fetch.urdf,"{""ancestor_suffix"": 17}","[""D:\\CADtest\\papertest\\go_nogo1\\sources\\urdf_files_dataset\\urdf_files\\robotics-toolbox\\fetch_description\\meshes\\base_link.dae"", ""D:\\CADtest\\papertest\\go_nogo1\\sources\\urdf_files_dataset\\urdf_files\\robotics-toolbox\\fetch_description\\meshes\\bellows_link.STL"", ""D:\\CADtest\\papertest\\go_nogo1\\sources\\urdf_files_dataset\\urdf_files\\robotics-toolbox\\fetch_description\\meshes\\elbow_flex_link.dae"", ""D:\\CADtest\\papertest\\go_nogo1\\sources\\urdf_files_dataset\\urdf_files\\robotics-toolbox\\fetch_description\\meshes\\estop_link.dae"", ""D:\\CADtest\\papertest\\go_nogo1\\sources\\urdf_files_dataset\\urdf_files\\robotics-toolbox\\fetch_description\\meshes\\forearm_roll_link.dae"", ""D:\\CADtest\\papertest\\go_nogo1\\sources\\urdf_files_dataset\\urdf_files\\robotics-toolbox\\fetch_description\\meshes\\gripper_link.dae"", ""D:\\CADtest\\papertest\\go_nogo1\\sources\\urdf_files_dataset\\urdf_files\\robotics-toolbox\\fetch_description\\meshes\\l_gripper_finger_link.STL"", ""D:\\CADtest\\papertest\\go_nogo1\\sources\\urdf_files_dataset\\urdf_files\\robotics-toolbox\\fetch_description\\meshes\\laser_link.STL"", ""D:\\CADtest\\papertest\\go_nogo1\\sources\\urdf_files_dataset\\urdf_files\\robotics-toolbox\\fetch_description\\meshes\\r_gripper_finger_link.STL"", ""D:\\CADtest\\papertest\\go_nogo1\\sources\\urdf_files_dataset\\urdf_files\\robotics-toolbox\\fetch_description\\meshes\\shoulder_lift_link.dae"", ""D:\\CADtest\\papertest\\go_nogo1\\sources\\urdf_files_dataset\\urdf_files\\robotics-toolbox\\fetch_description\\meshes\\shoulder_pan_link.dae"", ""D:\\CADtest\\papertest\\go_nogo1\\sources\\urdf_files_dataset\\urdf_files\\robotics-toolbox\\fetch_description\\meshes\\torso_fixed_link.dae"", ""D:\\CADtest\\papertest\\go_nogo1\\sources\\urdf_files_dataset\\urdf_files\\robotics-toolbox\\fetch_description\\meshes\\torso_lift_link.dae"", ""D:\\CADtest\\papertest\\go_nogo1\\sources\\urdf_files_dataset\\urdf_files\\robotics-toolbox\\fetch_description\\meshes\\upperarm_roll_link.dae"", ""D:\\CADtest\\papertest\\go_nogo1\\sources\\urdf_files_dataset\\urdf_files\\robotics-toolbox\\fetch_description\\meshes\\wrist_flex_link.dae"", ""D:\\CADtest\\papertest\\go_nogo1\\sources\\urdf_files_dataset\\urdf_files\\robotics-toolbox\\fetch_description\\meshes\\wrist_roll_link.dae""]",fetch,robotics-toolbox,https://github.com/petercorke/robotics-toolbox-python/tree/07ad1259338d6dfd41af6e5e50973e315284a912/rtb-data/rtbdata/xacro/fetch_description,mobile manipulator,D:\CADtest\papertest\go_nogo1\sources\urdf_files_dataset\urdf_files\robotics-toolbox\fetch_description\robots\fetch.urdf,original,1.0,False
116,True,"{""fixed"": 1, ""prismatic"": 2, ""revolute"": 3}",Fetch Robotics,6,True,5,4,1,6,7,4,4,0,4,4,Fetch Camera,0.666667,,True,B,robotics-toolbox\fetch_description\robots\fetch_camera.urdf,"{""ancestor_suffix"": 4}","[""D:\\CADtest\\papertest\\go_nogo1\\sources\\urdf_files_dataset\\urdf_files\\robotics-toolbox\\fetch_description\\meshes\\base_link.dae"", ""D:\\CADtest\\papertest\\go_nogo1\\sources\\urdf_files_dataset\\urdf_files\\robotics-toolbox\\fetch_description\\meshes\\head_pan_link.dae"", ""D:\\CADtest\\papertest\\go_nogo1\\sources\\urdf_files_dataset\\urdf_files\\robotics-toolbox\\fetch_description\\meshes\\head_tilt_link.dae"", ""D:\\CADtest\\papertest\\go_nogo1\\sources\\urdf_files_dataset\\urdf_files\\robotics-toolbox\\fetch_description\\meshes\\torso_lift_link.dae""]",fetch,robotics-toolbox,https://github.com/petercorke/robotics-toolbox-python/tree/07ad1259338d6dfd41af6e5e50973e315284a912/rtb-data/rtbdata/xacro/fetch_description,mobile manipulator,D:\CADtest\papertest\go_nogo1\sources\urdf_files_dataset\urdf_files\robotics-toolbox\fetch_description\robots\fetch_camera.urdf,original,1.0,False
115,True,"{""continuous"": 2, ""fixed"": 4}",Fetch Robotics,2,True,2,5,1,6,7,5,5,0,5,5,Freight,1.0,,True,A,robotics-toolbox\fetch_description\robots\freight.urdf,"{""ancestor_suffix"": 5}","[""D:\\CADtest\\papertest\\go_nogo1\\sources\\urdf_files_dataset\\urdf_files\\robotics-toolbox\\fetch_description\\meshes\\base_link.dae"", ""D:\\CADtest\\papertest\\go_nogo1\\sources\\urdf_files_dataset\\urdf_files\\robotics-toolbox\\fetch_description\\meshes\\estop_link.STL"", ""D:\\CADtest\\papertest\\go_nogo1\\sources\\urdf_files_dataset\\urdf_files\\robotics-toolbox\\fetch_description\\meshes\\l_wheel_link.STL"", ""D:\\CADtest\\papertest\\go_nogo1\\sources\\urdf_files_dataset\\urdf_files\\robotics-toolbox\\fetch_description\\meshes\\laser_link.STL"", ""D:\\CADtest\\papertest\\go_nogo1\\sources\\urdf_files_dataset\\urdf_files\\robotics-toolbox\\fetch_description\\meshes\\r_wheel_link.STL""]",freight,robotics-toolbox,https://github.com/petercorke/robotics-toolbox-python/tree/07ad1259338d6dfd41af6e5e50973e315284a912/rtb-data/rtbdata/xacro/fetch_description,mobile robot,D:\CADtest\papertest\go_nogo1\sources\urdf_files_dataset\urdf_files\robotics-toolbox\fetch_description\robots\freight.urdf,original,1.0,False
117,True,"{""fixed"": 2, ""revolute"": 7}",KUKA,8,True,7,8,1,9,10,8,8,0,8,8,LBR iiwa 14 R820,1.0,,True,A,robotics-toolbox\kuka_description\kuka_lbr_iiwa\urdf\lbr_iiwa_14_r820.urdf,"{""ancestor_suffix"": 8}","[""D:\\CADtest\\papertest\\go_nogo1\\sources\\urdf_files_dataset\\urdf_files\\robotics-toolbox\\kuka_description\\kuka_lbr_iiwa\\meshes\\lbr_iiwa_14_r820\\visual\\base_link.dae"", ""D:\\CADtest\\papertest\\go_nogo1\\sources\\urdf_files_dataset\\urdf_files\\robotics-toolbox\\kuka_description\\kuka_lbr_iiwa\\meshes\\lbr_iiwa_14_r820\\visual\\link_1.dae"", ""D:\\CADtest\\papertest\\go_nogo1\\sources\\urdf_files_dataset\\urdf_files\\robotics-toolbox\\kuka_description\\kuka_lbr_iiwa\\meshes\\lbr_iiwa_14_r820\\visual\\link_2.dae"", ""D:\\CADtest\\papertest\\go_nogo1\\sources\\urdf_files_dataset\\urdf_files\\robotics-toolbox\\kuka_description\\kuka_lbr_iiwa\\meshes\\lbr_iiwa_14_r820\\visual\\link_3.dae"", ""D:\\CADtest\\papertest\\go_nogo1\\sources\\urdf_files_dataset\\urdf_files\\robotics-toolbox\\kuka_description\\kuka_lbr_iiwa\\meshes\\lbr_iiwa_14_r820\\visual\\link_4.dae"", ""D:\\CADtest\\papertest\\go_nogo1\\sources\\urdf_files_dataset\\urdf_files\\robotics-toolbox\\kuka_description\\kuka_lbr_iiwa\\meshes\\lbr_iiwa_14_r820\\visual\\link_5.dae"", ""D:\\CADtest\\papertest\\go_nogo1\\sources\\urdf_files_dataset\\urdf_files\\robotics-toolbox\\kuka_description\\kuka_lbr_iiwa\\meshes\\lbr_iiwa_14_r820\\visual\\link_6.dae"", ""D:\\CADtest\\papertest\\go_nogo1\\sources\\urdf_files_dataset\\urdf_files\\robotics-toolbox\\kuka_description\\kuka_lbr_iiwa\\meshes\\lbr_iiwa_14_r820\\visual\\link_7.dae""]",kuka_lbr_iiwa_14_r820,robotics-toolbox,https://github.com/petercorke/robotics-toolbox-python/tree/07ad1259338d6dfd41af6e5e50973e315284a912/rtb-data/rtbdata/xacro/kuka_description/kuka_lbr_iiwa,robotic arm,D:\CADtest\papertest\go_nogo1\sources\urdf_files_dataset\urdf_files\robotics-toolbox\kuka_description\kuka_lbr_iiwa\urdf\lbr_iiwa_14_r820.urdf,original,1.0,False
118,True,"{""revolute"": 6}",Unimation,6,True,6,0,1,6,7,7,7,0,7,7,PUMA 560,1.0,,True,A,robotics-toolbox\puma560_description\urdf\puma560_robot.urdf,"{""ancestor_suffix"": 7}","[""D:\\CADtest\\papertest\\go_nogo1\\sources\\urdf_files_dataset\\urdf_files\\robotics-toolbox\\puma560_description\\meshes\\puma_link1.stl"", ""D:\\CADtest\\papertest\\go_nogo1\\sources\\urdf_files_dataset\\urdf_files\\robotics-toolbox\\puma560_description\\meshes\\puma_link2.stl"", ""D:\\CADtest\\papertest\\go_nogo1\\sources\\urdf_files_dataset\\urdf_files\\robotics-toolbox\\puma560_description\\meshes\\puma_link3.stl"", ""D:\\CADtest\\papertest\\go_nogo1\\sources\\urdf_files_dataset\\urdf_files\\robotics-toolbox\\puma560_description\\meshes\\puma_link4.stl"", ""D:\\CADtest\\papertest\\go_nogo1\\sources\\urdf_files_dataset\\urdf_files\\robotics-toolbox\\puma560_description\\meshes\\puma_link5.stl"", ""D:\\CADtest\\papertest\\go_nogo1\\sources\\urdf_files_dataset\\urdf_files\\robotics-toolbox\\puma560_description\\meshes\\puma_link6.stl"", ""D:\\CADtest\\papertest\\go_nogo1\\sources\\urdf_files_dataset\\urdf_files\\robotics-toolbox\\puma560_description\\meshes\\puma_link7.stl""]",Puma560,robotics-toolbox,https://github.com/petercorke/robotics-toolbox-python/tree/07ad1259338d6dfd41af6e5e50973e315284a912/rtb-data/rtbdata/xacro/puma560_description,robotic arm,D:\CADtest\papertest\go_nogo1\sources\urdf_files_dataset\urdf_files\robotics-toolbox\puma560_description\urdf\puma560_robot.urdf,original,1.0,False
119,True,"{""fixed"": 17, ""prismatic"": 1, ""revolute"": 5}",Trossen Robotics,20,True,6,0,1,23,24,21,21,0,21,21,PhantomX Pincher,1.0,,True,A,robotics-toolbox\pxpincher\urdf\pincher_arm.urdf,"{""ancestor_suffix"": 21}","[""D:\\CADtest\\papertest\\go_nogo1\\sources\\urdf_files_dataset\\urdf_files\\robotics-toolbox\\pxpincher\\meshes\\F10.stl"", ""D:\\CADtest\\papertest\\go_nogo1\\sources\\urdf_files_dataset\\urdf_files\\robotics-toolbox\\pxpincher\\meshes\\F2.stl"", ""D:\\CADtest\\papertest\\go_nogo1\\sources\\urdf_files_dataset\\urdf_files\\robotics-toolbox\\pxpincher\\meshes\\F3.stl"", ""D:\\CADtest\\papertest\\go_nogo1\\sources\\urdf_files_dataset\\urdf_files\\robotics-toolbox\\pxpincher\\meshes\\F4.stl"", ""D:\\CADtest\\papertest\\go_nogo1\\sources\\urdf_files_dataset\\urdf_files\\robotics-toolbox\\pxpincher\\meshes\\ax12_box.stl"", ""D:\\CADtest\\papertest\\go_nogo1\\sources\\urdf_files_dataset\\urdf_files\\robotics-toolbox\\pxpincher\\meshes\\pincher_finger.stl"", ""D:\\CADtest\\papertest\\go_nogo1\\sources\\urdf_files_dataset\\urdf_files\\robotics-toolbox\\pxpincher\\meshes\\pincher_finger_base.stl""]",turtlebot_arm,robotics-toolbox,https://github.com/petercorke/robotics-toolbox-python/tree/07ad1259338d6dfd41af6e5e50973e315284a912/rtb-data/rtbdata/xacro/pxpincher,robotic arm,D:\CADtest\papertest\go_nogo1\sources\urdf_files_dataset\urdf_files\robotics-toolbox\pxpincher\urdf\pincher_arm.urdf,original,1.0,False
120,True,"{""fixed"": 18, ""revolute"": 6}",Trossen Robotics,21,True,6,0,1,24,25,22,22,0,22,22,Turtlebot Arm,1.0,,True,A,robotics-toolbox\pxpincher\urdf\turtlebot_arm.urdf,"{""ancestor_suffix"": 22}","[""D:\\CADtest\\papertest\\go_nogo1\\sources\\urdf_files_dataset\\urdf_files\\robotics-toolbox\\pxpincher\\meshes\\F10.stl"", ""D:\\CADtest\\papertest\\go_nogo1\\sources\\urdf_files_dataset\\urdf_files\\robotics-toolbox\\pxpincher\\meshes\\F2.stl"", ""D:\\CADtest\\papertest\\go_nogo1\\sources\\urdf_files_dataset\\urdf_files\\robotics-toolbox\\pxpincher\\meshes\\F3.stl"", ""D:\\CADtest\\papertest\\go_nogo1\\sources\\urdf_files_dataset\\urdf_files\\robotics-toolbox\\pxpincher\\meshes\\F4.stl"", ""D:\\CADtest\\papertest\\go_nogo1\\sources\\urdf_files_dataset\\urdf_files\\robotics-toolbox\\pxpincher\\meshes\\ax12_box.stl"", ""D:\\CADtest\\papertest\\go_nogo1\\sources\\urdf_files_dataset\\urdf_files\\robotics-toolbox\\pxpincher\\meshes\\turtlebot_finger.stl""]",turtlebot_arm,robotics-toolbox,https://github.com/petercorke/robotics-toolbox-python/tree/07ad1259338d6dfd41af6e5e50973e315284a912/rtb-data/rtbdata/xacro/pxpincher,robotic arm,D:\CADtest\papertest\go_nogo1\sources\urdf_files_dataset\urdf_files\robotics-toolbox\pxpincher\urdf\turtlebot_arm.urdf,original,1.0,False
306,True,"{""revolute"": 16}",NASA,7,True,16,16,1,16,17,16,16,0,16,16,Valkyrie,0.941176,,True,A,robotics-toolbox\val_description\model\robots\forearm_left.urdf,"{""ancestor_suffix"": 16}","[""D:\\CADtest\\papertest\\go_nogo1\\sources\\urdf_files_dataset\\urdf_files\\robotics-toolbox\\val_description\\model\\meshes\\arms\\aj5_right.dae"", ""D:\\CADtest\\papertest\\go_nogo1\\sources\\urdf_files_dataset\\urdf_files\\robotics-toolbox\\val_description\\model\\meshes\\arms\\aj6_right.dae"", ""D:\\CADtest\\papertest\\go_nogo1\\sources\\urdf_files_dataset\\urdf_files\\robotics-toolbox\\val_description\\model\\meshes\\arms\\palm_right.dae"", ""D:\\CADtest\\papertest\\go_nogo1\\sources\\urdf_files_dataset\\urdf_files\\robotics-toolbox\\val_description\\model\\meshes\\fingers\\indexj1_right.dae"", ""D:\\CADtest\\papertest\\go_nogo1\\sources\\urdf_files_dataset\\urdf_files\\robotics-toolbox\\val_description\\model\\meshes\\fingers\\indexj2_right.dae"", ""D:\\CADtest\\papertest\\go_nogo1\\sources\\urdf_files_dataset\\urdf_files\\robotics-toolbox\\val_description\\model\\meshes\\fingers\\indexj3_right.dae"", ""D:\\CADtest\\papertest\\go_nogo1\\sources\\urdf_files_dataset\\urdf_files\\robotics-toolbox\\val_description\\model\\meshes\\fingers\\middlej1_right.dae"", ""D:\\CADtest\\papertest\\go_nogo1\\sources\\urdf_files_dataset\\urdf_files\\robotics-toolbox\\val_description\\model\\meshes\\fingers\\middlej2_right.dae"", ""D:\\CADtest\\papertest\\go_nogo1\\sources\\urdf_files_dataset\\urdf_files\\robotics-toolbox\\val_description\\model\\meshes\\fingers\\middlej3_right.dae"", ""D:\\CADtest\\papertest\\go_nogo1\\sources\\urdf_files_dataset\\urdf_files\\robotics-toolbox\\val_description\\model\\meshes\\fingers\\pinkyj1_right.dae"", ""D:\\CADtest\\papertest\\go_nogo1\\sources\\urdf_files_dataset\\urdf_files\\robotics-toolbox\\val_description\\model\\meshes\\fingers\\pinkyj2_right.dae"", ""D:\\CADtest\\papertest\\go_nogo1\\sources\\urdf_files_dataset\\urdf_files\\robotics-toolbox\\val_description\\model\\meshes\\fingers\\pinkyj3_right.dae"", ""D:\\CADtest\\papertest\\go_nogo1\\sources\\urdf_files_dataset\\urdf_files\\robotics-toolbox\\val_description\\model\\meshes\\fingers\\thumbj1_right.dae"", ""D:\\CADtest\\papertest\\go_nogo1\\sources\\urdf_files_dataset\\urdf_files\\robotics-toolbox\\val_description\\model\\meshes\\fingers\\thumbj2_right.dae"", ""D:\\CADtest\\papertest\\go_nogo1\\sources\\urdf_files_dataset\\urdf_files\\robotics-toolbox\\val_description\\model\\meshes\\fingers\\thumbj3_right.dae"", ""D:\\CADtest\\papertest\\go_nogo1\\sources\\urdf_files_dataset\\urdf_files\\robotics-toolbox\\val_description\\model\\meshes\\fingers\\thumbj4_right.dae""]",valkyrie,robotics-toolbox,https://github.com/petercorke/robotics-toolbox-python/tree/07ad1259338d6dfd41af6e5e50973e315284a912/rtb-data/rtbdata/xacro/val_description,humanoid robot,D:\CADtest\papertest\go_nogo1\sources\urdf_files_dataset\urdf_files\robotics-toolbox\val_description\model\robots\forearm_left.urdf,forearm left,1.0,False
307,True,"{""revolute"": 16}",NASA,7,True,16,16,1,16,17,16,16,0,16,16,Valkyrie,0.941176,,True,A,robotics-toolbox\val_description\model\robots\forearm_right.urdf,"{""ancestor_suffix"": 16}","[""D:\\CADtest\\papertest\\go_nogo1\\sources\\urdf_files_dataset\\urdf_files\\robotics-toolbox\\val_description\\model\\meshes\\arms\\aj5_right.dae"", ""D:\\CADtest\\papertest\\go_nogo1\\sources\\urdf_files_dataset\\urdf_files\\robotics-toolbox\\val_description\\model\\meshes\\arms\\aj6_right.dae"", ""D:\\CADtest\\papertest\\go_nogo1\\sources\\urdf_files_dataset\\urdf_files\\robotics-toolbox\\val_description\\model\\meshes\\arms\\palm_right.dae"", ""D:\\CADtest\\papertest\\go_nogo1\\sources\\urdf_files_dataset\\urdf_files\\robotics-toolbox\\val_description\\model\\meshes\\fingers\\indexj1_right.dae"", ""D:\\CADtest\\papertest\\go_nogo1\\sources\\urdf_files_dataset\\urdf_files\\robotics-toolbox\\val_description\\model\\meshes\\fingers\\indexj2_right.dae"", ""D:\\CADtest\\papertest\\go_nogo1\\sources\\urdf_files_dataset\\urdf_files\\robotics-toolbox\\val_description\\model\\meshes\\fingers\\indexj3_right.dae"", ""D:\\CADtest\\papertest\\go_nogo1\\sources\\urdf_files_dataset\\urdf_files\\robotics-toolbox\\val_description\\model\\meshes\\fingers\\middlej1_right.dae"", ""D:\\CADtest\\papertest\\go_nogo1\\sources\\urdf_files_dataset\\urdf_files\\robotics-toolbox\\val_description\\model\\meshes\\fingers\\middlej2_right.dae"", ""D:\\CADtest\\papertest\\go_nogo1\\sources\\urdf_files_dataset\\urdf_files\\robotics-toolbox\\val_description\\model\\meshes\\fingers\\middlej3_right.dae"", ""D:\\CADtest\\papertest\\go_nogo1\\sources\\urdf_files_dataset\\urdf_files\\robotics-toolbox\\val_description\\model\\meshes\\fingers\\pinkyj1_right.dae"", ""D:\\CADtest\\papertest\\go_nogo1\\sources\\urdf_files_dataset\\urdf_files\\robotics-toolbox\\val_description\\model\\meshes\\fingers\\pinkyj2_right.dae"", ""D:\\CADtest\\papertest\\go_nogo1\\sources\\urdf_files_dataset\\urdf_files\\robotics-toolbox\\val_description\\model\\meshes\\fingers\\pinkyj3_right.dae"", ""D:\\CADtest\\papertest\\go_nogo1\\sources\\urdf_files_dataset\\urdf_files\\robotics-toolbox\\val_description\\model\\meshes\\fingers\\thumbj1_right.dae"", ""D:\\CADtest\\papertest\\go_nogo1\\sources\\urdf_files_dataset\\urdf_files\\robotics-toolbox\\val_description\\model\\meshes\\fingers\\thumbj2_right.dae"", ""D:\\CADtest\\papertest\\go_nogo1\\sources\\urdf_files_dataset\\urdf_files\\robotics-toolbox\\val_description\\model\\meshes\\fingers\\thumbj3_right.dae"", ""D:\\CADtest\\papertest\\go_nogo1\\sources\\urdf_files_dataset\\urdf_files\\robotics-toolbox\\val_description\\model\\meshes\\fingers\\thumbj4_right.dae""]",valkyrie,robotics-toolbox,https://github.com/petercorke/robotics-toolbox-python/tree/07ad1259338d6dfd41af6e5e50973e315284a912/rtb-data/rtbdata/xacro/val_description,humanoid robot,D:\CADtest\papertest\go_nogo1\sources\urdf_files_dataset\urdf_files\robotics-toolbox\val_description\model\robots\forearm_right.urdf,forearm right,1.0,False
121,False,{},unknown,0,True,0,0,0,0,0,0,0,0,0,0,imu test,0.0,,True,C,robotics-toolbox\val_description\model\robots\imu_test.urdf,{},[],valkyrie,robotics-toolbox,https://github.com/petercorke/robotics-toolbox-python/tree/07ad1259338d6dfd41af6e5e50973e315284a912/rtb-data/rtbdata/xacro/val_description,unknown,D:\CADtest\papertest\go_nogo1\sources\urdf_files_dataset\urdf_files\robotics-toolbox\val_description\model\robots\imu_test.urdf,original,0.0,False
122,False,{},unknown,0,True,0,0,0,0,0,0,0,0,0,0,test bench,0.0,,True,C,robotics-toolbox\val_description\model\robots\test_bench.urdf,{},[],valkyrie,robotics-toolbox,https://github.com/petercorke/robotics-toolbox-python/tree/07ad1259338d6dfd41af6e5e50973e315284a912/rtb-data/rtbdata/xacro/val_description,unknown,D:\CADtest\papertest\go_nogo1\sources\urdf_files_dataset\urdf_files\robotics-toolbox\val_description\model\robots\test_bench.urdf,original,0.0,False
308,True,"{""fixed"": 10, ""revolute"": 58}",NASA,14,True,58,55,1,68,69,57,57,0,57,57,Valkyrie,0.966102,,True,A,robotics-toolbox\val_description\model\robots\valkyrie_A.urdf,"{""ancestor_suffix"": 57}","[""D:\\CADtest\\papertest\\go_nogo1\\sources\\urdf_files_dataset\\urdf_files\\robotics-toolbox\\val_description\\model\\meshes\\arms\\aj1_left.dae"", ""D:\\CADtest\\papertest\\go_nogo1\\sources\\urdf_files_dataset\\urdf_files\\robotics-toolbox\\val_description\\model\\meshes\\arms\\aj1_right.dae"", ""D:\\CADtest\\papertest\\go_nogo1\\sources\\urdf_files_dataset\\urdf_files\\robotics-toolbox\\val_description\\model\\meshes\\arms\\aj2_left.dae"", ""D:\\CADtest\\papertest\\go_nogo1\\sources\\urdf_files_dataset\\urdf_files\\robotics-toolbox\\val_description\\model\\meshes\\arms\\aj2_right.dae"", ""D:\\CADtest\\papertest\\go_nogo1\\sources\\urdf_files_dataset\\urdf_files\\robotics-toolbox\\val_description\\model\\meshes\\arms\\aj3_left.dae"", ""D:\\CADtest\\papertest\\go_nogo1\\sources\\urdf_files_dataset\\urdf_files\\robotics-toolbox\\val_description\\model\\meshes\\arms\\aj3_right.dae"", ""D:\\CADtest\\papertest\\go_nogo1\\sources\\urdf_files_dataset\\urdf_files\\robotics-toolbox\\val_description\\model\\meshes\\arms\\aj4_left.dae"", ""D:\\CADtest\\papertest\\go_nogo1\\sources\\urdf_files_dataset\\urdf_files\\robotics-toolbox\\val_description\\model\\meshes\\arms\\aj4_right.dae"", ""D:\\CADtest\\papertest\\go_nogo1\\sources\\urdf_files_dataset\\urdf_files\\robotics-toolbox\\val_description\\model\\meshes\\arms\\aj5_left.dae"", ""D:\\CADtest\\papertest\\go_nogo1\\sources\\urdf_files_dataset\\urdf_files\\robotics-toolbox\\val_description\\model\\meshes\\arms\\aj5_right.dae"", ""D:\\CADtest\\papertest\\go_nogo1\\sources\\urdf_files_dataset\\urdf_files\\robotics-toolbox\\val_description\\model\\meshes\\arms\\aj6_left.dae"", ""D:\\CADtest\\papertest\\go_nogo1\\sources\\urdf_files_dataset\\urdf_files\\robotics-toolbox\\val_description\\model\\meshes\\arms\\aj6_right.dae"", ""D:\\CADtest\\papertest\\go_nogo1\\sources\\urdf_files_dataset\\urdf_files\\robotics-toolbox\\val_description\\model\\meshes\\arms\\palm_left.dae"", ""D:\\CADtest\\papertest\\go_nogo1\\sources\\urdf_files_dataset\\urdf_files\\robotics-toolbox\\val_description\\model\\meshes\\arms\\palm_right.dae"", ""D:\\CADtest\\papertest\\go_nogo1\\sources\\urdf_files_dataset\\urdf_files\\robotics-toolbox\\val_description\\model\\meshes\\fingers\\indexj1_left.dae"", ""D:\\CADtest\\papertest\\go_nogo1\\sources\\urdf_files_dataset\\urdf_files\\robotics-toolbox\\val_description\\model\\meshes\\fingers\\indexj1_right.dae"", ""D:\\CADtest\\papertest\\go_nogo1\\sources\\urdf_files_dataset\\urdf_files\\robotics-toolbox\\val_description\\model\\meshes\\fingers\\indexj2_left.dae"", ""D:\\CADtest\\papertest\\go_nogo1\\sources\\urdf_files_dataset\\urdf_files\\robotics-toolbox\\val_description\\model\\meshes\\fingers\\indexj2_right.dae"", ""D:\\CADtest\\papertest\\go_nogo1\\sources\\urdf_files_dataset\\urdf_files\\robotics-toolbox\\val_description\\model\\meshes\\fingers\\indexj3_left.dae"", ""D:\\CADtest\\papertest\\go_nogo1\\sources\\urdf_files_dataset\\urdf_files\\robotics-toolbox\\val_description\\model\\meshes\\fingers\\indexj3_right.dae"", ""D:\\CADtest\\papertest\\go_nogo1\\sources\\urdf_files_dataset\\urdf_files\\robotics-toolbox\\val_description\\model\\meshes\\fingers\\middlej1_left.dae"", ""D:\\CADtest\\papertest\\go_nogo1\\sources\\urdf_files_dataset\\urdf_files\\robotics-toolbox\\val_description\\model\\meshes\\fingers\\middlej1_right.dae"", ""D:\\CADtest\\papertest\\go_nogo1\\sources\\urdf_files_dataset\\urdf_files\\robotics-toolbox\\val_description\\model\\meshes\\fingers\\middlej2_left.dae"", ""D:\\CADtest\\papertest\\go_nogo1\\sources\\urdf_files_dataset\\urdf_files\\robotics-toolbox\\val_description\\model\\meshes\\fingers\\middlej2_right.dae"", ""D:\\CADtest\\papertest\\go_nogo1\\sources\\urdf_files_dataset\\urdf_files\\robotics-toolbox\\val_description\\model\\meshes\\fingers\\middlej3_left.dae"", ""D:\\CADtest\\papertest\\go_nogo1\\sources\\urdf_files_dataset\\urdf_files\\robotics-toolbox\\val_description\\model\\meshes\\fingers\\middlej3_right.dae"", ""D:\\CADtest\\papertest\\go_nogo1\\sources\\urdf_files_dataset\\urdf_files\\robotics-toolbox\\val_description\\model\\meshes\\fingers\\pinkyj1_left.dae"", ""D:\\CADtest\\papertest\\go_nogo1\\sources\\urdf_files_dataset\\urdf_files\\robotics-toolbox\\val_description\\model\\meshes\\fingers\\pinkyj1_right.dae"", ""D:\\CADtest\\papertest\\go_nogo1\\sources\\urdf_files_dataset\\urdf_files\\robotics-toolbox\\val_description\\model\\meshes\\fingers\\pinkyj2_left.dae"", ""D:\\CADtest\\papertest\\go_nogo1\\sources\\urdf_files_dataset\\urdf_files\\robotics-toolbox\\val_description\\model\\meshes\\fingers\\pinkyj2_right.dae"", ""D:\\CADtest\\papertest\\go_nogo1\\sources\\urdf_files_dataset\\urdf_files\\robotics-toolbox\\val_description\\model\\meshes\\fingers\\pinkyj3_left.dae"", ""D:\\CADtest\\papertest\\go_nogo1\\sources\\urdf_files_dataset\\urdf_files\\robotics-toolbox\\val_description\\model\\meshes\\fingers\\pinkyj3_right.dae"", ""D:\\CADtest\\papertest\\go_nogo1\\sources\\urdf_files_dataset\\urdf_files\\robotics-toolbox\\val_description\\model\\meshes\\fingers\\thumbj1_left.dae"", ""D:\\CADtest\\papertest\\go_nogo1\\sources\\urdf_files_dataset\\urdf_files\\robotics-toolbox\\val_description\\model\\meshes\\fingers\\thumbj1_right.dae"", ""D:\\CADtest\\papertest\\go_nogo1\\sources\\urdf_files_dataset\\urdf_files\\robotics-toolbox\\val_description\\model\\meshes\\fingers\\thumbj2_left.dae"", ""D:\\CADtest\\papertest\\go_nogo1\\sources\\urdf_files_dataset\\urdf_files\\robotics-toolbox\\val_description\\model\\meshes\\fingers\\thumbj2_right.dae"", ""D:\\CADtest\\papertest\\go_nogo1\\sources\\urdf_files_dataset\\urdf_files\\robotics-toolbox\\val_description\\model\\meshes\\fingers\\thumbj3_left.dae"", ""D:\\CADtest\\papertest\\go_nogo1\\sources\\urdf_files_dataset\\urdf_files\\robotics-toolbox\\val_description\\model\\meshes\\fingers\\thumbj3_right.dae"", ""D:\\CADtest\\papertest\\go_nogo1\\sources\\urdf_files_dataset\\urdf_files\\robotics-toolbox\\val_description\\model\\meshes\\fingers\\thumbj4_left.dae"", ""D:\\CADtest\\papertest\\go_nogo1\\sources\\urdf_files_dataset\\urdf_files\\robotics-toolbox\\val_description\\model\\meshes\\fingers\\thumbj4_right.dae"", ""D:\\CADtest\\papertest\\go_nogo1\\sources\\urdf_files_dataset\\urdf_files\\robotics-toolbox\\val_description\\model\\meshes\\head\\head_multisense_no_visor.dae"", ""D:\\CADtest\\papertest\\go_nogo1\\sources\\urdf_files_dataset\\urdf_files\\robotics-toolbox\\val_description\\model\\meshes\\head\\neckj1.dae"", ""D:\\CADtest\\papertest\\go_nogo1\\sources\\urdf_files_dataset\\urdf_files\\robotics-toolbox\\val_description\\model\\meshes\\head\\neckj2.dae"", ""D:\\CADtest\\papertest\\go_nogo1\\sources\\urdf_files_dataset\\urdf_files\\robotics-toolbox\\val_description\\model\\meshes\\legs\\foot.dae"", ""D:\\CADtest\\papertest\\go_nogo1\\sources\\urdf_files_dataset\\urdf_files\\robotics-toolbox\\val_description\\model\\meshes\\legs\\lj1_left.dae"", ""D:\\CADtest\\papertest\\go_nogo1\\sources\\urdf_files_dataset\\urdf_files\\robotics-toolbox\\val_description\\model\\meshes\\legs\\lj1_right.dae"", ""D:\\CADtest\\papertest\\go_nogo1\\sources\\urdf_files_dataset\\urdf_files\\robotics-toolbox\\val_description\\model\\meshes\\legs\\lj3_left.dae"", ""D:\\CADtest\\papertest\\go_nogo1\\sources\\urdf_files_dataset\\urdf_files\\robotics-toolbox\\val_description\\model\\meshes\\legs\\lj3_right.dae"", ""D:\\CADtest\\papertest\\go_nogo1\\sources\\urdf_files_dataset\\urdf_files\\robotics-toolbox\\val_description\\model\\meshes\\legs\\lj4_left.dae"", ""D:\\CADtest\\papertest\\go_nogo1\\sources\\urdf_files_dataset\\urdf_files\\robotics-toolbox\\val_description\\model\\meshes\\legs\\lj4_right.dae"", ""D:\\CADtest\\papertest\\go_nogo1\\sources\\urdf_files_dataset\\urdf_files\\robotics-toolbox\\val_description\\model\\meshes\\legs\\lj5.dae"", ""D:\\CADtest\\papertest\\go_nogo1\\sources\\urdf_files_dataset\\urdf_files\\robotics-toolbox\\val_description\\model\\meshes\\pelvis\\pelvis.dae"", ""D:\\CADtest\\papertest\\go_nogo1\\sources\\urdf_files_dataset\\urdf_files\\robotics-toolbox\\val_description\\model\\meshes\\torso\\torso.dae"", ""D:\\CADtest\\papertest\\go_nogo1\\sources\\urdf_files_dataset\\urdf_files\\robotics-toolbox\\val_description\\model\\meshes\\torso\\torsopitch.dae"", ""D:\\CADtest\\papertest\\go_nogo1\\sources\\urdf_files_dataset\\urdf_files\\robotics-toolbox\\val_description\\model\\meshes\\torso\\torsoyaw.dae""]",valkyrie,robotics-toolbox,https://github.com/petercorke/robotics-toolbox-python/tree/07ad1259338d6dfd41af6e5e50973e315284a912/rtb-data/rtbdata/xacro/val_description,humanoid robot,D:\CADtest\papertest\go_nogo1\sources\urdf_files_dataset\urdf_files\robotics-toolbox\val_description\model\robots\valkyrie_A.urdf,A,1.0,False
309,True,"{""fixed"": 10, ""revolute"": 26}",NASA,7,True,26,23,1,36,37,25,25,0,25,25,Valkyrie,0.925926,,True,A,robotics-toolbox\val_description\model\robots\valkyrie_A_arm_mass_sims.urdf,"{""ancestor_suffix"": 25}","[""D:\\CADtest\\papertest\\go_nogo1\\sources\\urdf_files_dataset\\urdf_files\\robotics-toolbox\\val_description\\model\\meshes\\arms\\aj1_left.dae"", ""D:\\CADtest\\papertest\\go_nogo1\\sources\\urdf_files_dataset\\urdf_files\\robotics-toolbox\\val_description\\model\\meshes\\arms\\aj1_right.dae"", ""D:\\CADtest\\papertest\\go_nogo1\\sources\\urdf_files_dataset\\urdf_files\\robotics-toolbox\\val_description\\model\\meshes\\arms\\aj2_left.dae"", ""D:\\CADtest\\papertest\\go_nogo1\\sources\\urdf_files_dataset\\urdf_files\\robotics-toolbox\\val_description\\model\\meshes\\arms\\aj2_right.dae"", ""D:\\CADtest\\papertest\\go_nogo1\\sources\\urdf_files_dataset\\urdf_files\\robotics-toolbox\\val_description\\model\\meshes\\arms\\aj3_left.dae"", ""D:\\CADtest\\papertest\\go_nogo1\\sources\\urdf_files_dataset\\urdf_files\\robotics-toolbox\\val_description\\model\\meshes\\arms\\aj3_right.dae"", ""D:\\CADtest\\papertest\\go_nogo1\\sources\\urdf_files_dataset\\urdf_files\\robotics-toolbox\\val_description\\model\\meshes\\arms\\left_elbow_mass_sim.dae"", ""D:\\CADtest\\papertest\\go_nogo1\\sources\\urdf_files_dataset\\urdf_files\\robotics-toolbox\\val_description\\model\\meshes\\arms\\right_elbow_mass_sim.dae"", ""D:\\CADtest\\papertest\\go_nogo1\\sources\\urdf_files_dataset\\urdf_files\\robotics-toolbox\\val_description\\model\\meshes\\head\\head_multisense_no_visor.dae"", ""D:\\CADtest\\papertest\\go_nogo1\\sources\\urdf_files_dataset\\urdf_files\\robotics-toolbox\\val_description\\model\\meshes\\head\\neckj1.dae"", ""D:\\CADtest\\papertest\\go_nogo1\\sources\\urdf_files_dataset\\urdf_files\\robotics-toolbox\\val_description\\model\\meshes\\head\\neckj2.dae"", ""D:\\CADtest\\papertest\\go_nogo1\\sources\\urdf_files_dataset\\urdf_files\\robotics-toolbox\\val_description\\model\\meshes\\legs\\foot.dae"", ""D:\\CADtest\\papertest\\go_nogo1\\sources\\urdf_files_dataset\\urdf_files\\robotics-toolbox\\val_description\\model\\meshes\\legs\\lj1_left.dae"", ""D:\\CADtest\\papertest\\go_nogo1\\sources\\urdf_files_dataset\\urdf_files\\robotics-toolbox\\val_description\\model\\meshes\\legs\\lj1_right.dae"", ""D:\\CADtest\\papertest\\go_nogo1\\sources\\urdf_files_dataset\\urdf_files\\robotics-toolbox\\val_description\\model\\meshes\\legs\\lj3_left.dae"", ""D:\\CADtest\\papertest\\go_nogo1\\sources\\urdf_files_dataset\\urdf_files\\robotics-toolbox\\val_description\\model\\meshes\\legs\\lj3_right.dae"", ""D:\\CADtest\\papertest\\go_nogo1\\sources\\urdf_files_dataset\\urdf_files\\robotics-toolbox\\val_description\\model\\meshes\\legs\\lj4_left.dae"", ""D:\\CADtest\\papertest\\go_nogo1\\sources\\urdf_files_dataset\\urdf_files\\robotics-toolbox\\val_description\\model\\meshes\\legs\\lj4_right.dae"", ""D:\\CADtest\\papertest\\go_nogo1\\sources\\urdf_files_dataset\\urdf_files\\robotics-toolbox\\val_description\\model\\meshes\\legs\\lj5.dae"", ""D:\\CADtest\\papertest\\go_nogo1\\sources\\urdf_files_dataset\\urdf_files\\robotics-toolbox\\val_description\\model\\meshes\\pelvis\\pelvis.dae"", ""D:\\CADtest\\papertest\\go_nogo1\\sources\\urdf_files_dataset\\urdf_files\\robotics-toolbox\\val_description\\model\\meshes\\torso\\torso.dae"", ""D:\\CADtest\\papertest\\go_nogo1\\sources\\urdf_files_dataset\\urdf_files\\robotics-toolbox\\val_description\\model\\meshes\\torso\\torsopitch.dae"", ""D:\\CADtest\\papertest\\go_nogo1\\sources\\urdf_files_dataset\\urdf_files\\robotics-toolbox\\val_description\\model\\meshes\\torso\\torsoyaw.dae""]",valkyrie,robotics-toolbox,https://github.com/petercorke/robotics-toolbox-python/tree/07ad1259338d6dfd41af6e5e50973e315284a912/rtb-data/rtbdata/xacro/val_description,humanoid robot,D:\CADtest\papertest\go_nogo1\sources\urdf_files_dataset\urdf_files\robotics-toolbox\val_description\model\robots\valkyrie_A_arm_mass_sims.urdf,A arm mass sims,1.0,False
310,True,"{""fixed"": 10, ""revolute"": 58}",NASA,14,True,58,55,1,68,69,57,57,0,57,57,Valkyrie,0.966102,,True,A,robotics-toolbox\val_description\model\robots\valkyrie_B.urdf,"{""ancestor_suffix"": 57}","[""D:\\CADtest\\papertest\\go_nogo1\\sources\\urdf_files_dataset\\urdf_files\\robotics-toolbox\\val_description\\model\\meshes\\arms\\aj1_left.dae"", ""D:\\CADtest\\papertest\\go_nogo1\\sources\\urdf_files_dataset\\urdf_files\\robotics-toolbox\\val_description\\model\\meshes\\arms\\aj1_right.dae"", ""D:\\CADtest\\papertest\\go_nogo1\\sources\\urdf_files_dataset\\urdf_files\\robotics-toolbox\\val_description\\model\\meshes\\arms\\aj2_left.dae"", ""D:\\CADtest\\papertest\\go_nogo1\\sources\\urdf_files_dataset\\urdf_files\\robotics-toolbox\\val_description\\model\\meshes\\arms\\aj2_right.dae"", ""D:\\CADtest\\papertest\\go_nogo1\\sources\\urdf_files_dataset\\urdf_files\\robotics-toolbox\\val_description\\model\\meshes\\arms\\aj3_left.dae"", ""D:\\CADtest\\papertest\\go_nogo1\\sources\\urdf_files_dataset\\urdf_files\\robotics-toolbox\\val_description\\model\\meshes\\arms\\aj3_right.dae"", ""D:\\CADtest\\papertest\\go_nogo1\\sources\\urdf_files_dataset\\urdf_files\\robotics-toolbox\\val_description\\model\\meshes\\arms\\aj4_left.dae"", ""D:\\CADtest\\papertest\\go_nogo1\\sources\\urdf_files_dataset\\urdf_files\\robotics-toolbox\\val_description\\model\\meshes\\arms\\aj4_right.dae"", ""D:\\CADtest\\papertest\\go_nogo1\\sources\\urdf_files_dataset\\urdf_files\\robotics-toolbox\\val_description\\model\\meshes\\arms\\aj5_left.dae"", ""D:\\CADtest\\papertest\\go_nogo1\\sources\\urdf_files_dataset\\urdf_files\\robotics-toolbox\\val_description\\model\\meshes\\arms\\aj5_right.dae"", ""D:\\CADtest\\papertest\\go_nogo1\\sources\\urdf_files_dataset\\urdf_files\\robotics-toolbox\\val_description\\model\\meshes\\arms\\aj6_left.dae"", ""D:\\CADtest\\papertest\\go_nogo1\\sources\\urdf_files_dataset\\urdf_files\\robotics-toolbox\\val_description\\model\\meshes\\arms\\aj6_right.dae"", ""D:\\CADtest\\papertest\\go_nogo1\\sources\\urdf_files_dataset\\urdf_files\\robotics-toolbox\\val_description\\model\\meshes\\arms\\palm_left.dae"", ""D:\\CADtest\\papertest\\go_nogo1\\sources\\urdf_files_dataset\\urdf_files\\robotics-toolbox\\val_description\\model\\meshes\\arms\\palm_right.dae"", ""D:\\CADtest\\papertest\\go_nogo1\\sources\\urdf_files_dataset\\urdf_files\\robotics-toolbox\\val_description\\model\\meshes\\fingers\\indexj1_left.dae"", ""D:\\CADtest\\papertest\\go_nogo1\\sources\\urdf_files_dataset\\urdf_files\\robotics-toolbox\\val_description\\model\\meshes\\fingers\\indexj1_right.dae"", ""D:\\CADtest\\papertest\\go_nogo1\\sources\\urdf_files_dataset\\urdf_files\\robotics-toolbox\\val_description\\model\\meshes\\fingers\\indexj2_left.dae"", ""D:\\CADtest\\papertest\\go_nogo1\\sources\\urdf_files_dataset\\urdf_files\\robotics-toolbox\\val_description\\model\\meshes\\fingers\\indexj2_right.dae"", ""D:\\CADtest\\papertest\\go_nogo1\\sources\\urdf_files_dataset\\urdf_files\\robotics-toolbox\\val_description\\model\\meshes\\fingers\\indexj3_left.dae"", ""D:\\CADtest\\papertest\\go_nogo1\\sources\\urdf_files_dataset\\urdf_files\\robotics-toolbox\\val_description\\model\\meshes\\fingers\\indexj3_right.dae"", ""D:\\CADtest\\papertest\\go_nogo1\\sources\\urdf_files_dataset\\urdf_files\\robotics-toolbox\\val_description\\model\\meshes\\fingers\\middlej1_left.dae"", ""D:\\CADtest\\papertest\\go_nogo1\\sources\\urdf_files_dataset\\urdf_files\\robotics-toolbox\\val_description\\model\\meshes\\fingers\\middlej1_right.dae"", ""D:\\CADtest\\papertest\\go_nogo1\\sources\\urdf_files_dataset\\urdf_files\\robotics-toolbox\\val_description\\model\\meshes\\fingers\\middlej2_left.dae"", ""D:\\CADtest\\papertest\\go_nogo1\\sources\\urdf_files_dataset\\urdf_files\\robotics-toolbox\\val_description\\model\\meshes\\fingers\\middlej2_right.dae"", ""D:\\CADtest\\papertest\\go_nogo1\\sources\\urdf_files_dataset\\urdf_files\\robotics-toolbox\\val_description\\model\\meshes\\fingers\\middlej3_left.dae"", ""D:\\CADtest\\papertest\\go_nogo1\\sources\\urdf_files_dataset\\urdf_files\\robotics-toolbox\\val_description\\model\\meshes\\fingers\\middlej3_right.dae"", ""D:\\CADtest\\papertest\\go_nogo1\\sources\\urdf_files_dataset\\urdf_files\\robotics-toolbox\\val_description\\model\\meshes\\fingers\\pinkyj1_left.dae"", ""D:\\CADtest\\papertest\\go_nogo1\\sources\\urdf_files_dataset\\urdf_files\\robotics-toolbox\\val_description\\model\\meshes\\fingers\\pinkyj1_right.dae"", ""D:\\CADtest\\papertest\\go_nogo1\\sources\\urdf_files_dataset\\urdf_files\\robotics-toolbox\\val_description\\model\\meshes\\fingers\\pinkyj2_left.dae"", ""D:\\CADtest\\papertest\\go_nogo1\\sources\\urdf_files_dataset\\urdf_files\\robotics-toolbox\\val_description\\model\\meshes\\fingers\\pinkyj2_right.dae"", ""D:\\CADtest\\papertest\\go_nogo1\\sources\\urdf_files_dataset\\urdf_files\\robotics-toolbox\\val_description\\model\\meshes\\fingers\\pinkyj3_left.dae"", ""D:\\CADtest\\papertest\\go_nogo1\\sources\\urdf_files_dataset\\urdf_files\\robotics-toolbox\\val_description\\model\\meshes\\fingers\\pinkyj3_right.dae"", ""D:\\CADtest\\papertest\\go_nogo1\\sources\\urdf_files_dataset\\urdf_files\\robotics-toolbox\\val_description\\model\\meshes\\fingers\\thumbj1_left.dae"", ""D:\\CADtest\\papertest\\go_nogo1\\sources\\urdf_files_dataset\\urdf_files\\robotics-toolbox\\val_description\\model\\meshes\\fingers\\thumbj1_right.dae"", ""D:\\CADtest\\papertest\\go_nogo1\\sources\\urdf_files_dataset\\urdf_files\\robotics-toolbox\\val_description\\model\\meshes\\fingers\\thumbj2_left.dae"", ""D:\\CADtest\\papertest\\go_nogo1\\sources\\urdf_files_dataset\\urdf_files\\robotics-toolbox\\val_description\\model\\meshes\\fingers\\thumbj2_right.dae"", ""D:\\CADtest\\papertest\\go_nogo1\\sources\\urdf_files_dataset\\urdf_files\\robotics-toolbox\\val_description\\model\\meshes\\fingers\\thumbj3_left.dae"", ""D:\\CADtest\\papertest\\go_nogo1\\sources\\urdf_files_dataset\\urdf_files\\robotics-toolbox\\val_description\\model\\meshes\\fingers\\thumbj3_right.dae"", ""D:\\CADtest\\papertest\\go_nogo1\\sources\\urdf_files_dataset\\urdf_files\\robotics-toolbox\\val_description\\model\\meshes\\fingers\\thumbj4_left.dae"", ""D:\\CADtest\\papertest\\go_nogo1\\sources\\urdf_files_dataset\\urdf_files\\robotics-toolbox\\val_description\\model\\meshes\\fingers\\thumbj4_right.dae"", ""D:\\CADtest\\papertest\\go_nogo1\\sources\\urdf_files_dataset\\urdf_files\\robotics-toolbox\\val_description\\model\\meshes\\head\\head_multisense_no_visor.dae"", ""D:\\CADtest\\papertest\\go_nogo1\\sources\\urdf_files_dataset\\urdf_files\\robotics-toolbox\\val_description\\model\\meshes\\head\\neckj1.dae"", ""D:\\CADtest\\papertest\\go_nogo1\\sources\\urdf_files_dataset\\urdf_files\\robotics-toolbox\\val_description\\model\\meshes\\head\\neckj2.dae"", ""D:\\CADtest\\papertest\\go_nogo1\\sources\\urdf_files_dataset\\urdf_files\\robotics-toolbox\\val_description\\model\\meshes\\legs\\foot.dae"", ""D:\\CADtest\\papertest\\go_nogo1\\sources\\urdf_files_dataset\\urdf_files\\robotics-toolbox\\val_description\\model\\meshes\\legs\\lj1_left.dae"", ""D:\\CADtest\\papertest\\go_nogo1\\sources\\urdf_files_dataset\\urdf_files\\robotics-toolbox\\val_description\\model\\meshes\\legs\\lj1_right.dae"", ""D:\\CADtest\\papertest\\go_nogo1\\sources\\urdf_files_dataset\\urdf_files\\robotics-toolbox\\val_description\\model\\meshes\\legs\\lj3_left.dae"", ""D:\\CADtest\\papertest\\go_nogo1\\sources\\urdf_files_dataset\\urdf_files\\robotics-toolbox\\val_description\\model\\meshes\\legs\\lj3_right.dae"", ""D:\\CADtest\\papertest\\go_nogo1\\sources\\urdf_files_dataset\\urdf_files\\robotics-toolbox\\val_description\\model\\meshes\\legs\\lj4_left.dae"", ""D:\\CADtest\\papertest\\go_nogo1\\sources\\urdf_files_dataset\\urdf_files\\robotics-toolbox\\val_description\\model\\meshes\\legs\\lj4_right.dae"", ""D:\\CADtest\\papertest\\go_nogo1\\sources\\urdf_files_dataset\\urdf_files\\robotics-toolbox\\val_description\\model\\meshes\\legs\\lj5.dae"", ""D:\\CADtest\\papertest\\go_nogo1\\sources\\urdf_files_dataset\\urdf_files\\robotics-toolbox\\val_description\\model\\meshes\\pelvis\\pelvis.dae"", ""D:\\CADtest\\papertest\\go_nogo1\\sources\\urdf_files_dataset\\urdf_files\\robotics-toolbox\\val_description\\model\\meshes\\torso\\torso.dae"", ""D:\\CADtest\\papertest\\go_nogo1\\sources\\urdf_files_dataset\\urdf_files\\robotics-toolbox\\val_description\\model\\meshes\\torso\\torsopitch.dae"", ""D:\\CADtest\\papertest\\go_nogo1\\sources\\urdf_files_dataset\\urdf_files\\robotics-toolbox\\val_description\\model\\meshes\\torso\\torsoyaw.dae""]",valkyrie,robotics-toolbox,https://github.com/petercorke/robotics-toolbox-python/tree/07ad1259338d6dfd41af6e5e50973e315284a912/rtb-data/rtbdata/xacro/val_description,humanoid robot,D:\CADtest\papertest\go_nogo1\sources\urdf_files_dataset\urdf_files\robotics-toolbox\val_description\model\robots\valkyrie_B.urdf,B,1.0,False
311,True,"{""fixed"": 10, ""revolute"": 26}",NASA,7,True,26,23,1,36,37,25,25,0,25,25,Valkyrie,0.925926,,True,A,robotics-toolbox\val_description\model\robots\valkyrie_B_arm_mass_sims.urdf,"{""ancestor_suffix"": 25}","[""D:\\CADtest\\papertest\\go_nogo1\\sources\\urdf_files_dataset\\urdf_files\\robotics-toolbox\\val_description\\model\\meshes\\arms\\aj1_left.dae"", ""D:\\CADtest\\papertest\\go_nogo1\\sources\\urdf_files_dataset\\urdf_files\\robotics-toolbox\\val_description\\model\\meshes\\arms\\aj1_right.dae"", ""D:\\CADtest\\papertest\\go_nogo1\\sources\\urdf_files_dataset\\urdf_files\\robotics-toolbox\\val_description\\model\\meshes\\arms\\aj2_left.dae"", ""D:\\CADtest\\papertest\\go_nogo1\\sources\\urdf_files_dataset\\urdf_files\\robotics-toolbox\\val_description\\model\\meshes\\arms\\aj2_right.dae"", ""D:\\CADtest\\papertest\\go_nogo1\\sources\\urdf_files_dataset\\urdf_files\\robotics-toolbox\\val_description\\model\\meshes\\arms\\aj3_left.dae"", ""D:\\CADtest\\papertest\\go_nogo1\\sources\\urdf_files_dataset\\urdf_files\\robotics-toolbox\\val_description\\model\\meshes\\arms\\aj3_right.dae"", ""D:\\CADtest\\papertest\\go_nogo1\\sources\\urdf_files_dataset\\urdf_files\\robotics-toolbox\\val_description\\model\\meshes\\arms\\left_elbow_mass_sim.dae"", ""D:\\CADtest\\papertest\\go_nogo1\\sources\\urdf_files_dataset\\urdf_files\\robotics-toolbox\\val_description\\model\\meshes\\arms\\right_elbow_mass_sim.dae"", ""D:\\CADtest\\papertest\\go_nogo1\\sources\\urdf_files_dataset\\urdf_files\\robotics-toolbox\\val_description\\model\\meshes\\head\\head_multisense_no_visor.dae"", ""D:\\CADtest\\papertest\\go_nogo1\\sources\\urdf_files_dataset\\urdf_files\\robotics-toolbox\\val_description\\model\\meshes\\head\\neckj1.dae"", ""D:\\CADtest\\papertest\\go_nogo1\\sources\\urdf_files_dataset\\urdf_files\\robotics-toolbox\\val_description\\model\\meshes\\head\\neckj2.dae"", ""D:\\CADtest\\papertest\\go_nogo1\\sources\\urdf_files_dataset\\urdf_files\\robotics-toolbox\\val_description\\model\\meshes\\legs\\foot.dae"", ""D:\\CADtest\\papertest\\go_nogo1\\sources\\urdf_files_dataset\\urdf_files\\robotics-toolbox\\val_description\\model\\meshes\\legs\\lj1_left.dae"", ""D:\\CADtest\\papertest\\go_nogo1\\sources\\urdf_files_dataset\\urdf_files\\robotics-toolbox\\val_description\\model\\meshes\\legs\\lj1_right.dae"", ""D:\\CADtest\\papertest\\go_nogo1\\sources\\urdf_files_dataset\\urdf_files\\robotics-toolbox\\val_description\\model\\meshes\\legs\\lj3_left.dae"", ""D:\\CADtest\\papertest\\go_nogo1\\sources\\urdf_files_dataset\\urdf_files\\robotics-toolbox\\val_description\\model\\meshes\\legs\\lj3_right.dae"", ""D:\\CADtest\\papertest\\go_nogo1\\sources\\urdf_files_dataset\\urdf_files\\robotics-toolbox\\val_description\\model\\meshes\\legs\\lj4_left.dae"", ""D:\\CADtest\\papertest\\go_nogo1\\sources\\urdf_files_dataset\\urdf_files\\robotics-toolbox\\val_description\\model\\meshes\\legs\\lj4_right.dae"", ""D:\\CADtest\\papertest\\go_nogo1\\sources\\urdf_files_dataset\\urdf_files\\robotics-toolbox\\val_description\\model\\meshes\\legs\\lj5.dae"", ""D:\\CADtest\\papertest\\go_nogo1\\sources\\urdf_files_dataset\\urdf_files\\robotics-toolbox\\val_description\\model\\meshes\\pelvis\\pelvis.dae"", ""D:\\CADtest\\papertest\\go_nogo1\\sources\\urdf_files_dataset\\urdf_files\\robotics-toolbox\\val_description\\model\\meshes\\torso\\torso.dae"", ""D:\\CADtest\\papertest\\go_nogo1\\sources\\urdf_files_dataset\\urdf_files\\robotics-toolbox\\val_description\\model\\meshes\\torso\\torsopitch.dae"", ""D:\\CADtest\\papertest\\go_nogo1\\sources\\urdf_files_dataset\\urdf_files\\robotics-toolbox\\val_description\\model\\meshes\\torso\\torsoyaw.dae""]",valkyrie,robotics-toolbox,https://github.com/petercorke/robotics-toolbox-python/tree/07ad1259338d6dfd41af6e5e50973e315284a912/rtb-data/rtbdata/xacro/val_description,humanoid robot,D:\CADtest\papertest\go_nogo1\sources\urdf_files_dataset\urdf_files\robotics-toolbox\val_description\model\robots\valkyrie_B_arm_mass_sims.urdf,B arm mass sims,1.0,False
312,True,"{""fixed"": 10, ""revolute"": 58}",NASA,14,True,58,55,1,68,69,57,57,0,57,57,Valkyrie,0.966102,,True,A,robotics-toolbox\val_description\model\robots\valkyrie_C.urdf,"{""ancestor_suffix"": 57}","[""D:\\CADtest\\papertest\\go_nogo1\\sources\\urdf_files_dataset\\urdf_files\\robotics-toolbox\\val_description\\model\\meshes\\arms\\aj1_left.dae"", ""D:\\CADtest\\papertest\\go_nogo1\\sources\\urdf_files_dataset\\urdf_files\\robotics-toolbox\\val_description\\model\\meshes\\arms\\aj1_right.dae"", ""D:\\CADtest\\papertest\\go_nogo1\\sources\\urdf_files_dataset\\urdf_files\\robotics-toolbox\\val_description\\model\\meshes\\arms\\aj2_left.dae"", ""D:\\CADtest\\papertest\\go_nogo1\\sources\\urdf_files_dataset\\urdf_files\\robotics-toolbox\\val_description\\model\\meshes\\arms\\aj2_right.dae"", ""D:\\CADtest\\papertest\\go_nogo1\\sources\\urdf_files_dataset\\urdf_files\\robotics-toolbox\\val_description\\model\\meshes\\arms\\aj3_left.dae"", ""D:\\CADtest\\papertest\\go_nogo1\\sources\\urdf_files_dataset\\urdf_files\\robotics-toolbox\\val_description\\model\\meshes\\arms\\aj3_right.dae"", ""D:\\CADtest\\papertest\\go_nogo1\\sources\\urdf_files_dataset\\urdf_files\\robotics-toolbox\\val_description\\model\\meshes\\arms\\aj4_left.dae"", ""D:\\CADtest\\papertest\\go_nogo1\\sources\\urdf_files_dataset\\urdf_files\\robotics-toolbox\\val_description\\model\\meshes\\arms\\aj4_right.dae"", ""D:\\CADtest\\papertest\\go_nogo1\\sources\\urdf_files_dataset\\urdf_files\\robotics-toolbox\\val_description\\model\\meshes\\arms\\aj5_left.dae"", ""D:\\CADtest\\papertest\\go_nogo1\\sources\\urdf_files_dataset\\urdf_files\\robotics-toolbox\\val_description\\model\\meshes\\arms\\aj5_right.dae"", ""D:\\CADtest\\papertest\\go_nogo1\\sources\\urdf_files_dataset\\urdf_files\\robotics-toolbox\\val_description\\model\\meshes\\arms\\aj6_left.dae"", ""D:\\CADtest\\papertest\\go_nogo1\\sources\\urdf_files_dataset\\urdf_files\\robotics-toolbox\\val_description\\model\\meshes\\arms\\aj6_right.dae"", ""D:\\CADtest\\papertest\\go_nogo1\\sources\\urdf_files_dataset\\urdf_files\\robotics-toolbox\\val_description\\model\\meshes\\arms\\palm_left.dae"", ""D:\\CADtest\\papertest\\go_nogo1\\sources\\urdf_files_dataset\\urdf_files\\robotics-toolbox\\val_description\\model\\meshes\\arms\\palm_right.dae"", ""D:\\CADtest\\papertest\\go_nogo1\\sources\\urdf_files_dataset\\urdf_files\\robotics-toolbox\\val_description\\model\\meshes\\fingers\\indexj1_left.dae"", ""D:\\CADtest\\papertest\\go_nogo1\\sources\\urdf_files_dataset\\urdf_files\\robotics-toolbox\\val_description\\model\\meshes\\fingers\\indexj1_right.dae"", ""D:\\CADtest\\papertest\\go_nogo1\\sources\\urdf_files_dataset\\urdf_files\\robotics-toolbox\\val_description\\model\\meshes\\fingers\\indexj2_left.dae"", ""D:\\CADtest\\papertest\\go_nogo1\\sources\\urdf_files_dataset\\urdf_files\\robotics-toolbox\\val_description\\model\\meshes\\fingers\\indexj2_right.dae"", ""D:\\CADtest\\papertest\\go_nogo1\\sources\\urdf_files_dataset\\urdf_files\\robotics-toolbox\\val_description\\model\\meshes\\fingers\\indexj3_left.dae"", ""D:\\CADtest\\papertest\\go_nogo1\\sources\\urdf_files_dataset\\urdf_files\\robotics-toolbox\\val_description\\model\\meshes\\fingers\\indexj3_right.dae"", ""D:\\CADtest\\papertest\\go_nogo1\\sources\\urdf_files_dataset\\urdf_files\\robotics-toolbox\\val_description\\model\\meshes\\fingers\\middlej1_left.dae"", ""D:\\CADtest\\papertest\\go_nogo1\\sources\\urdf_files_dataset\\urdf_files\\robotics-toolbox\\val_description\\model\\meshes\\fingers\\middlej1_right.dae"", ""D:\\CADtest\\papertest\\go_nogo1\\sources\\urdf_files_dataset\\urdf_files\\robotics-toolbox\\val_description\\model\\meshes\\fingers\\middlej2_left.dae"", ""D:\\CADtest\\papertest\\go_nogo1\\sources\\urdf_files_dataset\\urdf_files\\robotics-toolbox\\val_description\\model\\meshes\\fingers\\middlej2_right.dae"", ""D:\\CADtest\\papertest\\go_nogo1\\sources\\urdf_files_dataset\\urdf_files\\robotics-toolbox\\val_description\\model\\meshes\\fingers\\middlej3_left.dae"", ""D:\\CADtest\\papertest\\go_nogo1\\sources\\urdf_files_dataset\\urdf_files\\robotics-toolbox\\val_description\\model\\meshes\\fingers\\middlej3_right.dae"", ""D:\\CADtest\\papertest\\go_nogo1\\sources\\urdf_files_dataset\\urdf_files\\robotics-toolbox\\val_description\\model\\meshes\\fingers\\pinkyj1_left.dae"", ""D:\\CADtest\\papertest\\go_nogo1\\sources\\urdf_files_dataset\\urdf_files\\robotics-toolbox\\val_description\\model\\meshes\\fingers\\pinkyj1_right.dae"", ""D:\\CADtest\\papertest\\go_nogo1\\sources\\urdf_files_dataset\\urdf_files\\robotics-toolbox\\val_description\\model\\meshes\\fingers\\pinkyj2_left.dae"", ""D:\\CADtest\\papertest\\go_nogo1\\sources\\urdf_files_dataset\\urdf_files\\robotics-toolbox\\val_description\\model\\meshes\\fingers\\pinkyj2_right.dae"", ""D:\\CADtest\\papertest\\go_nogo1\\sources\\urdf_files_dataset\\urdf_files\\robotics-toolbox\\val_description\\model\\meshes\\fingers\\pinkyj3_left.dae"", ""D:\\CADtest\\papertest\\go_nogo1\\sources\\urdf_files_dataset\\urdf_files\\robotics-toolbox\\val_description\\model\\meshes\\fingers\\pinkyj3_right.dae"", ""D:\\CADtest\\papertest\\go_nogo1\\sources\\urdf_files_dataset\\urdf_files\\robotics-toolbox\\val_description\\model\\meshes\\fingers\\thumbj1_left.dae"", ""D:\\CADtest\\papertest\\go_nogo1\\sources\\urdf_files_dataset\\urdf_files\\robotics-toolbox\\val_description\\model\\meshes\\fingers\\thumbj1_right.dae"", ""D:\\CADtest\\papertest\\go_nogo1\\sources\\urdf_files_dataset\\urdf_files\\robotics-toolbox\\val_description\\model\\meshes\\fingers\\thumbj2_left.dae"", ""D:\\CADtest\\papertest\\go_nogo1\\sources\\urdf_files_dataset\\urdf_files\\robotics-toolbox\\val_description\\model\\meshes\\fingers\\thumbj2_right.dae"", ""D:\\CADtest\\papertest\\go_nogo1\\sources\\urdf_files_dataset\\urdf_files\\robotics-toolbox\\val_description\\model\\meshes\\fingers\\thumbj3_left.dae"", ""D:\\CADtest\\papertest\\go_nogo1\\sources\\urdf_files_dataset\\urdf_files\\robotics-toolbox\\val_description\\model\\meshes\\fingers\\thumbj3_right.dae"", ""D:\\CADtest\\papertest\\go_nogo1\\sources\\urdf_files_dataset\\urdf_files\\robotics-toolbox\\val_description\\model\\meshes\\fingers\\thumbj4_left.dae"", ""D:\\CADtest\\papertest\\go_nogo1\\sources\\urdf_files_dataset\\urdf_files\\robotics-toolbox\\val_description\\model\\meshes\\fingers\\thumbj4_right.dae"", ""D:\\CADtest\\papertest\\go_nogo1\\sources\\urdf_files_dataset\\urdf_files\\robotics-toolbox\\val_description\\model\\meshes\\head\\head_multisense_no_visor.dae"", ""D:\\CADtest\\papertest\\go_nogo1\\sources\\urdf_files_dataset\\urdf_files\\robotics-toolbox\\val_description\\model\\meshes\\head\\neckj1.dae"", ""D:\\CADtest\\papertest\\go_nogo1\\sources\\urdf_files_dataset\\urdf_files\\robotics-toolbox\\val_description\\model\\meshes\\head\\neckj2.dae"", ""D:\\CADtest\\papertest\\go_nogo1\\sources\\urdf_files_dataset\\urdf_files\\robotics-toolbox\\val_description\\model\\meshes\\legs\\foot.dae"", ""D:\\CADtest\\papertest\\go_nogo1\\sources\\urdf_files_dataset\\urdf_files\\robotics-toolbox\\val_description\\model\\meshes\\legs\\lj1_left.dae"", ""D:\\CADtest\\papertest\\go_nogo1\\sources\\urdf_files_dataset\\urdf_files\\robotics-toolbox\\val_description\\model\\meshes\\legs\\lj1_right.dae"", ""D:\\CADtest\\papertest\\go_nogo1\\sources\\urdf_files_dataset\\urdf_files\\robotics-toolbox\\val_description\\model\\meshes\\legs\\lj3_left.dae"", ""D:\\CADtest\\papertest\\go_nogo1\\sources\\urdf_files_dataset\\urdf_files\\robotics-toolbox\\val_description\\model\\meshes\\legs\\lj3_right.dae"", ""D:\\CADtest\\papertest\\go_nogo1\\sources\\urdf_files_dataset\\urdf_files\\robotics-toolbox\\val_description\\model\\meshes\\legs\\lj4_left.dae"", ""D:\\CADtest\\papertest\\go_nogo1\\sources\\urdf_files_dataset\\urdf_files\\robotics-toolbox\\val_description\\model\\meshes\\legs\\lj4_right.dae"", ""D:\\CADtest\\papertest\\go_nogo1\\sources\\urdf_files_dataset\\urdf_files\\robotics-toolbox\\val_description\\model\\meshes\\legs\\lj5.dae"", ""D:\\CADtest\\papertest\\go_nogo1\\sources\\urdf_files_dataset\\urdf_files\\robotics-toolbox\\val_description\\model\\meshes\\pelvis\\pelvis.dae"", ""D:\\CADtest\\papertest\\go_nogo1\\sources\\urdf_files_dataset\\urdf_files\\robotics-toolbox\\val_description\\model\\meshes\\torso\\torso.dae"", ""D:\\CADtest\\papertest\\go_nogo1\\sources\\urdf_files_dataset\\urdf_files\\robotics-toolbox\\val_description\\model\\meshes\\torso\\torsopitch.dae"", ""D:\\CADtest\\papertest\\go_nogo1\\sources\\urdf_files_dataset\\urdf_files\\robotics-toolbox\\val_description\\model\\meshes\\torso\\torsoyaw.dae""]",valkyrie,robotics-toolbox,https://github.com/petercorke/robotics-toolbox-python/tree/07ad1259338d6dfd41af6e5e50973e315284a912/rtb-data/rtbdata/xacro/val_description,humanoid robot,D:\CADtest\papertest\go_nogo1\sources\urdf_files_dataset\urdf_files\robotics-toolbox\val_description\model\robots\valkyrie_C.urdf,C,1.0,False
313,True,"{""fixed"": 10, ""revolute"": 26}",NASA,7,True,26,23,1,36,37,25,25,0,25,25,Valkyrie,0.925926,,True,A,robotics-toolbox\val_description\model\robots\valkyrie_C_arm_mass_sims.urdf,"{""ancestor_suffix"": 25}","[""D:\\CADtest\\papertest\\go_nogo1\\sources\\urdf_files_dataset\\urdf_files\\robotics-toolbox\\val_description\\model\\meshes\\arms\\aj1_left.dae"", ""D:\\CADtest\\papertest\\go_nogo1\\sources\\urdf_files_dataset\\urdf_files\\robotics-toolbox\\val_description\\model\\meshes\\arms\\aj1_right.dae"", ""D:\\CADtest\\papertest\\go_nogo1\\sources\\urdf_files_dataset\\urdf_files\\robotics-toolbox\\val_description\\model\\meshes\\arms\\aj2_left.dae"", ""D:\\CADtest\\papertest\\go_nogo1\\sources\\urdf_files_dataset\\urdf_files\\robotics-toolbox\\val_description\\model\\meshes\\arms\\aj2_right.dae"", ""D:\\CADtest\\papertest\\go_nogo1\\sources\\urdf_files_dataset\\urdf_files\\robotics-toolbox\\val_description\\model\\meshes\\arms\\aj3_left.dae"", ""D:\\CADtest\\papertest\\go_nogo1\\sources\\urdf_files_dataset\\urdf_files\\robotics-toolbox\\val_description\\model\\meshes\\arms\\aj3_right.dae"", ""D:\\CADtest\\papertest\\go_nogo1\\sources\\urdf_files_dataset\\urdf_files\\robotics-toolbox\\val_description\\model\\meshes\\arms\\left_elbow_mass_sim.dae"", ""D:\\CADtest\\papertest\\go_nogo1\\sources\\urdf_files_dataset\\urdf_files\\robotics-toolbox\\val_description\\model\\meshes\\arms\\right_elbow_mass_sim.dae"", ""D:\\CADtest\\papertest\\go_nogo1\\sources\\urdf_files_dataset\\urdf_files\\robotics-toolbox\\val_description\\model\\meshes\\head\\head_multisense_no_visor.dae"", ""D:\\CADtest\\papertest\\go_nogo1\\sources\\urdf_files_dataset\\urdf_files\\robotics-toolbox\\val_description\\model\\meshes\\head\\neckj1.dae"", ""D:\\CADtest\\papertest\\go_nogo1\\sources\\urdf_files_dataset\\urdf_files\\robotics-toolbox\\val_description\\model\\meshes\\head\\neckj2.dae"", ""D:\\CADtest\\papertest\\go_nogo1\\sources\\urdf_files_dataset\\urdf_files\\robotics-toolbox\\val_description\\model\\meshes\\legs\\foot.dae"", ""D:\\CADtest\\papertest\\go_nogo1\\sources\\urdf_files_dataset\\urdf_files\\robotics-toolbox\\val_description\\model\\meshes\\legs\\lj1_left.dae"", ""D:\\CADtest\\papertest\\go_nogo1\\sources\\urdf_files_dataset\\urdf_files\\robotics-toolbox\\val_description\\model\\meshes\\legs\\lj1_right.dae"", ""D:\\CADtest\\papertest\\go_nogo1\\sources\\urdf_files_dataset\\urdf_files\\robotics-toolbox\\val_description\\model\\meshes\\legs\\lj3_left.dae"", ""D:\\CADtest\\papertest\\go_nogo1\\sources\\urdf_files_dataset\\urdf_files\\robotics-toolbox\\val_description\\model\\meshes\\legs\\lj3_right.dae"", ""D:\\CADtest\\papertest\\go_nogo1\\sources\\urdf_files_dataset\\urdf_files\\robotics-toolbox\\val_description\\model\\meshes\\legs\\lj4_left.dae"", ""D:\\CADtest\\papertest\\go_nogo1\\sources\\urdf_files_dataset\\urdf_files\\robotics-toolbox\\val_description\\model\\meshes\\legs\\lj4_right.dae"", ""D:\\CADtest\\papertest\\go_nogo1\\sources\\urdf_files_dataset\\urdf_files\\robotics-toolbox\\val_description\\model\\meshes\\legs\\lj5.dae"", ""D:\\CADtest\\papertest\\go_nogo1\\sources\\urdf_files_dataset\\urdf_files\\robotics-toolbox\\val_description\\model\\meshes\\pelvis\\pelvis.dae"", ""D:\\CADtest\\papertest\\go_nogo1\\sources\\urdf_files_dataset\\urdf_files\\robotics-toolbox\\val_description\\model\\meshes\\torso\\torso.dae"", ""D:\\CADtest\\papertest\\go_nogo1\\sources\\urdf_files_dataset\\urdf_files\\robotics-toolbox\\val_description\\model\\meshes\\torso\\torsopitch.dae"", ""D:\\CADtest\\papertest\\go_nogo1\\sources\\urdf_files_dataset\\urdf_files\\robotics-toolbox\\val_description\\model\\meshes\\torso\\torsoyaw.dae""]",valkyrie,robotics-toolbox,https://github.com/petercorke/robotics-toolbox-python/tree/07ad1259338d6dfd41af6e5e50973e315284a912/rtb-data/rtbdata/xacro/val_description,humanoid robot,D:\CADtest\papertest\go_nogo1\sources\urdf_files_dataset\urdf_files\robotics-toolbox\val_description\model\robots\valkyrie_C_arm_mass_sims.urdf,C arm mass sims,1.0,False
314,True,"{""fixed"": 10, ""revolute"": 58}",NASA,14,True,58,55,1,68,69,57,57,0,57,57,Valkyrie,0.966102,,True,A,robotics-toolbox\val_description\model\robots\valkyrie_D.urdf,"{""ancestor_suffix"": 57}","[""D:\\CADtest\\papertest\\go_nogo1\\sources\\urdf_files_dataset\\urdf_files\\robotics-toolbox\\val_description\\model\\meshes\\arms\\aj1_left.dae"", ""D:\\CADtest\\papertest\\go_nogo1\\sources\\urdf_files_dataset\\urdf_files\\robotics-toolbox\\val_description\\model\\meshes\\arms\\aj1_right.dae"", ""D:\\CADtest\\papertest\\go_nogo1\\sources\\urdf_files_dataset\\urdf_files\\robotics-toolbox\\val_description\\model\\meshes\\arms\\aj2_left.dae"", ""D:\\CADtest\\papertest\\go_nogo1\\sources\\urdf_files_dataset\\urdf_files\\robotics-toolbox\\val_description\\model\\meshes\\arms\\aj2_right.dae"", ""D:\\CADtest\\papertest\\go_nogo1\\sources\\urdf_files_dataset\\urdf_files\\robotics-toolbox\\val_description\\model\\meshes\\arms\\aj3_left.dae"", ""D:\\CADtest\\papertest\\go_nogo1\\sources\\urdf_files_dataset\\urdf_files\\robotics-toolbox\\val_description\\model\\meshes\\arms\\aj3_right.dae"", ""D:\\CADtest\\papertest\\go_nogo1\\sources\\urdf_files_dataset\\urdf_files\\robotics-toolbox\\val_description\\model\\meshes\\arms\\aj4_left.dae"", ""D:\\CADtest\\papertest\\go_nogo1\\sources\\urdf_files_dataset\\urdf_files\\robotics-toolbox\\val_description\\model\\meshes\\arms\\aj4_right.dae"", ""D:\\CADtest\\papertest\\go_nogo1\\sources\\urdf_files_dataset\\urdf_files\\robotics-toolbox\\val_description\\model\\meshes\\arms\\aj5_left.dae"", ""D:\\CADtest\\papertest\\go_nogo1\\sources\\urdf_files_dataset\\urdf_files\\robotics-toolbox\\val_description\\model\\meshes\\arms\\aj5_right.dae"", ""D:\\CADtest\\papertest\\go_nogo1\\sources\\urdf_files_dataset\\urdf_files\\robotics-toolbox\\val_description\\model\\meshes\\arms\\aj6_left.dae"", ""D:\\CADtest\\papertest\\go_nogo1\\sources\\urdf_files_dataset\\urdf_files\\robotics-toolbox\\val_description\\model\\meshes\\arms\\aj6_right.dae"", ""D:\\CADtest\\papertest\\go_nogo1\\sources\\urdf_files_dataset\\urdf_files\\robotics-toolbox\\val_description\\model\\meshes\\arms\\palm_left.dae"", ""D:\\CADtest\\papertest\\go_nogo1\\sources\\urdf_files_dataset\\urdf_files\\robotics-toolbox\\val_description\\model\\meshes\\arms\\palm_right.dae"", ""D:\\CADtest\\papertest\\go_nogo1\\sources\\urdf_files_dataset\\urdf_files\\robotics-toolbox\\val_description\\model\\meshes\\fingers\\indexj1_left.dae"", ""D:\\CADtest\\papertest\\go_nogo1\\sources\\urdf_files_dataset\\urdf_files\\robotics-toolbox\\val_description\\model\\meshes\\fingers\\indexj1_right.dae"", ""D:\\CADtest\\papertest\\go_nogo1\\sources\\urdf_files_dataset\\urdf_files\\robotics-toolbox\\val_description\\model\\meshes\\fingers\\indexj2_left.dae"", ""D:\\CADtest\\papertest\\go_nogo1\\sources\\urdf_files_dataset\\urdf_files\\robotics-toolbox\\val_description\\model\\meshes\\fingers\\indexj2_right.dae"", ""D:\\CADtest\\papertest\\go_nogo1\\sources\\urdf_files_dataset\\urdf_files\\robotics-toolbox\\val_description\\model\\meshes\\fingers\\indexj3_left.dae"", ""D:\\CADtest\\papertest\\go_nogo1\\sources\\urdf_files_dataset\\urdf_files\\robotics-toolbox\\val_description\\model\\meshes\\fingers\\indexj3_right.dae"", ""D:\\CADtest\\papertest\\go_nogo1\\sources\\urdf_files_dataset\\urdf_files\\robotics-toolbox\\val_description\\model\\meshes\\fingers\\middlej1_left.dae"", ""D:\\CADtest\\papertest\\go_nogo1\\sources\\urdf_files_dataset\\urdf_files\\robotics-toolbox\\val_description\\model\\meshes\\fingers\\middlej1_right.dae"", ""D:\\CADtest\\papertest\\go_nogo1\\sources\\urdf_files_dataset\\urdf_files\\robotics-toolbox\\val_description\\model\\meshes\\fingers\\middlej2_left.dae"", ""D:\\CADtest\\papertest\\go_nogo1\\sources\\urdf_files_dataset\\urdf_files\\robotics-toolbox\\val_description\\model\\meshes\\fingers\\middlej2_right.dae"", ""D:\\CADtest\\papertest\\go_nogo1\\sources\\urdf_files_dataset\\urdf_files\\robotics-toolbox\\val_description\\model\\meshes\\fingers\\middlej3_left.dae"", ""D:\\CADtest\\papertest\\go_nogo1\\sources\\urdf_files_dataset\\urdf_files\\robotics-toolbox\\val_description\\model\\meshes\\fingers\\middlej3_right.dae"", ""D:\\CADtest\\papertest\\go_nogo1\\sources\\urdf_files_dataset\\urdf_files\\robotics-toolbox\\val_description\\model\\meshes\\fingers\\pinkyj1_left.dae"", ""D:\\CADtest\\papertest\\go_nogo1\\sources\\urdf_files_dataset\\urdf_files\\robotics-toolbox\\val_description\\model\\meshes\\fingers\\pinkyj1_right.dae"", ""D:\\CADtest\\papertest\\go_nogo1\\sources\\urdf_files_dataset\\urdf_files\\robotics-toolbox\\val_description\\model\\meshes\\fingers\\pinkyj2_left.dae"", ""D:\\CADtest\\papertest\\go_nogo1\\sources\\urdf_files_dataset\\urdf_files\\robotics-toolbox\\val_description\\model\\meshes\\fingers\\pinkyj2_right.dae"", ""D:\\CADtest\\papertest\\go_nogo1\\sources\\urdf_files_dataset\\urdf_files\\robotics-toolbox\\val_description\\model\\meshes\\fingers\\pinkyj3_left.dae"", ""D:\\CADtest\\papertest\\go_nogo1\\sources\\urdf_files_dataset\\urdf_files\\robotics-toolbox\\val_description\\model\\meshes\\fingers\\pinkyj3_right.dae"", ""D:\\CADtest\\papertest\\go_nogo1\\sources\\urdf_files_dataset\\urdf_files\\robotics-toolbox\\val_description\\model\\meshes\\fingers\\thumbj1_left.dae"", ""D:\\CADtest\\papertest\\go_nogo1\\sources\\urdf_files_dataset\\urdf_files\\robotics-toolbox\\val_description\\model\\meshes\\fingers\\thumbj1_right.dae"", ""D:\\CADtest\\papertest\\go_nogo1\\sources\\urdf_files_dataset\\urdf_files\\robotics-toolbox\\val_description\\model\\meshes\\fingers\\thumbj2_left.dae"", ""D:\\CADtest\\papertest\\go_nogo1\\sources\\urdf_files_dataset\\urdf_files\\robotics-toolbox\\val_description\\model\\meshes\\fingers\\thumbj2_right.dae"", ""D:\\CADtest\\papertest\\go_nogo1\\sources\\urdf_files_dataset\\urdf_files\\robotics-toolbox\\val_description\\model\\meshes\\fingers\\thumbj3_left.dae"", ""D:\\CADtest\\papertest\\go_nogo1\\sources\\urdf_files_dataset\\urdf_files\\robotics-toolbox\\val_description\\model\\meshes\\fingers\\thumbj3_right.dae"", ""D:\\CADtest\\papertest\\go_nogo1\\sources\\urdf_files_dataset\\urdf_files\\robotics-toolbox\\val_description\\model\\meshes\\fingers\\thumbj4_left.dae"", ""D:\\CADtest\\papertest\\go_nogo1\\sources\\urdf_files_dataset\\urdf_files\\robotics-toolbox\\val_description\\model\\meshes\\fingers\\thumbj4_right.dae"", ""D:\\CADtest\\papertest\\go_nogo1\\sources\\urdf_files_dataset\\urdf_files\\robotics-toolbox\\val_description\\model\\meshes\\head\\head_multisense_no_visor.dae"", ""D:\\CADtest\\papertest\\go_nogo1\\sources\\urdf_files_dataset\\urdf_files\\robotics-toolbox\\val_description\\model\\meshes\\head\\neckj1.dae"", ""D:\\CADtest\\papertest\\go_nogo1\\sources\\urdf_files_dataset\\urdf_files\\robotics-toolbox\\val_description\\model\\meshes\\head\\neckj2.dae"", ""D:\\CADtest\\papertest\\go_nogo1\\sources\\urdf_files_dataset\\urdf_files\\robotics-toolbox\\val_description\\model\\meshes\\legs\\foot.dae"", ""D:\\CADtest\\papertest\\go_nogo1\\sources\\urdf_files_dataset\\urdf_files\\robotics-toolbox\\val_description\\model\\meshes\\legs\\lj1_left.dae"", ""D:\\CADtest\\papertest\\go_nogo1\\sources\\urdf_files_dataset\\urdf_files\\robotics-toolbox\\val_description\\model\\meshes\\legs\\lj1_right.dae"", ""D:\\CADtest\\papertest\\go_nogo1\\sources\\urdf_files_dataset\\urdf_files\\robotics-toolbox\\val_description\\model\\meshes\\legs\\lj3_left.dae"", ""D:\\CADtest\\papertest\\go_nogo1\\sources\\urdf_files_dataset\\urdf_files\\robotics-toolbox\\val_description\\model\\meshes\\legs\\lj3_right.dae"", ""D:\\CADtest\\papertest\\go_nogo1\\sources\\urdf_files_dataset\\urdf_files\\robotics-toolbox\\val_description\\model\\meshes\\legs\\lj4_left.dae"", ""D:\\CADtest\\papertest\\go_nogo1\\sources\\urdf_files_dataset\\urdf_files\\robotics-toolbox\\val_description\\model\\meshes\\legs\\lj4_right.dae"", ""D:\\CADtest\\papertest\\go_nogo1\\sources\\urdf_files_dataset\\urdf_files\\robotics-toolbox\\val_description\\model\\meshes\\legs\\lj5.dae"", ""D:\\CADtest\\papertest\\go_nogo1\\sources\\urdf_files_dataset\\urdf_files\\robotics-toolbox\\val_description\\model\\meshes\\pelvis\\pelvis.dae"", ""D:\\CADtest\\papertest\\go_nogo1\\sources\\urdf_files_dataset\\urdf_files\\robotics-toolbox\\val_description\\model\\meshes\\torso\\torso.dae"", ""D:\\CADtest\\papertest\\go_nogo1\\sources\\urdf_files_dataset\\urdf_files\\robotics-toolbox\\val_description\\model\\meshes\\torso\\torsopitch.dae"", ""D:\\CADtest\\papertest\\go_nogo1\\sources\\urdf_files_dataset\\urdf_files\\robotics-toolbox\\val_description\\model\\meshes\\torso\\torsoyaw.dae""]",valkyrie,robotics-toolbox,https://github.com/petercorke/robotics-toolbox-python/tree/07ad1259338d6dfd41af6e5e50973e315284a912/rtb-data/rtbdata/xacro/val_description,humanoid robot,D:\CADtest\papertest\go_nogo1\sources\urdf_files_dataset\urdf_files\robotics-toolbox\val_description\model\robots\valkyrie_D.urdf,D,1.0,False
315,True,"{""fixed"": 10, ""revolute"": 26}",NASA,7,True,26,23,1,36,37,25,25,0,25,25,Valkyrie,0.925926,,True,A,robotics-toolbox\val_description\model\robots\valkyrie_D_arm_mass_sims.urdf,"{""ancestor_suffix"": 25}","[""D:\\CADtest\\papertest\\go_nogo1\\sources\\urdf_files_dataset\\urdf_files\\robotics-toolbox\\val_description\\model\\meshes\\arms\\aj1_left.dae"", ""D:\\CADtest\\papertest\\go_nogo1\\sources\\urdf_files_dataset\\urdf_files\\robotics-toolbox\\val_description\\model\\meshes\\arms\\aj1_right.dae"", ""D:\\CADtest\\papertest\\go_nogo1\\sources\\urdf_files_dataset\\urdf_files\\robotics-toolbox\\val_description\\model\\meshes\\arms\\aj2_left.dae"", ""D:\\CADtest\\papertest\\go_nogo1\\sources\\urdf_files_dataset\\urdf_files\\robotics-toolbox\\val_description\\model\\meshes\\arms\\aj2_right.dae"", ""D:\\CADtest\\papertest\\go_nogo1\\sources\\urdf_files_dataset\\urdf_files\\robotics-toolbox\\val_description\\model\\meshes\\arms\\aj3_left.dae"", ""D:\\CADtest\\papertest\\go_nogo1\\sources\\urdf_files_dataset\\urdf_files\\robotics-toolbox\\val_description\\model\\meshes\\arms\\aj3_right.dae"", ""D:\\CADtest\\papertest\\go_nogo1\\sources\\urdf_files_dataset\\urdf_files\\robotics-toolbox\\val_description\\model\\meshes\\arms\\left_elbow_mass_sim.dae"", ""D:\\CADtest\\papertest\\go_nogo1\\sources\\urdf_files_dataset\\urdf_files\\robotics-toolbox\\val_description\\model\\meshes\\arms\\right_elbow_mass_sim.dae"", ""D:\\CADtest\\papertest\\go_nogo1\\sources\\urdf_files_dataset\\urdf_files\\robotics-toolbox\\val_description\\model\\meshes\\head\\head_multisense_no_visor.dae"", ""D:\\CADtest\\papertest\\go_nogo1\\sources\\urdf_files_dataset\\urdf_files\\robotics-toolbox\\val_description\\model\\meshes\\head\\neckj1.dae"", ""D:\\CADtest\\papertest\\go_nogo1\\sources\\urdf_files_dataset\\urdf_files\\robotics-toolbox\\val_description\\model\\meshes\\head\\neckj2.dae"", ""D:\\CADtest\\papertest\\go_nogo1\\sources\\urdf_files_dataset\\urdf_files\\robotics-toolbox\\val_description\\model\\meshes\\legs\\foot.dae"", ""D:\\CADtest\\papertest\\go_nogo1\\sources\\urdf_files_dataset\\urdf_files\\robotics-toolbox\\val_description\\model\\meshes\\legs\\lj1_left.dae"", ""D:\\CADtest\\papertest\\go_nogo1\\sources\\urdf_files_dataset\\urdf_files\\robotics-toolbox\\val_description\\model\\meshes\\legs\\lj1_right.dae"", ""D:\\CADtest\\papertest\\go_nogo1\\sources\\urdf_files_dataset\\urdf_files\\robotics-toolbox\\val_description\\model\\meshes\\legs\\lj3_left.dae"", ""D:\\CADtest\\papertest\\go_nogo1\\sources\\urdf_files_dataset\\urdf_files\\robotics-toolbox\\val_description\\model\\meshes\\legs\\lj3_right.dae"", ""D:\\CADtest\\papertest\\go_nogo1\\sources\\urdf_files_dataset\\urdf_files\\robotics-toolbox\\val_description\\model\\meshes\\legs\\lj4_left.dae"", ""D:\\CADtest\\papertest\\go_nogo1\\sources\\urdf_files_dataset\\urdf_files\\robotics-toolbox\\val_description\\model\\meshes\\legs\\lj4_right.dae"", ""D:\\CADtest\\papertest\\go_nogo1\\sources\\urdf_files_dataset\\urdf_files\\robotics-toolbox\\val_description\\model\\meshes\\legs\\lj5.dae"", ""D:\\CADtest\\papertest\\go_nogo1\\sources\\urdf_files_dataset\\urdf_files\\robotics-toolbox\\val_description\\model\\meshes\\pelvis\\pelvis.dae"", ""D:\\CADtest\\papertest\\go_nogo1\\sources\\urdf_files_dataset\\urdf_files\\robotics-toolbox\\val_description\\model\\meshes\\torso\\torso.dae"", ""D:\\CADtest\\papertest\\go_nogo1\\sources\\urdf_files_dataset\\urdf_files\\robotics-toolbox\\val_description\\model\\meshes\\torso\\torsopitch.dae"", ""D:\\CADtest\\papertest\\go_nogo1\\sources\\urdf_files_dataset\\urdf_files\\robotics-toolbox\\val_description\\model\\meshes\\torso\\torsoyaw.dae""]",valkyrie,robotics-toolbox,https://github.com/petercorke/robotics-toolbox-python/tree/07ad1259338d6dfd41af6e5e50973e315284a912/rtb-data/rtbdata/xacro/val_description,humanoid robot,D:\CADtest\papertest\go_nogo1\sources\urdf_files_dataset\urdf_files\robotics-toolbox\val_description\model\robots\valkyrie_D_arm_mass_sims.urdf,D arm mass sims,1.0,False
316,True,"{""continuous"": 1, ""fixed"": 18, ""revolute"": 58}",NASA,14,True,59,55,1,77,78,58,59,1,58,58,Valkyrie,0.966667,,True,A,robotics-toolbox\val_description\model\robots\valkyrie_sim.urdf,"{""ancestor_suffix"": 58}","[""D:\\CADtest\\papertest\\go_nogo1\\sources\\urdf_files_dataset\\urdf_files\\robotics-toolbox\\val_description\\model\\meshes\\arms\\aj1_left.dae"", ""D:\\CADtest\\papertest\\go_nogo1\\sources\\urdf_files_dataset\\urdf_files\\robotics-toolbox\\val_description\\model\\meshes\\arms\\aj1_right.dae"", ""D:\\CADtest\\papertest\\go_nogo1\\sources\\urdf_files_dataset\\urdf_files\\robotics-toolbox\\val_description\\model\\meshes\\arms\\aj2_left.dae"", ""D:\\CADtest\\papertest\\go_nogo1\\sources\\urdf_files_dataset\\urdf_files\\robotics-toolbox\\val_description\\model\\meshes\\arms\\aj2_right.dae"", ""D:\\CADtest\\papertest\\go_nogo1\\sources\\urdf_files_dataset\\urdf_files\\robotics-toolbox\\val_description\\model\\meshes\\arms\\aj3_left.dae"", ""D:\\CADtest\\papertest\\go_nogo1\\sources\\urdf_files_dataset\\urdf_files\\robotics-toolbox\\val_description\\model\\meshes\\arms\\aj3_right.dae"", ""D:\\CADtest\\papertest\\go_nogo1\\sources\\urdf_files_dataset\\urdf_files\\robotics-toolbox\\val_description\\model\\meshes\\arms\\aj4_left.dae"", ""D:\\CADtest\\papertest\\go_nogo1\\sources\\urdf_files_dataset\\urdf_files\\robotics-toolbox\\val_description\\model\\meshes\\arms\\aj4_right.dae"", ""D:\\CADtest\\papertest\\go_nogo1\\sources\\urdf_files_dataset\\urdf_files\\robotics-toolbox\\val_description\\model\\meshes\\arms\\aj5_left.dae"", ""D:\\CADtest\\papertest\\go_nogo1\\sources\\urdf_files_dataset\\urdf_files\\robotics-toolbox\\val_description\\model\\meshes\\arms\\aj5_right.dae"", ""D:\\CADtest\\papertest\\go_nogo1\\sources\\urdf_files_dataset\\urdf_files\\robotics-toolbox\\val_description\\model\\meshes\\arms\\aj6_left.dae"", ""D:\\CADtest\\papertest\\go_nogo1\\sources\\urdf_files_dataset\\urdf_files\\robotics-toolbox\\val_description\\model\\meshes\\arms\\aj6_right.dae"", ""D:\\CADtest\\papertest\\go_nogo1\\sources\\urdf_files_dataset\\urdf_files\\robotics-toolbox\\val_description\\model\\meshes\\arms\\palm_left.dae"", ""D:\\CADtest\\papertest\\go_nogo1\\sources\\urdf_files_dataset\\urdf_files\\robotics-toolbox\\val_description\\model\\meshes\\arms\\palm_right.dae"", ""D:\\CADtest\\papertest\\go_nogo1\\sources\\urdf_files_dataset\\urdf_files\\robotics-toolbox\\val_description\\model\\meshes\\fingers\\indexj1_left.dae"", ""D:\\CADtest\\papertest\\go_nogo1\\sources\\urdf_files_dataset\\urdf_files\\robotics-toolbox\\val_description\\model\\meshes\\fingers\\indexj1_right.dae"", ""D:\\CADtest\\papertest\\go_nogo1\\sources\\urdf_files_dataset\\urdf_files\\robotics-toolbox\\val_description\\model\\meshes\\fingers\\indexj2_left.dae"", ""D:\\CADtest\\papertest\\go_nogo1\\sources\\urdf_files_dataset\\urdf_files\\robotics-toolbox\\val_description\\model\\meshes\\fingers\\indexj2_right.dae"", ""D:\\CADtest\\papertest\\go_nogo1\\sources\\urdf_files_dataset\\urdf_files\\robotics-toolbox\\val_description\\model\\meshes\\fingers\\indexj3_left.dae"", ""D:\\CADtest\\papertest\\go_nogo1\\sources\\urdf_files_dataset\\urdf_files\\robotics-toolbox\\val_description\\model\\meshes\\fingers\\indexj3_right.dae"", ""D:\\CADtest\\papertest\\go_nogo1\\sources\\urdf_files_dataset\\urdf_files\\robotics-toolbox\\val_description\\model\\meshes\\fingers\\middlej1_left.dae"", ""D:\\CADtest\\papertest\\go_nogo1\\sources\\urdf_files_dataset\\urdf_files\\robotics-toolbox\\val_description\\model\\meshes\\fingers\\middlej1_right.dae"", ""D:\\CADtest\\papertest\\go_nogo1\\sources\\urdf_files_dataset\\urdf_files\\robotics-toolbox\\val_description\\model\\meshes\\fingers\\middlej2_left.dae"", ""D:\\CADtest\\papertest\\go_nogo1\\sources\\urdf_files_dataset\\urdf_files\\robotics-toolbox\\val_description\\model\\meshes\\fingers\\middlej2_right.dae"", ""D:\\CADtest\\papertest\\go_nogo1\\sources\\urdf_files_dataset\\urdf_files\\robotics-toolbox\\val_description\\model\\meshes\\fingers\\middlej3_left.dae"", ""D:\\CADtest\\papertest\\go_nogo1\\sources\\urdf_files_dataset\\urdf_files\\robotics-toolbox\\val_description\\model\\meshes\\fingers\\middlej3_right.dae"", ""D:\\CADtest\\papertest\\go_nogo1\\sources\\urdf_files_dataset\\urdf_files\\robotics-toolbox\\val_description\\model\\meshes\\fingers\\pinkyj1_left.dae"", ""D:\\CADtest\\papertest\\go_nogo1\\sources\\urdf_files_dataset\\urdf_files\\robotics-toolbox\\val_description\\model\\meshes\\fingers\\pinkyj1_right.dae"", ""D:\\CADtest\\papertest\\go_nogo1\\sources\\urdf_files_dataset\\urdf_files\\robotics-toolbox\\val_description\\model\\meshes\\fingers\\pinkyj2_left.dae"", ""D:\\CADtest\\papertest\\go_nogo1\\sources\\urdf_files_dataset\\urdf_files\\robotics-toolbox\\val_description\\model\\meshes\\fingers\\pinkyj2_right.dae"", ""D:\\CADtest\\papertest\\go_nogo1\\sources\\urdf_files_dataset\\urdf_files\\robotics-toolbox\\val_description\\model\\meshes\\fingers\\pinkyj3_left.dae"", ""D:\\CADtest\\papertest\\go_nogo1\\sources\\urdf_files_dataset\\urdf_files\\robotics-toolbox\\val_description\\model\\meshes\\fingers\\pinkyj3_right.dae"", ""D:\\CADtest\\papertest\\go_nogo1\\sources\\urdf_files_dataset\\urdf_files\\robotics-toolbox\\val_description\\model\\meshes\\fingers\\thumbj1_left.dae"", ""D:\\CADtest\\papertest\\go_nogo1\\sources\\urdf_files_dataset\\urdf_files\\robotics-toolbox\\val_description\\model\\meshes\\fingers\\thumbj1_right.dae"", ""D:\\CADtest\\papertest\\go_nogo1\\sources\\urdf_files_dataset\\urdf_files\\robotics-toolbox\\val_description\\model\\meshes\\fingers\\thumbj2_left.dae"", ""D:\\CADtest\\papertest\\go_nogo1\\sources\\urdf_files_dataset\\urdf_files\\robotics-toolbox\\val_description\\model\\meshes\\fingers\\thumbj2_right.dae"", ""D:\\CADtest\\papertest\\go_nogo1\\sources\\urdf_files_dataset\\urdf_files\\robotics-toolbox\\val_description\\model\\meshes\\fingers\\thumbj3_left.dae"", ""D:\\CADtest\\papertest\\go_nogo1\\sources\\urdf_files_dataset\\urdf_files\\robotics-toolbox\\val_description\\model\\meshes\\fingers\\thumbj3_right.dae"", ""D:\\CADtest\\papertest\\go_nogo1\\sources\\urdf_files_dataset\\urdf_files\\robotics-toolbox\\val_description\\model\\meshes\\fingers\\thumbj4_left.dae"", ""D:\\CADtest\\papertest\\go_nogo1\\sources\\urdf_files_dataset\\urdf_files\\robotics-toolbox\\val_description\\model\\meshes\\fingers\\thumbj4_right.dae"", ""D:\\CADtest\\papertest\\go_nogo1\\sources\\urdf_files_dataset\\urdf_files\\robotics-toolbox\\val_description\\model\\meshes\\head\\head_multisense_no_visor.dae"", ""D:\\CADtest\\papertest\\go_nogo1\\sources\\urdf_files_dataset\\urdf_files\\robotics-toolbox\\val_description\\model\\meshes\\head\\neckj1.dae"", ""D:\\CADtest\\papertest\\go_nogo1\\sources\\urdf_files_dataset\\urdf_files\\robotics-toolbox\\val_description\\model\\meshes\\head\\neckj2.dae"", ""D:\\CADtest\\papertest\\go_nogo1\\sources\\urdf_files_dataset\\urdf_files\\robotics-toolbox\\val_description\\model\\meshes\\legs\\foot.dae"", ""D:\\CADtest\\papertest\\go_nogo1\\sources\\urdf_files_dataset\\urdf_files\\robotics-toolbox\\val_description\\model\\meshes\\legs\\lj1_left.dae"", ""D:\\CADtest\\papertest\\go_nogo1\\sources\\urdf_files_dataset\\urdf_files\\robotics-toolbox\\val_description\\model\\meshes\\legs\\lj1_right.dae"", ""D:\\CADtest\\papertest\\go_nogo1\\sources\\urdf_files_dataset\\urdf_files\\robotics-toolbox\\val_description\\model\\meshes\\legs\\lj3_left.dae"", ""D:\\CADtest\\papertest\\go_nogo1\\sources\\urdf_files_dataset\\urdf_files\\robotics-toolbox\\val_description\\model\\meshes\\legs\\lj3_right.dae"", ""D:\\CADtest\\papertest\\go_nogo1\\sources\\urdf_files_dataset\\urdf_files\\robotics-toolbox\\val_description\\model\\meshes\\legs\\lj4_left.dae"", ""D:\\CADtest\\papertest\\go_nogo1\\sources\\urdf_files_dataset\\urdf_files\\robotics-toolbox\\val_description\\model\\meshes\\legs\\lj4_right.dae"", ""D:\\CADtest\\papertest\\go_nogo1\\sources\\urdf_files_dataset\\urdf_files\\robotics-toolbox\\val_description\\model\\meshes\\legs\\lj5.dae"", ""D:\\CADtest\\papertest\\go_nogo1\\sources\\urdf_files_dataset\\urdf_files\\robotics-toolbox\\val_description\\model\\meshes\\multisense\\head_camera.dae"", ""D:\\CADtest\\papertest\\go_nogo1\\sources\\urdf_files_dataset\\urdf_files\\robotics-toolbox\\val_description\\model\\meshes\\pelvis\\pelvis.dae"", ""D:\\CADtest\\papertest\\go_nogo1\\sources\\urdf_files_dataset\\urdf_files\\robotics-toolbox\\val_description\\model\\meshes\\torso\\torso.dae"", ""D:\\CADtest\\papertest\\go_nogo1\\sources\\urdf_files_dataset\\urdf_files\\robotics-toolbox\\val_description\\model\\meshes\\torso\\torsopitch.dae"", ""D:\\CADtest\\papertest\\go_nogo1\\sources\\urdf_files_dataset\\urdf_files\\robotics-toolbox\\val_description\\model\\meshes\\torso\\torsoyaw.dae""]",valkyrie,robotics-toolbox,https://github.com/petercorke/robotics-toolbox-python/tree/07ad1259338d6dfd41af6e5e50973e315284a912/rtb-data/rtbdata/xacro/val_description,humanoid robot,D:\CADtest\papertest\go_nogo1\sources\urdf_files_dataset\urdf_files\robotics-toolbox\val_description\model\robots\valkyrie_sim.urdf,sim,1.0,False
317,True,"{""continuous"": 1, ""fixed"": 18, ""revolute"": 58}",NASA,14,True,59,55,1,77,78,58,59,1,58,58,Valkyrie,0.966667,,True,A,robotics-toolbox\val_description\model\robots\valkyrie_sim_angled_legj1s.urdf,"{""ancestor_suffix"": 58}","[""D:\\CADtest\\papertest\\go_nogo1\\sources\\urdf_files_dataset\\urdf_files\\robotics-toolbox\\val_description\\model\\meshes\\arms\\aj1_left.dae"", ""D:\\CADtest\\papertest\\go_nogo1\\sources\\urdf_files_dataset\\urdf_files\\robotics-toolbox\\val_description\\model\\meshes\\arms\\aj1_right.dae"", ""D:\\CADtest\\papertest\\go_nogo1\\sources\\urdf_files_dataset\\urdf_files\\robotics-toolbox\\val_description\\model\\meshes\\arms\\aj2_left.dae"", ""D:\\CADtest\\papertest\\go_nogo1\\sources\\urdf_files_dataset\\urdf_files\\robotics-toolbox\\val_description\\model\\meshes\\arms\\aj2_right.dae"", ""D:\\CADtest\\papertest\\go_nogo1\\sources\\urdf_files_dataset\\urdf_files\\robotics-toolbox\\val_description\\model\\meshes\\arms\\aj3_left.dae"", ""D:\\CADtest\\papertest\\go_nogo1\\sources\\urdf_files_dataset\\urdf_files\\robotics-toolbox\\val_description\\model\\meshes\\arms\\aj3_right.dae"", ""D:\\CADtest\\papertest\\go_nogo1\\sources\\urdf_files_dataset\\urdf_files\\robotics-toolbox\\val_description\\model\\meshes\\arms\\aj4_left.dae"", ""D:\\CADtest\\papertest\\go_nogo1\\sources\\urdf_files_dataset\\urdf_files\\robotics-toolbox\\val_description\\model\\meshes\\arms\\aj4_right.dae"", ""D:\\CADtest\\papertest\\go_nogo1\\sources\\urdf_files_dataset\\urdf_files\\robotics-toolbox\\val_description\\model\\meshes\\arms\\aj5_left.dae"", ""D:\\CADtest\\papertest\\go_nogo1\\sources\\urdf_files_dataset\\urdf_files\\robotics-toolbox\\val_description\\model\\meshes\\arms\\aj5_right.dae"", ""D:\\CADtest\\papertest\\go_nogo1\\sources\\urdf_files_dataset\\urdf_files\\robotics-toolbox\\val_description\\model\\meshes\\arms\\aj6_left.dae"", ""D:\\CADtest\\papertest\\go_nogo1\\sources\\urdf_files_dataset\\urdf_files\\robotics-toolbox\\val_description\\model\\meshes\\arms\\aj6_right.dae"", ""D:\\CADtest\\papertest\\go_nogo1\\sources\\urdf_files_dataset\\urdf_files\\robotics-toolbox\\val_description\\model\\meshes\\arms\\palm_left.dae"", ""D:\\CADtest\\papertest\\go_nogo1\\sources\\urdf_files_dataset\\urdf_files\\robotics-toolbox\\val_description\\model\\meshes\\arms\\palm_right.dae"", ""D:\\CADtest\\papertest\\go_nogo1\\sources\\urdf_files_dataset\\urdf_files\\robotics-toolbox\\val_description\\model\\meshes\\fingers\\indexj1_left.dae"", ""D:\\CADtest\\papertest\\go_nogo1\\sources\\urdf_files_dataset\\urdf_files\\robotics-toolbox\\val_description\\model\\meshes\\fingers\\indexj1_right.dae"", ""D:\\CADtest\\papertest\\go_nogo1\\sources\\urdf_files_dataset\\urdf_files\\robotics-toolbox\\val_description\\model\\meshes\\fingers\\indexj2_left.dae"", ""D:\\CADtest\\papertest\\go_nogo1\\sources\\urdf_files_dataset\\urdf_files\\robotics-toolbox\\val_description\\model\\meshes\\fingers\\indexj2_right.dae"", ""D:\\CADtest\\papertest\\go_nogo1\\sources\\urdf_files_dataset\\urdf_files\\robotics-toolbox\\val_description\\model\\meshes\\fingers\\indexj3_left.dae"", ""D:\\CADtest\\papertest\\go_nogo1\\sources\\urdf_files_dataset\\urdf_files\\robotics-toolbox\\val_description\\model\\meshes\\fingers\\indexj3_right.dae"", ""D:\\CADtest\\papertest\\go_nogo1\\sources\\urdf_files_dataset\\urdf_files\\robotics-toolbox\\val_description\\model\\meshes\\fingers\\middlej1_left.dae"", ""D:\\CADtest\\papertest\\go_nogo1\\sources\\urdf_files_dataset\\urdf_files\\robotics-toolbox\\val_description\\model\\meshes\\fingers\\middlej1_right.dae"", ""D:\\CADtest\\papertest\\go_nogo1\\sources\\urdf_files_dataset\\urdf_files\\robotics-toolbox\\val_description\\model\\meshes\\fingers\\middlej2_left.dae"", ""D:\\CADtest\\papertest\\go_nogo1\\sources\\urdf_files_dataset\\urdf_files\\robotics-toolbox\\val_description\\model\\meshes\\fingers\\middlej2_right.dae"", ""D:\\CADtest\\papertest\\go_nogo1\\sources\\urdf_files_dataset\\urdf_files\\robotics-toolbox\\val_description\\model\\meshes\\fingers\\middlej3_left.dae"", ""D:\\CADtest\\papertest\\go_nogo1\\sources\\urdf_files_dataset\\urdf_files\\robotics-toolbox\\val_description\\model\\meshes\\fingers\\middlej3_right.dae"", ""D:\\CADtest\\papertest\\go_nogo1\\sources\\urdf_files_dataset\\urdf_files\\robotics-toolbox\\val_description\\model\\meshes\\fingers\\pinkyj1_left.dae"", ""D:\\CADtest\\papertest\\go_nogo1\\sources\\urdf_files_dataset\\urdf_files\\robotics-toolbox\\val_description\\model\\meshes\\fingers\\pinkyj1_right.dae"", ""D:\\CADtest\\papertest\\go_nogo1\\sources\\urdf_files_dataset\\urdf_files\\robotics-toolbox\\val_description\\model\\meshes\\fingers\\pinkyj2_left.dae"", ""D:\\CADtest\\papertest\\go_nogo1\\sources\\urdf_files_dataset\\urdf_files\\robotics-toolbox\\val_description\\model\\meshes\\fingers\\pinkyj2_right.dae"", ""D:\\CADtest\\papertest\\go_nogo1\\sources\\urdf_files_dataset\\urdf_files\\robotics-toolbox\\val_description\\model\\meshes\\fingers\\pinkyj3_left.dae"", ""D:\\CADtest\\papertest\\go_nogo1\\sources\\urdf_files_dataset\\urdf_files\\robotics-toolbox\\val_description\\model\\meshes\\fingers\\pinkyj3_right.dae"", ""D:\\CADtest\\papertest\\go_nogo1\\sources\\urdf_files_dataset\\urdf_files\\robotics-toolbox\\val_description\\model\\meshes\\fingers\\thumbj1_left.dae"", ""D:\\CADtest\\papertest\\go_nogo1\\sources\\urdf_files_dataset\\urdf_files\\robotics-toolbox\\val_description\\model\\meshes\\fingers\\thumbj1_right.dae"", ""D:\\CADtest\\papertest\\go_nogo1\\sources\\urdf_files_dataset\\urdf_files\\robotics-toolbox\\val_description\\model\\meshes\\fingers\\thumbj2_left.dae"", ""D:\\CADtest\\papertest\\go_nogo1\\sources\\urdf_files_dataset\\urdf_files\\robotics-toolbox\\val_description\\model\\meshes\\fingers\\thumbj2_right.dae"", ""D:\\CADtest\\papertest\\go_nogo1\\sources\\urdf_files_dataset\\urdf_files\\robotics-toolbox\\val_description\\model\\meshes\\fingers\\thumbj3_left.dae"", ""D:\\CADtest\\papertest\\go_nogo1\\sources\\urdf_files_dataset\\urdf_files\\robotics-toolbox\\val_description\\model\\meshes\\fingers\\thumbj3_right.dae"", ""D:\\CADtest\\papertest\\go_nogo1\\sources\\urdf_files_dataset\\urdf_files\\robotics-toolbox\\val_description\\model\\meshes\\fingers\\thumbj4_left.dae"", ""D:\\CADtest\\papertest\\go_nogo1\\sources\\urdf_files_dataset\\urdf_files\\robotics-toolbox\\val_description\\model\\meshes\\fingers\\thumbj4_right.dae"", ""D:\\CADtest\\papertest\\go_nogo1\\sources\\urdf_files_dataset\\urdf_files\\robotics-toolbox\\val_description\\model\\meshes\\head\\head_multisense_no_visor.dae"", ""D:\\CADtest\\papertest\\go_nogo1\\sources\\urdf_files_dataset\\urdf_files\\robotics-toolbox\\val_description\\model\\meshes\\head\\neckj1.dae"", ""D:\\CADtest\\papertest\\go_nogo1\\sources\\urdf_files_dataset\\urdf_files\\robotics-toolbox\\val_description\\model\\meshes\\head\\neckj2.dae"", ""D:\\CADtest\\papertest\\go_nogo1\\sources\\urdf_files_dataset\\urdf_files\\robotics-toolbox\\val_description\\model\\meshes\\legs_angled_j1s\\foot.dae"", ""D:\\CADtest\\papertest\\go_nogo1\\sources\\urdf_files_dataset\\urdf_files\\robotics-toolbox\\val_description\\model\\meshes\\legs_angled_j1s\\lj1_left.dae"", ""D:\\CADtest\\papertest\\go_nogo1\\sources\\urdf_files_dataset\\urdf_files\\robotics-toolbox\\val_description\\model\\meshes\\legs_angled_j1s\\lj1_right.dae"", ""D:\\CADtest\\papertest\\go_nogo1\\sources\\urdf_files_dataset\\urdf_files\\robotics-toolbox\\val_description\\model\\meshes\\legs_angled_j1s\\lj3_left.dae"", ""D:\\CADtest\\papertest\\go_nogo1\\sources\\urdf_files_dataset\\urdf_files\\robotics-toolbox\\val_description\\model\\meshes\\legs_angled_j1s\\lj3_right.dae"", ""D:\\CADtest\\papertest\\go_nogo1\\sources\\urdf_files_dataset\\urdf_files\\robotics-toolbox\\val_description\\model\\meshes\\legs_angled_j1s\\lj4_left.dae"", ""D:\\CADtest\\papertest\\go_nogo1\\sources\\urdf_files_dataset\\urdf_files\\robotics-toolbox\\val_description\\model\\meshes\\legs_angled_j1s\\lj4_right.dae"", ""D:\\CADtest\\papertest\\go_nogo1\\sources\\urdf_files_dataset\\urdf_files\\robotics-toolbox\\val_description\\model\\meshes\\legs_angled_j1s\\lj5.dae"", ""D:\\CADtest\\papertest\\go_nogo1\\sources\\urdf_files_dataset\\urdf_files\\robotics-toolbox\\val_description\\model\\meshes\\multisense\\head_camera.dae"", ""D:\\CADtest\\papertest\\go_nogo1\\sources\\urdf_files_dataset\\urdf_files\\robotics-toolbox\\val_description\\model\\meshes\\pelvis_angled_j1s\\pelvis.dae"", ""D:\\CADtest\\papertest\\go_nogo1\\sources\\urdf_files_dataset\\urdf_files\\robotics-toolbox\\val_description\\model\\meshes\\torso_angled_j1s\\torso.dae"", ""D:\\CADtest\\papertest\\go_nogo1\\sources\\urdf_files_dataset\\urdf_files\\robotics-toolbox\\val_description\\model\\meshes\\torso_angled_j1s\\torsopitch.dae"", ""D:\\CADtest\\papertest\\go_nogo1\\sources\\urdf_files_dataset\\urdf_files\\robotics-toolbox\\val_description\\model\\meshes\\torso_angled_j1s\\torsoyaw.dae""]",valkyrie,robotics-toolbox,https://github.com/petercorke/robotics-toolbox-python/tree/07ad1259338d6dfd41af6e5e50973e315284a912/rtb-data/rtbdata/xacro/val_description,humanoid robot,D:\CADtest\papertest\go_nogo1\sources\urdf_files_dataset\urdf_files\robotics-toolbox\val_description\model\robots\valkyrie_sim_angled_legj1s.urdf,sim angled legj1s,1.0,False
318,True,"{""continuous"": 1, ""fixed"": 18, ""revolute"": 26}",NASA,9,True,27,23,1,45,46,26,27,1,26,26,Valkyrie,0.928571,,True,A,robotics-toolbox\val_description\model\robots\valkyrie_sim_arm_mass_sims.urdf,"{""ancestor_suffix"": 26}","[""D:\\CADtest\\papertest\\go_nogo1\\sources\\urdf_files_dataset\\urdf_files\\robotics-toolbox\\val_description\\model\\meshes\\arms\\aj1_left.dae"", ""D:\\CADtest\\papertest\\go_nogo1\\sources\\urdf_files_dataset\\urdf_files\\robotics-toolbox\\val_description\\model\\meshes\\arms\\aj1_right.dae"", ""D:\\CADtest\\papertest\\go_nogo1\\sources\\urdf_files_dataset\\urdf_files\\robotics-toolbox\\val_description\\model\\meshes\\arms\\aj2_left.dae"", ""D:\\CADtest\\papertest\\go_nogo1\\sources\\urdf_files_dataset\\urdf_files\\robotics-toolbox\\val_description\\model\\meshes\\arms\\aj2_right.dae"", ""D:\\CADtest\\papertest\\go_nogo1\\sources\\urdf_files_dataset\\urdf_files\\robotics-toolbox\\val_description\\model\\meshes\\arms\\aj3_left.dae"", ""D:\\CADtest\\papertest\\go_nogo1\\sources\\urdf_files_dataset\\urdf_files\\robotics-toolbox\\val_description\\model\\meshes\\arms\\aj3_right.dae"", ""D:\\CADtest\\papertest\\go_nogo1\\sources\\urdf_files_dataset\\urdf_files\\robotics-toolbox\\val_description\\model\\meshes\\arms\\left_elbow_mass_sim.dae"", ""D:\\CADtest\\papertest\\go_nogo1\\sources\\urdf_files_dataset\\urdf_files\\robotics-toolbox\\val_description\\model\\meshes\\arms\\right_elbow_mass_sim.dae"", ""D:\\CADtest\\papertest\\go_nogo1\\sources\\urdf_files_dataset\\urdf_files\\robotics-toolbox\\val_description\\model\\meshes\\head\\head_multisense_no_visor.dae"", ""D:\\CADtest\\papertest\\go_nogo1\\sources\\urdf_files_dataset\\urdf_files\\robotics-toolbox\\val_description\\model\\meshes\\head\\neckj1.dae"", ""D:\\CADtest\\papertest\\go_nogo1\\sources\\urdf_files_dataset\\urdf_files\\robotics-toolbox\\val_description\\model\\meshes\\head\\neckj2.dae"", ""D:\\CADtest\\papertest\\go_nogo1\\sources\\urdf_files_dataset\\urdf_files\\robotics-toolbox\\val_description\\model\\meshes\\legs\\foot.dae"", ""D:\\CADtest\\papertest\\go_nogo1\\sources\\urdf_files_dataset\\urdf_files\\robotics-toolbox\\val_description\\model\\meshes\\legs\\lj1_left.dae"", ""D:\\CADtest\\papertest\\go_nogo1\\sources\\urdf_files_dataset\\urdf_files\\robotics-toolbox\\val_description\\model\\meshes\\legs\\lj1_right.dae"", ""D:\\CADtest\\papertest\\go_nogo1\\sources\\urdf_files_dataset\\urdf_files\\robotics-toolbox\\val_description\\model\\meshes\\legs\\lj3_left.dae"", ""D:\\CADtest\\papertest\\go_nogo1\\sources\\urdf_files_dataset\\urdf_files\\robotics-toolbox\\val_description\\model\\meshes\\legs\\lj3_right.dae"", ""D:\\CADtest\\papertest\\go_nogo1\\sources\\urdf_files_dataset\\urdf_files\\robotics-toolbox\\val_description\\model\\meshes\\legs\\lj4_left.dae"", ""D:\\CADtest\\papertest\\go_nogo1\\sources\\urdf_files_dataset\\urdf_files\\robotics-toolbox\\val_description\\model\\meshes\\legs\\lj4_right.dae"", ""D:\\CADtest\\papertest\\go_nogo1\\sources\\urdf_files_dataset\\urdf_files\\robotics-toolbox\\val_description\\model\\meshes\\legs\\lj5.dae"", ""D:\\CADtest\\papertest\\go_nogo1\\sources\\urdf_files_dataset\\urdf_files\\robotics-toolbox\\val_description\\model\\meshes\\multisense\\head_camera.dae"", ""D:\\CADtest\\papertest\\go_nogo1\\sources\\urdf_files_dataset\\urdf_files\\robotics-toolbox\\val_description\\model\\meshes\\pelvis\\pelvis.dae"", ""D:\\CADtest\\papertest\\go_nogo1\\sources\\urdf_files_dataset\\urdf_files\\robotics-toolbox\\val_description\\model\\meshes\\torso\\torso.dae"", ""D:\\CADtest\\papertest\\go_nogo1\\sources\\urdf_files_dataset\\urdf_files\\robotics-toolbox\\val_description\\model\\meshes\\torso\\torsopitch.dae"", ""D:\\CADtest\\papertest\\go_nogo1\\sources\\urdf_files_dataset\\urdf_files\\robotics-toolbox\\val_description\\model\\meshes\\torso\\torsoyaw.dae""]",valkyrie,robotics-toolbox,https://github.com/petercorke/robotics-toolbox-python/tree/07ad1259338d6dfd41af6e5e50973e315284a912/rtb-data/rtbdata/xacro/val_description,humanoid robot,D:\CADtest\papertest\go_nogo1\sources\urdf_files_dataset\urdf_files\robotics-toolbox\val_description\model\robots\valkyrie_sim_arm_mass_sims.urdf,sim arm mass sims,1.0,False
319,True,"{""continuous"": 1, ""fixed"": 18, ""revolute"": 58}",NASA,14,True,59,55,1,77,78,58,59,1,58,58,Valkyrie,0.966667,,True,A,robotics-toolbox\val_description\model\robots\valkyrie_sim_gazebo_sync.urdf,"{""ancestor_suffix"": 58}","[""D:\\CADtest\\papertest\\go_nogo1\\sources\\urdf_files_dataset\\urdf_files\\robotics-toolbox\\val_description\\model\\meshes\\arms\\aj1_left.dae"", ""D:\\CADtest\\papertest\\go_nogo1\\sources\\urdf_files_dataset\\urdf_files\\robotics-toolbox\\val_description\\model\\meshes\\arms\\aj1_right.dae"", ""D:\\CADtest\\papertest\\go_nogo1\\sources\\urdf_files_dataset\\urdf_files\\robotics-toolbox\\val_description\\model\\meshes\\arms\\aj2_left.dae"", ""D:\\CADtest\\papertest\\go_nogo1\\sources\\urdf_files_dataset\\urdf_files\\robotics-toolbox\\val_description\\model\\meshes\\arms\\aj2_right.dae"", ""D:\\CADtest\\papertest\\go_nogo1\\sources\\urdf_files_dataset\\urdf_files\\robotics-toolbox\\val_description\\model\\meshes\\arms\\aj3_left.dae"", ""D:\\CADtest\\papertest\\go_nogo1\\sources\\urdf_files_dataset\\urdf_files\\robotics-toolbox\\val_description\\model\\meshes\\arms\\aj3_right.dae"", ""D:\\CADtest\\papertest\\go_nogo1\\sources\\urdf_files_dataset\\urdf_files\\robotics-toolbox\\val_description\\model\\meshes\\arms\\aj4_left.dae"", ""D:\\CADtest\\papertest\\go_nogo1\\sources\\urdf_files_dataset\\urdf_files\\robotics-toolbox\\val_description\\model\\meshes\\arms\\aj4_right.dae"", ""D:\\CADtest\\papertest\\go_nogo1\\sources\\urdf_files_dataset\\urdf_files\\robotics-toolbox\\val_description\\model\\meshes\\arms\\aj5_left.dae"", ""D:\\CADtest\\papertest\\go_nogo1\\sources\\urdf_files_dataset\\urdf_files\\robotics-toolbox\\val_description\\model\\meshes\\arms\\aj5_right.dae"", ""D:\\CADtest\\papertest\\go_nogo1\\sources\\urdf_files_dataset\\urdf_files\\robotics-toolbox\\val_description\\model\\meshes\\arms\\aj6_left.dae"", ""D:\\CADtest\\papertest\\go_nogo1\\sources\\urdf_files_dataset\\urdf_files\\robotics-toolbox\\val_description\\model\\meshes\\arms\\aj6_right.dae"", ""D:\\CADtest\\papertest\\go_nogo1\\sources\\urdf_files_dataset\\urdf_files\\robotics-toolbox\\val_description\\model\\meshes\\arms\\palm_left.dae"", ""D:\\CADtest\\papertest\\go_nogo1\\sources\\urdf_files_dataset\\urdf_files\\robotics-toolbox\\val_description\\model\\meshes\\arms\\palm_right.dae"", ""D:\\CADtest\\papertest\\go_nogo1\\sources\\urdf_files_dataset\\urdf_files\\robotics-toolbox\\val_description\\model\\meshes\\fingers\\indexj1_left.dae"", ""D:\\CADtest\\papertest\\go_nogo1\\sources\\urdf_files_dataset\\urdf_files\\robotics-toolbox\\val_description\\model\\meshes\\fingers\\indexj1_right.dae"", ""D:\\CADtest\\papertest\\go_nogo1\\sources\\urdf_files_dataset\\urdf_files\\robotics-toolbox\\val_description\\model\\meshes\\fingers\\indexj2_left.dae"", ""D:\\CADtest\\papertest\\go_nogo1\\sources\\urdf_files_dataset\\urdf_files\\robotics-toolbox\\val_description\\model\\meshes\\fingers\\indexj2_right.dae"", ""D:\\CADtest\\papertest\\go_nogo1\\sources\\urdf_files_dataset\\urdf_files\\robotics-toolbox\\val_description\\model\\meshes\\fingers\\indexj3_left.dae"", ""D:\\CADtest\\papertest\\go_nogo1\\sources\\urdf_files_dataset\\urdf_files\\robotics-toolbox\\val_description\\model\\meshes\\fingers\\indexj3_right.dae"", ""D:\\CADtest\\papertest\\go_nogo1\\sources\\urdf_files_dataset\\urdf_files\\robotics-toolbox\\val_description\\model\\meshes\\fingers\\middlej1_left.dae"", ""D:\\CADtest\\papertest\\go_nogo1\\sources\\urdf_files_dataset\\urdf_files\\robotics-toolbox\\val_description\\model\\meshes\\fingers\\middlej1_right.dae"", ""D:\\CADtest\\papertest\\go_nogo1\\sources\\urdf_files_dataset\\urdf_files\\robotics-toolbox\\val_description\\model\\meshes\\fingers\\middlej2_left.dae"", ""D:\\CADtest\\papertest\\go_nogo1\\sources\\urdf_files_dataset\\urdf_files\\robotics-toolbox\\val_description\\model\\meshes\\fingers\\middlej2_right.dae"", ""D:\\CADtest\\papertest\\go_nogo1\\sources\\urdf_files_dataset\\urdf_files\\robotics-toolbox\\val_description\\model\\meshes\\fingers\\middlej3_left.dae"", ""D:\\CADtest\\papertest\\go_nogo1\\sources\\urdf_files_dataset\\urdf_files\\robotics-toolbox\\val_description\\model\\meshes\\fingers\\middlej3_right.dae"", ""D:\\CADtest\\papertest\\go_nogo1\\sources\\urdf_files_dataset\\urdf_files\\robotics-toolbox\\val_description\\model\\meshes\\fingers\\pinkyj1_left.dae"", ""D:\\CADtest\\papertest\\go_nogo1\\sources\\urdf_files_dataset\\urdf_files\\robotics-toolbox\\val_description\\model\\meshes\\fingers\\pinkyj1_right.dae"", ""D:\\CADtest\\papertest\\go_nogo1\\sources\\urdf_files_dataset\\urdf_files\\robotics-toolbox\\val_description\\model\\meshes\\fingers\\pinkyj2_left.dae"", ""D:\\CADtest\\papertest\\go_nogo1\\sources\\urdf_files_dataset\\urdf_files\\robotics-toolbox\\val_description\\model\\meshes\\fingers\\pinkyj2_right.dae"", ""D:\\CADtest\\papertest\\go_nogo1\\sources\\urdf_files_dataset\\urdf_files\\robotics-toolbox\\val_description\\model\\meshes\\fingers\\pinkyj3_left.dae"", ""D:\\CADtest\\papertest\\go_nogo1\\sources\\urdf_files_dataset\\urdf_files\\robotics-toolbox\\val_description\\model\\meshes\\fingers\\pinkyj3_right.dae"", ""D:\\CADtest\\papertest\\go_nogo1\\sources\\urdf_files_dataset\\urdf_files\\robotics-toolbox\\val_description\\model\\meshes\\fingers\\thumbj1_left.dae"", ""D:\\CADtest\\papertest\\go_nogo1\\sources\\urdf_files_dataset\\urdf_files\\robotics-toolbox\\val_description\\model\\meshes\\fingers\\thumbj1_right.dae"", ""D:\\CADtest\\papertest\\go_nogo1\\sources\\urdf_files_dataset\\urdf_files\\robotics-toolbox\\val_description\\model\\meshes\\fingers\\thumbj2_left.dae"", ""D:\\CADtest\\papertest\\go_nogo1\\sources\\urdf_files_dataset\\urdf_files\\robotics-toolbox\\val_description\\model\\meshes\\fingers\\thumbj2_right.dae"", ""D:\\CADtest\\papertest\\go_nogo1\\sources\\urdf_files_dataset\\urdf_files\\robotics-toolbox\\val_description\\model\\meshes\\fingers\\thumbj3_left.dae"", ""D:\\CADtest\\papertest\\go_nogo1\\sources\\urdf_files_dataset\\urdf_files\\robotics-toolbox\\val_description\\model\\meshes\\fingers\\thumbj3_right.dae"", ""D:\\CADtest\\papertest\\go_nogo1\\sources\\urdf_files_dataset\\urdf_files\\robotics-toolbox\\val_description\\model\\meshes\\fingers\\thumbj4_left.dae"", ""D:\\CADtest\\papertest\\go_nogo1\\sources\\urdf_files_dataset\\urdf_files\\robotics-toolbox\\val_description\\model\\meshes\\fingers\\thumbj4_right.dae"", ""D:\\CADtest\\papertest\\go_nogo1\\sources\\urdf_files_dataset\\urdf_files\\robotics-toolbox\\val_description\\model\\meshes\\head\\head_multisense_no_visor.dae"", ""D:\\CADtest\\papertest\\go_nogo1\\sources\\urdf_files_dataset\\urdf_files\\robotics-toolbox\\val_description\\model\\meshes\\head\\neckj1.dae"", ""D:\\CADtest\\papertest\\go_nogo1\\sources\\urdf_files_dataset\\urdf_files\\robotics-toolbox\\val_description\\model\\meshes\\head\\neckj2.dae"", ""D:\\CADtest\\papertest\\go_nogo1\\sources\\urdf_files_dataset\\urdf_files\\robotics-toolbox\\val_description\\model\\meshes\\legs\\foot.dae"", ""D:\\CADtest\\papertest\\go_nogo1\\sources\\urdf_files_dataset\\urdf_files\\robotics-toolbox\\val_description\\model\\meshes\\legs\\lj1_left.dae"", ""D:\\CADtest\\papertest\\go_nogo1\\sources\\urdf_files_dataset\\urdf_files\\robotics-toolbox\\val_description\\model\\meshes\\legs\\lj1_right.dae"", ""D:\\CADtest\\papertest\\go_nogo1\\sources\\urdf_files_dataset\\urdf_files\\robotics-toolbox\\val_description\\model\\meshes\\legs\\lj3_left.dae"", ""D:\\CADtest\\papertest\\go_nogo1\\sources\\urdf_files_dataset\\urdf_files\\robotics-toolbox\\val_description\\model\\meshes\\legs\\lj3_right.dae"", ""D:\\CADtest\\papertest\\go_nogo1\\sources\\urdf_files_dataset\\urdf_files\\robotics-toolbox\\val_description\\model\\meshes\\legs\\lj4_left.dae"", ""D:\\CADtest\\papertest\\go_nogo1\\sources\\urdf_files_dataset\\urdf_files\\robotics-toolbox\\val_description\\model\\meshes\\legs\\lj4_right.dae"", ""D:\\CADtest\\papertest\\go_nogo1\\sources\\urdf_files_dataset\\urdf_files\\robotics-toolbox\\val_description\\model\\meshes\\legs\\lj5.dae"", ""D:\\CADtest\\papertest\\go_nogo1\\sources\\urdf_files_dataset\\urdf_files\\robotics-toolbox\\val_description\\model\\meshes\\multisense\\head_camera.dae"", ""D:\\CADtest\\papertest\\go_nogo1\\sources\\urdf_files_dataset\\urdf_files\\robotics-toolbox\\val_description\\model\\meshes\\pelvis\\pelvis.dae"", ""D:\\CADtest\\papertest\\go_nogo1\\sources\\urdf_files_dataset\\urdf_files\\robotics-toolbox\\val_description\\model\\meshes\\torso\\torso.dae"", ""D:\\CADtest\\papertest\\go_nogo1\\sources\\urdf_files_dataset\\urdf_files\\robotics-toolbox\\val_description\\model\\meshes\\torso\\torsopitch.dae"", ""D:\\CADtest\\papertest\\go_nogo1\\sources\\urdf_files_dataset\\urdf_files\\robotics-toolbox\\val_description\\model\\meshes\\torso\\torsoyaw.dae""]",valkyrie,robotics-toolbox,https://github.com/petercorke/robotics-toolbox-python/tree/07ad1259338d6dfd41af6e5e50973e315284a912/rtb-data/rtbdata/xacro/val_description,humanoid robot,D:\CADtest\papertest\go_nogo1\sources\urdf_files_dataset\urdf_files\robotics-toolbox\val_description\model\robots\valkyrie_sim_gazebo_sync.urdf,sim gazebo sync,1.0,False
320,True,"{""fixed"": 3, ""prismatic"": 3, ""revolute"": 8}",Franka Emika,13,True,11,0,1,14,15,12,12,0,12,12,Panda,1.0,,True,A,robotics-toolbox\xacro_generated\franka_description\robots\frankie.urdf,"{""ancestor_suffix"": 12}","[""D:\\CADtest\\papertest\\go_nogo1\\sources\\urdf_files_dataset\\urdf_files\\robotics-toolbox\\xacro_generated\\franka_description\\meshes\\visual\\finger.dae"", ""D:\\CADtest\\papertest\\go_nogo1\\sources\\urdf_files_dataset\\urdf_files\\robotics-toolbox\\xacro_generated\\franka_description\\meshes\\visual\\hand.dae"", ""D:\\CADtest\\papertest\\go_nogo1\\sources\\urdf_files_dataset\\urdf_files\\robotics-toolbox\\xacro_generated\\franka_description\\meshes\\visual\\link0.dae"", ""D:\\CADtest\\papertest\\go_nogo1\\sources\\urdf_files_dataset\\urdf_files\\robotics-toolbox\\xacro_generated\\franka_description\\meshes\\visual\\link1.dae"", ""D:\\CADtest\\papertest\\go_nogo1\\sources\\urdf_files_dataset\\urdf_files\\robotics-toolbox\\xacro_generated\\franka_description\\meshes\\visual\\link2.dae"", ""D:\\CADtest\\papertest\\go_nogo1\\sources\\urdf_files_dataset\\urdf_files\\robotics-toolbox\\xacro_generated\\franka_description\\meshes\\visual\\link3.dae"", ""D:\\CADtest\\papertest\\go_nogo1\\sources\\urdf_files_dataset\\urdf_files\\robotics-toolbox\\xacro_generated\\franka_description\\meshes\\visual\\link4.dae"", ""D:\\CADtest\\papertest\\go_nogo1\\sources\\urdf_files_dataset\\urdf_files\\robotics-toolbox\\xacro_generated\\franka_description\\meshes\\visual\\link5.dae"", ""D:\\CADtest\\papertest\\go_nogo1\\sources\\urdf_files_dataset\\urdf_files\\robotics-toolbox\\xacro_generated\\franka_description\\meshes\\visual\\link6.dae"", ""D:\\CADtest\\papertest\\go_nogo1\\sources\\urdf_files_dataset\\urdf_files\\robotics-toolbox\\xacro_generated\\franka_description\\meshes\\visual\\link7.dae"", ""D:\\CADtest\\papertest\\go_nogo1\\sources\\urdf_files_dataset\\urdf_files\\robotics-toolbox\\xacro_generated\\franka_description\\meshes\\visual\\omron.dae""]",frankie,robotics-toolbox,https://github.com/petercorke/robotics-toolbox-python/tree/07ad1259338d6dfd41af6e5e50973e315284a912/rtb-data/rtbdata/xacro/franka_description,robotic arm,D:\CADtest\papertest\go_nogo1\sources\urdf_files_dataset\urdf_files\robotics-toolbox\xacro_generated\franka_description\robots\frankie.urdf,Frankie,1.0,True
123,True,"{""fixed"": 2, ""prismatic"": 2, ""revolute"": 7}",Franka Emika,10,True,9,0,1,11,12,11,11,0,11,11,Panda,1.0,,True,A,robotics-toolbox\xacro_generated\franka_description\robots\panda.urdf,"{""ancestor_suffix"": 11}","[""D:\\CADtest\\papertest\\go_nogo1\\sources\\urdf_files_dataset\\urdf_files\\robotics-toolbox\\xacro_generated\\franka_description\\meshes\\visual\\finger.dae"", ""D:\\CADtest\\papertest\\go_nogo1\\sources\\urdf_files_dataset\\urdf_files\\robotics-toolbox\\xacro_generated\\franka_description\\meshes\\visual\\hand.dae"", ""D:\\CADtest\\papertest\\go_nogo1\\sources\\urdf_files_dataset\\urdf_files\\robotics-toolbox\\xacro_generated\\franka_description\\meshes\\visual\\link0.dae"", ""D:\\CADtest\\papertest\\go_nogo1\\sources\\urdf_files_dataset\\urdf_files\\robotics-toolbox\\xacro_generated\\franka_description\\meshes\\visual\\link1.dae"", ""D:\\CADtest\\papertest\\go_nogo1\\sources\\urdf_files_dataset\\urdf_files\\robotics-toolbox\\xacro_generated\\franka_description\\meshes\\visual\\link2.dae"", ""D:\\CADtest\\papertest\\go_nogo1\\sources\\urdf_files_dataset\\urdf_files\\robotics-toolbox\\xacro_generated\\franka_description\\meshes\\visual\\link3.dae"", ""D:\\CADtest\\papertest\\go_nogo1\\sources\\urdf_files_dataset\\urdf_files\\robotics-toolbox\\xacro_generated\\franka_description\\meshes\\visual\\link4.dae"", ""D:\\CADtest\\papertest\\go_nogo1\\sources\\urdf_files_dataset\\urdf_files\\robotics-toolbox\\xacro_generated\\franka_description\\meshes\\visual\\link5.dae"", ""D:\\CADtest\\papertest\\go_nogo1\\sources\\urdf_files_dataset\\urdf_files\\robotics-toolbox\\xacro_generated\\franka_description\\meshes\\visual\\link6.dae"", ""D:\\CADtest\\papertest\\go_nogo1\\sources\\urdf_files_dataset\\urdf_files\\robotics-toolbox\\xacro_generated\\franka_description\\meshes\\visual\\link7.dae""]",panda,robotics-toolbox,https://github.com/petercorke/robotics-toolbox-python/tree/07ad1259338d6dfd41af6e5e50973e315284a912/rtb-data/rtbdata/xacro/franka_description,robotic arm,D:\CADtest\papertest\go_nogo1\sources\urdf_files_dataset\urdf_files\robotics-toolbox\xacro_generated\franka_description\robots\panda.urdf,original,1.0,True
124,True,"{""continuous"": 1, ""fixed"": 4, ""prismatic"": 2, ""revolute"": 4}",Trossen Robotics,8,True,7,9,1,11,12,9,9,0,9,9,PincherX-100,1.0,,True,A,robotics-toolbox\xacro_generated\interbotix_descriptions\urdf\px100.urdf,"{""ancestor_suffix"": 9}","[""D:\\CADtest\\papertest\\go_nogo1\\sources\\urdf_files_dataset\\urdf_files\\robotics-toolbox\\xacro_generated\\interbotix_descriptions\\meshes\\meshes_px100\\PXA-100-M-1-Base.stl"", ""D:\\CADtest\\papertest\\go_nogo1\\sources\\urdf_files_dataset\\urdf_files\\robotics-toolbox\\xacro_generated\\interbotix_descriptions\\meshes\\meshes_px100\\PXA-100-M-2-Shoulder.stl"", ""D:\\CADtest\\papertest\\go_nogo1\\sources\\urdf_files_dataset\\urdf_files\\robotics-toolbox\\xacro_generated\\interbotix_descriptions\\meshes\\meshes_px100\\PXA-100-M-3-UA.stl"", ""D:\\CADtest\\papertest\\go_nogo1\\sources\\urdf_files_dataset\\urdf_files\\robotics-toolbox\\xacro_generated\\interbotix_descriptions\\meshes\\meshes_px100\\PXA-100-M-4-Forearm.stl"", ""D:\\CADtest\\papertest\\go_nogo1\\sources\\urdf_files_dataset\\urdf_files\\robotics-toolbox\\xacro_generated\\interbotix_descriptions\\meshes\\meshes_px100\\PXA-100-M-5-Wrist-Gripper.stl"", ""D:\\CADtest\\papertest\\go_nogo1\\sources\\urdf_files_dataset\\urdf_files\\robotics-toolbox\\xacro_generated\\interbotix_descriptions\\meshes\\meshes_px100\\PXA-100-M-6-Gripper-Prop.stl"", ""D:\\CADtest\\papertest\\go_nogo1\\sources\\urdf_files_dataset\\urdf_files\\robotics-toolbox\\xacro_generated\\interbotix_descriptions\\meshes\\meshes_px100\\PXA-100-M-7-Gripper-Bar.stl"", ""D:\\CADtest\\papertest\\go_nogo1\\sources\\urdf_files_dataset\\urdf_files\\robotics-toolbox\\xacro_generated\\interbotix_descriptions\\meshes\\meshes_px100\\PXA-100-M-8-Finger.stl""]",px100,robotics-toolbox,https://github.com/petercorke/robotics-toolbox-python/tree/07ad1259338d6dfd41af6e5e50973e315284a912/rtb-data/rtbdata/xacro/interbotix_descriptions,robotic arm,D:\CADtest\papertest\go_nogo1\sources\urdf_files_dataset\urdf_files\robotics-toolbox\xacro_generated\interbotix_descriptions\urdf\px100.urdf,original,1.0,True
125,True,"{""continuous"": 1, ""fixed"": 4, ""prismatic"": 2, ""revolute"": 5}",Trossen Robotics,9,True,8,10,1,12,13,10,10,0,10,10,PincherX-150,1.0,,True,A,robotics-toolbox\xacro_generated\interbotix_descriptions\urdf\px150.urdf,"{""ancestor_suffix"": 10}","[""D:\\CADtest\\papertest\\go_nogo1\\sources\\urdf_files_dataset\\urdf_files\\robotics-toolbox\\xacro_generated\\interbotix_descriptions\\meshes\\meshes_px150\\PXA-150-M-1-Base.stl"", ""D:\\CADtest\\papertest\\go_nogo1\\sources\\urdf_files_dataset\\urdf_files\\robotics-toolbox\\xacro_generated\\interbotix_descriptions\\meshes\\meshes_px150\\PXA-150-M-2-Shoulder.stl"", ""D:\\CADtest\\papertest\\go_nogo1\\sources\\urdf_files_dataset\\urdf_files\\robotics-toolbox\\xacro_generated\\interbotix_descriptions\\meshes\\meshes_px150\\PXA-150-M-3-UA.stl"", ""D:\\CADtest\\papertest\\go_nogo1\\sources\\urdf_files_dataset\\urdf_files\\robotics-toolbox\\xacro_generated\\interbotix_descriptions\\meshes\\meshes_px150\\PXA-150-M-4-Forearm.stl"", ""D:\\CADtest\\papertest\\go_nogo1\\sources\\urdf_files_dataset\\urdf_files\\robotics-toolbox\\xacro_generated\\interbotix_descriptions\\meshes\\meshes_px150\\PXA-150-M-5-Wrist.stl"", ""D:\\CADtest\\papertest\\go_nogo1\\sources\\urdf_files_dataset\\urdf_files\\robotics-toolbox\\xacro_generated\\interbotix_descriptions\\meshes\\meshes_px150\\PXA-150-M-6-Gripper.stl"", ""D:\\CADtest\\papertest\\go_nogo1\\sources\\urdf_files_dataset\\urdf_files\\robotics-toolbox\\xacro_generated\\interbotix_descriptions\\meshes\\meshes_px150\\PXA-150-M-7-Gripper-Prop.stl"", ""D:\\CADtest\\papertest\\go_nogo1\\sources\\urdf_files_dataset\\urdf_files\\robotics-toolbox\\xacro_generated\\interbotix_descriptions\\meshes\\meshes_px150\\PXA-150-M-8-Gripper-Bar.stl"", ""D:\\CADtest\\papertest\\go_nogo1\\sources\\urdf_files_dataset\\urdf_files\\robotics-toolbox\\xacro_generated\\interbotix_descriptions\\meshes\\meshes_px150\\PXA-150-M-9-Finger.stl""]",px150,robotics-toolbox,https://github.com/petercorke/robotics-toolbox-python/tree/07ad1259338d6dfd41af6e5e50973e315284a912/rtb-data/rtbdata/xacro/interbotix_descriptions,robotic arm,D:\CADtest\papertest\go_nogo1\sources\urdf_files_dataset\urdf_files\robotics-toolbox\xacro_generated\interbotix_descriptions\urdf\px150.urdf,original,1.0,True
126,True,"{""continuous"": 1, ""fixed"": 4, ""prismatic"": 2, ""revolute"": 5}",Trossen Robotics,9,True,8,10,1,12,13,10,10,0,10,10,ReactorX-150,1.0,,True,A,robotics-toolbox\xacro_generated\interbotix_descriptions\urdf\rx150.urdf,"{""ancestor_suffix"": 10}","[""D:\\CADtest\\papertest\\go_nogo1\\sources\\urdf_files_dataset\\urdf_files\\robotics-toolbox\\xacro_generated\\interbotix_descriptions\\meshes\\meshes_rx150\\RXA-150-M-1-Base.stl"", ""D:\\CADtest\\papertest\\go_nogo1\\sources\\urdf_files_dataset\\urdf_files\\robotics-toolbox\\xacro_generated\\interbotix_descriptions\\meshes\\meshes_rx150\\RXA-150-M-2-Shoulder.stl"", ""D:\\CADtest\\papertest\\go_nogo1\\sources\\urdf_files_dataset\\urdf_files\\robotics-toolbox\\xacro_generated\\interbotix_descriptions\\meshes\\meshes_rx150\\RXA-150-M-3-UA.stl"", ""D:\\CADtest\\papertest\\go_nogo1\\sources\\urdf_files_dataset\\urdf_files\\robotics-toolbox\\xacro_generated\\interbotix_descriptions\\meshes\\meshes_rx150\\RXA-150-M-4-Forearm.stl"", ""D:\\CADtest\\papertest\\go_nogo1\\sources\\urdf_files_dataset\\urdf_files\\robotics-toolbox\\xacro_generated\\interbotix_descriptions\\meshes\\meshes_rx150\\RXA-150-M-5-Wrist.stl"", ""D:\\CADtest\\papertest\\go_nogo1\\sources\\urdf_files_dataset\\urdf_files\\robotics-toolbox\\xacro_generated\\interbotix_descriptions\\meshes\\meshes_rx150\\RXA-150-M-6-Gripper.stl"", ""D:\\CADtest\\papertest\\go_nogo1\\sources\\urdf_files_dataset\\urdf_files\\robotics-toolbox\\xacro_generated\\interbotix_descriptions\\meshes\\meshes_rx150\\RXA-150-M-7-Gripper-Prop.stl"", ""D:\\CADtest\\papertest\\go_nogo1\\sources\\urdf_files_dataset\\urdf_files\\robotics-toolbox\\xacro_generated\\interbotix_descriptions\\meshes\\meshes_rx150\\RXA-150-M-8-Gripper-Bar.stl"", ""D:\\CADtest\\papertest\\go_nogo1\\sources\\urdf_files_dataset\\urdf_files\\robotics-toolbox\\xacro_generated\\interbotix_descriptions\\meshes\\meshes_rx150\\RXA-150-M-9-Finger.stl""]",rx150,robotics-toolbox,https://github.com/petercorke/robotics-toolbox-python/tree/07ad1259338d6dfd41af6e5e50973e315284a912/rtb-data/rtbdata/xacro/interbotix_descriptions,robotic arm,D:\CADtest\papertest\go_nogo1\sources\urdf_files_dataset\urdf_files\robotics-toolbox\xacro_generated\interbotix_descriptions\urdf\rx150.urdf,original,1.0,True
127,True,"{""continuous"": 1, ""fixed"": 4, ""prismatic"": 2, ""revolute"": 5}",Trossen Robotics,9,True,8,10,1,12,13,10,10,0,10,10,ReactorX-200,1.0,,True,A,robotics-toolbox\xacro_generated\interbotix_descriptions\urdf\rx200.urdf,"{""ancestor_suffix"": 10}","[""D:\\CADtest\\papertest\\go_nogo1\\sources\\urdf_files_dataset\\urdf_files\\robotics-toolbox\\xacro_generated\\interbotix_descriptions\\meshes\\meshes_rx200\\RXA-200-M-1-Base.stl"", ""D:\\CADtest\\papertest\\go_nogo1\\sources\\urdf_files_dataset\\urdf_files\\robotics-toolbox\\xacro_generated\\interbotix_descriptions\\meshes\\meshes_rx200\\RXA-200-M-2-Shoulder.stl"", ""D:\\CADtest\\papertest\\go_nogo1\\sources\\urdf_files_dataset\\urdf_files\\robotics-toolbox\\xacro_generated\\interbotix_descriptions\\meshes\\meshes_rx200\\RXA-200-M-3-UA.stl"", ""D:\\CADtest\\papertest\\go_nogo1\\sources\\urdf_files_dataset\\urdf_files\\robotics-toolbox\\xacro_generated\\interbotix_descriptions\\meshes\\meshes_rx200\\RXA-200-M-4-Forearm.stl"", ""D:\\CADtest\\papertest\\go_nogo1\\sources\\urdf_files_dataset\\urdf_files\\robotics-toolbox\\xacro_generated\\interbotix_descriptions\\meshes\\meshes_rx200\\RXA-200-M-5-Wrist.stl"", ""D:\\CADtest\\papertest\\go_nogo1\\sources\\urdf_files_dataset\\urdf_files\\robotics-toolbox\\xacro_generated\\interbotix_descriptions\\meshes\\meshes_rx200\\RXA-200-M-6-Gripper.stl"", ""D:\\CADtest\\papertest\\go_nogo1\\sources\\urdf_files_dataset\\urdf_files\\robotics-toolbox\\xacro_generated\\interbotix_descriptions\\meshes\\meshes_rx200\\RXA-200-M-7-Gripper-Prop.stl"", ""D:\\CADtest\\papertest\\go_nogo1\\sources\\urdf_files_dataset\\urdf_files\\robotics-toolbox\\xacro_generated\\interbotix_descriptions\\meshes\\meshes_rx200\\RXA-200-M-8-Gripper-Bar.stl"", ""D:\\CADtest\\papertest\\go_nogo1\\sources\\urdf_files_dataset\\urdf_files\\robotics-toolbox\\xacro_generated\\interbotix_descriptions\\meshes\\meshes_rx200\\RXA-200-M-9-Finger.stl""]",rx200,robotics-toolbox,https://github.com/petercorke/robotics-toolbox-python/tree/07ad1259338d6dfd41af6e5e50973e315284a912/rtb-data/rtbdata/xacro/interbotix_descriptions,robotic arm,D:\CADtest\papertest\go_nogo1\sources\urdf_files_dataset\urdf_files\robotics-toolbox\xacro_generated\interbotix_descriptions\urdf\rx200.urdf,original,1.0,True
128,True,"{""continuous"": 1, ""fixed"": 4, ""prismatic"": 2, ""revolute"": 5}",Trossen Robotics,9,True,8,10,1,12,13,10,10,0,10,10,ViperX-300,1.0,,True,A,robotics-toolbox\xacro_generated\interbotix_descriptions\urdf\vx300.urdf,"{""ancestor_suffix"": 10}","[""D:\\CADtest\\papertest\\go_nogo1\\sources\\urdf_files_dataset\\urdf_files\\robotics-toolbox\\xacro_generated\\interbotix_descriptions\\meshes\\meshes_vx300\\VXA-300-M-1-Base.stl"", ""D:\\CADtest\\papertest\\go_nogo1\\sources\\urdf_files_dataset\\urdf_files\\robotics-toolbox\\xacro_generated\\interbotix_descriptions\\meshes\\meshes_vx300\\VXA-300-M-2-Shoulder.stl"", ""D:\\CADtest\\papertest\\go_nogo1\\sources\\urdf_files_dataset\\urdf_files\\robotics-toolbox\\xacro_generated\\interbotix_descriptions\\meshes\\meshes_vx300\\VXA-300-M-3-UA.stl"", ""D:\\CADtest\\papertest\\go_nogo1\\sources\\urdf_files_dataset\\urdf_files\\robotics-toolbox\\xacro_generated\\interbotix_descriptions\\meshes\\meshes_vx300\\VXA-300-M-4-Forearm.stl"", ""D:\\CADtest\\papertest\\go_nogo1\\sources\\urdf_files_dataset\\urdf_files\\robotics-toolbox\\xacro_generated\\interbotix_descriptions\\meshes\\meshes_vx300\\VXA-300-M-5-Wrist.stl"", ""D:\\CADtest\\papertest\\go_nogo1\\sources\\urdf_files_dataset\\urdf_files\\robotics-toolbox\\xacro_generated\\interbotix_descriptions\\meshes\\meshes_vx300\\VXA-300-M-6-Gripper.stl"", ""D:\\CADtest\\papertest\\go_nogo1\\sources\\urdf_files_dataset\\urdf_files\\robotics-toolbox\\xacro_generated\\interbotix_descriptions\\meshes\\meshes_vx300\\VXA-300-M-7-Gripper-Prop.stl"", ""D:\\CADtest\\papertest\\go_nogo1\\sources\\urdf_files_dataset\\urdf_files\\robotics-toolbox\\xacro_generated\\interbotix_descriptions\\meshes\\meshes_vx300\\VXA-300-M-8-Gripper-Bar.stl"", ""D:\\CADtest\\papertest\\go_nogo1\\sources\\urdf_files_dataset\\urdf_files\\robotics-toolbox\\xacro_generated\\interbotix_descriptions\\meshes\\meshes_vx300\\VXA-300-M-9-Finger.stl""]",vx300,robotics-toolbox,https://github.com/petercorke/robotics-toolbox-python/tree/07ad1259338d6dfd41af6e5e50973e315284a912/rtb-data/rtbdata/xacro/interbotix_descriptions,robotic arm,D:\CADtest\papertest\go_nogo1\sources\urdf_files_dataset\urdf_files\robotics-toolbox\xacro_generated\interbotix_descriptions\urdf\vx300.urdf,original,1.0,True
129,True,"{""continuous"": 1, ""fixed"": 4, ""prismatic"": 2, ""revolute"": 6}",Trossen Robotics,10,True,9,11,1,13,14,11,11,0,11,11,ViperX-300s,1.0,,True,A,robotics-toolbox\xacro_generated\interbotix_descriptions\urdf\vx300s.urdf,"{""ancestor_suffix"": 11}","[""D:\\CADtest\\papertest\\go_nogo1\\sources\\urdf_files_dataset\\urdf_files\\robotics-toolbox\\xacro_generated\\interbotix_descriptions\\meshes\\meshes_vx300s\\VXSA-300-M-1-Base.stl"", ""D:\\CADtest\\papertest\\go_nogo1\\sources\\urdf_files_dataset\\urdf_files\\robotics-toolbox\\xacro_generated\\interbotix_descriptions\\meshes\\meshes_vx300s\\VXSA-300-M-10-Finger.stl"", ""D:\\CADtest\\papertest\\go_nogo1\\sources\\urdf_files_dataset\\urdf_files\\robotics-toolbox\\xacro_generated\\interbotix_descriptions\\meshes\\meshes_vx300s\\VXSA-300-M-2-Shoulder.stl"", ""D:\\CADtest\\papertest\\go_nogo1\\sources\\urdf_files_dataset\\urdf_files\\robotics-toolbox\\xacro_generated\\interbotix_descriptions\\meshes\\meshes_vx300s\\VXSA-300-M-3-UA.stl"", ""D:\\CADtest\\papertest\\go_nogo1\\sources\\urdf_files_dataset\\urdf_files\\robotics-toolbox\\xacro_generated\\interbotix_descriptions\\meshes\\meshes_vx300s\\VXSA-300-M-4-UF.stl"", ""D:\\CADtest\\papertest\\go_nogo1\\sources\\urdf_files_dataset\\urdf_files\\robotics-toolbox\\xacro_generated\\interbotix_descriptions\\meshes\\meshes_vx300s\\VXSA-300-M-5-LF.stl"", ""D:\\CADtest\\papertest\\go_nogo1\\sources\\urdf_files_dataset\\urdf_files\\robotics-toolbox\\xacro_generated\\interbotix_descriptions\\meshes\\meshes_vx300s\\VXSA-300-M-6-Wrist.stl"", ""D:\\CADtest\\papertest\\go_nogo1\\sources\\urdf_files_dataset\\urdf_files\\robotics-toolbox\\xacro_generated\\interbotix_descriptions\\meshes\\meshes_vx300s\\VXSA-300-M-7-Gripper.stl"", ""D:\\CADtest\\papertest\\go_nogo1\\sources\\urdf_files_dataset\\urdf_files\\robotics-toolbox\\xacro_generated\\interbotix_descriptions\\meshes\\meshes_vx300s\\VXSA-300-M-8-Gripper-Prop.stl"", ""D:\\CADtest\\papertest\\go_nogo1\\sources\\urdf_files_dataset\\urdf_files\\robotics-toolbox\\xacro_generated\\interbotix_descriptions\\meshes\\meshes_vx300s\\VXSA-300-M-9-Gripper-Bar.stl""]",vx300s,robotics-toolbox,https://github.com/petercorke/robotics-toolbox-python/tree/07ad1259338d6dfd41af6e5e50973e315284a912/rtb-data/rtbdata/xacro/interbotix_descriptions,robotic arm,D:\CADtest\papertest\go_nogo1\sources\urdf_files_dataset\urdf_files\robotics-toolbox\xacro_generated\interbotix_descriptions\urdf\vx300s.urdf,original,1.0,True
130,True,"{""continuous"": 1, ""fixed"": 4, ""prismatic"": 2, ""revolute"": 5}",Trossen Robotics,9,True,8,10,1,12,13,10,10,0,10,10,WidowX-200,1.0,,True,A,robotics-toolbox\xacro_generated\interbotix_descriptions\urdf\wx200.urdf,"{""ancestor_suffix"": 10}","[""D:\\CADtest\\papertest\\go_nogo1\\sources\\urdf_files_dataset\\urdf_files\\robotics-toolbox\\xacro_generated\\interbotix_descriptions\\meshes\\meshes_wx200\\WXA-200-M-1-Base.stl"", ""D:\\CADtest\\papertest\\go_nogo1\\sources\\urdf_files_dataset\\urdf_files\\robotics-toolbox\\xacro_generated\\interbotix_descriptions\\meshes\\meshes_wx200\\WXA-200-M-2-Shoulder.stl"", ""D:\\CADtest\\papertest\\go_nogo1\\sources\\urdf_files_dataset\\urdf_files\\robotics-toolbox\\xacro_generated\\interbotix_descriptions\\meshes\\meshes_wx200\\WXA-200-M-3-UA.stl"", ""D:\\CADtest\\papertest\\go_nogo1\\sources\\urdf_files_dataset\\urdf_files\\robotics-toolbox\\xacro_generated\\interbotix_descriptions\\meshes\\meshes_wx200\\WXA-200-M-4-Forearm.stl"", ""D:\\CADtest\\papertest\\go_nogo1\\sources\\urdf_files_dataset\\urdf_files\\robotics-toolbox\\xacro_generated\\interbotix_descriptions\\meshes\\meshes_wx200\\WXA-200-M-5-Wrist.stl"", ""D:\\CADtest\\papertest\\go_nogo1\\sources\\urdf_files_dataset\\urdf_files\\robotics-toolbox\\xacro_generated\\interbotix_descriptions\\meshes\\meshes_wx200\\WXA-200-M-6-Gripper.stl"", ""D:\\CADtest\\papertest\\go_nogo1\\sources\\urdf_files_dataset\\urdf_files\\robotics-toolbox\\xacro_generated\\interbotix_descriptions\\meshes\\meshes_wx200\\WXA-200-M-7-Gripper-Prop.stl"", ""D:\\CADtest\\papertest\\go_nogo1\\sources\\urdf_files_dataset\\urdf_files\\robotics-toolbox\\xacro_generated\\interbotix_descriptions\\meshes\\meshes_wx200\\WXA-200-M-8-Gripper-Bar.stl"", ""D:\\CADtest\\papertest\\go_nogo1\\sources\\urdf_files_dataset\\urdf_files\\robotics-toolbox\\xacro_generated\\interbotix_descriptions\\meshes\\meshes_wx200\\WXA-200-M-9-Finger.stl""]",wx200,robotics-toolbox,https://github.com/petercorke/robotics-toolbox-python/tree/07ad1259338d6dfd41af6e5e50973e315284a912/rtb-data/rtbdata/xacro/interbotix_descriptions,robotic arm,D:\CADtest\papertest\go_nogo1\sources\urdf_files_dataset\urdf_files\robotics-toolbox\xacro_generated\interbotix_descriptions\urdf\wx200.urdf,original,1.0,True
131,True,"{""continuous"": 1, ""fixed"": 4, ""prismatic"": 2, ""revolute"": 5}",Trossen Robotics,9,True,8,10,1,12,13,10,10,0,10,10,WidowX-250,1.0,,True,A,robotics-toolbox\xacro_generated\interbotix_descriptions\urdf\wx250.urdf,"{""ancestor_suffix"": 10}","[""D:\\CADtest\\papertest\\go_nogo1\\sources\\urdf_files_dataset\\urdf_files\\robotics-toolbox\\xacro_generated\\interbotix_descriptions\\meshes\\meshes_wx250\\WXA-250-M-1-Base.stl"", ""D:\\CADtest\\papertest\\go_nogo1\\sources\\urdf_files_dataset\\urdf_files\\robotics-toolbox\\xacro_generated\\interbotix_descriptions\\meshes\\meshes_wx250\\WXA-250-M-2-Shoulder.stl"", ""D:\\CADtest\\papertest\\go_nogo1\\sources\\urdf_files_dataset\\urdf_files\\robotics-toolbox\\xacro_generated\\interbotix_descriptions\\meshes\\meshes_wx250\\WXA-250-M-3-UA.stl"", ""D:\\CADtest\\papertest\\go_nogo1\\sources\\urdf_files_dataset\\urdf_files\\robotics-toolbox\\xacro_generated\\interbotix_descriptions\\meshes\\meshes_wx250\\WXA-250-M-4-Forearm.stl"", ""D:\\CADtest\\papertest\\go_nogo1\\sources\\urdf_files_dataset\\urdf_files\\robotics-toolbox\\xacro_generated\\interbotix_descriptions\\meshes\\meshes_wx250\\WXA-250-M-5-Wrist.stl"", ""D:\\CADtest\\papertest\\go_nogo1\\sources\\urdf_files_dataset\\urdf_files\\robotics-toolbox\\xacro_generated\\interbotix_descriptions\\meshes\\meshes_wx250\\WXA-250-M-6-Gripper.stl"", ""D:\\CADtest\\papertest\\go_nogo1\\sources\\urdf_files_dataset\\urdf_files\\robotics-toolbox\\xacro_generated\\interbotix_descriptions\\meshes\\meshes_wx250\\WXA-250-M-7-Gripper-Prop.stl"", ""D:\\CADtest\\papertest\\go_nogo1\\sources\\urdf_files_dataset\\urdf_files\\robotics-toolbox\\xacro_generated\\interbotix_descriptions\\meshes\\meshes_wx250\\WXA-250-M-8-Gripper-Bar.stl"", ""D:\\CADtest\\papertest\\go_nogo1\\sources\\urdf_files_dataset\\urdf_files\\robotics-toolbox\\xacro_generated\\interbotix_descriptions\\meshes\\meshes_wx250\\WXA-250-M-9-Finger.stl""]",wx250,robotics-toolbox,https://github.com/petercorke/robotics-toolbox-python/tree/07ad1259338d6dfd41af6e5e50973e315284a912/rtb-data/rtbdata/xacro/interbotix_descriptions,robotic arm,D:\CADtest\papertest\go_nogo1\sources\urdf_files_dataset\urdf_files\robotics-toolbox\xacro_generated\interbotix_descriptions\urdf\wx250.urdf,original,1.0,True
132,True,"{""continuous"": 1, ""fixed"": 4, ""prismatic"": 2, ""revolute"": 6}",Trossen Robotics,10,True,9,11,1,13,14,11,11,0,11,11,WidowX-250s,1.0,,True,A,robotics-toolbox\xacro_generated\interbotix_descriptions\urdf\wx250s.urdf,"{""ancestor_suffix"": 11}","[""D:\\CADtest\\papertest\\go_nogo1\\sources\\urdf_files_dataset\\urdf_files\\robotics-toolbox\\xacro_generated\\interbotix_descriptions\\meshes\\meshes_wx250s\\WXSA-250-M-1-Base.stl"", ""D:\\CADtest\\papertest\\go_nogo1\\sources\\urdf_files_dataset\\urdf_files\\robotics-toolbox\\xacro_generated\\interbotix_descriptions\\meshes\\meshes_wx250s\\WXSA-250-M-10-Finger.stl"", ""D:\\CADtest\\papertest\\go_nogo1\\sources\\urdf_files_dataset\\urdf_files\\robotics-toolbox\\xacro_generated\\interbotix_descriptions\\meshes\\meshes_wx250s\\WXSA-250-M-2-Shoulder.stl"", ""D:\\CADtest\\papertest\\go_nogo1\\sources\\urdf_files_dataset\\urdf_files\\robotics-toolbox\\xacro_generated\\interbotix_descriptions\\meshes\\meshes_wx250s\\WXSA-250-M-3-UA.stl"", ""D:\\CADtest\\papertest\\go_nogo1\\sources\\urdf_files_dataset\\urdf_files\\robotics-toolbox\\xacro_generated\\interbotix_descriptions\\meshes\\meshes_wx250s\\WXSA-250-M-4-UF.stl"", ""D:\\CADtest\\papertest\\go_nogo1\\sources\\urdf_files_dataset\\urdf_files\\robotics-toolbox\\xacro_generated\\interbotix_descriptions\\meshes\\meshes_wx250s\\WXSA-250-M-5-LF.stl"", ""D:\\CADtest\\papertest\\go_nogo1\\sources\\urdf_files_dataset\\urdf_files\\robotics-toolbox\\xacro_generated\\interbotix_descriptions\\meshes\\meshes_wx250s\\WXSA-250-M-6-Wrist.stl"", ""D:\\CADtest\\papertest\\go_nogo1\\sources\\urdf_files_dataset\\urdf_files\\robotics-toolbox\\xacro_generated\\interbotix_descriptions\\meshes\\meshes_wx250s\\WXSA-250-M-7-Gripper.stl"", ""D:\\CADtest\\papertest\\go_nogo1\\sources\\urdf_files_dataset\\urdf_files\\robotics-toolbox\\xacro_generated\\interbotix_descriptions\\meshes\\meshes_wx250s\\WXSA-250-M-8-Gripper-Prop.stl"", ""D:\\CADtest\\papertest\\go_nogo1\\sources\\urdf_files_dataset\\urdf_files\\robotics-toolbox\\xacro_generated\\interbotix_descriptions\\meshes\\meshes_wx250s\\WXSA-250-M-9-Gripper-Bar.stl""]",wx250s,robotics-toolbox,https://github.com/petercorke/robotics-toolbox-python/tree/07ad1259338d6dfd41af6e5e50973e315284a912/rtb-data/rtbdata/xacro/interbotix_descriptions,robotic arm,D:\CADtest\papertest\go_nogo1\sources\urdf_files_dataset\urdf_files\robotics-toolbox\xacro_generated\interbotix_descriptions\urdf\wx250s.urdf,original,1.0,True
133,True,"{""continuous"": 2, ""fixed"": 3, ""revolute"": 8}",Kinova Robotics,8,True,10,11,1,13,14,11,11,0,15,15,Jaco J2N4S300,1.0,,True,A,robotics-toolbox\xacro_generated\kinova_description\urdf\j2n4s300.urdf,"{""ancestor_suffix"": 15}","[""D:\\CADtest\\papertest\\go_nogo1\\sources\\urdf_files_dataset\\urdf_files\\robotics-toolbox\\xacro_generated\\kinova_description\\meshes\\arm.dae"", ""D:\\CADtest\\papertest\\go_nogo1\\sources\\urdf_files_dataset\\urdf_files\\robotics-toolbox\\xacro_generated\\kinova_description\\meshes\\base.dae"", ""D:\\CADtest\\papertest\\go_nogo1\\sources\\urdf_files_dataset\\urdf_files\\robotics-toolbox\\xacro_generated\\kinova_description\\meshes\\finger_distal.dae"", ""D:\\CADtest\\papertest\\go_nogo1\\sources\\urdf_files_dataset\\urdf_files\\robotics-toolbox\\xacro_generated\\kinova_description\\meshes\\finger_proximal.dae"", ""D:\\CADtest\\papertest\\go_nogo1\\sources\\urdf_files_dataset\\urdf_files\\robotics-toolbox\\xacro_generated\\kinova_description\\meshes\\forearm.dae"", ""D:\\CADtest\\papertest\\go_nogo1\\sources\\urdf_files_dataset\\urdf_files\\robotics-toolbox\\xacro_generated\\kinova_description\\meshes\\hand_3finger.dae"", ""D:\\CADtest\\papertest\\go_nogo1\\sources\\urdf_files_dataset\\urdf_files\\robotics-toolbox\\xacro_generated\\kinova_description\\meshes\\ring_big.dae"", ""D:\\CADtest\\papertest\\go_nogo1\\sources\\urdf_files_dataset\\urdf_files\\robotics-toolbox\\xacro_generated\\kinova_description\\meshes\\ring_small.dae"", ""D:\\CADtest\\papertest\\go_nogo1\\sources\\urdf_files_dataset\\urdf_files\\robotics-toolbox\\xacro_generated\\kinova_description\\meshes\\shoulder.dae""]",j2n4s300,robotics-toolbox,https://github.com/petercorke/robotics-toolbox-python/tree/07ad1259338d6dfd41af6e5e50973e315284a912/rtb-data/rtbdata/xacro/kinova_description,robotic arm,D:\CADtest\papertest\go_nogo1\sources\urdf_files_dataset\urdf_files\robotics-toolbox\xacro_generated\kinova_description\urdf\j2n4s300.urdf,original,1.0,True
134,True,"{""continuous"": 4, ""fixed"": 5, ""revolute"": 3}",Kinova Robotics,9,True,7,8,1,12,13,8,8,0,8,8,Gen3,1.0,,True,A,robotics-toolbox\xacro_generated\kinova_description\urdf\kinovaGen3.urdf,"{""indexed_suffix_nearest_package"": 8}","[""D:\\CADtest\\papertest\\go_nogo1\\sources\\urdf_files_dataset\\urdf_files\\matlab\\kortex_v12_description\\arms\\gen3\\7dof\\meshes\\base_link.STL"", ""D:\\CADtest\\papertest\\go_nogo1\\sources\\urdf_files_dataset\\urdf_files\\matlab\\kortex_v12_description\\arms\\gen3\\7dof\\meshes\\bracelet_with_vision_link.STL"", ""D:\\CADtest\\papertest\\go_nogo1\\sources\\urdf_files_dataset\\urdf_files\\matlab\\kortex_v12_description\\arms\\gen3\\7dof\\meshes\\forearm_link.STL"", ""D:\\CADtest\\papertest\\go_nogo1\\sources\\urdf_files_dataset\\urdf_files\\matlab\\kortex_v12_description\\arms\\gen3\\7dof\\meshes\\half_arm_1_link.STL"", ""D:\\CADtest\\papertest\\go_nogo1\\sources\\urdf_files_dataset\\urdf_files\\matlab\\kortex_v12_description\\arms\\gen3\\7dof\\meshes\\half_arm_2_link.STL"", ""D:\\CADtest\\papertest\\go_nogo1\\sources\\urdf_files_dataset\\urdf_files\\matlab\\kortex_v12_description\\arms\\gen3\\7dof\\meshes\\shoulder_link.STL"", ""D:\\CADtest\\papertest\\go_nogo1\\sources\\urdf_files_dataset\\urdf_files\\matlab\\kortex_v12_description\\arms\\gen3\\7dof\\meshes\\spherical_wrist_1_link.STL"", ""D:\\CADtest\\papertest\\go_nogo1\\sources\\urdf_files_dataset\\urdf_files\\matlab\\kortex_v12_description\\arms\\gen3\\7dof\\meshes\\spherical_wrist_2_link.STL""]",gen3,robotics-toolbox,https://github.com/petercorke/robotics-toolbox-python/tree/07ad1259338d6dfd41af6e5e50973e315284a912/rtb-data/rtbdata/xacro/kinova_description,robotic arm,D:\CADtest\papertest\go_nogo1\sources\urdf_files_dataset\urdf_files\robotics-toolbox\xacro_generated\kinova_description\urdf\kinovaGen3.urdf,original,1.0,True
135,True,"{""continuous"": 19, ""fixed"": 42, ""prismatic"": 5, ""revolute"": 21}",Willow Garage,15,True,45,37,1,87,88,45,50,5,45,45,PR2,0.978261,,True,A,robotics-toolbox\xacro_generated\pr2_description\robots\pr2.urdf,"{""ancestor_suffix"": 45}","[""D:\\CADtest\\papertest\\go_nogo1\\sources\\urdf_files_dataset\\urdf_files\\robotics-toolbox\\xacro_generated\\pr2_description\\meshes\\base_v0\\base.dae"", ""D:\\CADtest\\papertest\\go_nogo1\\sources\\urdf_files_dataset\\urdf_files\\robotics-toolbox\\xacro_generated\\pr2_description\\meshes\\base_v0\\caster.stl"", ""D:\\CADtest\\papertest\\go_nogo1\\sources\\urdf_files_dataset\\urdf_files\\robotics-toolbox\\xacro_generated\\pr2_description\\meshes\\base_v0\\wheel.dae"", ""D:\\CADtest\\papertest\\go_nogo1\\sources\\urdf_files_dataset\\urdf_files\\robotics-toolbox\\xacro_generated\\pr2_description\\meshes\\forearm_v0\\forearm.dae"", ""D:\\CADtest\\papertest\\go_nogo1\\sources\\urdf_files_dataset\\urdf_files\\robotics-toolbox\\xacro_generated\\pr2_description\\meshes\\forearm_v0\\wrist_flex.dae"", ""D:\\CADtest\\papertest\\go_nogo1\\sources\\urdf_files_dataset\\urdf_files\\robotics-toolbox\\xacro_generated\\pr2_description\\meshes\\forearm_v0\\wrist_roll.stl"", ""D:\\CADtest\\papertest\\go_nogo1\\sources\\urdf_files_dataset\\urdf_files\\robotics-toolbox\\xacro_generated\\pr2_description\\meshes\\gripper_v0\\gripper_palm.dae"", ""D:\\CADtest\\papertest\\go_nogo1\\sources\\urdf_files_dataset\\urdf_files\\robotics-toolbox\\xacro_generated\\pr2_description\\meshes\\gripper_v0\\l_finger.dae"", ""D:\\CADtest\\papertest\\go_nogo1\\sources\\urdf_files_dataset\\urdf_files\\robotics-toolbox\\xacro_generated\\pr2_description\\meshes\\gripper_v0\\l_finger_tip.dae"", ""D:\\CADtest\\papertest\\go_nogo1\\sources\\urdf_files_dataset\\urdf_files\\robotics-toolbox\\xacro_generated\\pr2_description\\meshes\\head_v0\\head_pan.dae"", ""D:\\CADtest\\papertest\\go_nogo1\\sources\\urdf_files_dataset\\urdf_files\\robotics-toolbox\\xacro_generated\\pr2_description\\meshes\\head_v0\\head_tilt.dae"", ""D:\\CADtest\\papertest\\go_nogo1\\sources\\urdf_files_dataset\\urdf_files\\robotics-toolbox\\xacro_generated\\pr2_description\\meshes\\shoulder_v0\\shoulder_lift.dae"", ""D:\\CADtest\\papertest\\go_nogo1\\sources\\urdf_files_dataset\\urdf_files\\robotics-toolbox\\xacro_generated\\pr2_description\\meshes\\shoulder_v0\\shoulder_pan.dae"", ""D:\\CADtest\\papertest\\go_nogo1\\sources\\urdf_files_dataset\\urdf_files\\robotics-toolbox\\xacro_generated\\pr2_description\\meshes\\shoulder_v0\\upper_arm_roll.stl"", ""D:\\CADtest\\papertest\\go_nogo1\\sources\\urdf_files_dataset\\urdf_files\\robotics-toolbox\\xacro_generated\\pr2_description\\meshes\\tilting_laser_v0\\tilting_hokuyo.dae"", ""D:\\CADtest\\papertest\\go_nogo1\\sources\\urdf_files_dataset\\urdf_files\\robotics-toolbox\\xacro_generated\\pr2_description\\meshes\\torso_v0\\torso_lift.dae"", ""D:\\CADtest\\papertest\\go_nogo1\\sources\\urdf_files_dataset\\urdf_files\\robotics-toolbox\\xacro_generated\\pr2_description\\meshes\\upper_arm_v0\\elbow_flex.dae"", ""D:\\CADtest\\papertest\\go_nogo1\\sources\\urdf_files_dataset\\urdf_files\\robotics-toolbox\\xacro_generated\\pr2_description\\meshes\\upper_arm_v0\\forearm_roll.stl"", ""D:\\CADtest\\papertest\\go_nogo1\\sources\\urdf_files_dataset\\urdf_files\\robotics-toolbox\\xacro_generated\\pr2_description\\meshes\\upper_arm_v0\\upper_arm.dae""]",pr2,robotics-toolbox,https://github.com/petercorke/robotics-toolbox-python/tree/07ad1259338d6dfd41af6e5e50973e315284a912/rtb-data/rtbdata/xacro/pr2_description,mobile manipulator,D:\CADtest\papertest\go_nogo1\sources\urdf_files_dataset\urdf_files\robotics-toolbox\xacro_generated\pr2_description\robots\pr2.urdf,original,1.0,True
138,True,"{""fixed"": 4, ""revolute"": 6}",Universal Robots,8,True,6,7,1,10,11,7,7,0,7,7,UR10,1.0,,True,A,robotics-toolbox\xacro_generated\ur_description\urdf\ur10.urdf,"{""ancestor_suffix"": 7}","[""D:\\CADtest\\papertest\\go_nogo1\\sources\\urdf_files_dataset\\urdf_files\\robotics-toolbox\\xacro_generated\\ur_description\\meshes\\ur10\\visual\\base.dae"", ""D:\\CADtest\\papertest\\go_nogo1\\sources\\urdf_files_dataset\\urdf_files\\robotics-toolbox\\xacro_generated\\ur_description\\meshes\\ur10\\visual\\forearm.dae"", ""D:\\CADtest\\papertest\\go_nogo1\\sources\\urdf_files_dataset\\urdf_files\\robotics-toolbox\\xacro_generated\\ur_description\\meshes\\ur10\\visual\\shoulder.dae"", ""D:\\CADtest\\papertest\\go_nogo1\\sources\\urdf_files_dataset\\urdf_files\\robotics-toolbox\\xacro_generated\\ur_description\\meshes\\ur10\\visual\\upperarm.dae"", ""D:\\CADtest\\papertest\\go_nogo1\\sources\\urdf_files_dataset\\urdf_files\\robotics-toolbox\\xacro_generated\\ur_description\\meshes\\ur10\\visual\\wrist1.dae"", ""D:\\CADtest\\papertest\\go_nogo1\\sources\\urdf_files_dataset\\urdf_files\\robotics-toolbox\\xacro_generated\\ur_description\\meshes\\ur10\\visual\\wrist2.dae"", ""D:\\CADtest\\papertest\\go_nogo1\\sources\\urdf_files_dataset\\urdf_files\\robotics-toolbox\\xacro_generated\\ur_description\\meshes\\ur10\\visual\\wrist3.dae""]",ur10,robotics-toolbox,https://github.com/petercorke/robotics-toolbox-python/tree/07ad1259338d6dfd41af6e5e50973e315284a912/rtb-data/rtbdata/xacro/ur_description,robotic arm,D:\CADtest\papertest\go_nogo1\sources\urdf_files_dataset\urdf_files\robotics-toolbox\xacro_generated\ur_description\urdf\ur10.urdf,original,1.0,True
136,True,"{""fixed"": 4, ""revolute"": 6}",Universal Robots,8,True,6,7,1,10,11,7,7,0,7,7,UR3,1.0,,True,A,robotics-toolbox\xacro_generated\ur_description\urdf\ur3.urdf,"{""ancestor_suffix"": 7}","[""D:\\CADtest\\papertest\\go_nogo1\\sources\\urdf_files_dataset\\urdf_files\\robotics-toolbox\\xacro_generated\\ur_description\\meshes\\ur3\\visual\\base.dae"", ""D:\\CADtest\\papertest\\go_nogo1\\sources\\urdf_files_dataset\\urdf_files\\robotics-toolbox\\xacro_generated\\ur_description\\meshes\\ur3\\visual\\forearm.dae"", ""D:\\CADtest\\papertest\\go_nogo1\\sources\\urdf_files_dataset\\urdf_files\\robotics-toolbox\\xacro_generated\\ur_description\\meshes\\ur3\\visual\\shoulder.dae"", ""D:\\CADtest\\papertest\\go_nogo1\\sources\\urdf_files_dataset\\urdf_files\\robotics-toolbox\\xacro_generated\\ur_description\\meshes\\ur3\\visual\\upperarm.dae"", ""D:\\CADtest\\papertest\\go_nogo1\\sources\\urdf_files_dataset\\urdf_files\\robotics-toolbox\\xacro_generated\\ur_description\\meshes\\ur3\\visual\\wrist1.dae"", ""D:\\CADtest\\papertest\\go_nogo1\\sources\\urdf_files_dataset\\urdf_files\\robotics-toolbox\\xacro_generated\\ur_description\\meshes\\ur3\\visual\\wrist2.dae"", ""D:\\CADtest\\papertest\\go_nogo1\\sources\\urdf_files_dataset\\urdf_files\\robotics-toolbox\\xacro_generated\\ur_description\\meshes\\ur3\\visual\\wrist3.dae""]",ur3,robotics-toolbox,https://github.com/petercorke/robotics-toolbox-python/tree/07ad1259338d6dfd41af6e5e50973e315284a912/rtb-data/rtbdata/xacro/ur_description,robotic arm,D:\CADtest\papertest\go_nogo1\sources\urdf_files_dataset\urdf_files\robotics-toolbox\xacro_generated\ur_description\urdf\ur3.urdf,original,1.0,True
137,True,"{""fixed"": 4, ""revolute"": 6}",Universal Robots,8,True,6,7,1,10,11,7,7,0,7,7,UR5,1.0,,True,A,robotics-toolbox\xacro_generated\ur_description\urdf\ur5.urdf,"{""ancestor_suffix"": 7}","[""D:\\CADtest\\papertest\\go_nogo1\\sources\\urdf_files_dataset\\urdf_files\\robotics-toolbox\\xacro_generated\\ur_description\\meshes\\ur5\\visual\\base.dae"", ""D:\\CADtest\\papertest\\go_nogo1\\sources\\urdf_files_dataset\\urdf_files\\robotics-toolbox\\xacro_generated\\ur_description\\meshes\\ur5\\visual\\forearm.dae"", ""D:\\CADtest\\papertest\\go_nogo1\\sources\\urdf_files_dataset\\urdf_files\\robotics-toolbox\\xacro_generated\\ur_description\\meshes\\ur5\\visual\\shoulder.dae"", ""D:\\CADtest\\papertest\\go_nogo1\\sources\\urdf_files_dataset\\urdf_files\\robotics-toolbox\\xacro_generated\\ur_description\\meshes\\ur5\\visual\\upperarm.dae"", ""D:\\CADtest\\papertest\\go_nogo1\\sources\\urdf_files_dataset\\urdf_files\\robotics-toolbox\\xacro_generated\\ur_description\\meshes\\ur5\\visual\\wrist1.dae"", ""D:\\CADtest\\papertest\\go_nogo1\\sources\\urdf_files_dataset\\urdf_files\\robotics-toolbox\\xacro_generated\\ur_description\\meshes\\ur5\\visual\\wrist2.dae"", ""D:\\CADtest\\papertest\\go_nogo1\\sources\\urdf_files_dataset\\urdf_files\\robotics-toolbox\\xacro_generated\\ur_description\\meshes\\ur5\\visual\\wrist3.dae""]",ur5,robotics-toolbox,https://github.com/petercorke/robotics-toolbox-python/tree/07ad1259338d6dfd41af6e5e50973e315284a912/rtb-data/rtbdata/xacro/ur_description,robotic arm,D:\CADtest\papertest\go_nogo1\sources\urdf_files_dataset\urdf_files\robotics-toolbox\xacro_generated\ur_description\urdf\ur5.urdf,original,1.0,True
139,True,"{""fixed"": 4, ""prismatic"": 4, ""revolute"": 14}",ABB,11,True,18,21,1,22,23,21,21,0,21,21,YuMi,1.0,,True,A,robotics-toolbox\yumi_description\urdf\yumi.urdf,"{""ancestor_suffix"": 21}","[""D:\\CADtest\\papertest\\go_nogo1\\sources\\urdf_files_dataset\\urdf_files\\robotics-toolbox\\yumi_description\\meshes\\body.stl"", ""D:\\CADtest\\papertest\\go_nogo1\\sources\\urdf_files_dataset\\urdf_files\\robotics-toolbox\\yumi_description\\meshes\\gripper\\base.stl"", ""D:\\CADtest\\papertest\\go_nogo1\\sources\\urdf_files_dataset\\urdf_files\\robotics-toolbox\\yumi_description\\meshes\\gripper\\finger.stl"", ""D:\\CADtest\\papertest\\go_nogo1\\sources\\urdf_files_dataset\\urdf_files\\robotics-toolbox\\yumi_description\\meshes\\link_1.stl"", ""D:\\CADtest\\papertest\\go_nogo1\\sources\\urdf_files_dataset\\urdf_files\\robotics-toolbox\\yumi_description\\meshes\\link_2.stl"", ""D:\\CADtest\\papertest\\go_nogo1\\sources\\urdf_files_dataset\\urdf_files\\robotics-toolbox\\yumi_description\\meshes\\link_3.stl"", ""D:\\CADtest\\papertest\\go_nogo1\\sources\\urdf_files_dataset\\urdf_files\\robotics-toolbox\\yumi_description\\meshes\\link_4.stl"", ""D:\\CADtest\\papertest\\go_nogo1\\sources\\urdf_files_dataset\\urdf_files\\robotics-toolbox\\yumi_description\\meshes\\link_5.stl"", ""D:\\CADtest\\papertest\\go_nogo1\\sources\\urdf_files_dataset\\urdf_files\\robotics-toolbox\\yumi_description\\meshes\\link_6.stl"", ""D:\\CADtest\\papertest\\go_nogo1\\sources\\urdf_files_dataset\\urdf_files\\robotics-toolbox\\yumi_description\\meshes\\link_7.stl""]",yumi,robotics-toolbox,https://github.com/petercorke/robotics-toolbox-python/tree/07ad1259338d6dfd41af6e5e50973e315284a912/rtb-data/rtbdata/xacro/yumi_description,dual arm robot,D:\CADtest\papertest\go_nogo1\sources\urdf_files_dataset\urdf_files\robotics-toolbox\yumi_description\urdf\yumi.urdf,original,1.0,False
140,True,"{""fixed"": 2, ""revolute"": 6}",ABB,7,True,6,7,1,8,9,7,7,0,7,7,IRB 2400,1.0,,True,A,ros-industrial\abb\abb_irb2400_support\urdf\irb2400.urdf,"{""indexed_suffix_nearest_package"": 7}","[""D:\\CADtest\\papertest\\go_nogo1\\sources\\urdf_files_dataset\\urdf_files\\ros-industrial\\abb\\abb_irb2400_support\\meshes\\irb2400\\visual\\base_link.dae"", ""D:\\CADtest\\papertest\\go_nogo1\\sources\\urdf_files_dataset\\urdf_files\\ros-industrial\\abb\\abb_irb2400_support\\meshes\\irb2400\\visual\\link_1.dae"", ""D:\\CADtest\\papertest\\go_nogo1\\sources\\urdf_files_dataset\\urdf_files\\ros-industrial\\abb\\abb_irb2400_support\\meshes\\irb2400\\visual\\link_2.dae"", ""D:\\CADtest\\papertest\\go_nogo1\\sources\\urdf_files_dataset\\urdf_files\\ros-industrial\\abb\\abb_irb2400_support\\meshes\\irb2400\\visual\\link_3.dae"", ""D:\\CADtest\\papertest\\go_nogo1\\sources\\urdf_files_dataset\\urdf_files\\ros-industrial\\abb\\abb_irb2400_support\\meshes\\irb2400\\visual\\link_4.dae"", ""D:\\CADtest\\papertest\\go_nogo1\\sources\\urdf_files_dataset\\urdf_files\\ros-industrial\\abb\\abb_irb2400_support\\meshes\\irb2400\\visual\\link_5.dae"", ""D:\\CADtest\\papertest\\go_nogo1\\sources\\urdf_files_dataset\\urdf_files\\ros-industrial\\abb\\abb_irb2400_support\\meshes\\irb2400\\visual\\link_6.dae""]",abb_irb2400,ros-industrial,https://github.com/ros-industrial/abb/tree/4a35d76115a18e5390fd7387109625c6144e41b6/abb_irb2400_support,robotic arm,D:\CADtest\papertest\go_nogo1\sources\urdf_files_dataset\urdf_files\ros-industrial\abb\abb_irb2400_support\urdf\irb2400.urdf,original,1.0,False
141,True,"{""fixed"": 2, ""revolute"": 7}",ABB,8,True,7,8,1,9,10,8,8,0,8,8,IRB 5400,1.0,,True,A,ros-industrial\abb\abb_irb5400_support\urdf\irb5400.urdf,"{""indexed_suffix_nearest_package"": 8}","[""D:\\CADtest\\papertest\\go_nogo1\\sources\\urdf_files_dataset\\urdf_files\\ros-industrial\\abb\\abb_irb5400_support\\meshes\\irb5400\\visual\\base_link.dae"", ""D:\\CADtest\\papertest\\go_nogo1\\sources\\urdf_files_dataset\\urdf_files\\ros-industrial\\abb\\abb_irb5400_support\\meshes\\irb5400\\visual\\link_1.dae"", ""D:\\CADtest\\papertest\\go_nogo1\\sources\\urdf_files_dataset\\urdf_files\\ros-industrial\\abb\\abb_irb5400_support\\meshes\\irb5400\\visual\\link_2.dae"", ""D:\\CADtest\\papertest\\go_nogo1\\sources\\urdf_files_dataset\\urdf_files\\ros-industrial\\abb\\abb_irb5400_support\\meshes\\irb5400\\visual\\link_3.dae"", ""D:\\CADtest\\papertest\\go_nogo1\\sources\\urdf_files_dataset\\urdf_files\\ros-industrial\\abb\\abb_irb5400_support\\meshes\\irb5400\\visual\\link_4.dae"", ""D:\\CADtest\\papertest\\go_nogo1\\sources\\urdf_files_dataset\\urdf_files\\ros-industrial\\abb\\abb_irb5400_support\\meshes\\irb5400\\visual\\link_5.dae"", ""D:\\CADtest\\papertest\\go_nogo1\\sources\\urdf_files_dataset\\urdf_files\\ros-industrial\\abb\\abb_irb5400_support\\meshes\\irb5400\\visual\\link_5b.dae"", ""D:\\CADtest\\papertest\\go_nogo1\\sources\\urdf_files_dataset\\urdf_files\\ros-industrial\\abb\\abb_irb5400_support\\meshes\\irb5400\\visual\\link_6.dae""]",abb_irb5400,ros-industrial,https://github.com/ros-industrial/abb/tree/4a35d76115a18e5390fd7387109625c6144e41b6/abb_irb5400_support,robotic arm,D:\CADtest\papertest\go_nogo1\sources\urdf_files_dataset\urdf_files\ros-industrial\abb\abb_irb5400_support\urdf\irb5400.urdf,original,1.0,False
142,True,"{""fixed"": 4, ""revolute"": 6}",ABB,7,True,6,9,1,10,11,9,9,0,9,9,IRB 6640,1.0,,True,A,ros-industrial\abb\abb_irb6600_support\urdf\irb6640.urdf,"{""indexed_suffix_nearest_package"": 9}","[""D:\\CADtest\\papertest\\go_nogo1\\sources\\urdf_files_dataset\\urdf_files\\ros-industrial\\abb\\abb_irb6600_support\\meshes\\irb6640\\visual\\base_link.stl"", ""D:\\CADtest\\papertest\\go_nogo1\\sources\\urdf_files_dataset\\urdf_files\\ros-industrial\\abb\\abb_irb6600_support\\meshes\\irb6640\\visual\\cylinder.stl"", ""D:\\CADtest\\papertest\\go_nogo1\\sources\\urdf_files_dataset\\urdf_files\\ros-industrial\\abb\\abb_irb6600_support\\meshes\\irb6640\\visual\\link_1.stl"", ""D:\\CADtest\\papertest\\go_nogo1\\sources\\urdf_files_dataset\\urdf_files\\ros-industrial\\abb\\abb_irb6600_support\\meshes\\irb6640\\visual\\link_2.stl"", ""D:\\CADtest\\papertest\\go_nogo1\\sources\\urdf_files_dataset\\urdf_files\\ros-industrial\\abb\\abb_irb6600_support\\meshes\\irb6640\\visual\\link_3.stl"", ""D:\\CADtest\\papertest\\go_nogo1\\sources\\urdf_files_dataset\\urdf_files\\ros-industrial\\abb\\abb_irb6600_support\\meshes\\irb6640\\visual\\link_4.stl"", ""D:\\CADtest\\papertest\\go_nogo1\\sources\\urdf_files_dataset\\urdf_files\\ros-industrial\\abb\\abb_irb6600_support\\meshes\\irb6640\\visual\\link_5.stl"", ""D:\\CADtest\\papertest\\go_nogo1\\sources\\urdf_files_dataset\\urdf_files\\ros-industrial\\abb\\abb_irb6600_support\\meshes\\irb6640\\visual\\link_6.stl"", ""D:\\CADtest\\papertest\\go_nogo1\\sources\\urdf_files_dataset\\urdf_files\\ros-industrial\\abb\\abb_irb6600_support\\meshes\\irb6640\\visual\\piston.stl""]",abb_irb6640,ros-industrial,https://github.com/ros-industrial/abb/tree/4a35d76115a18e5390fd7387109625c6144e41b6/abb_irb6600_support,robotic arm,D:\CADtest\papertest\go_nogo1\sources\urdf_files_dataset\urdf_files\ros-industrial\abb\abb_irb6600_support\urdf\irb6640.urdf,original,1.0,False
143,True,"{""continuous"": 2, ""fixed"": 2, ""revolute"": 6}",ABB,7,True,8,9,1,10,11,9,9,0,9,9,IRB 6640-185/2.8,1.0,,True,A,ros-industrial\abb\abb_irb6640_support\urdf\irb6640_185_280.urdf,"{""indexed_suffix_nearest_package"": 9}","[""D:\\CADtest\\papertest\\go_nogo1\\sources\\urdf_files_dataset\\urdf_files\\ros-industrial\\abb\\abb_irb6640_support\\meshes\\irb6640_185_280\\visual\\base_link.dae"", ""D:\\CADtest\\papertest\\go_nogo1\\sources\\urdf_files_dataset\\urdf_files\\ros-industrial\\abb\\abb_irb6640_support\\meshes\\irb6640_185_280\\visual\\cylinder_link.dae"", ""D:\\CADtest\\papertest\\go_nogo1\\sources\\urdf_files_dataset\\urdf_files\\ros-industrial\\abb\\abb_irb6640_support\\meshes\\irb6640_185_280\\visual\\link_1.dae"", ""D:\\CADtest\\papertest\\go_nogo1\\sources\\urdf_files_dataset\\urdf_files\\ros-industrial\\abb\\abb_irb6640_support\\meshes\\irb6640_185_280\\visual\\link_2.dae"", ""D:\\CADtest\\papertest\\go_nogo1\\sources\\urdf_files_dataset\\urdf_files\\ros-industrial\\abb\\abb_irb6640_support\\meshes\\irb6640_185_280\\visual\\link_3.dae"", ""D:\\CADtest\\papertest\\go_nogo1\\sources\\urdf_files_dataset\\urdf_files\\ros-industrial\\abb\\abb_irb6640_support\\meshes\\irb6640_185_280\\visual\\link_4.dae"", ""D:\\CADtest\\papertest\\go_nogo1\\sources\\urdf_files_dataset\\urdf_files\\ros-industrial\\abb\\abb_irb6640_support\\meshes\\irb6640_185_280\\visual\\link_5.dae"", ""D:\\CADtest\\papertest\\go_nogo1\\sources\\urdf_files_dataset\\urdf_files\\ros-industrial\\abb\\abb_irb6640_support\\meshes\\irb6640_185_280\\visual\\link_6.dae"", ""D:\\CADtest\\papertest\\go_nogo1\\sources\\urdf_files_dataset\\urdf_files\\ros-industrial\\abb\\abb_irb6640_support\\meshes\\irb6640_185_280\\visual\\piston_link.dae""]",abb_irb6640_185_280,ros-industrial,https://github.com/ros-industrial/abb/tree/4a35d76115a18e5390fd7387109625c6144e41b6/abb_irb6640_support,robotic arm,D:\CADtest\papertest\go_nogo1\sources\urdf_files_dataset\urdf_files\ros-industrial\abb\abb_irb6640_support\urdf\irb6640_185_280.urdf,original,1.0,False
144,True,"{""fixed"": 2, ""revolute"": 6}",KUKA,7,True,6,7,1,8,9,7,7,0,7,7,KR 120 R2500 pro,1.0,,True,A,ros-industrial\kuka\kuka_kr120_support\urdf\kr120r2500pro.urdf,"{""indexed_suffix_nearest_package"": 7}","[""D:\\CADtest\\papertest\\go_nogo1\\sources\\urdf_files_dataset\\urdf_files\\ros-industrial\\kuka\\kuka_kr120_support\\meshes\\kr120r2500pro\\visual\\base_link.dae"", ""D:\\CADtest\\papertest\\go_nogo1\\sources\\urdf_files_dataset\\urdf_files\\ros-industrial\\kuka\\kuka_kr120_support\\meshes\\kr120r2500pro\\visual\\link_1.dae"", ""D:\\CADtest\\papertest\\go_nogo1\\sources\\urdf_files_dataset\\urdf_files\\ros-industrial\\kuka\\kuka_kr120_support\\meshes\\kr120r2500pro\\visual\\link_2.dae"", ""D:\\CADtest\\papertest\\go_nogo1\\sources\\urdf_files_dataset\\urdf_files\\ros-industrial\\kuka\\kuka_kr120_support\\meshes\\kr120r2500pro\\visual\\link_3.dae"", ""D:\\CADtest\\papertest\\go_nogo1\\sources\\urdf_files_dataset\\urdf_files\\ros-industrial\\kuka\\kuka_kr120_support\\meshes\\kr120r2500pro\\visual\\link_4.dae"", ""D:\\CADtest\\papertest\\go_nogo1\\sources\\urdf_files_dataset\\urdf_files\\ros-industrial\\kuka\\kuka_kr120_support\\meshes\\kr120r2500pro\\visual\\link_5.dae"", ""D:\\CADtest\\papertest\\go_nogo1\\sources\\urdf_files_dataset\\urdf_files\\ros-industrial\\kuka\\kuka_kr120_support\\meshes\\kr120r2500pro\\visual\\link_6.dae""]",kuka_kr120r2500pro,ros-industrial,https://github.com/ros-industrial/kuka_experimental/tree/e906e76700cec944c3f04728157f487b771cf399/kuka_kr120_support,robotic arm,D:\CADtest\papertest\go_nogo1\sources\urdf_files_dataset\urdf_files\ros-industrial\kuka\kuka_kr120_support\urdf\kr120r2500pro.urdf,original,1.0,False
145,True,"{""fixed"": 2, ""revolute"": 6}",KUKA,7,True,6,7,1,8,9,7,7,0,7,7,KR 16-2,1.0,,True,A,ros-industrial\kuka\kuka_kr16_support\urdf\kr16_2.urdf,"{""indexed_suffix_nearest_package"": 7}","[""D:\\CADtest\\papertest\\go_nogo1\\sources\\urdf_files_dataset\\urdf_files\\ros-industrial\\kuka\\kuka_kr16_support\\meshes\\kr16_2\\visual\\base_link.dae"", ""D:\\CADtest\\papertest\\go_nogo1\\sources\\urdf_files_dataset\\urdf_files\\ros-industrial\\kuka\\kuka_kr16_support\\meshes\\kr16_2\\visual\\link_1.dae"", ""D:\\CADtest\\papertest\\go_nogo1\\sources\\urdf_files_dataset\\urdf_files\\ros-industrial\\kuka\\kuka_kr16_support\\meshes\\kr16_2\\visual\\link_2.dae"", ""D:\\CADtest\\papertest\\go_nogo1\\sources\\urdf_files_dataset\\urdf_files\\ros-industrial\\kuka\\kuka_kr16_support\\meshes\\kr16_2\\visual\\link_3.dae"", ""D:\\CADtest\\papertest\\go_nogo1\\sources\\urdf_files_dataset\\urdf_files\\ros-industrial\\kuka\\kuka_kr16_support\\meshes\\kr16_2\\visual\\link_4.dae"", ""D:\\CADtest\\papertest\\go_nogo1\\sources\\urdf_files_dataset\\urdf_files\\ros-industrial\\kuka\\kuka_kr16_support\\meshes\\kr16_2\\visual\\link_5.dae"", ""D:\\CADtest\\papertest\\go_nogo1\\sources\\urdf_files_dataset\\urdf_files\\ros-industrial\\kuka\\kuka_kr16_support\\meshes\\kr16_2\\visual\\link_6.dae""]",kuka_kr16_2,ros-industrial,https://github.com/ros-industrial/kuka_experimental/tree/e906e76700cec944c3f04728157f487b771cf399/kuka_kr16_support,robotic arm,D:\CADtest\papertest\go_nogo1\sources\urdf_files_dataset\urdf_files\ros-industrial\kuka\kuka_kr16_support\urdf\kr16_2.urdf,original,1.0,False
146,True,"{""fixed"": 2, ""revolute"": 6}",KUKA,7,True,6,7,1,8,9,7,7,0,7,7,KR 210 L150,1.0,,True,A,ros-industrial\kuka\kuka_kr210_support\urdf\kr210l150.urdf,"{""indexed_suffix_nearest_package"": 7}","[""D:\\CADtest\\papertest\\go_nogo1\\sources\\urdf_files_dataset\\urdf_files\\ros-industrial\\kuka\\kuka_kr210_support\\meshes\\visual\\base_link.dae"", ""D:\\CADtest\\papertest\\go_nogo1\\sources\\urdf_files_dataset\\urdf_files\\ros-industrial\\kuka\\kuka_kr210_support\\meshes\\visual\\link_1.dae"", ""D:\\CADtest\\papertest\\go_nogo1\\sources\\urdf_files_dataset\\urdf_files\\ros-industrial\\kuka\\kuka_kr210_support\\meshes\\visual\\link_2.dae"", ""D:\\CADtest\\papertest\\go_nogo1\\sources\\urdf_files_dataset\\urdf_files\\ros-industrial\\kuka\\kuka_kr210_support\\meshes\\visual\\link_3.dae"", ""D:\\CADtest\\papertest\\go_nogo1\\sources\\urdf_files_dataset\\urdf_files\\ros-industrial\\kuka\\kuka_kr210_support\\meshes\\visual\\link_4.dae"", ""D:\\CADtest\\papertest\\go_nogo1\\sources\\urdf_files_dataset\\urdf_files\\ros-industrial\\kuka\\kuka_kr210_support\\meshes\\visual\\link_5.dae"", ""D:\\CADtest\\papertest\\go_nogo1\\sources\\urdf_files_dataset\\urdf_files\\ros-industrial\\kuka\\kuka_kr210_support\\meshes\\visual\\link_6.dae""]",kuka_kr210,ros-industrial,https://github.com/ros-industrial/kuka_experimental/tree/e906e76700cec944c3f04728157f487b771cf399/kuka_kr210_support,robotic arm,D:\CADtest\papertest\go_nogo1\sources\urdf_files_dataset\urdf_files\ros-industrial\kuka\kuka_kr210_support\urdf\kr210l150.urdf,original,1.0,False
147,True,"{""fixed"": 2, ""revolute"": 7}",KUKA,8,True,7,8,1,9,10,8,8,0,8,8,LBR iiwa 14 R820,1.0,,True,A,ros-industrial\kuka\kuka_lbr_iiwa_support\urdf\lbr_iiwa_14_r820.urdf,"{""indexed_suffix_nearest_package"": 8}","[""D:\\CADtest\\papertest\\go_nogo1\\sources\\urdf_files_dataset\\urdf_files\\ros-industrial\\kuka\\kuka_lbr_iiwa_support\\meshes\\lbr_iiwa_14_r820\\visual\\base_link.dae"", ""D:\\CADtest\\papertest\\go_nogo1\\sources\\urdf_files_dataset\\urdf_files\\ros-industrial\\kuka\\kuka_lbr_iiwa_support\\meshes\\lbr_iiwa_14_r820\\visual\\link_1.dae"", ""D:\\CADtest\\papertest\\go_nogo1\\sources\\urdf_files_dataset\\urdf_files\\ros-industrial\\kuka\\kuka_lbr_iiwa_support\\meshes\\lbr_iiwa_14_r820\\visual\\link_2.dae"", ""D:\\CADtest\\papertest\\go_nogo1\\sources\\urdf_files_dataset\\urdf_files\\ros-industrial\\kuka\\kuka_lbr_iiwa_support\\meshes\\lbr_iiwa_14_r820\\visual\\link_3.dae"", ""D:\\CADtest\\papertest\\go_nogo1\\sources\\urdf_files_dataset\\urdf_files\\ros-industrial\\kuka\\kuka_lbr_iiwa_support\\meshes\\lbr_iiwa_14_r820\\visual\\link_4.dae"", ""D:\\CADtest\\papertest\\go_nogo1\\sources\\urdf_files_dataset\\urdf_files\\ros-industrial\\kuka\\kuka_lbr_iiwa_support\\meshes\\lbr_iiwa_14_r820\\visual\\link_5.dae"", ""D:\\CADtest\\papertest\\go_nogo1\\sources\\urdf_files_dataset\\urdf_files\\ros-industrial\\kuka\\kuka_lbr_iiwa_support\\meshes\\lbr_iiwa_14_r820\\visual\\link_6.dae"", ""D:\\CADtest\\papertest\\go_nogo1\\sources\\urdf_files_dataset\\urdf_files\\ros-industrial\\kuka\\kuka_lbr_iiwa_support\\meshes\\lbr_iiwa_14_r820\\visual\\link_7.dae""]",kuka_lbr_iiwa_14_r820,ros-industrial,https://github.com/ros-industrial/kuka_experimental/tree/e906e76700cec944c3f04728157f487b771cf399/kuka_lbr_iiwa_support,robotic arm,D:\CADtest\papertest\go_nogo1\sources\urdf_files_dataset\urdf_files\ros-industrial\kuka\kuka_lbr_iiwa_support\urdf\lbr_iiwa_14_r820.urdf,original,1.0,False
148,True,"{""revolute"": 6}",Yaskawa Motoman,6,True,6,7,1,6,7,7,7,0,7,7,Motoman MH5,1.0,,True,A,ros-industrial\motoman\motoman_mh5_support\urdf\mh5.urdf,"{""indexed_suffix_nearest_package"": 7}","[""D:\\CADtest\\papertest\\go_nogo1\\sources\\urdf_files_dataset\\urdf_files\\ros-industrial\\motoman\\motoman_mh5_support\\meshes\\mh5\\visual\\MH5_BASE_AXIS.stl"", ""D:\\CADtest\\papertest\\go_nogo1\\sources\\urdf_files_dataset\\urdf_files\\ros-industrial\\motoman\\motoman_mh5_support\\meshes\\mh5\\visual\\MH5_B_AXIS.stl"", ""D:\\CADtest\\papertest\\go_nogo1\\sources\\urdf_files_dataset\\urdf_files\\ros-industrial\\motoman\\motoman_mh5_support\\meshes\\mh5\\visual\\MH5_L_AXIS.stl"", ""D:\\CADtest\\papertest\\go_nogo1\\sources\\urdf_files_dataset\\urdf_files\\ros-industrial\\motoman\\motoman_mh5_support\\meshes\\mh5\\visual\\MH5_R_AXIS.stl"", ""D:\\CADtest\\papertest\\go_nogo1\\sources\\urdf_files_dataset\\urdf_files\\ros-industrial\\motoman\\motoman_mh5_support\\meshes\\mh5\\visual\\MH5_S_AXIS.stl"", ""D:\\CADtest\\papertest\\go_nogo1\\sources\\urdf_files_dataset\\urdf_files\\ros-industrial\\motoman\\motoman_mh5_support\\meshes\\mh5\\visual\\MH5_T_AXIS.stl"", ""D:\\CADtest\\papertest\\go_nogo1\\sources\\urdf_files_dataset\\urdf_files\\ros-industrial\\motoman\\motoman_mh5_support\\meshes\\mh5\\visual\\MH5_U_AXIS.stl""]",motoman_mh5,ros-industrial,https://github.com/ros-industrial/motoman/tree/7860ff545106d98ed6a3fa0121f2fb60891f69bd/motoman_mh5_support,robotic arm,D:\CADtest\papertest\go_nogo1\sources\urdf_files_dataset\urdf_files\ros-industrial\motoman\motoman_mh5_support\urdf\mh5.urdf,original,1.0,False
149,True,"{""fixed"": 2, ""revolute"": 7}",Yaskawa Motoman,8,True,7,8,1,9,10,8,8,0,8,8,Motoman SIA10D,1.0,,True,A,ros-industrial\motoman\motoman_sia10d_support\urdf\sia10d.urdf,"{""indexed_suffix_nearest_package"": 8}","[""D:\\CADtest\\papertest\\go_nogo1\\sources\\urdf_files_dataset\\urdf_files\\ros-industrial\\motoman\\motoman_sia10d_support\\meshes\\sia10d\\visual\\MOTOMAN_AXIS_B.stl"", ""D:\\CADtest\\papertest\\go_nogo1\\sources\\urdf_files_dataset\\urdf_files\\ros-industrial\\motoman\\motoman_sia10d_support\\meshes\\sia10d\\visual\\MOTOMAN_AXIS_E.stl"", ""D:\\CADtest\\papertest\\go_nogo1\\sources\\urdf_files_dataset\\urdf_files\\ros-industrial\\motoman\\motoman_sia10d_support\\meshes\\sia10d\\visual\\MOTOMAN_AXIS_L.stl"", ""D:\\CADtest\\papertest\\go_nogo1\\sources\\urdf_files_dataset\\urdf_files\\ros-industrial\\motoman\\motoman_sia10d_support\\meshes\\sia10d\\visual\\MOTOMAN_AXIS_R.stl"", ""D:\\CADtest\\papertest\\go_nogo1\\sources\\urdf_files_dataset\\urdf_files\\ros-industrial\\motoman\\motoman_sia10d_support\\meshes\\sia10d\\visual\\MOTOMAN_AXIS_S.stl"", ""D:\\CADtest\\papertest\\go_nogo1\\sources\\urdf_files_dataset\\urdf_files\\ros-industrial\\motoman\\motoman_sia10d_support\\meshes\\sia10d\\visual\\MOTOMAN_AXIS_T.stl"", ""D:\\CADtest\\papertest\\go_nogo1\\sources\\urdf_files_dataset\\urdf_files\\ros-industrial\\motoman\\motoman_sia10d_support\\meshes\\sia10d\\visual\\MOTOMAN_AXIS_U.stl"", ""D:\\CADtest\\papertest\\go_nogo1\\sources\\urdf_files_dataset\\urdf_files\\ros-industrial\\motoman\\motoman_sia10d_support\\meshes\\sia10d\\visual\\MOTOMAN_BASE.stl""]",motoman_sia10d,ros-industrial,https://github.com/ros-industrial/motoman/tree/7860ff545106d98ed6a3fa0121f2fb60891f69bd/motoman_sia10d_support,robotic arm,D:\CADtest\papertest\go_nogo1\sources\urdf_files_dataset\urdf_files\ros-industrial\motoman\motoman_sia10d_support\urdf\sia10d.urdf,original,1.0,False
150,True,"{""fixed"": 1, ""revolute"": 7}",Yaskawa Motoman,7,True,7,8,1,8,9,8,8,0,8,8,Motoman SIA10F,1.0,,True,A,ros-industrial\motoman\motoman_sia10f_support\urdf\sia10f.urdf,"{""indexed_suffix_nearest_package"": 8}","[""D:\\CADtest\\papertest\\go_nogo1\\sources\\urdf_files_dataset\\urdf_files\\ros-industrial\\motoman\\motoman_sia10f_support\\meshes\\sia10f\\visual\\motoman_axis_b.stl"", ""D:\\CADtest\\papertest\\go_nogo1\\sources\\urdf_files_dataset\\urdf_files\\ros-industrial\\motoman\\motoman_sia10f_support\\meshes\\sia10f\\visual\\motoman_axis_e.stl"", ""D:\\CADtest\\papertest\\go_nogo1\\sources\\urdf_files_dataset\\urdf_files\\ros-industrial\\motoman\\motoman_sia10f_support\\meshes\\sia10f\\visual\\motoman_axis_l.stl"", ""D:\\CADtest\\papertest\\go_nogo1\\sources\\urdf_files_dataset\\urdf_files\\ros-industrial\\motoman\\motoman_sia10f_support\\meshes\\sia10f\\visual\\motoman_axis_r.stl"", ""D:\\CADtest\\papertest\\go_nogo1\\sources\\urdf_files_dataset\\urdf_files\\ros-industrial\\motoman\\motoman_sia10f_support\\meshes\\sia10f\\visual\\motoman_axis_s.stl"", ""D:\\CADtest\\papertest\\go_nogo1\\sources\\urdf_files_dataset\\urdf_files\\ros-industrial\\motoman\\motoman_sia10f_support\\meshes\\sia10f\\visual\\motoman_axis_t.stl"", ""D:\\CADtest\\papertest\\go_nogo1\\sources\\urdf_files_dataset\\urdf_files\\ros-industrial\\motoman\\motoman_sia10f_support\\meshes\\sia10f\\visual\\motoman_axis_u.stl"", ""D:\\CADtest\\papertest\\go_nogo1\\sources\\urdf_files_dataset\\urdf_files\\ros-industrial\\motoman\\motoman_sia10f_support\\meshes\\sia10f\\visual\\motoman_base.stl""]",motoman_sia10f,ros-industrial,https://github.com/ros-industrial/motoman/tree/7860ff545106d98ed6a3fa0121f2fb60891f69bd/motoman_sia10f_support,robotic arm,D:\CADtest\papertest\go_nogo1\sources\urdf_files_dataset\urdf_files\ros-industrial\motoman\motoman_sia10f_support\urdf\sia10f.urdf,original,1.0,False
151,True,"{""fixed"": 2, ""revolute"": 7}",Yaskawa Motoman,8,True,7,8,1,9,10,8,8,0,8,8,Motoman SIA20D,1.0,,True,A,ros-industrial\motoman\motoman_sia20d_support\urdf\sia20d.urdf,"{""indexed_suffix_nearest_package"": 8}","[""D:\\CADtest\\papertest\\go_nogo1\\sources\\urdf_files_dataset\\urdf_files\\ros-industrial\\motoman\\motoman_sia20d_support\\meshes\\sia20d\\visual\\MOTOMAN_AXIS_B.stl"", ""D:\\CADtest\\papertest\\go_nogo1\\sources\\urdf_files_dataset\\urdf_files\\ros-industrial\\motoman\\motoman_sia20d_support\\meshes\\sia20d\\visual\\MOTOMAN_AXIS_E.stl"", ""D:\\CADtest\\papertest\\go_nogo1\\sources\\urdf_files_dataset\\urdf_files\\ros-industrial\\motoman\\motoman_sia20d_support\\meshes\\sia20d\\visual\\MOTOMAN_AXIS_L.stl"", ""D:\\CADtest\\papertest\\go_nogo1\\sources\\urdf_files_dataset\\urdf_files\\ros-industrial\\motoman\\motoman_sia20d_support\\meshes\\sia20d\\visual\\MOTOMAN_AXIS_R.stl"", ""D:\\CADtest\\papertest\\go_nogo1\\sources\\urdf_files_dataset\\urdf_files\\ros-industrial\\motoman\\motoman_sia20d_support\\meshes\\sia20d\\visual\\MOTOMAN_AXIS_S.stl"", ""D:\\CADtest\\papertest\\go_nogo1\\sources\\urdf_files_dataset\\urdf_files\\ros-industrial\\motoman\\motoman_sia20d_support\\meshes\\sia20d\\visual\\MOTOMAN_AXIS_T.stl"", ""D:\\CADtest\\papertest\\go_nogo1\\sources\\urdf_files_dataset\\urdf_files\\ros-industrial\\motoman\\motoman_sia20d_support\\meshes\\sia20d\\visual\\MOTOMAN_AXIS_U.stl"", ""D:\\CADtest\\papertest\\go_nogo1\\sources\\urdf_files_dataset\\urdf_files\\ros-industrial\\motoman\\motoman_sia20d_support\\meshes\\sia20d\\visual\\MOTOMAN_BASE.stl""]",motoman_sia20d,ros-industrial,https://github.com/ros-industrial/motoman/tree/7860ff545106d98ed6a3fa0121f2fb60891f69bd/motoman_sia20d_support,robotic arm,D:\CADtest\papertest\go_nogo1\sources\urdf_files_dataset\urdf_files\ros-industrial\motoman\motoman_sia20d_support\urdf\sia20d.urdf,original,1.0,False
152,True,"{""fixed"": 2, ""revolute"": 7}",Yaskawa Motoman,8,True,7,8,1,9,10,8,8,0,8,8,Motoman SIA5D,1.0,,True,A,ros-industrial\motoman\motoman_sia5d_support\urdf\sia5d.urdf,"{""indexed_suffix_nearest_package"": 8}","[""D:\\CADtest\\papertest\\go_nogo1\\sources\\urdf_files_dataset\\urdf_files\\ros-industrial\\motoman\\motoman_sia5d_support\\meshes\\sia5d\\visual\\base.dae"", ""D:\\CADtest\\papertest\\go_nogo1\\sources\\urdf_files_dataset\\urdf_files\\ros-industrial\\motoman\\motoman_sia5d_support\\meshes\\sia5d\\visual\\link_b.dae"", ""D:\\CADtest\\papertest\\go_nogo1\\sources\\urdf_files_dataset\\urdf_files\\ros-industrial\\motoman\\motoman_sia5d_support\\meshes\\sia5d\\visual\\link_e.dae"", ""D:\\CADtest\\papertest\\go_nogo1\\sources\\urdf_files_dataset\\urdf_files\\ros-industrial\\motoman\\motoman_sia5d_support\\meshes\\sia5d\\visual\\link_l.dae"", ""D:\\CADtest\\papertest\\go_nogo1\\sources\\urdf_files_dataset\\urdf_files\\ros-industrial\\motoman\\motoman_sia5d_support\\meshes\\sia5d\\visual\\link_r.dae"", ""D:\\CADtest\\papertest\\go_nogo1\\sources\\urdf_files_dataset\\urdf_files\\ros-industrial\\motoman\\motoman_sia5d_support\\meshes\\sia5d\\visual\\link_s.dae"", ""D:\\CADtest\\papertest\\go_nogo1\\sources\\urdf_files_dataset\\urdf_files\\ros-industrial\\motoman\\motoman_sia5d_support\\meshes\\sia5d\\visual\\link_t.dae"", ""D:\\CADtest\\papertest\\go_nogo1\\sources\\urdf_files_dataset\\urdf_files\\ros-industrial\\motoman\\motoman_sia5d_support\\meshes\\sia5d\\visual\\link_u.dae""]",motoman_sia5d,ros-industrial,https://github.com/ros-industrial/motoman/tree/7860ff545106d98ed6a3fa0121f2fb60891f69bd/motoman_sia5d_support,robotic arm,D:\CADtest\papertest\go_nogo1\sources\urdf_files_dataset\urdf_files\ros-industrial\motoman\motoman_sia5d_support\urdf\sia5d.urdf,original,1.0,False
153,True,"{""fixed"": 3, ""revolute"": 6}",Robotiq,3,True,6,10,1,9,10,10,10,0,10,10,C2 gripper,1.0,,True,A,ros-industrial\robotiq\robotiq_2f_c2_gripper_visualization\urdf\robotiq_c2_model.urdf,"{""indexed_suffix_nearest_package"": 10}","[""D:\\CADtest\\papertest\\go_nogo1\\sources\\urdf_files_dataset\\urdf_files\\ros-industrial\\robotiq\\robotiq_2f_c2_gripper_visualization\\meshes\\robotiq_c2\\visual\\robotiq_85_gripper_adapter_plate.dae"", ""D:\\CADtest\\papertest\\go_nogo1\\sources\\urdf_files_dataset\\urdf_files\\ros-industrial\\robotiq\\robotiq_2f_c2_gripper_visualization\\meshes\\robotiq_c2\\visual\\robotiq_85_gripper_base.dae"", ""D:\\CADtest\\papertest\\go_nogo1\\sources\\urdf_files_dataset\\urdf_files\\ros-industrial\\robotiq\\robotiq_2f_c2_gripper_visualization\\meshes\\robotiq_c2\\visual\\robotiq_85_gripper_joint_0_L.dae"", ""D:\\CADtest\\papertest\\go_nogo1\\sources\\urdf_files_dataset\\urdf_files\\ros-industrial\\robotiq\\robotiq_2f_c2_gripper_visualization\\meshes\\robotiq_c2\\visual\\robotiq_85_gripper_joint_0_R.dae"", ""D:\\CADtest\\papertest\\go_nogo1\\sources\\urdf_files_dataset\\urdf_files\\ros-industrial\\robotiq\\robotiq_2f_c2_gripper_visualization\\meshes\\robotiq_c2\\visual\\robotiq_85_gripper_joint_1_L.dae"", ""D:\\CADtest\\papertest\\go_nogo1\\sources\\urdf_files_dataset\\urdf_files\\ros-industrial\\robotiq\\robotiq_2f_c2_gripper_visualization\\meshes\\robotiq_c2\\visual\\robotiq_85_gripper_joint_1_R.dae"", ""D:\\CADtest\\papertest\\go_nogo1\\sources\\urdf_files_dataset\\urdf_files\\ros-industrial\\robotiq\\robotiq_2f_c2_gripper_visualization\\meshes\\robotiq_c2\\visual\\robotiq_85_gripper_joint_2_L.dae"", ""D:\\CADtest\\papertest\\go_nogo1\\sources\\urdf_files_dataset\\urdf_files\\ros-industrial\\robotiq\\robotiq_2f_c2_gripper_visualization\\meshes\\robotiq_c2\\visual\\robotiq_85_gripper_joint_2_R.dae"", ""D:\\CADtest\\papertest\\go_nogo1\\sources\\urdf_files_dataset\\urdf_files\\ros-industrial\\robotiq\\robotiq_2f_c2_gripper_visualization\\meshes\\robotiq_c2\\visual\\robotiq_85_gripper_joint_3_L.dae"", ""D:\\CADtest\\papertest\\go_nogo1\\sources\\urdf_files_dataset\\urdf_files\\ros-industrial\\robotiq\\robotiq_2f_c2_gripper_visualization\\meshes\\robotiq_c2\\visual\\robotiq_85_gripper_joint_3_R.dae""]",robotiq_c2_model,ros-industrial,https://github.com/ros-industrial/robotiq/tree/45196f6558fe8ba9d89bc8a105396c68c3e7e892/robotiq_2f_c2_gripper_visualization,end effector,D:\CADtest\papertest\go_nogo1\sources\urdf_files_dataset\urdf_files\ros-industrial\robotiq\robotiq_2f_c2_gripper_visualization\urdf\robotiq_c2_model.urdf,original,1.0,False
321,True,"{""fixed"": 1, ""revolute"": 11}",Robotiq,4,True,11,13,1,12,13,13,13,0,1,13,3F gripper,1.0,,True,C,ros-industrial\robotiq\robotiq_3f_gripper_visualization\cfg\robotiq-3f-gripper_articulated.urdf,"{""indexed_suffix_nearest_package"": 1, ""unresolved"": 12}","[""D:\\CADtest\\papertest\\go_nogo1\\sources\\urdf_files_dataset\\urdf_files\\drake\\atlas\\urdf\\meshes\\s-model_articulated\\visual\\palm.STL""]",robotiq-3f-gripper_articulated,ros-industrial,https://github.com/ros-industrial/robotiq/tree/45196f6558fe8ba9d89bc8a105396c68c3e7e892/robotiq_3f_gripper_visualization,end effector,D:\CADtest\papertest\go_nogo1\sources\urdf_files_dataset\urdf_files\ros-industrial\robotiq\robotiq_3f_gripper_visualization\cfg\robotiq-3f-gripper_articulated.urdf,articulated,0.076923,False
154,True,"{""fixed"": 3}",Robotiq,1,True,0,4,1,3,4,4,4,0,4,4,3F gripper,1.0,,True,A,ros-industrial\robotiq\robotiq_3f_gripper_visualization\cfg\robotiq-3f-gripper_mesh.urdf,"{""indexed_suffix_nearest_package"": 4}","[""D:\\CADtest\\papertest\\go_nogo1\\sources\\urdf_files_dataset\\urdf_files\\ros-industrial\\robotiq\\robotiq_3f_gripper_visualization\\meshes\\robotiq-3f-gripper\\visual\\GRIPPER_OPEN_FINGER_1.stl"", ""D:\\CADtest\\papertest\\go_nogo1\\sources\\urdf_files_dataset\\urdf_files\\ros-industrial\\robotiq\\robotiq_3f_gripper_visualization\\meshes\\robotiq-3f-gripper\\visual\\GRIPPER_OPEN_FINGER_2.stl"", ""D:\\CADtest\\papertest\\go_nogo1\\sources\\urdf_files_dataset\\urdf_files\\ros-industrial\\robotiq\\robotiq_3f_gripper_visualization\\meshes\\robotiq-3f-gripper\\visual\\GRIPPER_OPEN_FINGER_3.stl"", ""D:\\CADtest\\papertest\\go_nogo1\\sources\\urdf_files_dataset\\urdf_files\\ros-industrial\\robotiq\\robotiq_3f_gripper_visualization\\meshes\\robotiq-3f-gripper\\visual\\GRIPPER_OPEN_PALM.stl""]",robotiq-3f-gripper_mesh,ros-industrial,https://github.com/ros-industrial/robotiq/tree/45196f6558fe8ba9d89bc8a105396c68c3e7e892/robotiq_3f_gripper_visualization,end effector,D:\CADtest\papertest\go_nogo1\sources\urdf_files_dataset\urdf_files\ros-industrial\robotiq\robotiq_3f_gripper_visualization\cfg\robotiq-3f-gripper_mesh.urdf,original,1.0,False
155,True,"{""fixed"": 1, ""revolute"": 6}",Staubli,7,True,6,7,1,7,8,7,7,0,6,7,RX 160,1.0,,True,B,ros-industrial\staubli\staubli_rx160_support\urdf\rx160.urdf,"{""indexed_suffix_nearest_package"": 6, ""unresolved"": 1}","[""D:\\CADtest\\papertest\\go_nogo1\\sources\\urdf_files_dataset\\urdf_files\\ros-industrial\\staubli\\staubli_rx160_support\\meshes\\rx160\\visual\\base_link.stl"", ""D:\\CADtest\\papertest\\go_nogo1\\sources\\urdf_files_dataset\\urdf_files\\ros-industrial\\staubli\\staubli_rx160_support\\meshes\\rx160\\visual\\link_1.stl"", ""D:\\CADtest\\papertest\\go_nogo1\\sources\\urdf_files_dataset\\urdf_files\\ros-industrial\\staubli\\staubli_rx160_support\\meshes\\rx160\\visual\\link_2.stl"", ""D:\\CADtest\\papertest\\go_nogo1\\sources\\urdf_files_dataset\\urdf_files\\ros-industrial\\staubli\\staubli_rx160_support\\meshes\\rx160\\visual\\link_3.stl"", ""D:\\CADtest\\papertest\\go_nogo1\\sources\\urdf_files_dataset\\urdf_files\\ros-industrial\\staubli\\staubli_rx160_support\\meshes\\rx160\\visual\\link_5.stl"", ""D:\\CADtest\\papertest\\go_nogo1\\sources\\urdf_files_dataset\\urdf_files\\ros-industrial\\staubli\\staubli_rx160_support\\meshes\\rx160\\visual\\link_6.stl""]",staubli_rx160,ros-industrial,https://github.com/ros-industrial/staubli/tree/367d92ec7432867d9ba87c3399d49a940c4afc67/staubli_rx160_support,robotic arm,D:\CADtest\papertest\go_nogo1\sources\urdf_files_dataset\urdf_files\ros-industrial\staubli\staubli_rx160_support\urdf\rx160.urdf,original,0.857143,False
156,True,"{""fixed"": 1, ""revolute"": 6}",Staubli,7,True,6,7,1,7,8,7,7,0,7,7,RX 160L,1.0,,True,A,ros-industrial\staubli\staubli_rx160_support\urdf\rx160l.urdf,"{""ancestor_suffix"": 1, ""indexed_suffix_nearest_package"": 6}","[""D:\\CADtest\\papertest\\go_nogo1\\sources\\urdf_files_dataset\\urdf_files\\ros-industrial\\staubli\\staubli_rx160_support\\meshes\\rx160\\visual\\base_link.stl"", ""D:\\CADtest\\papertest\\go_nogo1\\sources\\urdf_files_dataset\\urdf_files\\ros-industrial\\staubli\\staubli_rx160_support\\meshes\\rx160\\visual\\link_1.stl"", ""D:\\CADtest\\papertest\\go_nogo1\\sources\\urdf_files_dataset\\urdf_files\\ros-industrial\\staubli\\staubli_rx160_support\\meshes\\rx160\\visual\\link_2.stl"", ""D:\\CADtest\\papertest\\go_nogo1\\sources\\urdf_files_dataset\\urdf_files\\ros-industrial\\staubli\\staubli_rx160_support\\meshes\\rx160\\visual\\link_3.stl"", ""D:\\CADtest\\papertest\\go_nogo1\\sources\\urdf_files_dataset\\urdf_files\\ros-industrial\\staubli\\staubli_rx160_support\\meshes\\rx160\\visual\\link_5.stl"", ""D:\\CADtest\\papertest\\go_nogo1\\sources\\urdf_files_dataset\\urdf_files\\ros-industrial\\staubli\\staubli_rx160_support\\meshes\\rx160\\visual\\link_6.stl"", ""D:\\CADtest\\papertest\\go_nogo1\\sources\\urdf_files_dataset\\urdf_files\\ros-industrial\\staubli\\staubli_rx160_support\\meshes\\rx160l\\visual\\link_4.stl""]",staubli_rx160l,ros-industrial,https://github.com/ros-industrial/staubli/tree/367d92ec7432867d9ba87c3399d49a940c4afc67/staubli_rx160_support,robotic arm,D:\CADtest\papertest\go_nogo1\sources\urdf_files_dataset\urdf_files\ros-industrial\staubli\staubli_rx160_support\urdf\rx160l.urdf,original,1.0,False
157,True,"{""fixed"": 3, ""revolute"": 6}",ABB,8,True,6,7,1,9,10,7,7,0,7,7,CRB 15000,1.0,,True,A,ros-industrial\xacro_generated\abb\abb_crb15000_support\urdf\crb15000_5_95.urdf,"{""ancestor_suffix"": 7}","[""D:\\CADtest\\papertest\\go_nogo1\\sources\\urdf_files_dataset\\urdf_files\\ros-industrial\\xacro_generated\\abb\\abb_crb15000_support\\meshes\\crb15000_5_95\\visual\\base_link.stl"", ""D:\\CADtest\\papertest\\go_nogo1\\sources\\urdf_files_dataset\\urdf_files\\ros-industrial\\xacro_generated\\abb\\abb_crb15000_support\\meshes\\crb15000_5_95\\visual\\link_1.stl"", ""D:\\CADtest\\papertest\\go_nogo1\\sources\\urdf_files_dataset\\urdf_files\\ros-industrial\\xacro_generated\\abb\\abb_crb15000_support\\meshes\\crb15000_5_95\\visual\\link_2.stl"", ""D:\\CADtest\\papertest\\go_nogo1\\sources\\urdf_files_dataset\\urdf_files\\ros-industrial\\xacro_generated\\abb\\abb_crb15000_support\\meshes\\crb15000_5_95\\visual\\link_3.stl"", ""D:\\CADtest\\papertest\\go_nogo1\\sources\\urdf_files_dataset\\urdf_files\\ros-industrial\\xacro_generated\\abb\\abb_crb15000_support\\meshes\\crb15000_5_95\\visual\\link_4.stl"", ""D:\\CADtest\\papertest\\go_nogo1\\sources\\urdf_files_dataset\\urdf_files\\ros-industrial\\xacro_generated\\abb\\abb_crb15000_support\\meshes\\crb15000_5_95\\visual\\link_5.stl"", ""D:\\CADtest\\papertest\\go_nogo1\\sources\\urdf_files_dataset\\urdf_files\\ros-industrial\\xacro_generated\\abb\\abb_crb15000_support\\meshes\\crb15000_5_95\\visual\\link_6.stl""]",abb_crb15000_5_95,ros-industrial,https://github.com/ros-industrial/abb_experimental/tree/97cdd97b5d7882d349d8b2674eb74c110a78cccb/abb_crb15000_support,robotic arm,D:\CADtest\papertest\go_nogo1\sources\urdf_files_dataset\urdf_files\ros-industrial\xacro_generated\abb\abb_crb15000_support\urdf\crb15000_5_95.urdf,original,1.0,True
158,True,"{""fixed"": 3, ""revolute"": 6}",ABB,8,True,6,7,1,9,10,7,7,0,7,7,IRB 1200-5/0.9,1.0,,True,A,ros-industrial\xacro_generated\abb\abb_irb1200_support\urdf\irb1200_5_90.urdf,"{""ancestor_suffix"": 7}","[""D:\\CADtest\\papertest\\go_nogo1\\sources\\urdf_files_dataset\\urdf_files\\ros-industrial\\xacro_generated\\abb\\abb_irb1200_support\\meshes\\irb1200_5_90\\visual\\base_link.dae"", ""D:\\CADtest\\papertest\\go_nogo1\\sources\\urdf_files_dataset\\urdf_files\\ros-industrial\\xacro_generated\\abb\\abb_irb1200_support\\meshes\\irb1200_5_90\\visual\\link_1.dae"", ""D:\\CADtest\\papertest\\go_nogo1\\sources\\urdf_files_dataset\\urdf_files\\ros-industrial\\xacro_generated\\abb\\abb_irb1200_support\\meshes\\irb1200_5_90\\visual\\link_2.dae"", ""D:\\CADtest\\papertest\\go_nogo1\\sources\\urdf_files_dataset\\urdf_files\\ros-industrial\\xacro_generated\\abb\\abb_irb1200_support\\meshes\\irb1200_5_90\\visual\\link_3.dae"", ""D:\\CADtest\\papertest\\go_nogo1\\sources\\urdf_files_dataset\\urdf_files\\ros-industrial\\xacro_generated\\abb\\abb_irb1200_support\\meshes\\irb1200_5_90\\visual\\link_4.dae"", ""D:\\CADtest\\papertest\\go_nogo1\\sources\\urdf_files_dataset\\urdf_files\\ros-industrial\\xacro_generated\\abb\\abb_irb1200_support\\meshes\\irb1200_5_90\\visual\\link_5.dae"", ""D:\\CADtest\\papertest\\go_nogo1\\sources\\urdf_files_dataset\\urdf_files\\ros-industrial\\xacro_generated\\abb\\abb_irb1200_support\\meshes\\irb1200_5_90\\visual\\link_6.dae""]",abb_irb1200_5_90,ros-industrial,https://github.com/ros-industrial/abb_experimental/tree/97cdd97b5d7882d349d8b2674eb74c110a78cccb/abb_irb1200_support,robotic arm,D:\CADtest\papertest\go_nogo1\sources\urdf_files_dataset\urdf_files\ros-industrial\xacro_generated\abb\abb_irb1200_support\urdf\irb1200_5_90.urdf,original,1.0,True
159,True,"{""fixed"": 3, ""revolute"": 6}",ABB,8,True,6,7,1,9,10,7,7,0,7,7,IRB 1200-7/0.7,1.0,,True,A,ros-industrial\xacro_generated\abb\abb_irb1200_support\urdf\irb1200_7_70.urdf,"{""ancestor_suffix"": 7}","[""D:\\CADtest\\papertest\\go_nogo1\\sources\\urdf_files_dataset\\urdf_files\\ros-industrial\\xacro_generated\\abb\\abb_irb1200_support\\meshes\\irb1200_5_90\\visual\\base_link.dae"", ""D:\\CADtest\\papertest\\go_nogo1\\sources\\urdf_files_dataset\\urdf_files\\ros-industrial\\xacro_generated\\abb\\abb_irb1200_support\\meshes\\irb1200_5_90\\visual\\link_1.dae"", ""D:\\CADtest\\papertest\\go_nogo1\\sources\\urdf_files_dataset\\urdf_files\\ros-industrial\\xacro_generated\\abb\\abb_irb1200_support\\meshes\\irb1200_5_90\\visual\\link_4.dae"", ""D:\\CADtest\\papertest\\go_nogo1\\sources\\urdf_files_dataset\\urdf_files\\ros-industrial\\xacro_generated\\abb\\abb_irb1200_support\\meshes\\irb1200_5_90\\visual\\link_5.dae"", ""D:\\CADtest\\papertest\\go_nogo1\\sources\\urdf_files_dataset\\urdf_files\\ros-industrial\\xacro_generated\\abb\\abb_irb1200_support\\meshes\\irb1200_5_90\\visual\\link_6.dae"", ""D:\\CADtest\\papertest\\go_nogo1\\sources\\urdf_files_dataset\\urdf_files\\ros-industrial\\xacro_generated\\abb\\abb_irb1200_support\\meshes\\irb1200_7_70\\visual\\link_2.dae"", ""D:\\CADtest\\papertest\\go_nogo1\\sources\\urdf_files_dataset\\urdf_files\\ros-industrial\\xacro_generated\\abb\\abb_irb1200_support\\meshes\\irb1200_7_70\\visual\\link_3.dae""]",abb_irb1200_7_70,ros-industrial,https://github.com/ros-industrial/abb_experimental/tree/97cdd97b5d7882d349d8b2674eb74c110a78cccb/abb_irb1200_support,robotic arm,D:\CADtest\papertest\go_nogo1\sources\urdf_files_dataset\urdf_files\ros-industrial\xacro_generated\abb\abb_irb1200_support\urdf\irb1200_7_70.urdf,original,1.0,True
160,True,"{""fixed"": 3, ""revolute"": 6}",ABB,8,True,6,7,1,9,10,7,7,0,7,7,IRB 120-3/0.6,1.0,,True,A,ros-industrial\xacro_generated\abb\abb_irb120_support\urdf\irb120_3_58.urdf,"{""ancestor_suffix"": 7}","[""D:\\CADtest\\papertest\\go_nogo1\\sources\\urdf_files_dataset\\urdf_files\\ros-industrial\\xacro_generated\\abb\\abb_irb120_support\\meshes\\irb120_3_58\\visual\\base_link.stl"", ""D:\\CADtest\\papertest\\go_nogo1\\sources\\urdf_files_dataset\\urdf_files\\ros-industrial\\xacro_generated\\abb\\abb_irb120_support\\meshes\\irb120_3_58\\visual\\link_1.stl"", ""D:\\CADtest\\papertest\\go_nogo1\\sources\\urdf_files_dataset\\urdf_files\\ros-industrial\\xacro_generated\\abb\\abb_irb120_support\\meshes\\irb120_3_58\\visual\\link_2.stl"", ""D:\\CADtest\\papertest\\go_nogo1\\sources\\urdf_files_dataset\\urdf_files\\ros-industrial\\xacro_generated\\abb\\abb_irb120_support\\meshes\\irb120_3_58\\visual\\link_3.stl"", ""D:\\CADtest\\papertest\\go_nogo1\\sources\\urdf_files_dataset\\urdf_files\\ros-industrial\\xacro_generated\\abb\\abb_irb120_support\\meshes\\irb120_3_58\\visual\\link_4.stl"", ""D:\\CADtest\\papertest\\go_nogo1\\sources\\urdf_files_dataset\\urdf_files\\ros-industrial\\xacro_generated\\abb\\abb_irb120_support\\meshes\\irb120_3_58\\visual\\link_5.stl"", ""D:\\CADtest\\papertest\\go_nogo1\\sources\\urdf_files_dataset\\urdf_files\\ros-industrial\\xacro_generated\\abb\\abb_irb120_support\\meshes\\irb120_3_58\\visual\\link_6.stl""]",abb_irb120_3_58,ros-industrial,https://github.com/ros-industrial/abb_experimental/tree/97cdd97b5d7882d349d8b2674eb74c110a78cccb/abb_irb120_support,robotic arm,D:\CADtest\papertest\go_nogo1\sources\urdf_files_dataset\urdf_files\ros-industrial\xacro_generated\abb\abb_irb120_support\urdf\irb120_3_58.urdf,original,1.0,True
161,True,"{""fixed"": 3, ""revolute"": 6}",ABB,8,True,6,7,1,9,10,7,7,0,7,7,IRB 120T-3/0.6,1.0,,True,A,ros-industrial\xacro_generated\abb\abb_irb120_support\urdf\irb120t_3_58.urdf,"{""ancestor_suffix"": 7}","[""D:\\CADtest\\papertest\\go_nogo1\\sources\\urdf_files_dataset\\urdf_files\\ros-industrial\\xacro_generated\\abb\\abb_irb120_support\\meshes\\irb120_3_58\\visual\\base_link.stl"", ""D:\\CADtest\\papertest\\go_nogo1\\sources\\urdf_files_dataset\\urdf_files\\ros-industrial\\xacro_generated\\abb\\abb_irb120_support\\meshes\\irb120_3_58\\visual\\link_1.stl"", ""D:\\CADtest\\papertest\\go_nogo1\\sources\\urdf_files_dataset\\urdf_files\\ros-industrial\\xacro_generated\\abb\\abb_irb120_support\\meshes\\irb120_3_58\\visual\\link_2.stl"", ""D:\\CADtest\\papertest\\go_nogo1\\sources\\urdf_files_dataset\\urdf_files\\ros-industrial\\xacro_generated\\abb\\abb_irb120_support\\meshes\\irb120_3_58\\visual\\link_3.stl"", ""D:\\CADtest\\papertest\\go_nogo1\\sources\\urdf_files_dataset\\urdf_files\\ros-industrial\\xacro_generated\\abb\\abb_irb120_support\\meshes\\irb120_3_58\\visual\\link_4.stl"", ""D:\\CADtest\\papertest\\go_nogo1\\sources\\urdf_files_dataset\\urdf_files\\ros-industrial\\xacro_generated\\abb\\abb_irb120_support\\meshes\\irb120_3_58\\visual\\link_5.stl"", ""D:\\CADtest\\papertest\\go_nogo1\\sources\\urdf_files_dataset\\urdf_files\\ros-industrial\\xacro_generated\\abb\\abb_irb120_support\\meshes\\irb120_3_58\\visual\\link_6.stl""]",abb_irb120t_3_58,ros-industrial,https://github.com/ros-industrial/abb_experimental/tree/97cdd97b5d7882d349d8b2674eb74c110a78cccb/abb_irb120_support,robotic arm,D:\CADtest\papertest\go_nogo1\sources\urdf_files_dataset\urdf_files\ros-industrial\xacro_generated\abb\abb_irb120_support\urdf\irb120t_3_58.urdf,original,1.0,True
162,True,"{""fixed"": 3, ""revolute"": 6}",ABB,8,True,6,7,1,9,10,7,7,0,7,7,IRB 1600-6/1.2,1.0,,True,A,ros-industrial\xacro_generated\abb\abb_irb1600_support\urdf\irb1600_6_12.urdf,"{""ancestor_suffix"": 7}","[""D:\\CADtest\\papertest\\go_nogo1\\sources\\urdf_files_dataset\\urdf_files\\ros-industrial\\xacro_generated\\abb\\abb_irb1600_support\\meshes\\irb1600\\visual\\base_link.stl"", ""D:\\CADtest\\papertest\\go_nogo1\\sources\\urdf_files_dataset\\urdf_files\\ros-industrial\\xacro_generated\\abb\\abb_irb1600_support\\meshes\\irb1600\\visual\\link_1.stl"", ""D:\\CADtest\\papertest\\go_nogo1\\sources\\urdf_files_dataset\\urdf_files\\ros-industrial\\xacro_generated\\abb\\abb_irb1600_support\\meshes\\irb1600\\visual\\link_3.stl"", ""D:\\CADtest\\papertest\\go_nogo1\\sources\\urdf_files_dataset\\urdf_files\\ros-industrial\\xacro_generated\\abb\\abb_irb1600_support\\meshes\\irb1600\\visual\\link_4.stl"", ""D:\\CADtest\\papertest\\go_nogo1\\sources\\urdf_files_dataset\\urdf_files\\ros-industrial\\xacro_generated\\abb\\abb_irb1600_support\\meshes\\irb1600\\visual\\link_5.stl"", ""D:\\CADtest\\papertest\\go_nogo1\\sources\\urdf_files_dataset\\urdf_files\\ros-industrial\\xacro_generated\\abb\\abb_irb1600_support\\meshes\\irb1600\\visual\\link_6.stl"", ""D:\\CADtest\\papertest\\go_nogo1\\sources\\urdf_files_dataset\\urdf_files\\ros-industrial\\xacro_generated\\abb\\abb_irb1600_support\\meshes\\irb1600_6_12\\visual\\link_2.stl""]",abb_irb1600_6_12,ros-industrial,https://github.com/ros-industrial/abb_experimental/tree/97cdd97b5d7882d349d8b2674eb74c110a78cccb/abb_irb1600_support,robotic arm,D:\CADtest\papertest\go_nogo1\sources\urdf_files_dataset\urdf_files\ros-industrial\xacro_generated\abb\abb_irb1600_support\urdf\irb1600_6_12.urdf,original,1.0,True
163,True,"{""fixed"": 3, ""revolute"": 6}",ABB,8,True,6,7,1,9,10,7,7,0,7,7,IRB 1600-8/1.45,1.0,,True,A,ros-industrial\xacro_generated\abb\abb_irb1600_support\urdf\irb1600_8_145.urdf,"{""ancestor_suffix"": 7}","[""D:\\CADtest\\papertest\\go_nogo1\\sources\\urdf_files_dataset\\urdf_files\\ros-industrial\\xacro_generated\\abb\\abb_irb1600_support\\meshes\\irb1600\\visual\\base_link.stl"", ""D:\\CADtest\\papertest\\go_nogo1\\sources\\urdf_files_dataset\\urdf_files\\ros-industrial\\xacro_generated\\abb\\abb_irb1600_support\\meshes\\irb1600\\visual\\link_1.stl"", ""D:\\CADtest\\papertest\\go_nogo1\\sources\\urdf_files_dataset\\urdf_files\\ros-industrial\\xacro_generated\\abb\\abb_irb1600_support\\meshes\\irb1600\\visual\\link_3.stl"", ""D:\\CADtest\\papertest\\go_nogo1\\sources\\urdf_files_dataset\\urdf_files\\ros-industrial\\xacro_generated\\abb\\abb_irb1600_support\\meshes\\irb1600\\visual\\link_4.stl"", ""D:\\CADtest\\papertest\\go_nogo1\\sources\\urdf_files_dataset\\urdf_files\\ros-industrial\\xacro_generated\\abb\\abb_irb1600_support\\meshes\\irb1600\\visual\\link_5.stl"", ""D:\\CADtest\\papertest\\go_nogo1\\sources\\urdf_files_dataset\\urdf_files\\ros-industrial\\xacro_generated\\abb\\abb_irb1600_support\\meshes\\irb1600\\visual\\link_6.stl"", ""D:\\CADtest\\papertest\\go_nogo1\\sources\\urdf_files_dataset\\urdf_files\\ros-industrial\\xacro_generated\\abb\\abb_irb1600_support\\meshes\\irb1600_8_145\\visual\\link_2.stl""]",abb_irb1600_8_145,ros-industrial,https://github.com/ros-industrial/abb_experimental/tree/97cdd97b5d7882d349d8b2674eb74c110a78cccb/abb_irb1600_support,robotic arm,D:\CADtest\papertest\go_nogo1\sources\urdf_files_dataset\urdf_files\ros-industrial\xacro_generated\abb\abb_irb1600_support\urdf\irb1600_8_145.urdf,original,1.0,True
164,True,"{""fixed"": 3, ""revolute"": 6}",ABB,8,True,6,7,1,9,10,7,7,0,7,7,IRB 2600,1.0,,True,A,ros-industrial\xacro_generated\abb\abb_irb2600_support\urdf\irb2600_12_165.urdf,"{""ancestor_suffix"": 7}","[""D:\\CADtest\\papertest\\go_nogo1\\sources\\urdf_files_dataset\\urdf_files\\ros-industrial\\xacro_generated\\abb\\abb_irb2600_support\\meshes\\irb2600_12_165\\visual\\base_link.stl"", ""D:\\CADtest\\papertest\\go_nogo1\\sources\\urdf_files_dataset\\urdf_files\\ros-industrial\\xacro_generated\\abb\\abb_irb2600_support\\meshes\\irb2600_12_165\\visual\\link_1.stl"", ""D:\\CADtest\\papertest\\go_nogo1\\sources\\urdf_files_dataset\\urdf_files\\ros-industrial\\xacro_generated\\abb\\abb_irb2600_support\\meshes\\irb2600_12_165\\visual\\link_2.stl"", ""D:\\CADtest\\papertest\\go_nogo1\\sources\\urdf_files_dataset\\urdf_files\\ros-industrial\\xacro_generated\\abb\\abb_irb2600_support\\meshes\\irb2600_12_165\\visual\\link_3.stl"", ""D:\\CADtest\\papertest\\go_nogo1\\sources\\urdf_files_dataset\\urdf_files\\ros-industrial\\xacro_generated\\abb\\abb_irb2600_support\\meshes\\irb2600_12_165\\visual\\link_4.stl"", ""D:\\CADtest\\papertest\\go_nogo1\\sources\\urdf_files_dataset\\urdf_files\\ros-industrial\\xacro_generated\\abb\\abb_irb2600_support\\meshes\\irb2600_12_165\\visual\\link_5.stl"", ""D:\\CADtest\\papertest\\go_nogo1\\sources\\urdf_files_dataset\\urdf_files\\ros-industrial\\xacro_generated\\abb\\abb_irb2600_support\\meshes\\irb2600_12_165\\visual\\link_6.stl""]",abb_irb2600_12_165,ros-industrial,https://github.com/ros-industrial/abb_experimental/tree/97cdd97b5d7882d349d8b2674eb74c110a78cccb/abb_irb2600_support,robotic arm,D:\CADtest\papertest\go_nogo1\sources\urdf_files_dataset\urdf_files\ros-industrial\xacro_generated\abb\abb_irb2600_support\urdf\irb2600_12_165.urdf,original,1.0,True
165,True,"{""fixed"": 2, ""revolute"": 6}",ABB,7,True,6,7,1,8,9,7,7,0,7,7,IRB 4400L/30,1.0,,True,A,ros-industrial\xacro_generated\abb\abb_irb4400_support\urdf\irb4400l_30_243.urdf,"{""ancestor_suffix"": 7}","[""D:\\CADtest\\papertest\\go_nogo1\\sources\\urdf_files_dataset\\urdf_files\\ros-industrial\\xacro_generated\\abb\\abb_irb4400_support\\meshes\\irb4400l_30_243\\visual\\base_link.stl"", ""D:\\CADtest\\papertest\\go_nogo1\\sources\\urdf_files_dataset\\urdf_files\\ros-industrial\\xacro_generated\\abb\\abb_irb4400_support\\meshes\\irb4400l_30_243\\visual\\link_1.stl"", ""D:\\CADtest\\papertest\\go_nogo1\\sources\\urdf_files_dataset\\urdf_files\\ros-industrial\\xacro_generated\\abb\\abb_irb4400_support\\meshes\\irb4400l_30_243\\visual\\link_2.stl"", ""D:\\CADtest\\papertest\\go_nogo1\\sources\\urdf_files_dataset\\urdf_files\\ros-industrial\\xacro_generated\\abb\\abb_irb4400_support\\meshes\\irb4400l_30_243\\visual\\link_3.stl"", ""D:\\CADtest\\papertest\\go_nogo1\\sources\\urdf_files_dataset\\urdf_files\\ros-industrial\\xacro_generated\\abb\\abb_irb4400_support\\meshes\\irb4400l_30_243\\visual\\link_4.stl"", ""D:\\CADtest\\papertest\\go_nogo1\\sources\\urdf_files_dataset\\urdf_files\\ros-industrial\\xacro_generated\\abb\\abb_irb4400_support\\meshes\\irb4400l_30_243\\visual\\link_5.stl"", ""D:\\CADtest\\papertest\\go_nogo1\\sources\\urdf_files_dataset\\urdf_files\\ros-industrial\\xacro_generated\\abb\\abb_irb4400_support\\meshes\\irb4400l_30_243\\visual\\link_6.stl""]",abb_irb4400l_30_243,ros-industrial,https://github.com/ros-industrial/abb/tree/4a35d76115a18e5390fd7387109625c6144e41b6/abb_irb4400_support,robotic arm,D:\CADtest\papertest\go_nogo1\sources\urdf_files_dataset\urdf_files\ros-industrial\xacro_generated\abb\abb_irb4400_support\urdf\irb4400l_30_243.urdf,original,1.0,True
166,True,"{""fixed"": 3, ""revolute"": 6}",ABB,8,True,6,7,1,9,10,7,7,0,7,7,IRB 4600-20/2.50,1.0,,True,A,ros-industrial\xacro_generated\abb\abb_irb4600_support\urdf\irb4600_20_250.urdf,"{""ancestor_suffix"": 7}","[""D:\\CADtest\\papertest\\go_nogo1\\sources\\urdf_files_dataset\\urdf_files\\ros-industrial\\xacro_generated\\abb\\abb_irb4600_support\\meshes\\irb4600\\visual\\base_link.dae"", ""D:\\CADtest\\papertest\\go_nogo1\\sources\\urdf_files_dataset\\urdf_files\\ros-industrial\\xacro_generated\\abb\\abb_irb4600_support\\meshes\\irb4600\\visual\\link_1.dae"", ""D:\\CADtest\\papertest\\go_nogo1\\sources\\urdf_files_dataset\\urdf_files\\ros-industrial\\xacro_generated\\abb\\abb_irb4600_support\\meshes\\irb4600_20_250\\visual\\link_2.dae"", ""D:\\CADtest\\papertest\\go_nogo1\\sources\\urdf_files_dataset\\urdf_files\\ros-industrial\\xacro_generated\\abb\\abb_irb4600_support\\meshes\\irb4600_20_250\\visual\\link_3.dae"", ""D:\\CADtest\\papertest\\go_nogo1\\sources\\urdf_files_dataset\\urdf_files\\ros-industrial\\xacro_generated\\abb\\abb_irb4600_support\\meshes\\irb4600_20_250\\visual\\link_4.dae"", ""D:\\CADtest\\papertest\\go_nogo1\\sources\\urdf_files_dataset\\urdf_files\\ros-industrial\\xacro_generated\\abb\\abb_irb4600_support\\meshes\\irb4600_20_250\\visual\\link_5.dae"", ""D:\\CADtest\\papertest\\go_nogo1\\sources\\urdf_files_dataset\\urdf_files\\ros-industrial\\xacro_generated\\abb\\abb_irb4600_support\\meshes\\irb4600_20_250\\visual\\link_6.dae""]",abb_irb4600_20_250,ros-industrial,https://github.com/ros-industrial/abb_experimental/tree/97cdd97b5d7882d349d8b2674eb74c110a78cccb/abb_irb4600_support,robotic arm,D:\CADtest\papertest\go_nogo1\sources\urdf_files_dataset\urdf_files\ros-industrial\xacro_generated\abb\abb_irb4600_support\urdf\irb4600_20_250.urdf,original,1.0,True
167,True,"{""fixed"": 3, ""revolute"": 6}",ABB,8,True,6,7,1,9,10,7,7,0,7,7,IRB 4600-40/2.55,1.0,,True,A,ros-industrial\xacro_generated\abb\abb_irb4600_support\urdf\irb4600_40_255.urdf,"{""ancestor_suffix"": 7}","[""D:\\CADtest\\papertest\\go_nogo1\\sources\\urdf_files_dataset\\urdf_files\\ros-industrial\\xacro_generated\\abb\\abb_irb4600_support\\meshes\\irb4600\\visual\\base_link.dae"", ""D:\\CADtest\\papertest\\go_nogo1\\sources\\urdf_files_dataset\\urdf_files\\ros-industrial\\xacro_generated\\abb\\abb_irb4600_support\\meshes\\irb4600\\visual\\link_1.dae"", ""D:\\CADtest\\papertest\\go_nogo1\\sources\\urdf_files_dataset\\urdf_files\\ros-industrial\\xacro_generated\\abb\\abb_irb4600_support\\meshes\\irb4600_40_255\\visual\\link_2.dae"", ""D:\\CADtest\\papertest\\go_nogo1\\sources\\urdf_files_dataset\\urdf_files\\ros-industrial\\xacro_generated\\abb\\abb_irb4600_support\\meshes\\irb4600_40_255\\visual\\link_3.dae"", ""D:\\CADtest\\papertest\\go_nogo1\\sources\\urdf_files_dataset\\urdf_files\\ros-industrial\\xacro_generated\\abb\\abb_irb4600_support\\meshes\\irb4600_40_255\\visual\\link_4.dae"", ""D:\\CADtest\\papertest\\go_nogo1\\sources\\urdf_files_dataset\\urdf_files\\ros-industrial\\xacro_generated\\abb\\abb_irb4600_support\\meshes\\irb4600_40_255\\visual\\link_5.dae"", ""D:\\CADtest\\papertest\\go_nogo1\\sources\\urdf_files_dataset\\urdf_files\\ros-industrial\\xacro_generated\\abb\\abb_irb4600_support\\meshes\\irb4600_40_255\\visual\\link_6.dae""]",abb_irb4600_40_255,ros-industrial,https://github.com/ros-industrial/abb_experimental/tree/97cdd97b5d7882d349d8b2674eb74c110a78cccb/abb_irb4600_support,robotic arm,D:\CADtest\papertest\go_nogo1\sources\urdf_files_dataset\urdf_files\ros-industrial\xacro_generated\abb\abb_irb4600_support\urdf\irb4600_40_255.urdf,original,1.0,True
168,True,"{""fixed"": 3, ""revolute"": 6}",ABB,8,True,6,7,1,9,10,7,7,0,7,7,IRB 4600-60/2.05,1.0,,True,A,ros-industrial\xacro_generated\abb\abb_irb4600_support\urdf\irb4600_60_205.urdf,"{""ancestor_suffix"": 7}","[""D:\\CADtest\\papertest\\go_nogo1\\sources\\urdf_files_dataset\\urdf_files\\ros-industrial\\xacro_generated\\abb\\abb_irb4600_support\\meshes\\irb4600\\visual\\base_link.dae"", ""D:\\CADtest\\papertest\\go_nogo1\\sources\\urdf_files_dataset\\urdf_files\\ros-industrial\\xacro_generated\\abb\\abb_irb4600_support\\meshes\\irb4600\\visual\\link_1.dae"", ""D:\\CADtest\\papertest\\go_nogo1\\sources\\urdf_files_dataset\\urdf_files\\ros-industrial\\xacro_generated\\abb\\abb_irb4600_support\\meshes\\irb4600_60_205\\visual\\link_2.dae"", ""D:\\CADtest\\papertest\\go_nogo1\\sources\\urdf_files_dataset\\urdf_files\\ros-industrial\\xacro_generated\\abb\\abb_irb4600_support\\meshes\\irb4600_60_205\\visual\\link_3.dae"", ""D:\\CADtest\\papertest\\go_nogo1\\sources\\urdf_files_dataset\\urdf_files\\ros-industrial\\xacro_generated\\abb\\abb_irb4600_support\\meshes\\irb4600_60_205\\visual\\link_4.dae"", ""D:\\CADtest\\papertest\\go_nogo1\\sources\\urdf_files_dataset\\urdf_files\\ros-industrial\\xacro_generated\\abb\\abb_irb4600_support\\meshes\\irb4600_60_205\\visual\\link_5.dae"", ""D:\\CADtest\\papertest\\go_nogo1\\sources\\urdf_files_dataset\\urdf_files\\ros-industrial\\xacro_generated\\abb\\abb_irb4600_support\\meshes\\irb4600_60_205\\visual\\link_6.dae""]",abb_irb4600_60_205,ros-industrial,https://github.com/ros-industrial/abb_experimental/tree/97cdd97b5d7882d349d8b2674eb74c110a78cccb/abb_irb4600_support,robotic arm,D:\CADtest\papertest\go_nogo1\sources\urdf_files_dataset\urdf_files\ros-industrial\xacro_generated\abb\abb_irb4600_support\urdf\irb4600_60_205.urdf,original,1.0,True
169,True,"{""fixed"": 3, ""revolute"": 6}",ABB,8,True,6,7,1,9,10,7,7,0,7,7,IRB 52-7/1.2,1.0,,True,A,ros-industrial\xacro_generated\abb\abb_irb52_support\urdf\irb52_7_120.urdf,"{""ancestor_suffix"": 7}","[""D:\\CADtest\\papertest\\go_nogo1\\sources\\urdf_files_dataset\\urdf_files\\ros-industrial\\xacro_generated\\abb\\abb_irb52_support\\meshes\\irb52\\visual\\base_link.stl"", ""D:\\CADtest\\papertest\\go_nogo1\\sources\\urdf_files_dataset\\urdf_files\\ros-industrial\\xacro_generated\\abb\\abb_irb52_support\\meshes\\irb52\\visual\\link_1.stl"", ""D:\\CADtest\\papertest\\go_nogo1\\sources\\urdf_files_dataset\\urdf_files\\ros-industrial\\xacro_generated\\abb\\abb_irb52_support\\meshes\\irb52\\visual\\link_3.stl"", ""D:\\CADtest\\papertest\\go_nogo1\\sources\\urdf_files_dataset\\urdf_files\\ros-industrial\\xacro_generated\\abb\\abb_irb52_support\\meshes\\irb52\\visual\\link_4.stl"", ""D:\\CADtest\\papertest\\go_nogo1\\sources\\urdf_files_dataset\\urdf_files\\ros-industrial\\xacro_generated\\abb\\abb_irb52_support\\meshes\\irb52\\visual\\link_5.stl"", ""D:\\CADtest\\papertest\\go_nogo1\\sources\\urdf_files_dataset\\urdf_files\\ros-industrial\\xacro_generated\\abb\\abb_irb52_support\\meshes\\irb52\\visual\\link_6.stl"", ""D:\\CADtest\\papertest\\go_nogo1\\sources\\urdf_files_dataset\\urdf_files\\ros-industrial\\xacro_generated\\abb\\abb_irb52_support\\meshes\\irb52_7_120\\visual\\link_2.stl""]",abb_irb52_7_120,ros-industrial,https://github.com/ros-industrial/abb_experimental/tree/97cdd97b5d7882d349d8b2674eb74c110a78cccb/abb_irb52_support,robotic arm,D:\CADtest\papertest\go_nogo1\sources\urdf_files_dataset\urdf_files\ros-industrial\xacro_generated\abb\abb_irb52_support\urdf\irb52_7_120.urdf,original,1.0,True
170,True,"{""fixed"": 3, ""revolute"": 6}",ABB,8,True,6,7,1,9,10,7,7,0,7,7,IRB 52-7/1.45,1.0,,True,A,ros-industrial\xacro_generated\abb\abb_irb52_support\urdf\irb52_7_145.urdf,"{""ancestor_suffix"": 7}","[""D:\\CADtest\\papertest\\go_nogo1\\sources\\urdf_files_dataset\\urdf_files\\ros-industrial\\xacro_generated\\abb\\abb_irb52_support\\meshes\\irb52\\visual\\base_link.stl"", ""D:\\CADtest\\papertest\\go_nogo1\\sources\\urdf_files_dataset\\urdf_files\\ros-industrial\\xacro_generated\\abb\\abb_irb52_support\\meshes\\irb52\\visual\\link_1.stl"", ""D:\\CADtest\\papertest\\go_nogo1\\sources\\urdf_files_dataset\\urdf_files\\ros-industrial\\xacro_generated\\abb\\abb_irb52_support\\meshes\\irb52\\visual\\link_3.stl"", ""D:\\CADtest\\papertest\\go_nogo1\\sources\\urdf_files_dataset\\urdf_files\\ros-industrial\\xacro_generated\\abb\\abb_irb52_support\\meshes\\irb52\\visual\\link_4.stl"", ""D:\\CADtest\\papertest\\go_nogo1\\sources\\urdf_files_dataset\\urdf_files\\ros-industrial\\xacro_generated\\abb\\abb_irb52_support\\meshes\\irb52\\visual\\link_5.stl"", ""D:\\CADtest\\papertest\\go_nogo1\\sources\\urdf_files_dataset\\urdf_files\\ros-industrial\\xacro_generated\\abb\\abb_irb52_support\\meshes\\irb52\\visual\\link_6.stl"", ""D:\\CADtest\\papertest\\go_nogo1\\sources\\urdf_files_dataset\\urdf_files\\ros-industrial\\xacro_generated\\abb\\abb_irb52_support\\meshes\\irb52_7_145\\visual\\link_2.stl""]",abb_irb52_7_145,ros-industrial,https://github.com/ros-industrial/abb_experimental/tree/97cdd97b5d7882d349d8b2674eb74c110a78cccb/abb_irb52_support,robotic arm,D:\CADtest\papertest\go_nogo1\sources\urdf_files_dataset\urdf_files\ros-industrial\xacro_generated\abb\abb_irb52_support\urdf\irb52_7_145.urdf,original,1.0,True
171,True,"{""continuous"": 2, ""fixed"": 2, ""revolute"": 6}",ABB,7,True,8,9,1,10,11,9,9,0,9,9,IRB 6600-255/2.55,1.0,,True,A,ros-industrial\xacro_generated\abb\abb_irb6600_support\urdf\irb6600_225_255.urdf,"{""ancestor_suffix"": 9}","[""D:\\CADtest\\papertest\\go_nogo1\\sources\\urdf_files_dataset\\urdf_files\\ros-industrial\\xacro_generated\\abb\\abb_irb6600_support\\meshes\\irb6600_225_255\\visual\\base_link.dae"", ""D:\\CADtest\\papertest\\go_nogo1\\sources\\urdf_files_dataset\\urdf_files\\ros-industrial\\xacro_generated\\abb\\abb_irb6600_support\\meshes\\irb6600_225_255\\visual\\link_1.dae"", ""D:\\CADtest\\papertest\\go_nogo1\\sources\\urdf_files_dataset\\urdf_files\\ros-industrial\\xacro_generated\\abb\\abb_irb6600_support\\meshes\\irb6600_225_255\\visual\\link_2.dae"", ""D:\\CADtest\\papertest\\go_nogo1\\sources\\urdf_files_dataset\\urdf_files\\ros-industrial\\xacro_generated\\abb\\abb_irb6600_support\\meshes\\irb6600_225_255\\visual\\link_3.dae"", ""D:\\CADtest\\papertest\\go_nogo1\\sources\\urdf_files_dataset\\urdf_files\\ros-industrial\\xacro_generated\\abb\\abb_irb6600_support\\meshes\\irb6600_225_255\\visual\\link_4.dae"", ""D:\\CADtest\\papertest\\go_nogo1\\sources\\urdf_files_dataset\\urdf_files\\ros-industrial\\xacro_generated\\abb\\abb_irb6600_support\\meshes\\irb6600_225_255\\visual\\link_5.dae"", ""D:\\CADtest\\papertest\\go_nogo1\\sources\\urdf_files_dataset\\urdf_files\\ros-industrial\\xacro_generated\\abb\\abb_irb6600_support\\meshes\\irb6600_225_255\\visual\\link_6.dae"", ""D:\\CADtest\\papertest\\go_nogo1\\sources\\urdf_files_dataset\\urdf_files\\ros-industrial\\xacro_generated\\abb\\abb_irb6600_support\\meshes\\irb6600_225_255\\visual\\link_cylinder.dae"", ""D:\\CADtest\\papertest\\go_nogo1\\sources\\urdf_files_dataset\\urdf_files\\ros-industrial\\xacro_generated\\abb\\abb_irb6600_support\\meshes\\irb6600_225_255\\visual\\link_piston.dae""]",abb_irb6600_225_255,ros-industrial,https://github.com/ros-industrial/abb/tree/4a35d76115a18e5390fd7387109625c6144e41b6/abb_irb6600_support/urdf,robotic arm,D:\CADtest\papertest\go_nogo1\sources\urdf_files_dataset\urdf_files\ros-industrial\xacro_generated\abb\abb_irb6600_support\urdf\irb6600_225_255.urdf,original,1.0,True
173,True,"{""fixed"": 3, ""revolute"": 6}",ABB,8,True,6,7,1,9,10,7,7,0,7,7,IRB 6650S-125/3.50,1.0,,True,A,ros-industrial\xacro_generated\abb\abb_irb6650s_support\urdf\irb6650s_125_350.urdf,"{""ancestor_suffix"": 7}","[""D:\\CADtest\\papertest\\go_nogo1\\sources\\urdf_files_dataset\\urdf_files\\ros-industrial\\xacro_generated\\abb\\abb_irb6650s_support\\meshes\\irb6650s\\visual\\base_link.stl"", ""D:\\CADtest\\papertest\\go_nogo1\\sources\\urdf_files_dataset\\urdf_files\\ros-industrial\\xacro_generated\\abb\\abb_irb6650s_support\\meshes\\irb6650s\\visual\\link_1.stl"", ""D:\\CADtest\\papertest\\go_nogo1\\sources\\urdf_files_dataset\\urdf_files\\ros-industrial\\xacro_generated\\abb\\abb_irb6650s_support\\meshes\\irb6650s\\visual\\link_2.stl"", ""D:\\CADtest\\papertest\\go_nogo1\\sources\\urdf_files_dataset\\urdf_files\\ros-industrial\\xacro_generated\\abb\\abb_irb6650s_support\\meshes\\irb6650s\\visual\\link_3.stl"", ""D:\\CADtest\\papertest\\go_nogo1\\sources\\urdf_files_dataset\\urdf_files\\ros-industrial\\xacro_generated\\abb\\abb_irb6650s_support\\meshes\\irb6650s\\visual\\link_5.stl"", ""D:\\CADtest\\papertest\\go_nogo1\\sources\\urdf_files_dataset\\urdf_files\\ros-industrial\\xacro_generated\\abb\\abb_irb6650s_support\\meshes\\irb6650s\\visual\\link_6.stl"", ""D:\\CADtest\\papertest\\go_nogo1\\sources\\urdf_files_dataset\\urdf_files\\ros-industrial\\xacro_generated\\abb\\abb_irb6650s_support\\meshes\\irb6650s_125_350\\visual\\link_4.stl""]",abb_irb6650s_125_350,ros-industrial,https://github.com/ros-industrial/abb_experimental/tree/97cdd97b5d7882d349d8b2674eb74c110a78cccb/abb_irb6650s_support,robotic arm,D:\CADtest\papertest\go_nogo1\sources\urdf_files_dataset\urdf_files\ros-industrial\xacro_generated\abb\abb_irb6650s_support\urdf\irb6650s_125_350.urdf,original,1.0,True
172,True,"{""fixed"": 3, ""revolute"": 6}",ABB,8,True,6,7,1,9,10,7,7,0,7,7,IRB 6650S-90/3.90,1.0,,True,A,ros-industrial\xacro_generated\abb\abb_irb6650s_support\urdf\irb6650s_90_390.urdf,"{""ancestor_suffix"": 7}","[""D:\\CADtest\\papertest\\go_nogo1\\sources\\urdf_files_dataset\\urdf_files\\ros-industrial\\xacro_generated\\abb\\abb_irb6650s_support\\meshes\\irb6650s\\visual\\base_link.stl"", ""D:\\CADtest\\papertest\\go_nogo1\\sources\\urdf_files_dataset\\urdf_files\\ros-industrial\\xacro_generated\\abb\\abb_irb6650s_support\\meshes\\irb6650s\\visual\\link_1.stl"", ""D:\\CADtest\\papertest\\go_nogo1\\sources\\urdf_files_dataset\\urdf_files\\ros-industrial\\xacro_generated\\abb\\abb_irb6650s_support\\meshes\\irb6650s\\visual\\link_2.stl"", ""D:\\CADtest\\papertest\\go_nogo1\\sources\\urdf_files_dataset\\urdf_files\\ros-industrial\\xacro_generated\\abb\\abb_irb6650s_support\\meshes\\irb6650s\\visual\\link_3.stl"", ""D:\\CADtest\\papertest\\go_nogo1\\sources\\urdf_files_dataset\\urdf_files\\ros-industrial\\xacro_generated\\abb\\abb_irb6650s_support\\meshes\\irb6650s\\visual\\link_5.stl"", ""D:\\CADtest\\papertest\\go_nogo1\\sources\\urdf_files_dataset\\urdf_files\\ros-industrial\\xacro_generated\\abb\\abb_irb6650s_support\\meshes\\irb6650s\\visual\\link_6.stl"", ""D:\\CADtest\\papertest\\go_nogo1\\sources\\urdf_files_dataset\\urdf_files\\ros-industrial\\xacro_generated\\abb\\abb_irb6650s_support\\meshes\\irb6650s_90_390\\visual\\link_4.stl""]",abb_irb6650s_90_390,ros-industrial,https://github.com/ros-industrial/abb_experimental/tree/97cdd97b5d7882d349d8b2674eb74c110a78cccb/abb_irb6650s_support,robotic arm,D:\CADtest\papertest\go_nogo1\sources\urdf_files_dataset\urdf_files\ros-industrial\xacro_generated\abb\abb_irb6650s_support\urdf\irb6650s_90_390.urdf,original,1.0,True
174,True,"{""fixed"": 3, ""prismatic"": 1, ""revolute"": 7}",ABB,8,True,8,9,1,11,12,9,9,0,9,9,IRB 6700-200/2.60,1.0,,True,A,ros-industrial\xacro_generated\abb\abb_irb6700_support\urdf\irb6700_200_260.urdf,"{""ancestor_suffix"": 9}","[""D:\\CADtest\\papertest\\go_nogo1\\sources\\urdf_files_dataset\\urdf_files\\ros-industrial\\xacro_generated\\abb\\abb_irb6700_support\\meshes\\irb6700\\visual\\base_link.stl"", ""D:\\CADtest\\papertest\\go_nogo1\\sources\\urdf_files_dataset\\urdf_files\\ros-industrial\\xacro_generated\\abb\\abb_irb6700_support\\meshes\\irb6700\\visual\\cylinder.stl"", ""D:\\CADtest\\papertest\\go_nogo1\\sources\\urdf_files_dataset\\urdf_files\\ros-industrial\\xacro_generated\\abb\\abb_irb6700_support\\meshes\\irb6700\\visual\\link_1.stl"", ""D:\\CADtest\\papertest\\go_nogo1\\sources\\urdf_files_dataset\\urdf_files\\ros-industrial\\xacro_generated\\abb\\abb_irb6700_support\\meshes\\irb6700\\visual\\link_5.stl"", ""D:\\CADtest\\papertest\\go_nogo1\\sources\\urdf_files_dataset\\urdf_files\\ros-industrial\\xacro_generated\\abb\\abb_irb6700_support\\meshes\\irb6700\\visual\\link_6.stl"", ""D:\\CADtest\\papertest\\go_nogo1\\sources\\urdf_files_dataset\\urdf_files\\ros-industrial\\xacro_generated\\abb\\abb_irb6700_support\\meshes\\irb6700\\visual\\piston.stl"", ""D:\\CADtest\\papertest\\go_nogo1\\sources\\urdf_files_dataset\\urdf_files\\ros-industrial\\xacro_generated\\abb\\abb_irb6700_support\\meshes\\irb6700_200_260\\visual\\link_2.stl"", ""D:\\CADtest\\papertest\\go_nogo1\\sources\\urdf_files_dataset\\urdf_files\\ros-industrial\\xacro_generated\\abb\\abb_irb6700_support\\meshes\\irb6700_200_260\\visual\\link_3.stl"", ""D:\\CADtest\\papertest\\go_nogo1\\sources\\urdf_files_dataset\\urdf_files\\ros-industrial\\xacro_generated\\abb\\abb_irb6700_support\\meshes\\irb6700_200_260\\visual\\link_4.stl""]",abb_irb6700_200_260,ros-industrial,https://github.com/ros-industrial/abb_experimental/tree/97cdd97b5d7882d349d8b2674eb74c110a78cccb/abb_irb6700_support,robotic arm,D:\CADtest\papertest\go_nogo1\sources\urdf_files_dataset\urdf_files\ros-industrial\xacro_generated\abb\abb_irb6700_support\urdf\irb6700_200_260.urdf,original,1.0,True
175,True,"{""fixed"": 3, ""prismatic"": 1, ""revolute"": 7}",ABB,8,True,8,9,1,11,12,9,9,0,9,9,IRB 6700-235/2.65,1.0,,True,A,ros-industrial\xacro_generated\abb\abb_irb6700_support\urdf\irb6700_235_265.urdf,"{""ancestor_suffix"": 9}","[""D:\\CADtest\\papertest\\go_nogo1\\sources\\urdf_files_dataset\\urdf_files\\ros-industrial\\xacro_generated\\abb\\abb_irb6700_support\\meshes\\irb6700\\visual\\base_link.stl"", ""D:\\CADtest\\papertest\\go_nogo1\\sources\\urdf_files_dataset\\urdf_files\\ros-industrial\\xacro_generated\\abb\\abb_irb6700_support\\meshes\\irb6700\\visual\\cylinder.stl"", ""D:\\CADtest\\papertest\\go_nogo1\\sources\\urdf_files_dataset\\urdf_files\\ros-industrial\\xacro_generated\\abb\\abb_irb6700_support\\meshes\\irb6700\\visual\\link_1.stl"", ""D:\\CADtest\\papertest\\go_nogo1\\sources\\urdf_files_dataset\\urdf_files\\ros-industrial\\xacro_generated\\abb\\abb_irb6700_support\\meshes\\irb6700\\visual\\link_5.stl"", ""D:\\CADtest\\papertest\\go_nogo1\\sources\\urdf_files_dataset\\urdf_files\\ros-industrial\\xacro_generated\\abb\\abb_irb6700_support\\meshes\\irb6700\\visual\\link_6.stl"", ""D:\\CADtest\\papertest\\go_nogo1\\sources\\urdf_files_dataset\\urdf_files\\ros-industrial\\xacro_generated\\abb\\abb_irb6700_support\\meshes\\irb6700\\visual\\piston.stl"", ""D:\\CADtest\\papertest\\go_nogo1\\sources\\urdf_files_dataset\\urdf_files\\ros-industrial\\xacro_generated\\abb\\abb_irb6700_support\\meshes\\irb6700_235_265\\visual\\link_2.stl"", ""D:\\CADtest\\papertest\\go_nogo1\\sources\\urdf_files_dataset\\urdf_files\\ros-industrial\\xacro_generated\\abb\\abb_irb6700_support\\meshes\\irb6700_235_265\\visual\\link_3.stl"", ""D:\\CADtest\\papertest\\go_nogo1\\sources\\urdf_files_dataset\\urdf_files\\ros-industrial\\xacro_generated\\abb\\abb_irb6700_support\\meshes\\irb6700_235_265\\visual\\link_4.stl""]",abb_irb6700_235_265,ros-industrial,https://github.com/ros-industrial/abb_experimental/tree/97cdd97b5d7882d349d8b2674eb74c110a78cccb/abb_irb6700_support,robotic arm,D:\CADtest\papertest\go_nogo1\sources\urdf_files_dataset\urdf_files\ros-industrial\xacro_generated\abb\abb_irb6700_support\urdf\irb6700_235_265.urdf,original,1.0,True
176,True,"{""fixed"": 4, ""revolute"": 6}",ABB,8,True,6,8,1,10,11,8,8,0,9,9,IRB 7600-150/3.50,1.0,,True,A,ros-industrial\xacro_generated\abb\abb_irb7600_support\urdf\irb7600_150_350.urdf,"{""ancestor_suffix"": 9}","[""D:\\CADtest\\papertest\\go_nogo1\\sources\\urdf_files_dataset\\urdf_files\\ros-industrial\\xacro_generated\\abb\\abb_irb7600_support\\meshes\\irb7600\\visual\\balancer_piston.stl"", ""D:\\CADtest\\papertest\\go_nogo1\\sources\\urdf_files_dataset\\urdf_files\\ros-industrial\\xacro_generated\\abb\\abb_irb7600_support\\meshes\\irb7600\\visual\\base_link.stl"", ""D:\\CADtest\\papertest\\go_nogo1\\sources\\urdf_files_dataset\\urdf_files\\ros-industrial\\xacro_generated\\abb\\abb_irb7600_support\\meshes\\irb7600\\visual\\link_1.stl"", ""D:\\CADtest\\papertest\\go_nogo1\\sources\\urdf_files_dataset\\urdf_files\\ros-industrial\\xacro_generated\\abb\\abb_irb7600_support\\meshes\\irb7600\\visual\\link_2.stl"", ""D:\\CADtest\\papertest\\go_nogo1\\sources\\urdf_files_dataset\\urdf_files\\ros-industrial\\xacro_generated\\abb\\abb_irb7600_support\\meshes\\irb7600\\visual\\link_3.stl"", ""D:\\CADtest\\papertest\\go_nogo1\\sources\\urdf_files_dataset\\urdf_files\\ros-industrial\\xacro_generated\\abb\\abb_irb7600_support\\meshes\\irb7600\\visual\\link_5.stl"", ""D:\\CADtest\\papertest\\go_nogo1\\sources\\urdf_files_dataset\\urdf_files\\ros-industrial\\xacro_generated\\abb\\abb_irb7600_support\\meshes\\irb7600\\visual\\link_6.stl"", ""D:\\CADtest\\papertest\\go_nogo1\\sources\\urdf_files_dataset\\urdf_files\\ros-industrial\\xacro_generated\\abb\\abb_irb7600_support\\meshes\\irb7600_150_350\\visual\\abb_logos.stl"", ""D:\\CADtest\\papertest\\go_nogo1\\sources\\urdf_files_dataset\\urdf_files\\ros-industrial\\xacro_generated\\abb\\abb_irb7600_support\\meshes\\irb7600_150_350\\visual\\link_4.stl""]",abb_irb7600_150_350,ros-industrial,https://github.com/ros-industrial/abb_experimental/tree/97cdd97b5d7882d349d8b2674eb74c110a78cccb/abb_irb7600_support,robotic arm,D:\CADtest\papertest\go_nogo1\sources\urdf_files_dataset\urdf_files\ros-industrial\xacro_generated\abb\abb_irb7600_support\urdf\irb7600_150_350.urdf,original,1.0,True
177,True,"{""fixed"": 3, ""revolute"": 6}",Fanuc,8,True,6,7,1,9,10,7,7,0,7,7,CR-35iA,1.0,,True,A,ros-industrial\xacro_generated\fanuc\fanuc_cr35ia_support\urdf\cr35ia.urdf,"{""ancestor_suffix"": 7}","[""D:\\CADtest\\papertest\\go_nogo1\\sources\\urdf_files_dataset\\urdf_files\\ros-industrial\\xacro_generated\\fanuc\\fanuc_cr35ia_support\\meshes\\cr35ia\\visual\\base_link.stl"", ""D:\\CADtest\\papertest\\go_nogo1\\sources\\urdf_files_dataset\\urdf_files\\ros-industrial\\xacro_generated\\fanuc\\fanuc_cr35ia_support\\meshes\\cr35ia\\visual\\link_1.stl"", ""D:\\CADtest\\papertest\\go_nogo1\\sources\\urdf_files_dataset\\urdf_files\\ros-industrial\\xacro_generated\\fanuc\\fanuc_cr35ia_support\\meshes\\cr35ia\\visual\\link_2.stl"", ""D:\\CADtest\\papertest\\go_nogo1\\sources\\urdf_files_dataset\\urdf_files\\ros-industrial\\xacro_generated\\fanuc\\fanuc_cr35ia_support\\meshes\\cr35ia\\visual\\link_3.stl"", ""D:\\CADtest\\papertest\\go_nogo1\\sources\\urdf_files_dataset\\urdf_files\\ros-industrial\\xacro_generated\\fanuc\\fanuc_cr35ia_support\\meshes\\cr35ia\\visual\\link_4.stl"", ""D:\\CADtest\\papertest\\go_nogo1\\sources\\urdf_files_dataset\\urdf_files\\ros-industrial\\xacro_generated\\fanuc\\fanuc_cr35ia_support\\meshes\\cr35ia\\visual\\link_5.stl"", ""D:\\CADtest\\papertest\\go_nogo1\\sources\\urdf_files_dataset\\urdf_files\\ros-industrial\\xacro_generated\\fanuc\\fanuc_cr35ia_support\\meshes\\cr35ia\\visual\\link_6.stl""]",fanuc_cr35ia,ros-industrial,https://github.com/ros-industrial/fanuc/tree/74d7d441311590d3950b03da9a1a86409332c2e8/fanuc_cr35ia_support,robotic arm,D:\CADtest\papertest\go_nogo1\sources\urdf_files_dataset\urdf_files\ros-industrial\xacro_generated\fanuc\fanuc_cr35ia_support\urdf\cr35ia.urdf,original,1.0,True
178,True,"{""fixed"": 3, ""revolute"": 6}",Fanuc,8,True,6,7,1,9,10,7,7,0,7,7,CR-7iA,1.0,,True,A,ros-industrial\xacro_generated\fanuc\fanuc_cr7ia_support\urdf\cr7ia.urdf,"{""ancestor_suffix"": 7}","[""D:\\CADtest\\papertest\\go_nogo1\\sources\\urdf_files_dataset\\urdf_files\\ros-industrial\\xacro_generated\\fanuc\\fanuc_cr7ia_support\\meshes\\cr7ia\\visual\\base_link.stl"", ""D:\\CADtest\\papertest\\go_nogo1\\sources\\urdf_files_dataset\\urdf_files\\ros-industrial\\xacro_generated\\fanuc\\fanuc_cr7ia_support\\meshes\\cr7ia\\visual\\link_1.stl"", ""D:\\CADtest\\papertest\\go_nogo1\\sources\\urdf_files_dataset\\urdf_files\\ros-industrial\\xacro_generated\\fanuc\\fanuc_cr7ia_support\\meshes\\cr7ia\\visual\\link_2.stl"", ""D:\\CADtest\\papertest\\go_nogo1\\sources\\urdf_files_dataset\\urdf_files\\ros-industrial\\xacro_generated\\fanuc\\fanuc_cr7ia_support\\meshes\\cr7ia\\visual\\link_3.stl"", ""D:\\CADtest\\papertest\\go_nogo1\\sources\\urdf_files_dataset\\urdf_files\\ros-industrial\\xacro_generated\\fanuc\\fanuc_cr7ia_support\\meshes\\cr7ia\\visual\\link_4.stl"", ""D:\\CADtest\\papertest\\go_nogo1\\sources\\urdf_files_dataset\\urdf_files\\ros-industrial\\xacro_generated\\fanuc\\fanuc_cr7ia_support\\meshes\\cr7ia\\visual\\link_5.stl"", ""D:\\CADtest\\papertest\\go_nogo1\\sources\\urdf_files_dataset\\urdf_files\\ros-industrial\\xacro_generated\\fanuc\\fanuc_cr7ia_support\\meshes\\cr7ia\\visual\\link_6.stl""]",fanuc_cr7ia,ros-industrial,https://github.com/ros-industrial/fanuc/tree/74d7d441311590d3950b03da9a1a86409332c2e8/fanuc_cr7ia_support,robotic arm,D:\CADtest\papertest\go_nogo1\sources\urdf_files_dataset\urdf_files\ros-industrial\xacro_generated\fanuc\fanuc_cr7ia_support\urdf\cr7ia.urdf,original,1.0,True
179,True,"{""fixed"": 3, ""revolute"": 6}",Fanuc,8,True,6,7,1,9,10,7,7,0,7,7,CR-7iA/L,1.0,,True,A,ros-industrial\xacro_generated\fanuc\fanuc_cr7ia_support\urdf\cr7ial.urdf,"{""ancestor_suffix"": 7}","[""D:\\CADtest\\papertest\\go_nogo1\\sources\\urdf_files_dataset\\urdf_files\\ros-industrial\\xacro_generated\\fanuc\\fanuc_cr7ia_support\\meshes\\cr7ia\\visual\\base_link.stl"", ""D:\\CADtest\\papertest\\go_nogo1\\sources\\urdf_files_dataset\\urdf_files\\ros-industrial\\xacro_generated\\fanuc\\fanuc_cr7ia_support\\meshes\\cr7ia\\visual\\link_1.stl"", ""D:\\CADtest\\papertest\\go_nogo1\\sources\\urdf_files_dataset\\urdf_files\\ros-industrial\\xacro_generated\\fanuc\\fanuc_cr7ia_support\\meshes\\cr7ia\\visual\\link_3.stl"", ""D:\\CADtest\\papertest\\go_nogo1\\sources\\urdf_files_dataset\\urdf_files\\ros-industrial\\xacro_generated\\fanuc\\fanuc_cr7ia_support\\meshes\\cr7ia\\visual\\link_5.stl"", ""D:\\CADtest\\papertest\\go_nogo1\\sources\\urdf_files_dataset\\urdf_files\\ros-industrial\\xacro_generated\\fanuc\\fanuc_cr7ia_support\\meshes\\cr7ia\\visual\\link_6.stl"", ""D:\\CADtest\\papertest\\go_nogo1\\sources\\urdf_files_dataset\\urdf_files\\ros-industrial\\xacro_generated\\fanuc\\fanuc_cr7ia_support\\meshes\\cr7ial\\visual\\link_2.stl"", ""D:\\CADtest\\papertest\\go_nogo1\\sources\\urdf_files_dataset\\urdf_files\\ros-industrial\\xacro_generated\\fanuc\\fanuc_cr7ia_support\\meshes\\cr7ial\\visual\\link_4.stl""]",fanuc_cr7ial,ros-industrial,https://github.com/ros-industrial/fanuc/tree/74d7d441311590d3950b03da9a1a86409332c2e8/fanuc_cr7ia_support,robotic arm,D:\CADtest\papertest\go_nogo1\sources\urdf_files_dataset\urdf_files\ros-industrial\xacro_generated\fanuc\fanuc_cr7ia_support\urdf\cr7ial.urdf,original,1.0,True
180,True,"{""fixed"": 3, ""revolute"": 6}",Fanuc,8,True,6,7,1,9,10,7,7,0,7,7,CRX-10iA/L,1.0,,True,A,ros-industrial\xacro_generated\fanuc\fanuc_crx10ia_support\urdf\crx10ial.urdf,"{""ancestor_suffix"": 7}","[""D:\\CADtest\\papertest\\go_nogo1\\sources\\urdf_files_dataset\\urdf_files\\ros-industrial\\xacro_generated\\fanuc\\fanuc_crx10ia_support\\meshes\\crx10ial\\visual\\base_link.stl"", ""D:\\CADtest\\papertest\\go_nogo1\\sources\\urdf_files_dataset\\urdf_files\\ros-industrial\\xacro_generated\\fanuc\\fanuc_crx10ia_support\\meshes\\crx10ial\\visual\\link_1.stl"", ""D:\\CADtest\\papertest\\go_nogo1\\sources\\urdf_files_dataset\\urdf_files\\ros-industrial\\xacro_generated\\fanuc\\fanuc_crx10ia_support\\meshes\\crx10ial\\visual\\link_2.stl"", ""D:\\CADtest\\papertest\\go_nogo1\\sources\\urdf_files_dataset\\urdf_files\\ros-industrial\\xacro_generated\\fanuc\\fanuc_crx10ia_support\\meshes\\crx10ial\\visual\\link_3.stl"", ""D:\\CADtest\\papertest\\go_nogo1\\sources\\urdf_files_dataset\\urdf_files\\ros-industrial\\xacro_generated\\fanuc\\fanuc_crx10ia_support\\meshes\\crx10ial\\visual\\link_4.stl"", ""D:\\CADtest\\papertest\\go_nogo1\\sources\\urdf_files_dataset\\urdf_files\\ros-industrial\\xacro_generated\\fanuc\\fanuc_crx10ia_support\\meshes\\crx10ial\\visual\\link_5.stl"", ""D:\\CADtest\\papertest\\go_nogo1\\sources\\urdf_files_dataset\\urdf_files\\ros-industrial\\xacro_generated\\fanuc\\fanuc_crx10ia_support\\meshes\\crx10ial\\visual\\link_6.stl""]",fanuc_crx10ial,ros-industrial,https://github.com/ros-industrial/fanuc_experimental/tree/faf8a758f7b25ae7b31ee836933102bd066dc528/fanuc_crx10ia_support,robotic arm,D:\CADtest\papertest\go_nogo1\sources\urdf_files_dataset\urdf_files\ros-industrial\xacro_generated\fanuc\fanuc_crx10ia_support\urdf\crx10ial.urdf,original,1.0,True
195,True,"{""fixed"": 3, ""revolute"": 6}",Fanuc,8,True,6,7,1,9,10,7,7,0,7,7,LR Mate 200i,1.0,,True,A,ros-industrial\xacro_generated\fanuc\fanuc_lrmate200i_support\urdf\lrmate200i.urdf,"{""ancestor_suffix"": 7}","[""D:\\CADtest\\papertest\\go_nogo1\\sources\\urdf_files_dataset\\urdf_files\\ros-industrial\\xacro_generated\\fanuc\\fanuc_lrmate200i_support\\meshes\\lrmate200i\\visual\\base_link.stl"", ""D:\\CADtest\\papertest\\go_nogo1\\sources\\urdf_files_dataset\\urdf_files\\ros-industrial\\xacro_generated\\fanuc\\fanuc_lrmate200i_support\\meshes\\lrmate200i\\visual\\link_1.stl"", ""D:\\CADtest\\papertest\\go_nogo1\\sources\\urdf_files_dataset\\urdf_files\\ros-industrial\\xacro_generated\\fanuc\\fanuc_lrmate200i_support\\meshes\\lrmate200i\\visual\\link_2.stl"", ""D:\\CADtest\\papertest\\go_nogo1\\sources\\urdf_files_dataset\\urdf_files\\ros-industrial\\xacro_generated\\fanuc\\fanuc_lrmate200i_support\\meshes\\lrmate200i\\visual\\link_3.stl"", ""D:\\CADtest\\papertest\\go_nogo1\\sources\\urdf_files_dataset\\urdf_files\\ros-industrial\\xacro_generated\\fanuc\\fanuc_lrmate200i_support\\meshes\\lrmate200i\\visual\\link_4.stl"", ""D:\\CADtest\\papertest\\go_nogo1\\sources\\urdf_files_dataset\\urdf_files\\ros-industrial\\xacro_generated\\fanuc\\fanuc_lrmate200i_support\\meshes\\lrmate200i\\visual\\link_5.stl"", ""D:\\CADtest\\papertest\\go_nogo1\\sources\\urdf_files_dataset\\urdf_files\\ros-industrial\\xacro_generated\\fanuc\\fanuc_lrmate200i_support\\meshes\\lrmate200i\\visual\\link_6.stl""]",fanuc_lrmate200i,ros-industrial,https://github.com/ros-industrial/fanuc/tree/74d7d441311590d3950b03da9a1a86409332c2e8/fanuc_lrmate200i_support,robotic arm,D:\CADtest\papertest\go_nogo1\sources\urdf_files_dataset\urdf_files\ros-industrial\xacro_generated\fanuc\fanuc_lrmate200i_support\urdf\lrmate200i.urdf,original,1.0,True
181,True,"{""fixed"": 3, ""revolute"": 6}",Fanuc,8,True,6,7,1,9,10,7,7,0,7,7,LR Mate 200iB,1.0,,True,A,ros-industrial\xacro_generated\fanuc\fanuc_lrmate200ib_support\urdf\lrmate200ib.urdf,"{""ancestor_suffix"": 7}","[""D:\\CADtest\\papertest\\go_nogo1\\sources\\urdf_files_dataset\\urdf_files\\ros-industrial\\xacro_generated\\fanuc\\fanuc_lrmate200ib_support\\meshes\\lrmate200ib\\visual\\base_link.stl"", ""D:\\CADtest\\papertest\\go_nogo1\\sources\\urdf_files_dataset\\urdf_files\\ros-industrial\\xacro_generated\\fanuc\\fanuc_lrmate200ib_support\\meshes\\lrmate200ib\\visual\\link_1.stl"", ""D:\\CADtest\\papertest\\go_nogo1\\sources\\urdf_files_dataset\\urdf_files\\ros-industrial\\xacro_generated\\fanuc\\fanuc_lrmate200ib_support\\meshes\\lrmate200ib\\visual\\link_2.stl"", ""D:\\CADtest\\papertest\\go_nogo1\\sources\\urdf_files_dataset\\urdf_files\\ros-industrial\\xacro_generated\\fanuc\\fanuc_lrmate200ib_support\\meshes\\lrmate200ib\\visual\\link_3.stl"", ""D:\\CADtest\\papertest\\go_nogo1\\sources\\urdf_files_dataset\\urdf_files\\ros-industrial\\xacro_generated\\fanuc\\fanuc_lrmate200ib_support\\meshes\\lrmate200ib\\visual\\link_4.stl"", ""D:\\CADtest\\papertest\\go_nogo1\\sources\\urdf_files_dataset\\urdf_files\\ros-industrial\\xacro_generated\\fanuc\\fanuc_lrmate200ib_support\\meshes\\lrmate200ib\\visual\\link_5.stl"", ""D:\\CADtest\\papertest\\go_nogo1\\sources\\urdf_files_dataset\\urdf_files\\ros-industrial\\xacro_generated\\fanuc\\fanuc_lrmate200ib_support\\meshes\\lrmate200ib\\visual\\link_6.stl""]",fanuc_lrmate200ib,ros-industrial,https://github.com/ros-industrial/fanuc/tree/74d7d441311590d3950b03da9a1a86409332c2e8/fanuc_lrmate200ib_support,robotic arm,D:\CADtest\papertest\go_nogo1\sources\urdf_files_dataset\urdf_files\ros-industrial\xacro_generated\fanuc\fanuc_lrmate200ib_support\urdf\lrmate200ib.urdf,original,1.0,True
182,True,"{""fixed"": 3, ""revolute"": 6}",Fanuc,8,True,6,7,1,9,10,7,7,0,7,7,LR Mate 200iB/3L,1.0,,True,A,ros-industrial\xacro_generated\fanuc\fanuc_lrmate200ib_support\urdf\lrmate200ib3l.urdf,"{""ancestor_suffix"": 7}","[""D:\\CADtest\\papertest\\go_nogo1\\sources\\urdf_files_dataset\\urdf_files\\ros-industrial\\xacro_generated\\fanuc\\fanuc_lrmate200ib_support\\meshes\\lrmate200ib3l\\visual\\link_4.stl"", ""D:\\CADtest\\papertest\\go_nogo1\\sources\\urdf_files_dataset\\urdf_files\\ros-industrial\\xacro_generated\\fanuc\\fanuc_lrmate200ib_support\\meshes\\lrmate200ib\\visual\\base_link.stl"", ""D:\\CADtest\\papertest\\go_nogo1\\sources\\urdf_files_dataset\\urdf_files\\ros-industrial\\xacro_generated\\fanuc\\fanuc_lrmate200ib_support\\meshes\\lrmate200ib\\visual\\link_1.stl"", ""D:\\CADtest\\papertest\\go_nogo1\\sources\\urdf_files_dataset\\urdf_files\\ros-industrial\\xacro_generated\\fanuc\\fanuc_lrmate200ib_support\\meshes\\lrmate200ib\\visual\\link_2.stl"", ""D:\\CADtest\\papertest\\go_nogo1\\sources\\urdf_files_dataset\\urdf_files\\ros-industrial\\xacro_generated\\fanuc\\fanuc_lrmate200ib_support\\meshes\\lrmate200ib\\visual\\link_3.stl"", ""D:\\CADtest\\papertest\\go_nogo1\\sources\\urdf_files_dataset\\urdf_files\\ros-industrial\\xacro_generated\\fanuc\\fanuc_lrmate200ib_support\\meshes\\lrmate200ib\\visual\\link_5.stl"", ""D:\\CADtest\\papertest\\go_nogo1\\sources\\urdf_files_dataset\\urdf_files\\ros-industrial\\xacro_generated\\fanuc\\fanuc_lrmate200ib_support\\meshes\\lrmate200ib\\visual\\link_6.stl""]",fanuc_lrmate200ib3l,ros-industrial,https://github.com/ros-industrial/fanuc/tree/74d7d441311590d3950b03da9a1a86409332c2e8/fanuc_lrmate200ib_support,robotic arm,D:\CADtest\papertest\go_nogo1\sources\urdf_files_dataset\urdf_files\ros-industrial\xacro_generated\fanuc\fanuc_lrmate200ib_support\urdf\lrmate200ib3l.urdf,original,1.0,True
183,True,"{""fixed"": 3, ""revolute"": 6}",Fanuc,8,True,6,7,1,9,10,7,7,0,7,7,LR Mate 200iC,1.0,,True,A,ros-industrial\xacro_generated\fanuc\fanuc_lrmate200ic_support\urdf\lrmate200ic.urdf,"{""ancestor_suffix"": 7}","[""D:\\CADtest\\papertest\\go_nogo1\\sources\\urdf_files_dataset\\urdf_files\\ros-industrial\\xacro_generated\\fanuc\\fanuc_lrmate200ic_support\\meshes\\lrmate200ic\\visual\\base_link.stl"", ""D:\\CADtest\\papertest\\go_nogo1\\sources\\urdf_files_dataset\\urdf_files\\ros-industrial\\xacro_generated\\fanuc\\fanuc_lrmate200ic_support\\meshes\\lrmate200ic\\visual\\link_1.stl"", ""D:\\CADtest\\papertest\\go_nogo1\\sources\\urdf_files_dataset\\urdf_files\\ros-industrial\\xacro_generated\\fanuc\\fanuc_lrmate200ic_support\\meshes\\lrmate200ic\\visual\\link_2.stl"", ""D:\\CADtest\\papertest\\go_nogo1\\sources\\urdf_files_dataset\\urdf_files\\ros-industrial\\xacro_generated\\fanuc\\fanuc_lrmate200ic_support\\meshes\\lrmate200ic\\visual\\link_3.stl"", ""D:\\CADtest\\papertest\\go_nogo1\\sources\\urdf_files_dataset\\urdf_files\\ros-industrial\\xacro_generated\\fanuc\\fanuc_lrmate200ic_support\\meshes\\lrmate200ic\\visual\\link_4.stl"", ""D:\\CADtest\\papertest\\go_nogo1\\sources\\urdf_files_dataset\\urdf_files\\ros-industrial\\xacro_generated\\fanuc\\fanuc_lrmate200ic_support\\meshes\\lrmate200ic\\visual\\link_5.stl"", ""D:\\CADtest\\papertest\\go_nogo1\\sources\\urdf_files_dataset\\urdf_files\\ros-industrial\\xacro_generated\\fanuc\\fanuc_lrmate200ic_support\\meshes\\lrmate200ic\\visual\\link_6.stl""]",fanuc_lrmate200ic,ros-industrial,https://github.com/ros-industrial/fanuc/tree/74d7d441311590d3950b03da9a1a86409332c2e8/fanuc_lrmate200ic_support,robotic arm,D:\CADtest\papertest\go_nogo1\sources\urdf_files_dataset\urdf_files\ros-industrial\xacro_generated\fanuc\fanuc_lrmate200ic_support\urdf\lrmate200ic.urdf,original,1.0,True
184,True,"{""fixed"": 3, ""revolute"": 5}",Fanuc,7,True,5,6,1,8,9,6,6,0,6,6,LR Mate 200iC/5F,1.0,,True,A,ros-industrial\xacro_generated\fanuc\fanuc_lrmate200ic_support\urdf\lrmate200ic5f.urdf,"{""ancestor_suffix"": 6}","[""D:\\CADtest\\papertest\\go_nogo1\\sources\\urdf_files_dataset\\urdf_files\\ros-industrial\\xacro_generated\\fanuc\\fanuc_lrmate200ic_support\\meshes\\lrmate200ic5h\\visual\\link_3.stl"", ""D:\\CADtest\\papertest\\go_nogo1\\sources\\urdf_files_dataset\\urdf_files\\ros-industrial\\xacro_generated\\fanuc\\fanuc_lrmate200ic_support\\meshes\\lrmate200ic\\visual\\base_link.stl"", ""D:\\CADtest\\papertest\\go_nogo1\\sources\\urdf_files_dataset\\urdf_files\\ros-industrial\\xacro_generated\\fanuc\\fanuc_lrmate200ic_support\\meshes\\lrmate200ic\\visual\\link_1.stl"", ""D:\\CADtest\\papertest\\go_nogo1\\sources\\urdf_files_dataset\\urdf_files\\ros-industrial\\xacro_generated\\fanuc\\fanuc_lrmate200ic_support\\meshes\\lrmate200ic\\visual\\link_2.stl"", ""D:\\CADtest\\papertest\\go_nogo1\\sources\\urdf_files_dataset\\urdf_files\\ros-industrial\\xacro_generated\\fanuc\\fanuc_lrmate200ic_support\\meshes\\lrmate200ic\\visual\\link_5.stl"", ""D:\\CADtest\\papertest\\go_nogo1\\sources\\urdf_files_dataset\\urdf_files\\ros-industrial\\xacro_generated\\fanuc\\fanuc_lrmate200ic_support\\meshes\\lrmate200ic\\visual\\link_6.stl""]",fanuc_lrmate200ic5f,ros-industrial,https://github.com/ros-industrial/fanuc/tree/74d7d441311590d3950b03da9a1a86409332c2e8/fanuc_lrmate200ic_support,robotic arm,D:\CADtest\papertest\go_nogo1\sources\urdf_files_dataset\urdf_files\ros-industrial\xacro_generated\fanuc\fanuc_lrmate200ic_support\urdf\lrmate200ic5f.urdf,original,1.0,True
185,True,"{""fixed"": 3, ""revolute"": 5}",Fanuc,7,True,5,6,1,8,9,6,6,0,6,6,LR Mate 200iC/5H,1.0,,True,A,ros-industrial\xacro_generated\fanuc\fanuc_lrmate200ic_support\urdf\lrmate200ic5h.urdf,"{""ancestor_suffix"": 6}","[""D:\\CADtest\\papertest\\go_nogo1\\sources\\urdf_files_dataset\\urdf_files\\ros-industrial\\xacro_generated\\fanuc\\fanuc_lrmate200ic_support\\meshes\\lrmate200ic5h\\visual\\link_3.stl"", ""D:\\CADtest\\papertest\\go_nogo1\\sources\\urdf_files_dataset\\urdf_files\\ros-industrial\\xacro_generated\\fanuc\\fanuc_lrmate200ic_support\\meshes\\lrmate200ic\\visual\\base_link.stl"", ""D:\\CADtest\\papertest\\go_nogo1\\sources\\urdf_files_dataset\\urdf_files\\ros-industrial\\xacro_generated\\fanuc\\fanuc_lrmate200ic_support\\meshes\\lrmate200ic\\visual\\link_1.stl"", ""D:\\CADtest\\papertest\\go_nogo1\\sources\\urdf_files_dataset\\urdf_files\\ros-industrial\\xacro_generated\\fanuc\\fanuc_lrmate200ic_support\\meshes\\lrmate200ic\\visual\\link_2.stl"", ""D:\\CADtest\\papertest\\go_nogo1\\sources\\urdf_files_dataset\\urdf_files\\ros-industrial\\xacro_generated\\fanuc\\fanuc_lrmate200ic_support\\meshes\\lrmate200ic\\visual\\link_5.stl"", ""D:\\CADtest\\papertest\\go_nogo1\\sources\\urdf_files_dataset\\urdf_files\\ros-industrial\\xacro_generated\\fanuc\\fanuc_lrmate200ic_support\\meshes\\lrmate200ic\\visual\\link_6.stl""]",fanuc_lrmate200ic5h,ros-industrial,https://github.com/ros-industrial/fanuc/tree/74d7d441311590d3950b03da9a1a86409332c2e8/fanuc_lrmate200ic_support,robotic arm,D:\CADtest\papertest\go_nogo1\sources\urdf_files_dataset\urdf_files\ros-industrial\xacro_generated\fanuc\fanuc_lrmate200ic_support\urdf\lrmate200ic5h.urdf,original,1.0,True
186,True,"{""fixed"": 3, ""revolute"": 5}",Fanuc,7,True,5,6,1,8,9,6,6,0,6,6,LR Mate 200iC/5HS,1.0,,True,A,ros-industrial\xacro_generated\fanuc\fanuc_lrmate200ic_support\urdf\lrmate200ic5hs.urdf,"{""ancestor_suffix"": 6}","[""D:\\CADtest\\papertest\\go_nogo1\\sources\\urdf_files_dataset\\urdf_files\\ros-industrial\\xacro_generated\\fanuc\\fanuc_lrmate200ic_support\\meshes\\lrmate200ic5h\\visual\\link_3.stl"", ""D:\\CADtest\\papertest\\go_nogo1\\sources\\urdf_files_dataset\\urdf_files\\ros-industrial\\xacro_generated\\fanuc\\fanuc_lrmate200ic_support\\meshes\\lrmate200ic\\visual\\base_link.stl"", ""D:\\CADtest\\papertest\\go_nogo1\\sources\\urdf_files_dataset\\urdf_files\\ros-industrial\\xacro_generated\\fanuc\\fanuc_lrmate200ic_support\\meshes\\lrmate200ic\\visual\\link_1.stl"", ""D:\\CADtest\\papertest\\go_nogo1\\sources\\urdf_files_dataset\\urdf_files\\ros-industrial\\xacro_generated\\fanuc\\fanuc_lrmate200ic_support\\meshes\\lrmate200ic\\visual\\link_2.stl"", ""D:\\CADtest\\papertest\\go_nogo1\\sources\\urdf_files_dataset\\urdf_files\\ros-industrial\\xacro_generated\\fanuc\\fanuc_lrmate200ic_support\\meshes\\lrmate200ic\\visual\\link_5.stl"", ""D:\\CADtest\\papertest\\go_nogo1\\sources\\urdf_files_dataset\\urdf_files\\ros-industrial\\xacro_generated\\fanuc\\fanuc_lrmate200ic_support\\meshes\\lrmate200ic\\visual\\link_6.stl""]",fanuc_lrmate200ic5hs,ros-industrial,https://github.com/ros-industrial/fanuc/tree/74d7d441311590d3950b03da9a1a86409332c2e8/fanuc_lrmate200ic_support,robotic arm,D:\CADtest\papertest\go_nogo1\sources\urdf_files_dataset\urdf_files\ros-industrial\xacro_generated\fanuc\fanuc_lrmate200ic_support\urdf\lrmate200ic5hs.urdf,original,1.0,True
187,True,"{""fixed"": 3, ""revolute"": 6}",Fanuc,8,True,6,7,1,9,10,7,7,0,7,7,LR Mate 200iC/5L,1.0,,True,A,ros-industrial\xacro_generated\fanuc\fanuc_lrmate200ic_support\urdf\lrmate200ic5l.urdf,"{""ancestor_suffix"": 7}","[""D:\\CADtest\\papertest\\go_nogo1\\sources\\urdf_files_dataset\\urdf_files\\ros-industrial\\xacro_generated\\fanuc\\fanuc_lrmate200ic_support\\meshes\\lrmate200ic5l\\visual\\link_2.stl"", ""D:\\CADtest\\papertest\\go_nogo1\\sources\\urdf_files_dataset\\urdf_files\\ros-industrial\\xacro_generated\\fanuc\\fanuc_lrmate200ic_support\\meshes\\lrmate200ic5l\\visual\\link_4.stl"", ""D:\\CADtest\\papertest\\go_nogo1\\sources\\urdf_files_dataset\\urdf_files\\ros-industrial\\xacro_generated\\fanuc\\fanuc_lrmate200ic_support\\meshes\\lrmate200ic\\visual\\base_link.stl"", ""D:\\CADtest\\papertest\\go_nogo1\\sources\\urdf_files_dataset\\urdf_files\\ros-industrial\\xacro_generated\\fanuc\\fanuc_lrmate200ic_support\\meshes\\lrmate200ic\\visual\\link_1.stl"", ""D:\\CADtest\\papertest\\go_nogo1\\sources\\urdf_files_dataset\\urdf_files\\ros-industrial\\xacro_generated\\fanuc\\fanuc_lrmate200ic_support\\meshes\\lrmate200ic\\visual\\link_3.stl"", ""D:\\CADtest\\papertest\\go_nogo1\\sources\\urdf_files_dataset\\urdf_files\\ros-industrial\\xacro_generated\\fanuc\\fanuc_lrmate200ic_support\\meshes\\lrmate200ic\\visual\\link_5.stl"", ""D:\\CADtest\\papertest\\go_nogo1\\sources\\urdf_files_dataset\\urdf_files\\ros-industrial\\xacro_generated\\fanuc\\fanuc_lrmate200ic_support\\meshes\\lrmate200ic\\visual\\link_6.stl""]",fanuc_lrmate200ic5l,ros-industrial,https://github.com/ros-industrial/fanuc/tree/74d7d441311590d3950b03da9a1a86409332c2e8/fanuc_lrmate200ic_support,robotic arm,D:\CADtest\papertest\go_nogo1\sources\urdf_files_dataset\urdf_files\ros-industrial\xacro_generated\fanuc\fanuc_lrmate200ic_support\urdf\lrmate200ic5l.urdf,original,1.0,True
188,True,"{""fixed"": 3, ""revolute"": 6}",Fanuc,8,True,6,7,1,9,10,7,7,0,7,7,LR Mate 200iD,1.0,,True,A,ros-industrial\xacro_generated\fanuc\fanuc_lrmate200id_support\urdf\lrmate200id.urdf,"{""ancestor_suffix"": 7}","[""D:\\CADtest\\papertest\\go_nogo1\\sources\\urdf_files_dataset\\urdf_files\\ros-industrial\\xacro_generated\\fanuc\\fanuc_lrmate200id_support\\meshes\\lrmate200id\\visual\\base_link.stl"", ""D:\\CADtest\\papertest\\go_nogo1\\sources\\urdf_files_dataset\\urdf_files\\ros-industrial\\xacro_generated\\fanuc\\fanuc_lrmate200id_support\\meshes\\lrmate200id\\visual\\link_1.stl"", ""D:\\CADtest\\papertest\\go_nogo1\\sources\\urdf_files_dataset\\urdf_files\\ros-industrial\\xacro_generated\\fanuc\\fanuc_lrmate200id_support\\meshes\\lrmate200id\\visual\\link_2.stl"", ""D:\\CADtest\\papertest\\go_nogo1\\sources\\urdf_files_dataset\\urdf_files\\ros-industrial\\xacro_generated\\fanuc\\fanuc_lrmate200id_support\\meshes\\lrmate200id\\visual\\link_3.stl"", ""D:\\CADtest\\papertest\\go_nogo1\\sources\\urdf_files_dataset\\urdf_files\\ros-industrial\\xacro_generated\\fanuc\\fanuc_lrmate200id_support\\meshes\\lrmate200id\\visual\\link_4.stl"", ""D:\\CADtest\\papertest\\go_nogo1\\sources\\urdf_files_dataset\\urdf_files\\ros-industrial\\xacro_generated\\fanuc\\fanuc_lrmate200id_support\\meshes\\lrmate200id\\visual\\link_5.stl"", ""D:\\CADtest\\papertest\\go_nogo1\\sources\\urdf_files_dataset\\urdf_files\\ros-industrial\\xacro_generated\\fanuc\\fanuc_lrmate200id_support\\meshes\\lrmate200id\\visual\\link_6.stl""]",fanuc_lrmate200id,ros-industrial,https://github.com/ros-industrial/fanuc/tree/74d7d441311590d3950b03da9a1a86409332c2e8/fanuc_lrmate200id_support,robotic arm,D:\CADtest\papertest\go_nogo1\sources\urdf_files_dataset\urdf_files\ros-industrial\xacro_generated\fanuc\fanuc_lrmate200id_support\urdf\lrmate200id.urdf,original,1.0,True
189,True,"{""fixed"": 3, ""revolute"": 6}",Fanuc,8,True,6,7,1,9,10,7,7,0,7,7,LR Mate 200iD/4S,1.0,,True,A,ros-industrial\xacro_generated\fanuc\fanuc_lrmate200id_support\urdf\lrmate200id4s.urdf,"{""ancestor_suffix"": 7}","[""D:\\CADtest\\papertest\\go_nogo1\\sources\\urdf_files_dataset\\urdf_files\\ros-industrial\\xacro_generated\\fanuc\\fanuc_lrmate200id_support\\meshes\\lrmate200id4s\\visual\\base_link.stl"", ""D:\\CADtest\\papertest\\go_nogo1\\sources\\urdf_files_dataset\\urdf_files\\ros-industrial\\xacro_generated\\fanuc\\fanuc_lrmate200id_support\\meshes\\lrmate200id4s\\visual\\link_1.stl"", ""D:\\CADtest\\papertest\\go_nogo1\\sources\\urdf_files_dataset\\urdf_files\\ros-industrial\\xacro_generated\\fanuc\\fanuc_lrmate200id_support\\meshes\\lrmate200id4s\\visual\\link_2.stl"", ""D:\\CADtest\\papertest\\go_nogo1\\sources\\urdf_files_dataset\\urdf_files\\ros-industrial\\xacro_generated\\fanuc\\fanuc_lrmate200id_support\\meshes\\lrmate200id4s\\visual\\link_3.stl"", ""D:\\CADtest\\papertest\\go_nogo1\\sources\\urdf_files_dataset\\urdf_files\\ros-industrial\\xacro_generated\\fanuc\\fanuc_lrmate200id_support\\meshes\\lrmate200id4s\\visual\\link_4.stl"", ""D:\\CADtest\\papertest\\go_nogo1\\sources\\urdf_files_dataset\\urdf_files\\ros-industrial\\xacro_generated\\fanuc\\fanuc_lrmate200id_support\\meshes\\lrmate200id4s\\visual\\link_5.stl"", ""D:\\CADtest\\papertest\\go_nogo1\\sources\\urdf_files_dataset\\urdf_files\\ros-industrial\\xacro_generated\\fanuc\\fanuc_lrmate200id_support\\meshes\\lrmate200id4s\\visual\\link_6.stl""]",fanuc_lrmate200id4s,ros-industrial,https://github.com/ros-industrial/fanuc/tree/74d7d441311590d3950b03da9a1a86409332c2e8/fanuc_lrmate200id_support,robotic arm,D:\CADtest\papertest\go_nogo1\sources\urdf_files_dataset\urdf_files\ros-industrial\xacro_generated\fanuc\fanuc_lrmate200id_support\urdf\lrmate200id4s.urdf,original,1.0,True
190,True,"{""fixed"": 3, ""revolute"": 6}",Fanuc,8,True,6,7,1,9,10,7,7,0,7,7,LR Mate 200iD/4SC,1.0,,True,A,ros-industrial\xacro_generated\fanuc\fanuc_lrmate200id_support\urdf\lrmate200id4sc.urdf,"{""ancestor_suffix"": 7}","[""D:\\CADtest\\papertest\\go_nogo1\\sources\\urdf_files_dataset\\urdf_files\\ros-industrial\\xacro_generated\\fanuc\\fanuc_lrmate200id_support\\meshes\\lrmate200id4s\\visual\\base_link.stl"", ""D:\\CADtest\\papertest\\go_nogo1\\sources\\urdf_files_dataset\\urdf_files\\ros-industrial\\xacro_generated\\fanuc\\fanuc_lrmate200id_support\\meshes\\lrmate200id4s\\visual\\link_1.stl"", ""D:\\CADtest\\papertest\\go_nogo1\\sources\\urdf_files_dataset\\urdf_files\\ros-industrial\\xacro_generated\\fanuc\\fanuc_lrmate200id_support\\meshes\\lrmate200id4s\\visual\\link_2.stl"", ""D:\\CADtest\\papertest\\go_nogo1\\sources\\urdf_files_dataset\\urdf_files\\ros-industrial\\xacro_generated\\fanuc\\fanuc_lrmate200id_support\\meshes\\lrmate200id4s\\visual\\link_3.stl"", ""D:\\CADtest\\papertest\\go_nogo1\\sources\\urdf_files_dataset\\urdf_files\\ros-industrial\\xacro_generated\\fanuc\\fanuc_lrmate200id_support\\meshes\\lrmate200id4s\\visual\\link_4.stl"", ""D:\\CADtest\\papertest\\go_nogo1\\sources\\urdf_files_dataset\\urdf_files\\ros-industrial\\xacro_generated\\fanuc\\fanuc_lrmate200id_support\\meshes\\lrmate200id4s\\visual\\link_5.stl"", ""D:\\CADtest\\papertest\\go_nogo1\\sources\\urdf_files_dataset\\urdf_files\\ros-industrial\\xacro_generated\\fanuc\\fanuc_lrmate200id_support\\meshes\\lrmate200id4s\\visual\\link_6.stl""]",fanuc_lrmate200id4sc,ros-industrial,https://github.com/ros-industrial/fanuc/tree/74d7d441311590d3950b03da9a1a86409332c2e8/fanuc_lrmate200id_support,robotic arm,D:\CADtest\papertest\go_nogo1\sources\urdf_files_dataset\urdf_files\ros-industrial\xacro_generated\fanuc\fanuc_lrmate200id_support\urdf\lrmate200id4sc.urdf,original,1.0,True
191,True,"{""fixed"": 3, ""revolute"": 5}",Fanuc,7,True,5,7,1,8,9,6,6,0,7,7,LR Mate 200iD/4SH,1.0,,True,A,ros-industrial\xacro_generated\fanuc\fanuc_lrmate200id_support\urdf\lrmate200id4sh.urdf,"{""ancestor_suffix"": 7}","[""D:\\CADtest\\papertest\\go_nogo1\\sources\\urdf_files_dataset\\urdf_files\\ros-industrial\\xacro_generated\\fanuc\\fanuc_lrmate200id_support\\meshes\\lrmate200id4s\\visual\\base_link.stl"", ""D:\\CADtest\\papertest\\go_nogo1\\sources\\urdf_files_dataset\\urdf_files\\ros-industrial\\xacro_generated\\fanuc\\fanuc_lrmate200id_support\\meshes\\lrmate200id4s\\visual\\link_1.stl"", ""D:\\CADtest\\papertest\\go_nogo1\\sources\\urdf_files_dataset\\urdf_files\\ros-industrial\\xacro_generated\\fanuc\\fanuc_lrmate200id_support\\meshes\\lrmate200id4s\\visual\\link_2.stl"", ""D:\\CADtest\\papertest\\go_nogo1\\sources\\urdf_files_dataset\\urdf_files\\ros-industrial\\xacro_generated\\fanuc\\fanuc_lrmate200id_support\\meshes\\lrmate200id4s\\visual\\link_3.stl"", ""D:\\CADtest\\papertest\\go_nogo1\\sources\\urdf_files_dataset\\urdf_files\\ros-industrial\\xacro_generated\\fanuc\\fanuc_lrmate200id_support\\meshes\\lrmate200id4s\\visual\\link_4.stl"", ""D:\\CADtest\\papertest\\go_nogo1\\sources\\urdf_files_dataset\\urdf_files\\ros-industrial\\xacro_generated\\fanuc\\fanuc_lrmate200id_support\\meshes\\lrmate200id4s\\visual\\link_5.stl"", ""D:\\CADtest\\papertest\\go_nogo1\\sources\\urdf_files_dataset\\urdf_files\\ros-industrial\\xacro_generated\\fanuc\\fanuc_lrmate200id_support\\meshes\\lrmate200id4s\\visual\\link_6.stl""]",fanuc_lrmate200id4sh,ros-industrial,https://github.com/ros-industrial/fanuc/tree/74d7d441311590d3950b03da9a1a86409332c2e8/fanuc_lrmate200id_support,robotic arm,D:\CADtest\papertest\go_nogo1\sources\urdf_files_dataset\urdf_files\ros-industrial\xacro_generated\fanuc\fanuc_lrmate200id_support\urdf\lrmate200id4sh.urdf,original,1.0,True
192,True,"{""fixed"": 3, ""revolute"": 5}",Fanuc,7,True,5,7,1,8,9,6,6,0,7,7,LR Mate 200iD/7H,1.0,,True,A,ros-industrial\xacro_generated\fanuc\fanuc_lrmate200id_support\urdf\lrmate200id7h.urdf,"{""ancestor_suffix"": 7}","[""D:\\CADtest\\papertest\\go_nogo1\\sources\\urdf_files_dataset\\urdf_files\\ros-industrial\\xacro_generated\\fanuc\\fanuc_lrmate200id_support\\meshes\\lrmate200id\\visual\\base_link.stl"", ""D:\\CADtest\\papertest\\go_nogo1\\sources\\urdf_files_dataset\\urdf_files\\ros-industrial\\xacro_generated\\fanuc\\fanuc_lrmate200id_support\\meshes\\lrmate200id\\visual\\link_1.stl"", ""D:\\CADtest\\papertest\\go_nogo1\\sources\\urdf_files_dataset\\urdf_files\\ros-industrial\\xacro_generated\\fanuc\\fanuc_lrmate200id_support\\meshes\\lrmate200id\\visual\\link_2.stl"", ""D:\\CADtest\\papertest\\go_nogo1\\sources\\urdf_files_dataset\\urdf_files\\ros-industrial\\xacro_generated\\fanuc\\fanuc_lrmate200id_support\\meshes\\lrmate200id\\visual\\link_3.stl"", ""D:\\CADtest\\papertest\\go_nogo1\\sources\\urdf_files_dataset\\urdf_files\\ros-industrial\\xacro_generated\\fanuc\\fanuc_lrmate200id_support\\meshes\\lrmate200id\\visual\\link_4.stl"", ""D:\\CADtest\\papertest\\go_nogo1\\sources\\urdf_files_dataset\\urdf_files\\ros-industrial\\xacro_generated\\fanuc\\fanuc_lrmate200id_support\\meshes\\lrmate200id\\visual\\link_5.stl"", ""D:\\CADtest\\papertest\\go_nogo1\\sources\\urdf_files_dataset\\urdf_files\\ros-industrial\\xacro_generated\\fanuc\\fanuc_lrmate200id_support\\meshes\\lrmate200id\\visual\\link_6.stl""]",fanuc_lrmate200id7h,ros-industrial,https://github.com/ros-industrial/fanuc/tree/74d7d441311590d3950b03da9a1a86409332c2e8/fanuc_lrmate200id_support,robotic arm,D:\CADtest\papertest\go_nogo1\sources\urdf_files_dataset\urdf_files\ros-industrial\xacro_generated\fanuc\fanuc_lrmate200id_support\urdf\lrmate200id7h.urdf,original,1.0,True
193,True,"{""fixed"": 3, ""revolute"": 6}",Fanuc,8,True,6,7,1,9,10,7,7,0,7,7,LR Mate 200iD/7L,1.0,,True,A,ros-industrial\xacro_generated\fanuc\fanuc_lrmate200id_support\urdf\lrmate200id7l.urdf,"{""ancestor_suffix"": 7}","[""D:\\CADtest\\papertest\\go_nogo1\\sources\\urdf_files_dataset\\urdf_files\\ros-industrial\\xacro_generated\\fanuc\\fanuc_lrmate200id_support\\meshes\\lrmate200id7l\\visual\\link_2.stl"", ""D:\\CADtest\\papertest\\go_nogo1\\sources\\urdf_files_dataset\\urdf_files\\ros-industrial\\xacro_generated\\fanuc\\fanuc_lrmate200id_support\\meshes\\lrmate200id7l\\visual\\link_4.stl"", ""D:\\CADtest\\papertest\\go_nogo1\\sources\\urdf_files_dataset\\urdf_files\\ros-industrial\\xacro_generated\\fanuc\\fanuc_lrmate200id_support\\meshes\\lrmate200id\\visual\\base_link.stl"", ""D:\\CADtest\\papertest\\go_nogo1\\sources\\urdf_files_dataset\\urdf_files\\ros-industrial\\xacro_generated\\fanuc\\fanuc_lrmate200id_support\\meshes\\lrmate200id\\visual\\link_1.stl"", ""D:\\CADtest\\papertest\\go_nogo1\\sources\\urdf_files_dataset\\urdf_files\\ros-industrial\\xacro_generated\\fanuc\\fanuc_lrmate200id_support\\meshes\\lrmate200id\\visual\\link_3.stl"", ""D:\\CADtest\\papertest\\go_nogo1\\sources\\urdf_files_dataset\\urdf_files\\ros-industrial\\xacro_generated\\fanuc\\fanuc_lrmate200id_support\\meshes\\lrmate200id\\visual\\link_5.stl"", ""D:\\CADtest\\papertest\\go_nogo1\\sources\\urdf_files_dataset\\urdf_files\\ros-industrial\\xacro_generated\\fanuc\\fanuc_lrmate200id_support\\meshes\\lrmate200id\\visual\\link_6.stl""]",fanuc_lrmate200id7l,ros-industrial,https://github.com/ros-industrial/fanuc/tree/74d7d441311590d3950b03da9a1a86409332c2e8/fanuc_lrmate200id_support,robotic arm,D:\CADtest\papertest\go_nogo1\sources\urdf_files_dataset\urdf_files\ros-industrial\xacro_generated\fanuc\fanuc_lrmate200id_support\urdf\lrmate200id7l.urdf,original,1.0,True
194,True,"{""fixed"": 3, ""revolute"": 6}",Fanuc,8,True,6,7,1,9,10,7,7,0,7,7,LR Mate 200iD/7LC,1.0,,True,A,ros-industrial\xacro_generated\fanuc\fanuc_lrmate200id_support\urdf\lrmate200id7lc.urdf,"{""ancestor_suffix"": 7}","[""D:\\CADtest\\papertest\\go_nogo1\\sources\\urdf_files_dataset\\urdf_files\\ros-industrial\\xacro_generated\\fanuc\\fanuc_lrmate200id_support\\meshes\\lrmate200id7l\\visual\\link_2.stl"", ""D:\\CADtest\\papertest\\go_nogo1\\sources\\urdf_files_dataset\\urdf_files\\ros-industrial\\xacro_generated\\fanuc\\fanuc_lrmate200id_support\\meshes\\lrmate200id7l\\visual\\link_4.stl"", ""D:\\CADtest\\papertest\\go_nogo1\\sources\\urdf_files_dataset\\urdf_files\\ros-industrial\\xacro_generated\\fanuc\\fanuc_lrmate200id_support\\meshes\\lrmate200id\\visual\\base_link.stl"", ""D:\\CADtest\\papertest\\go_nogo1\\sources\\urdf_files_dataset\\urdf_files\\ros-industrial\\xacro_generated\\fanuc\\fanuc_lrmate200id_support\\meshes\\lrmate200id\\visual\\link_1.stl"", ""D:\\CADtest\\papertest\\go_nogo1\\sources\\urdf_files_dataset\\urdf_files\\ros-industrial\\xacro_generated\\fanuc\\fanuc_lrmate200id_support\\meshes\\lrmate200id\\visual\\link_3.stl"", ""D:\\CADtest\\papertest\\go_nogo1\\sources\\urdf_files_dataset\\urdf_files\\ros-industrial\\xacro_generated\\fanuc\\fanuc_lrmate200id_support\\meshes\\lrmate200id\\visual\\link_5.stl"", ""D:\\CADtest\\papertest\\go_nogo1\\sources\\urdf_files_dataset\\urdf_files\\ros-industrial\\xacro_generated\\fanuc\\fanuc_lrmate200id_support\\meshes\\lrmate200id\\visual\\link_6.stl""]",fanuc_lrmate200id7lc,ros-industrial,https://github.com/ros-industrial/fanuc/tree/74d7d441311590d3950b03da9a1a86409332c2e8/fanuc_lrmate200id_support,robotic arm,D:\CADtest\papertest\go_nogo1\sources\urdf_files_dataset\urdf_files\ros-industrial\xacro_generated\fanuc\fanuc_lrmate200id_support\urdf\lrmate200id7lc.urdf,original,1.0,True
196,True,"{""fixed"": 3, ""revolute"": 6}",Fanuc,8,True,6,7,1,9,10,7,7,0,7,7,M-10iA,1.0,,True,A,ros-industrial\xacro_generated\fanuc\fanuc_m10ia_support\urdf\m10ia.urdf,"{""ancestor_suffix"": 7}","[""D:\\CADtest\\papertest\\go_nogo1\\sources\\urdf_files_dataset\\urdf_files\\ros-industrial\\xacro_generated\\fanuc\\fanuc_m10ia_support\\meshes\\m10ia\\visual\\base_link.stl"", ""D:\\CADtest\\papertest\\go_nogo1\\sources\\urdf_files_dataset\\urdf_files\\ros-industrial\\xacro_generated\\fanuc\\fanuc_m10ia_support\\meshes\\m10ia\\visual\\link_1.stl"", ""D:\\CADtest\\papertest\\go_nogo1\\sources\\urdf_files_dataset\\urdf_files\\ros-industrial\\xacro_generated\\fanuc\\fanuc_m10ia_support\\meshes\\m10ia\\visual\\link_2.stl"", ""D:\\CADtest\\papertest\\go_nogo1\\sources\\urdf_files_dataset\\urdf_files\\ros-industrial\\xacro_generated\\fanuc\\fanuc_m10ia_support\\meshes\\m10ia\\visual\\link_3.stl"", ""D:\\CADtest\\papertest\\go_nogo1\\sources\\urdf_files_dataset\\urdf_files\\ros-industrial\\xacro_generated\\fanuc\\fanuc_m10ia_support\\meshes\\m10ia\\visual\\link_4.stl"", ""D:\\CADtest\\papertest\\go_nogo1\\sources\\urdf_files_dataset\\urdf_files\\ros-industrial\\xacro_generated\\fanuc\\fanuc_m10ia_support\\meshes\\m10ia\\visual\\link_5.stl"", ""D:\\CADtest\\papertest\\go_nogo1\\sources\\urdf_files_dataset\\urdf_files\\ros-industrial\\xacro_generated\\fanuc\\fanuc_m10ia_support\\meshes\\m10ia\\visual\\link_6.stl""]",fanuc_m10ia,ros-industrial,https://github.com/ros-industrial/fanuc/tree/74d7d441311590d3950b03da9a1a86409332c2e8/fanuc_m10ia_support,robotic arm,D:\CADtest\papertest\go_nogo1\sources\urdf_files_dataset\urdf_files\ros-industrial\xacro_generated\fanuc\fanuc_m10ia_support\urdf\m10ia.urdf,original,1.0,True
197,True,"{""fixed"": 3, ""revolute"": 6}",Fanuc,8,True,6,7,1,9,10,7,7,0,7,7,M-10iA/7L,1.0,,True,A,ros-industrial\xacro_generated\fanuc\fanuc_m10ia_support\urdf\m10ia7l.urdf,"{""ancestor_suffix"": 7}","[""D:\\CADtest\\papertest\\go_nogo1\\sources\\urdf_files_dataset\\urdf_files\\ros-industrial\\xacro_generated\\fanuc\\fanuc_m10ia_support\\meshes\\m10ia7l\\visual\\base_link.stl"", ""D:\\CADtest\\papertest\\go_nogo1\\sources\\urdf_files_dataset\\urdf_files\\ros-industrial\\xacro_generated\\fanuc\\fanuc_m10ia_support\\meshes\\m10ia7l\\visual\\link_1.stl"", ""D:\\CADtest\\papertest\\go_nogo1\\sources\\urdf_files_dataset\\urdf_files\\ros-industrial\\xacro_generated\\fanuc\\fanuc_m10ia_support\\meshes\\m10ia7l\\visual\\link_2.stl"", ""D:\\CADtest\\papertest\\go_nogo1\\sources\\urdf_files_dataset\\urdf_files\\ros-industrial\\xacro_generated\\fanuc\\fanuc_m10ia_support\\meshes\\m10ia7l\\visual\\link_3.stl"", ""D:\\CADtest\\papertest\\go_nogo1\\sources\\urdf_files_dataset\\urdf_files\\ros-industrial\\xacro_generated\\fanuc\\fanuc_m10ia_support\\meshes\\m10ia7l\\visual\\link_4.stl"", ""D:\\CADtest\\papertest\\go_nogo1\\sources\\urdf_files_dataset\\urdf_files\\ros-industrial\\xacro_generated\\fanuc\\fanuc_m10ia_support\\meshes\\m10ia7l\\visual\\link_5.stl"", ""D:\\CADtest\\papertest\\go_nogo1\\sources\\urdf_files_dataset\\urdf_files\\ros-industrial\\xacro_generated\\fanuc\\fanuc_m10ia_support\\meshes\\m10ia7l\\visual\\link_6.stl""]",fanuc_m10ia7l,ros-industrial,https://github.com/ros-industrial/fanuc/tree/74d7d441311590d3950b03da9a1a86409332c2e8/fanuc_m10ia_support,robotic arm,D:\CADtest\papertest\go_nogo1\sources\urdf_files_dataset\urdf_files\ros-industrial\xacro_generated\fanuc\fanuc_m10ia_support\urdf\m10ia7l.urdf,original,1.0,True
198,True,"{""fixed"": 3, ""revolute"": 6}",Fanuc,8,True,6,7,1,9,10,7,7,0,7,7,M-16iB,1.0,,True,A,ros-industrial\xacro_generated\fanuc\fanuc_m16ib_support\urdf\m16ib20.urdf,"{""ancestor_suffix"": 7}","[""D:\\CADtest\\papertest\\go_nogo1\\sources\\urdf_files_dataset\\urdf_files\\ros-industrial\\xacro_generated\\fanuc\\fanuc_m16ib_support\\meshes\\m16ib20\\visual\\base_link.stl"", ""D:\\CADtest\\papertest\\go_nogo1\\sources\\urdf_files_dataset\\urdf_files\\ros-industrial\\xacro_generated\\fanuc\\fanuc_m16ib_support\\meshes\\m16ib20\\visual\\link_1.stl"", ""D:\\CADtest\\papertest\\go_nogo1\\sources\\urdf_files_dataset\\urdf_files\\ros-industrial\\xacro_generated\\fanuc\\fanuc_m16ib_support\\meshes\\m16ib20\\visual\\link_2.stl"", ""D:\\CADtest\\papertest\\go_nogo1\\sources\\urdf_files_dataset\\urdf_files\\ros-industrial\\xacro_generated\\fanuc\\fanuc_m16ib_support\\meshes\\m16ib20\\visual\\link_3.stl"", ""D:\\CADtest\\papertest\\go_nogo1\\sources\\urdf_files_dataset\\urdf_files\\ros-industrial\\xacro_generated\\fanuc\\fanuc_m16ib_support\\meshes\\m16ib20\\visual\\link_4.stl"", ""D:\\CADtest\\papertest\\go_nogo1\\sources\\urdf_files_dataset\\urdf_files\\ros-industrial\\xacro_generated\\fanuc\\fanuc_m16ib_support\\meshes\\m16ib20\\visual\\link_5.stl"", ""D:\\CADtest\\papertest\\go_nogo1\\sources\\urdf_files_dataset\\urdf_files\\ros-industrial\\xacro_generated\\fanuc\\fanuc_m16ib_support\\meshes\\m16ib20\\visual\\link_6.stl""]",fanuc_m16ib20,ros-industrial,https://github.com/ros-industrial/fanuc/tree/74d7d441311590d3950b03da9a1a86409332c2e8/fanuc_m16ib_support,robotic arm,D:\CADtest\papertest\go_nogo1\sources\urdf_files_dataset\urdf_files\ros-industrial\xacro_generated\fanuc\fanuc_m16ib_support\urdf\m16ib20.urdf,original,1.0,True
199,True,"{""fixed"": 3, ""revolute"": 6}",Fanuc,8,True,6,7,1,9,10,7,7,0,7,7,M-20iA,1.0,,True,A,ros-industrial\xacro_generated\fanuc\fanuc_m20ia_support\urdf\m20ia.urdf,"{""ancestor_suffix"": 7}","[""D:\\CADtest\\papertest\\go_nogo1\\sources\\urdf_files_dataset\\urdf_files\\ros-industrial\\xacro_generated\\fanuc\\fanuc_m20ia_support\\meshes\\m20ia\\visual\\base_link.stl"", ""D:\\CADtest\\papertest\\go_nogo1\\sources\\urdf_files_dataset\\urdf_files\\ros-industrial\\xacro_generated\\fanuc\\fanuc_m20ia_support\\meshes\\m20ia\\visual\\link_1.stl"", ""D:\\CADtest\\papertest\\go_nogo1\\sources\\urdf_files_dataset\\urdf_files\\ros-industrial\\xacro_generated\\fanuc\\fanuc_m20ia_support\\meshes\\m20ia\\visual\\link_2.stl"", ""D:\\CADtest\\papertest\\go_nogo1\\sources\\urdf_files_dataset\\urdf_files\\ros-industrial\\xacro_generated\\fanuc\\fanuc_m20ia_support\\meshes\\m20ia\\visual\\link_3.stl"", ""D:\\CADtest\\papertest\\go_nogo1\\sources\\urdf_files_dataset\\urdf_files\\ros-industrial\\xacro_generated\\fanuc\\fanuc_m20ia_support\\meshes\\m20ia\\visual\\link_4.stl"", ""D:\\CADtest\\papertest\\go_nogo1\\sources\\urdf_files_dataset\\urdf_files\\ros-industrial\\xacro_generated\\fanuc\\fanuc_m20ia_support\\meshes\\m20ia\\visual\\link_5.stl"", ""D:\\CADtest\\papertest\\go_nogo1\\sources\\urdf_files_dataset\\urdf_files\\ros-industrial\\xacro_generated\\fanuc\\fanuc_m20ia_support\\meshes\\m20ia\\visual\\link_6.stl""]",fanuc_m20ia,ros-industrial,https://github.com/ros-industrial/fanuc/tree/74d7d441311590d3950b03da9a1a86409332c2e8/fanuc_m20ia_support,robotic arm,D:\CADtest\papertest\go_nogo1\sources\urdf_files_dataset\urdf_files\ros-industrial\xacro_generated\fanuc\fanuc_m20ia_support\urdf\m20ia.urdf,original,1.0,True
200,True,"{""fixed"": 3, ""revolute"": 6}",Fanuc,8,True,6,7,1,9,10,7,7,0,7,7,M-20iA/10L,1.0,,True,A,ros-industrial\xacro_generated\fanuc\fanuc_m20ia_support\urdf\m20ia10l.urdf,"{""ancestor_suffix"": 7}","[""D:\\CADtest\\papertest\\go_nogo1\\sources\\urdf_files_dataset\\urdf_files\\ros-industrial\\xacro_generated\\fanuc\\fanuc_m20ia_support\\meshes\\m20ia10l\\visual\\base_link.stl"", ""D:\\CADtest\\papertest\\go_nogo1\\sources\\urdf_files_dataset\\urdf_files\\ros-industrial\\xacro_generated\\fanuc\\fanuc_m20ia_support\\meshes\\m20ia10l\\visual\\link_1.stl"", ""D:\\CADtest\\papertest\\go_nogo1\\sources\\urdf_files_dataset\\urdf_files\\ros-industrial\\xacro_generated\\fanuc\\fanuc_m20ia_support\\meshes\\m20ia10l\\visual\\link_2.stl"", ""D:\\CADtest\\papertest\\go_nogo1\\sources\\urdf_files_dataset\\urdf_files\\ros-industrial\\xacro_generated\\fanuc\\fanuc_m20ia_support\\meshes\\m20ia10l\\visual\\link_3.stl"", ""D:\\CADtest\\papertest\\go_nogo1\\sources\\urdf_files_dataset\\urdf_files\\ros-industrial\\xacro_generated\\fanuc\\fanuc_m20ia_support\\meshes\\m20ia10l\\visual\\link_4.stl"", ""D:\\CADtest\\papertest\\go_nogo1\\sources\\urdf_files_dataset\\urdf_files\\ros-industrial\\xacro_generated\\fanuc\\fanuc_m20ia_support\\meshes\\m20ia10l\\visual\\link_5.stl"", ""D:\\CADtest\\papertest\\go_nogo1\\sources\\urdf_files_dataset\\urdf_files\\ros-industrial\\xacro_generated\\fanuc\\fanuc_m20ia_support\\meshes\\m20ia10l\\visual\\link_6.stl""]",fanuc_m20ia10l,ros-industrial,https://github.com/ros-industrial/fanuc/tree/74d7d441311590d3950b03da9a1a86409332c2e8/fanuc_m20ia_support,robotic arm,D:\CADtest\papertest\go_nogo1\sources\urdf_files_dataset\urdf_files\ros-industrial\xacro_generated\fanuc\fanuc_m20ia_support\urdf\m20ia10l.urdf,original,1.0,True
201,True,"{""fixed"": 3, ""revolute"": 6}",Fanuc,8,True,6,7,1,9,10,7,7,0,7,7,M-20iB/25,1.0,,True,A,ros-industrial\xacro_generated\fanuc\fanuc_m20ib_support\urdf\m20ib25.urdf,"{""ancestor_suffix"": 7}","[""D:\\CADtest\\papertest\\go_nogo1\\sources\\urdf_files_dataset\\urdf_files\\ros-industrial\\xacro_generated\\fanuc\\fanuc_m20ib_support\\meshes\\m20ib25\\visual\\base_link.stl"", ""D:\\CADtest\\papertest\\go_nogo1\\sources\\urdf_files_dataset\\urdf_files\\ros-industrial\\xacro_generated\\fanuc\\fanuc_m20ib_support\\meshes\\m20ib25\\visual\\link_1.stl"", ""D:\\CADtest\\papertest\\go_nogo1\\sources\\urdf_files_dataset\\urdf_files\\ros-industrial\\xacro_generated\\fanuc\\fanuc_m20ib_support\\meshes\\m20ib25\\visual\\link_2.stl"", ""D:\\CADtest\\papertest\\go_nogo1\\sources\\urdf_files_dataset\\urdf_files\\ros-industrial\\xacro_generated\\fanuc\\fanuc_m20ib_support\\meshes\\m20ib25\\visual\\link_3.stl"", ""D:\\CADtest\\papertest\\go_nogo1\\sources\\urdf_files_dataset\\urdf_files\\ros-industrial\\xacro_generated\\fanuc\\fanuc_m20ib_support\\meshes\\m20ib25\\visual\\link_4.stl"", ""D:\\CADtest\\papertest\\go_nogo1\\sources\\urdf_files_dataset\\urdf_files\\ros-industrial\\xacro_generated\\fanuc\\fanuc_m20ib_support\\meshes\\m20ib25\\visual\\link_5.stl"", ""D:\\CADtest\\papertest\\go_nogo1\\sources\\urdf_files_dataset\\urdf_files\\ros-industrial\\xacro_generated\\fanuc\\fanuc_m20ib_support\\meshes\\m20ib25\\visual\\link_6.stl""]",fanuc_m20ib25,ros-industrial,https://github.com/ros-industrial/fanuc/tree/74d7d441311590d3950b03da9a1a86409332c2e8/fanuc_m20ib_support,robotic arm,D:\CADtest\papertest\go_nogo1\sources\urdf_files_dataset\urdf_files\ros-industrial\xacro_generated\fanuc\fanuc_m20ib_support\urdf\m20ib25.urdf,original,1.0,True
202,True,"{""fixed"": 3, ""revolute"": 5}",Fanuc,6,True,5,6,1,8,9,6,6,0,6,6,M-430iA/2F,1.0,,True,A,ros-industrial\xacro_generated\fanuc\fanuc_m430ia_support\urdf\m430ia2f.urdf,"{""ancestor_suffix"": 6}","[""D:\\CADtest\\papertest\\go_nogo1\\sources\\urdf_files_dataset\\urdf_files\\ros-industrial\\xacro_generated\\fanuc\\fanuc_m430ia_support\\meshes\\m430ia2f\\visual\\base_link.stl"", ""D:\\CADtest\\papertest\\go_nogo1\\sources\\urdf_files_dataset\\urdf_files\\ros-industrial\\xacro_generated\\fanuc\\fanuc_m430ia_support\\meshes\\m430ia2f\\visual\\link_1.stl"", ""D:\\CADtest\\papertest\\go_nogo1\\sources\\urdf_files_dataset\\urdf_files\\ros-industrial\\xacro_generated\\fanuc\\fanuc_m430ia_support\\meshes\\m430ia2f\\visual\\link_2.stl"", ""D:\\CADtest\\papertest\\go_nogo1\\sources\\urdf_files_dataset\\urdf_files\\ros-industrial\\xacro_generated\\fanuc\\fanuc_m430ia_support\\meshes\\m430ia2f\\visual\\link_3.stl"", ""D:\\CADtest\\papertest\\go_nogo1\\sources\\urdf_files_dataset\\urdf_files\\ros-industrial\\xacro_generated\\fanuc\\fanuc_m430ia_support\\meshes\\m430ia2f\\visual\\link_4.stl"", ""D:\\CADtest\\papertest\\go_nogo1\\sources\\urdf_files_dataset\\urdf_files\\ros-industrial\\xacro_generated\\fanuc\\fanuc_m430ia_support\\meshes\\m430ia2f\\visual\\link_5.stl""]",fanuc_m430ia2f,ros-industrial,https://github.com/ros-industrial/fanuc/tree/74d7d441311590d3950b03da9a1a86409332c2e8/fanuc_m430ia_support,robotic arm,D:\CADtest\papertest\go_nogo1\sources\urdf_files_dataset\urdf_files\ros-industrial\xacro_generated\fanuc\fanuc_m430ia_support\urdf\m430ia2f.urdf,original,1.0,True
203,True,"{""fixed"": 3, ""revolute"": 6}",Fanuc,7,True,6,7,1,9,10,7,7,0,7,7,M-430iA/2P,1.0,,True,A,ros-industrial\xacro_generated\fanuc\fanuc_m430ia_support\urdf\m430ia2p.urdf,"{""ancestor_suffix"": 7}","[""D:\\CADtest\\papertest\\go_nogo1\\sources\\urdf_files_dataset\\urdf_files\\ros-industrial\\xacro_generated\\fanuc\\fanuc_m430ia_support\\meshes\\m430ia2p\\visual\\base_link.stl"", ""D:\\CADtest\\papertest\\go_nogo1\\sources\\urdf_files_dataset\\urdf_files\\ros-industrial\\xacro_generated\\fanuc\\fanuc_m430ia_support\\meshes\\m430ia2p\\visual\\link_1.stl"", ""D:\\CADtest\\papertest\\go_nogo1\\sources\\urdf_files_dataset\\urdf_files\\ros-industrial\\xacro_generated\\fanuc\\fanuc_m430ia_support\\meshes\\m430ia2p\\visual\\link_2.stl"", ""D:\\CADtest\\papertest\\go_nogo1\\sources\\urdf_files_dataset\\urdf_files\\ros-industrial\\xacro_generated\\fanuc\\fanuc_m430ia_support\\meshes\\m430ia2p\\visual\\link_3.stl"", ""D:\\CADtest\\papertest\\go_nogo1\\sources\\urdf_files_dataset\\urdf_files\\ros-industrial\\xacro_generated\\fanuc\\fanuc_m430ia_support\\meshes\\m430ia2p\\visual\\link_4.stl"", ""D:\\CADtest\\papertest\\go_nogo1\\sources\\urdf_files_dataset\\urdf_files\\ros-industrial\\xacro_generated\\fanuc\\fanuc_m430ia_support\\meshes\\m430ia2p\\visual\\link_5.stl"", ""D:\\CADtest\\papertest\\go_nogo1\\sources\\urdf_files_dataset\\urdf_files\\ros-industrial\\xacro_generated\\fanuc\\fanuc_m430ia_support\\meshes\\m430ia2p\\visual\\link_6.stl""]",fanuc_m430ia2p,ros-industrial,https://github.com/ros-industrial/fanuc/tree/74d7d441311590d3950b03da9a1a86409332c2e8/fanuc_m430ia_support,robotic arm,D:\CADtest\papertest\go_nogo1\sources\urdf_files_dataset\urdf_files\ros-industrial\xacro_generated\fanuc\fanuc_m430ia_support\urdf\m430ia2p.urdf,original,1.0,True
204,True,"{""fixed"": 3, ""revolute"": 6}",Fanuc,8,True,6,7,1,9,10,7,7,0,7,7,M-6iB,1.0,,True,A,ros-industrial\xacro_generated\fanuc\fanuc_m6ib_support\urdf\m6ib.urdf,"{""ancestor_suffix"": 7}","[""D:\\CADtest\\papertest\\go_nogo1\\sources\\urdf_files_dataset\\urdf_files\\ros-industrial\\xacro_generated\\fanuc\\fanuc_m6ib_support\\meshes\\m6ib\\visual\\base_link.stl"", ""D:\\CADtest\\papertest\\go_nogo1\\sources\\urdf_files_dataset\\urdf_files\\ros-industrial\\xacro_generated\\fanuc\\fanuc_m6ib_support\\meshes\\m6ib\\visual\\link_1.stl"", ""D:\\CADtest\\papertest\\go_nogo1\\sources\\urdf_files_dataset\\urdf_files\\ros-industrial\\xacro_generated\\fanuc\\fanuc_m6ib_support\\meshes\\m6ib\\visual\\link_2.stl"", ""D:\\CADtest\\papertest\\go_nogo1\\sources\\urdf_files_dataset\\urdf_files\\ros-industrial\\xacro_generated\\fanuc\\fanuc_m6ib_support\\meshes\\m6ib\\visual\\link_3.stl"", ""D:\\CADtest\\papertest\\go_nogo1\\sources\\urdf_files_dataset\\urdf_files\\ros-industrial\\xacro_generated\\fanuc\\fanuc_m6ib_support\\meshes\\m6ib\\visual\\link_4.stl"", ""D:\\CADtest\\papertest\\go_nogo1\\sources\\urdf_files_dataset\\urdf_files\\ros-industrial\\xacro_generated\\fanuc\\fanuc_m6ib_support\\meshes\\m6ib\\visual\\link_5.stl"", ""D:\\CADtest\\papertest\\go_nogo1\\sources\\urdf_files_dataset\\urdf_files\\ros-industrial\\xacro_generated\\fanuc\\fanuc_m6ib_support\\meshes\\m6ib\\visual\\link_6.stl""]",fanuc_m6ib,ros-industrial,https://github.com/ros-industrial/fanuc/tree/74d7d441311590d3950b03da9a1a86409332c2e8/fanuc_m6ib_support,robotic arm,D:\CADtest\papertest\go_nogo1\sources\urdf_files_dataset\urdf_files\ros-industrial\xacro_generated\fanuc\fanuc_m6ib_support\urdf\m6ib.urdf,original,1.0,True
205,True,"{""fixed"": 3, ""revolute"": 6}",Fanuc,7,True,6,7,1,9,10,7,7,0,7,7,M-6iB/6S,1.0,,True,A,ros-industrial\xacro_generated\fanuc\fanuc_m6ib_support\urdf\m6ib6s.urdf,"{""ancestor_suffix"": 7}","[""D:\\CADtest\\papertest\\go_nogo1\\sources\\urdf_files_dataset\\urdf_files\\ros-industrial\\xacro_generated\\fanuc\\fanuc_m6ib_support\\meshes\\m6ib6s\\visual\\link_2.stl"", ""D:\\CADtest\\papertest\\go_nogo1\\sources\\urdf_files_dataset\\urdf_files\\ros-industrial\\xacro_generated\\fanuc\\fanuc_m6ib_support\\meshes\\m6ib6s\\visual\\link_4.stl"", ""D:\\CADtest\\papertest\\go_nogo1\\sources\\urdf_files_dataset\\urdf_files\\ros-industrial\\xacro_generated\\fanuc\\fanuc_m6ib_support\\meshes\\m6ib\\visual\\base_link.stl"", ""D:\\CADtest\\papertest\\go_nogo1\\sources\\urdf_files_dataset\\urdf_files\\ros-industrial\\xacro_generated\\fanuc\\fanuc_m6ib_support\\meshes\\m6ib\\visual\\link_1.stl"", ""D:\\CADtest\\papertest\\go_nogo1\\sources\\urdf_files_dataset\\urdf_files\\ros-industrial\\xacro_generated\\fanuc\\fanuc_m6ib_support\\meshes\\m6ib\\visual\\link_3.stl"", ""D:\\CADtest\\papertest\\go_nogo1\\sources\\urdf_files_dataset\\urdf_files\\ros-industrial\\xacro_generated\\fanuc\\fanuc_m6ib_support\\meshes\\m6ib\\visual\\link_5.stl"", ""D:\\CADtest\\papertest\\go_nogo1\\sources\\urdf_files_dataset\\urdf_files\\ros-industrial\\xacro_generated\\fanuc\\fanuc_m6ib_support\\meshes\\m6ib\\visual\\link_6.stl""]",fanuc_m6ib6s,ros-industrial,https://github.com/ros-industrial/fanuc/tree/74d7d441311590d3950b03da9a1a86409332c2e8/fanuc_m6ib_support,robotic arm,D:\CADtest\papertest\go_nogo1\sources\urdf_files_dataset\urdf_files\ros-industrial\xacro_generated\fanuc\fanuc_m6ib_support\urdf\m6ib6s.urdf,original,1.0,True
207,True,"{""fixed"": 3, ""revolute"": 6}",Fanuc,8,True,6,7,1,9,10,7,7,0,7,7,M-710iC/45M,1.0,,True,A,ros-industrial\xacro_generated\fanuc\fanuc_m710ic_support\urdf\m710ic45m.urdf,"{""ancestor_suffix"": 7}","[""D:\\CADtest\\papertest\\go_nogo1\\sources\\urdf_files_dataset\\urdf_files\\ros-industrial\\xacro_generated\\fanuc\\fanuc_m710ic_support\\meshes\\m710ic45m\\visual\\link_2.stl"", ""D:\\CADtest\\papertest\\go_nogo1\\sources\\urdf_files_dataset\\urdf_files\\ros-industrial\\xacro_generated\\fanuc\\fanuc_m710ic_support\\meshes\\m710ic45m\\visual\\link_4.stl"", ""D:\\CADtest\\papertest\\go_nogo1\\sources\\urdf_files_dataset\\urdf_files\\ros-industrial\\xacro_generated\\fanuc\\fanuc_m710ic_support\\meshes\\m710ic50\\visual\\base_link.stl"", ""D:\\CADtest\\papertest\\go_nogo1\\sources\\urdf_files_dataset\\urdf_files\\ros-industrial\\xacro_generated\\fanuc\\fanuc_m710ic_support\\meshes\\m710ic50\\visual\\link_1.stl"", ""D:\\CADtest\\papertest\\go_nogo1\\sources\\urdf_files_dataset\\urdf_files\\ros-industrial\\xacro_generated\\fanuc\\fanuc_m710ic_support\\meshes\\m710ic50\\visual\\link_3.stl"", ""D:\\CADtest\\papertest\\go_nogo1\\sources\\urdf_files_dataset\\urdf_files\\ros-industrial\\xacro_generated\\fanuc\\fanuc_m710ic_support\\meshes\\m710ic50\\visual\\link_5.stl"", ""D:\\CADtest\\papertest\\go_nogo1\\sources\\urdf_files_dataset\\urdf_files\\ros-industrial\\xacro_generated\\fanuc\\fanuc_m710ic_support\\meshes\\m710ic50\\visual\\link_6.stl""]",fanuc_m710ic45m,ros-industrial,https://github.com/ros-industrial/fanuc/tree/74d7d441311590d3950b03da9a1a86409332c2e8/fanuc_m710ic_support,robotic arm,D:\CADtest\papertest\go_nogo1\sources\urdf_files_dataset\urdf_files\ros-industrial\xacro_generated\fanuc\fanuc_m710ic_support\urdf\m710ic45m.urdf,original,1.0,True
206,True,"{""fixed"": 3, ""revolute"": 6}",Fanuc,8,True,6,7,1,9,10,7,7,0,7,7,M-710iC/50,1.0,,True,A,ros-industrial\xacro_generated\fanuc\fanuc_m710ic_support\urdf\m710ic50.urdf,"{""ancestor_suffix"": 7}","[""D:\\CADtest\\papertest\\go_nogo1\\sources\\urdf_files_dataset\\urdf_files\\ros-industrial\\xacro_generated\\fanuc\\fanuc_m710ic_support\\meshes\\m710ic50\\visual\\base_link.stl"", ""D:\\CADtest\\papertest\\go_nogo1\\sources\\urdf_files_dataset\\urdf_files\\ros-industrial\\xacro_generated\\fanuc\\fanuc_m710ic_support\\meshes\\m710ic50\\visual\\link_1.stl"", ""D:\\CADtest\\papertest\\go_nogo1\\sources\\urdf_files_dataset\\urdf_files\\ros-industrial\\xacro_generated\\fanuc\\fanuc_m710ic_support\\meshes\\m710ic50\\visual\\link_2.stl"", ""D:\\CADtest\\papertest\\go_nogo1\\sources\\urdf_files_dataset\\urdf_files\\ros-industrial\\xacro_generated\\fanuc\\fanuc_m710ic_support\\meshes\\m710ic50\\visual\\link_3.stl"", ""D:\\CADtest\\papertest\\go_nogo1\\sources\\urdf_files_dataset\\urdf_files\\ros-industrial\\xacro_generated\\fanuc\\fanuc_m710ic_support\\meshes\\m710ic50\\visual\\link_4.stl"", ""D:\\CADtest\\papertest\\go_nogo1\\sources\\urdf_files_dataset\\urdf_files\\ros-industrial\\xacro_generated\\fanuc\\fanuc_m710ic_support\\meshes\\m710ic50\\visual\\link_5.stl"", ""D:\\CADtest\\papertest\\go_nogo1\\sources\\urdf_files_dataset\\urdf_files\\ros-industrial\\xacro_generated\\fanuc\\fanuc_m710ic_support\\meshes\\m710ic50\\visual\\link_6.stl""]",fanuc_m710ic50,ros-industrial,https://github.com/ros-industrial/fanuc/tree/74d7d441311590d3950b03da9a1a86409332c2e8/fanuc_m710ic_support,robotic arm,D:\CADtest\papertest\go_nogo1\sources\urdf_files_dataset\urdf_files\ros-industrial\xacro_generated\fanuc\fanuc_m710ic_support\urdf\m710ic50.urdf,original,1.0,True
208,True,"{""continuous"": 2, ""fixed"": 3, ""revolute"": 6}",Fanuc,8,True,8,9,1,11,12,9,9,0,9,9,M-900iA/260L,1.0,,True,A,ros-industrial\xacro_generated\fanuc\fanuc_m900ia_support\urdf\m900ia260l.urdf,"{""ancestor_suffix"": 9}","[""D:\\CADtest\\papertest\\go_nogo1\\sources\\urdf_files_dataset\\urdf_files\\ros-industrial\\xacro_generated\\fanuc\\fanuc_m900ia_support\\meshes\\m900ia260l\\visual\\base_link.stl"", ""D:\\CADtest\\papertest\\go_nogo1\\sources\\urdf_files_dataset\\urdf_files\\ros-industrial\\xacro_generated\\fanuc\\fanuc_m900ia_support\\meshes\\m900ia260l\\visual\\link_1.stl"", ""D:\\CADtest\\papertest\\go_nogo1\\sources\\urdf_files_dataset\\urdf_files\\ros-industrial\\xacro_generated\\fanuc\\fanuc_m900ia_support\\meshes\\m900ia260l\\visual\\link_2.stl"", ""D:\\CADtest\\papertest\\go_nogo1\\sources\\urdf_files_dataset\\urdf_files\\ros-industrial\\xacro_generated\\fanuc\\fanuc_m900ia_support\\meshes\\m900ia260l\\visual\\link_3.stl"", ""D:\\CADtest\\papertest\\go_nogo1\\sources\\urdf_files_dataset\\urdf_files\\ros-industrial\\xacro_generated\\fanuc\\fanuc_m900ia_support\\meshes\\m900ia260l\\visual\\link_4.stl"", ""D:\\CADtest\\papertest\\go_nogo1\\sources\\urdf_files_dataset\\urdf_files\\ros-industrial\\xacro_generated\\fanuc\\fanuc_m900ia_support\\meshes\\m900ia260l\\visual\\link_5.stl"", ""D:\\CADtest\\papertest\\go_nogo1\\sources\\urdf_files_dataset\\urdf_files\\ros-industrial\\xacro_generated\\fanuc\\fanuc_m900ia_support\\meshes\\m900ia260l\\visual\\link_6.stl"", ""D:\\CADtest\\papertest\\go_nogo1\\sources\\urdf_files_dataset\\urdf_files\\ros-industrial\\xacro_generated\\fanuc\\fanuc_m900ia_support\\meshes\\m900ia260l\\visual\\plink_1.stl"", ""D:\\CADtest\\papertest\\go_nogo1\\sources\\urdf_files_dataset\\urdf_files\\ros-industrial\\xacro_generated\\fanuc\\fanuc_m900ia_support\\meshes\\m900ia260l\\visual\\plink_2.stl""]",fanuc_m900ia260l,ros-industrial,https://github.com/ros-industrial/fanuc/tree/74d7d441311590d3950b03da9a1a86409332c2e8/fanuc_m900ia_support,robotic arm,D:\CADtest\papertest\go_nogo1\sources\urdf_files_dataset\urdf_files\ros-industrial\xacro_generated\fanuc\fanuc_m900ia_support\urdf\m900ia260l.urdf,original,1.0,True
209,True,"{""continuous"": 6, ""fixed"": 3, ""revolute"": 6}",Fanuc,8,True,12,13,1,15,16,13,13,0,13,13,M-900iB/700,1.0,,True,A,ros-industrial\xacro_generated\fanuc\fanuc_m900ib_support\urdf\m900ib700.urdf,"{""ancestor_suffix"": 13}","[""D:\\CADtest\\papertest\\go_nogo1\\sources\\urdf_files_dataset\\urdf_files\\ros-industrial\\xacro_generated\\fanuc\\fanuc_m900ib_support\\meshes\\m900ib700\\visual\\balancer.stl"", ""D:\\CADtest\\papertest\\go_nogo1\\sources\\urdf_files_dataset\\urdf_files\\ros-industrial\\xacro_generated\\fanuc\\fanuc_m900ib_support\\meshes\\m900ib700\\visual\\bar.stl"", ""D:\\CADtest\\papertest\\go_nogo1\\sources\\urdf_files_dataset\\urdf_files\\ros-industrial\\xacro_generated\\fanuc\\fanuc_m900ib_support\\meshes\\m900ib700\\visual\\base_link.stl"", ""D:\\CADtest\\papertest\\go_nogo1\\sources\\urdf_files_dataset\\urdf_files\\ros-industrial\\xacro_generated\\fanuc\\fanuc_m900ib_support\\meshes\\m900ib700\\visual\\counterweight.stl"", ""D:\\CADtest\\papertest\\go_nogo1\\sources\\urdf_files_dataset\\urdf_files\\ros-industrial\\xacro_generated\\fanuc\\fanuc_m900ib_support\\meshes\\m900ib700\\visual\\link_1.stl"", ""D:\\CADtest\\papertest\\go_nogo1\\sources\\urdf_files_dataset\\urdf_files\\ros-industrial\\xacro_generated\\fanuc\\fanuc_m900ib_support\\meshes\\m900ib700\\visual\\link_2.stl"", ""D:\\CADtest\\papertest\\go_nogo1\\sources\\urdf_files_dataset\\urdf_files\\ros-industrial\\xacro_generated\\fanuc\\fanuc_m900ib_support\\meshes\\m900ib700\\visual\\link_3.stl"", ""D:\\CADtest\\papertest\\go_nogo1\\sources\\urdf_files_dataset\\urdf_files\\ros-industrial\\xacro_generated\\fanuc\\fanuc_m900ib_support\\meshes\\m900ib700\\visual\\link_4.stl"", ""D:\\CADtest\\papertest\\go_nogo1\\sources\\urdf_files_dataset\\urdf_files\\ros-industrial\\xacro_generated\\fanuc\\fanuc_m900ib_support\\meshes\\m900ib700\\visual\\link_5.stl"", ""D:\\CADtest\\papertest\\go_nogo1\\sources\\urdf_files_dataset\\urdf_files\\ros-industrial\\xacro_generated\\fanuc\\fanuc_m900ib_support\\meshes\\m900ib700\\visual\\link_6.stl"", ""D:\\CADtest\\papertest\\go_nogo1\\sources\\urdf_files_dataset\\urdf_files\\ros-industrial\\xacro_generated\\fanuc\\fanuc_m900ib_support\\meshes\\m900ib700\\visual\\piston.stl""]",fanuc_m900ib700,ros-industrial,https://github.com/ros-industrial/fanuc/tree/74d7d441311590d3950b03da9a1a86409332c2e8/fanuc_m900ib_support,robotic arm,D:\CADtest\papertest\go_nogo1\sources\urdf_files_dataset\urdf_files\ros-industrial\xacro_generated\fanuc\fanuc_m900ib_support\urdf\m900ib700.urdf,original,1.0,True
210,True,"{""fixed"": 3, ""revolute"": 6}",Fanuc,8,True,6,7,1,9,10,7,7,0,7,7,R-1000iA/80F,1.0,,True,A,ros-industrial\xacro_generated\fanuc\fanuc_r1000ia_support\urdf\r1000ia80f.urdf,"{""ancestor_suffix"": 7}","[""D:\\CADtest\\papertest\\go_nogo1\\sources\\urdf_files_dataset\\urdf_files\\ros-industrial\\xacro_generated\\fanuc\\fanuc_r1000ia_support\\meshes\\r1000ia80f\\visual\\base_link.stl"", ""D:\\CADtest\\papertest\\go_nogo1\\sources\\urdf_files_dataset\\urdf_files\\ros-industrial\\xacro_generated\\fanuc\\fanuc_r1000ia_support\\meshes\\r1000ia80f\\visual\\link_1.stl"", ""D:\\CADtest\\papertest\\go_nogo1\\sources\\urdf_files_dataset\\urdf_files\\ros-industrial\\xacro_generated\\fanuc\\fanuc_r1000ia_support\\meshes\\r1000ia80f\\visual\\link_2.stl"", ""D:\\CADtest\\papertest\\go_nogo1\\sources\\urdf_files_dataset\\urdf_files\\ros-industrial\\xacro_generated\\fanuc\\fanuc_r1000ia_support\\meshes\\r1000ia80f\\visual\\link_3.stl"", ""D:\\CADtest\\papertest\\go_nogo1\\sources\\urdf_files_dataset\\urdf_files\\ros-industrial\\xacro_generated\\fanuc\\fanuc_r1000ia_support\\meshes\\r1000ia80f\\visual\\link_4.stl"", ""D:\\CADtest\\papertest\\go_nogo1\\sources\\urdf_files_dataset\\urdf_files\\ros-industrial\\xacro_generated\\fanuc\\fanuc_r1000ia_support\\meshes\\r1000ia80f\\visual\\link_5.stl"", ""D:\\CADtest\\papertest\\go_nogo1\\sources\\urdf_files_dataset\\urdf_files\\ros-industrial\\xacro_generated\\fanuc\\fanuc_r1000ia_support\\meshes\\r1000ia80f\\visual\\link_6.stl""]",fanuc_r1000ia80f,ros-industrial,https://github.com/ros-industrial/fanuc/tree/74d7d441311590d3950b03da9a1a86409332c2e8/fanuc_r1000ia_support,robotic arm,D:\CADtest\papertest\go_nogo1\sources\urdf_files_dataset\urdf_files\ros-industrial\xacro_generated\fanuc\fanuc_r1000ia_support\urdf\r1000ia80f.urdf,original,1.0,True
211,True,"{""fixed"": 3, ""revolute"": 6}",Fanuc,8,True,6,7,1,9,10,7,7,0,7,7,R-2000iB/210F,1.0,,True,A,ros-industrial\xacro_generated\fanuc\fanuc_r2000ib_support\urdf\r2000ib210f.urdf,"{""ancestor_suffix"": 7}","[""D:\\CADtest\\papertest\\go_nogo1\\sources\\urdf_files_dataset\\urdf_files\\ros-industrial\\xacro_generated\\fanuc\\fanuc_r2000ib_support\\meshes\\r2000ib210f\\visual\\base_link.stl"", ""D:\\CADtest\\papertest\\go_nogo1\\sources\\urdf_files_dataset\\urdf_files\\ros-industrial\\xacro_generated\\fanuc\\fanuc_r2000ib_support\\meshes\\r2000ib210f\\visual\\link_1.stl"", ""D:\\CADtest\\papertest\\go_nogo1\\sources\\urdf_files_dataset\\urdf_files\\ros-industrial\\xacro_generated\\fanuc\\fanuc_r2000ib_support\\meshes\\r2000ib210f\\visual\\link_2.stl"", ""D:\\CADtest\\papertest\\go_nogo1\\sources\\urdf_files_dataset\\urdf_files\\ros-industrial\\xacro_generated\\fanuc\\fanuc_r2000ib_support\\meshes\\r2000ib210f\\visual\\link_3.stl"", ""D:\\CADtest\\papertest\\go_nogo1\\sources\\urdf_files_dataset\\urdf_files\\ros-industrial\\xacro_generated\\fanuc\\fanuc_r2000ib_support\\meshes\\r2000ib210f\\visual\\link_4.stl"", ""D:\\CADtest\\papertest\\go_nogo1\\sources\\urdf_files_dataset\\urdf_files\\ros-industrial\\xacro_generated\\fanuc\\fanuc_r2000ib_support\\meshes\\r2000ib210f\\visual\\link_5.stl"", ""D:\\CADtest\\papertest\\go_nogo1\\sources\\urdf_files_dataset\\urdf_files\\ros-industrial\\xacro_generated\\fanuc\\fanuc_r2000ib_support\\meshes\\r2000ib210f\\visual\\link_6.stl""]",fanuc_r2000ib210f,ros-industrial,https://github.com/ros-industrial/fanuc_experimental/tree/faf8a758f7b25ae7b31ee836933102bd066dc528/fanuc_r2000ib_support,robotic arm,D:\CADtest\papertest\go_nogo1\sources\urdf_files_dataset\urdf_files\ros-industrial\xacro_generated\fanuc\fanuc_r2000ib_support\urdf\r2000ib210f.urdf,original,1.0,True
212,True,"{""fixed"": 3, ""revolute"": 6}",Fanuc,7,True,6,7,1,9,10,7,7,0,7,7,R-2000iC/125L,1.0,,True,A,ros-industrial\xacro_generated\fanuc\fanuc_r2000ic_support\urdf\r2000ic125l.urdf,"{""ancestor_suffix"": 7}","[""D:\\CADtest\\papertest\\go_nogo1\\sources\\urdf_files_dataset\\urdf_files\\ros-industrial\\xacro_generated\\fanuc\\fanuc_r2000ic_support\\meshes\\r2000ic125l\\visual\\base_link.stl"", ""D:\\CADtest\\papertest\\go_nogo1\\sources\\urdf_files_dataset\\urdf_files\\ros-industrial\\xacro_generated\\fanuc\\fanuc_r2000ic_support\\meshes\\r2000ic125l\\visual\\link_1.stl"", ""D:\\CADtest\\papertest\\go_nogo1\\sources\\urdf_files_dataset\\urdf_files\\ros-industrial\\xacro_generated\\fanuc\\fanuc_r2000ic_support\\meshes\\r2000ic125l\\visual\\link_2.stl"", ""D:\\CADtest\\papertest\\go_nogo1\\sources\\urdf_files_dataset\\urdf_files\\ros-industrial\\xacro_generated\\fanuc\\fanuc_r2000ic_support\\meshes\\r2000ic125l\\visual\\link_3.stl"", ""D:\\CADtest\\papertest\\go_nogo1\\sources\\urdf_files_dataset\\urdf_files\\ros-industrial\\xacro_generated\\fanuc\\fanuc_r2000ic_support\\meshes\\r2000ic125l\\visual\\link_4.stl"", ""D:\\CADtest\\papertest\\go_nogo1\\sources\\urdf_files_dataset\\urdf_files\\ros-industrial\\xacro_generated\\fanuc\\fanuc_r2000ic_support\\meshes\\r2000ic125l\\visual\\link_5.stl"", ""D:\\CADtest\\papertest\\go_nogo1\\sources\\urdf_files_dataset\\urdf_files\\ros-industrial\\xacro_generated\\fanuc\\fanuc_r2000ic_support\\meshes\\r2000ic125l\\visual\\link_6.stl""]",fanuc_r2000ic125l,ros-industrial,https://github.com/ros-industrial/fanuc_experimental/tree/faf8a758f7b25ae7b31ee836933102bd066dc528/fanuc_r2000ic_support,robotic arm,D:\CADtest\papertest\go_nogo1\sources\urdf_files_dataset\urdf_files\ros-industrial\xacro_generated\fanuc\fanuc_r2000ic_support\urdf\r2000ic125l.urdf,original,1.0,True
213,True,"{""fixed"": 3, ""revolute"": 6}",Fanuc,7,True,6,7,1,9,10,7,7,0,7,7,R-2000iC/165F,1.0,,True,A,ros-industrial\xacro_generated\fanuc\fanuc_r2000ic_support\urdf\r2000ic165f.urdf,"{""ancestor_suffix"": 7}","[""D:\\CADtest\\papertest\\go_nogo1\\sources\\urdf_files_dataset\\urdf_files\\ros-industrial\\xacro_generated\\fanuc\\fanuc_r2000ic_support\\meshes\\r2000ic165f\\visual\\base_link.stl"", ""D:\\CADtest\\papertest\\go_nogo1\\sources\\urdf_files_dataset\\urdf_files\\ros-industrial\\xacro_generated\\fanuc\\fanuc_r2000ic_support\\meshes\\r2000ic165f\\visual\\link_1.stl"", ""D:\\CADtest\\papertest\\go_nogo1\\sources\\urdf_files_dataset\\urdf_files\\ros-industrial\\xacro_generated\\fanuc\\fanuc_r2000ic_support\\meshes\\r2000ic165f\\visual\\link_2.stl"", ""D:\\CADtest\\papertest\\go_nogo1\\sources\\urdf_files_dataset\\urdf_files\\ros-industrial\\xacro_generated\\fanuc\\fanuc_r2000ic_support\\meshes\\r2000ic165f\\visual\\link_3.stl"", ""D:\\CADtest\\papertest\\go_nogo1\\sources\\urdf_files_dataset\\urdf_files\\ros-industrial\\xacro_generated\\fanuc\\fanuc_r2000ic_support\\meshes\\r2000ic165f\\visual\\link_4.stl"", ""D:\\CADtest\\papertest\\go_nogo1\\sources\\urdf_files_dataset\\urdf_files\\ros-industrial\\xacro_generated\\fanuc\\fanuc_r2000ic_support\\meshes\\r2000ic165f\\visual\\link_5.stl"", ""D:\\CADtest\\papertest\\go_nogo1\\sources\\urdf_files_dataset\\urdf_files\\ros-industrial\\xacro_generated\\fanuc\\fanuc_r2000ic_support\\meshes\\r2000ic165f\\visual\\link_6.stl""]",fanuc_r2000ic165f,ros-industrial,https://github.com/ros-industrial/fanuc_experimental/tree/faf8a758f7b25ae7b31ee836933102bd066dc528/fanuc_r2000ic_support,robotic arm,D:\CADtest\papertest\go_nogo1\sources\urdf_files_dataset\urdf_files\ros-industrial\xacro_generated\fanuc\fanuc_r2000ic_support\urdf\r2000ic165f.urdf,original,1.0,True
214,True,"{""fixed"": 3, ""revolute"": 6}",Fanuc,7,True,6,7,1,9,10,7,7,0,7,7,R-2000iC/210F,1.0,,True,A,ros-industrial\xacro_generated\fanuc\fanuc_r2000ic_support\urdf\r2000ic210f.urdf,"{""ancestor_suffix"": 7}","[""D:\\CADtest\\papertest\\go_nogo1\\sources\\urdf_files_dataset\\urdf_files\\ros-industrial\\xacro_generated\\fanuc\\fanuc_r2000ic_support\\meshes\\r2000ic165f\\visual\\base_link.stl"", ""D:\\CADtest\\papertest\\go_nogo1\\sources\\urdf_files_dataset\\urdf_files\\ros-industrial\\xacro_generated\\fanuc\\fanuc_r2000ic_support\\meshes\\r2000ic165f\\visual\\link_1.stl"", ""D:\\CADtest\\papertest\\go_nogo1\\sources\\urdf_files_dataset\\urdf_files\\ros-industrial\\xacro_generated\\fanuc\\fanuc_r2000ic_support\\meshes\\r2000ic165f\\visual\\link_2.stl"", ""D:\\CADtest\\papertest\\go_nogo1\\sources\\urdf_files_dataset\\urdf_files\\ros-industrial\\xacro_generated\\fanuc\\fanuc_r2000ic_support\\meshes\\r2000ic165f\\visual\\link_3.stl"", ""D:\\CADtest\\papertest\\go_nogo1\\sources\\urdf_files_dataset\\urdf_files\\ros-industrial\\xacro_generated\\fanuc\\fanuc_r2000ic_support\\meshes\\r2000ic165f\\visual\\link_4.stl"", ""D:\\CADtest\\papertest\\go_nogo1\\sources\\urdf_files_dataset\\urdf_files\\ros-industrial\\xacro_generated\\fanuc\\fanuc_r2000ic_support\\meshes\\r2000ic165f\\visual\\link_5.stl"", ""D:\\CADtest\\papertest\\go_nogo1\\sources\\urdf_files_dataset\\urdf_files\\ros-industrial\\xacro_generated\\fanuc\\fanuc_r2000ic_support\\meshes\\r2000ic165f\\visual\\link_6.stl""]",fanuc_r2000ic210f,ros-industrial,https://github.com/ros-industrial/fanuc_experimental/tree/faf8a758f7b25ae7b31ee836933102bd066dc528/fanuc_r2000ic_support,robotic arm,D:\CADtest\papertest\go_nogo1\sources\urdf_files_dataset\urdf_files\ros-industrial\xacro_generated\fanuc\fanuc_r2000ic_support\urdf\r2000ic210f.urdf,original,1.0,True
215,True,"{""fixed"": 3, ""revolute"": 6}",Fanuc,7,True,6,7,1,9,10,7,7,0,7,7,R-2000iC/210L,1.0,,True,A,ros-industrial\xacro_generated\fanuc\fanuc_r2000ic_support\urdf\r2000ic210l.urdf,"{""ancestor_suffix"": 7}","[""D:\\CADtest\\papertest\\go_nogo1\\sources\\urdf_files_dataset\\urdf_files\\ros-industrial\\xacro_generated\\fanuc\\fanuc_r2000ic_support\\meshes\\r2000ic210l\\visual\\base_link.stl"", ""D:\\CADtest\\papertest\\go_nogo1\\sources\\urdf_files_dataset\\urdf_files\\ros-industrial\\xacro_generated\\fanuc\\fanuc_r2000ic_support\\meshes\\r2000ic210l\\visual\\link_1.stl"", ""D:\\CADtest\\papertest\\go_nogo1\\sources\\urdf_files_dataset\\urdf_files\\ros-industrial\\xacro_generated\\fanuc\\fanuc_r2000ic_support\\meshes\\r2000ic210l\\visual\\link_2.stl"", ""D:\\CADtest\\papertest\\go_nogo1\\sources\\urdf_files_dataset\\urdf_files\\ros-industrial\\xacro_generated\\fanuc\\fanuc_r2000ic_support\\meshes\\r2000ic210l\\visual\\link_3.stl"", ""D:\\CADtest\\papertest\\go_nogo1\\sources\\urdf_files_dataset\\urdf_files\\ros-industrial\\xacro_generated\\fanuc\\fanuc_r2000ic_support\\meshes\\r2000ic210l\\visual\\link_4.stl"", ""D:\\CADtest\\papertest\\go_nogo1\\sources\\urdf_files_dataset\\urdf_files\\ros-industrial\\xacro_generated\\fanuc\\fanuc_r2000ic_support\\meshes\\r2000ic210l\\visual\\link_5.stl"", ""D:\\CADtest\\papertest\\go_nogo1\\sources\\urdf_files_dataset\\urdf_files\\ros-industrial\\xacro_generated\\fanuc\\fanuc_r2000ic_support\\meshes\\r2000ic210l\\visual\\link_6.stl""]",fanuc_r2000ic210l,ros-industrial,https://github.com/ros-industrial/fanuc_experimental/tree/faf8a758f7b25ae7b31ee836933102bd066dc528/fanuc_r2000ic_support,robotic arm,D:\CADtest\papertest\go_nogo1\sources\urdf_files_dataset\urdf_files\ros-industrial\xacro_generated\fanuc\fanuc_r2000ic_support\urdf\r2000ic210l.urdf,original,1.0,True
216,True,"{""fixed"": 3, ""revolute"": 6}",Fanuc,7,True,6,7,1,9,10,7,7,0,7,7,R-2000iC/270F,1.0,,True,A,ros-industrial\xacro_generated\fanuc\fanuc_r2000ic_support\urdf\r2000ic270f.urdf,"{""ancestor_suffix"": 7}","[""D:\\CADtest\\papertest\\go_nogo1\\sources\\urdf_files_dataset\\urdf_files\\ros-industrial\\xacro_generated\\fanuc\\fanuc_r2000ic_support\\meshes\\r2000ic270f\\visual\\base_link.stl"", ""D:\\CADtest\\papertest\\go_nogo1\\sources\\urdf_files_dataset\\urdf_files\\ros-industrial\\xacro_generated\\fanuc\\fanuc_r2000ic_support\\meshes\\r2000ic270f\\visual\\link_1.stl"", ""D:\\CADtest\\papertest\\go_nogo1\\sources\\urdf_files_dataset\\urdf_files\\ros-industrial\\xacro_generated\\fanuc\\fanuc_r2000ic_support\\meshes\\r2000ic270f\\visual\\link_2.stl"", ""D:\\CADtest\\papertest\\go_nogo1\\sources\\urdf_files_dataset\\urdf_files\\ros-industrial\\xacro_generated\\fanuc\\fanuc_r2000ic_support\\meshes\\r2000ic270f\\visual\\link_3.stl"", ""D:\\CADtest\\papertest\\go_nogo1\\sources\\urdf_files_dataset\\urdf_files\\ros-industrial\\xacro_generated\\fanuc\\fanuc_r2000ic_support\\meshes\\r2000ic270f\\visual\\link_4.stl"", ""D:\\CADtest\\papertest\\go_nogo1\\sources\\urdf_files_dataset\\urdf_files\\ros-industrial\\xacro_generated\\fanuc\\fanuc_r2000ic_support\\meshes\\r2000ic270f\\visual\\link_5.stl"", ""D:\\CADtest\\papertest\\go_nogo1\\sources\\urdf_files_dataset\\urdf_files\\ros-industrial\\xacro_generated\\fanuc\\fanuc_r2000ic_support\\meshes\\r2000ic270f\\visual\\link_6.stl""]",fanuc_r2000ic270f,ros-industrial,https://github.com/ros-industrial/fanuc_experimental/tree/faf8a758f7b25ae7b31ee836933102bd066dc528/fanuc_r2000ic_support,robotic arm,D:\CADtest\papertest\go_nogo1\sources\urdf_files_dataset\urdf_files\ros-industrial\xacro_generated\fanuc\fanuc_r2000ic_support\urdf\r2000ic270f.urdf,original,1.0,True
218,True,"{""fixed"": 3, ""revolute"": 6}",KUKA,8,True,6,7,1,9,10,7,7,0,7,7,KR 10 R1100 sixx,1.0,,True,A,ros-industrial\xacro_generated\kuka\kuka_kr10_support\urdf\kr10r1100sixx.urdf,"{""ancestor_suffix"": 7}","[""D:\\CADtest\\papertest\\go_nogo1\\sources\\urdf_files_dataset\\urdf_files\\ros-industrial\\xacro_generated\\kuka\\kuka_kr10_support\\meshes\\kr10r1100sixx\\visual\\base_link.stl"", ""D:\\CADtest\\papertest\\go_nogo1\\sources\\urdf_files_dataset\\urdf_files\\ros-industrial\\xacro_generated\\kuka\\kuka_kr10_support\\meshes\\kr10r1100sixx\\visual\\link_1.stl"", ""D:\\CADtest\\papertest\\go_nogo1\\sources\\urdf_files_dataset\\urdf_files\\ros-industrial\\xacro_generated\\kuka\\kuka_kr10_support\\meshes\\kr10r1100sixx\\visual\\link_2.stl"", ""D:\\CADtest\\papertest\\go_nogo1\\sources\\urdf_files_dataset\\urdf_files\\ros-industrial\\xacro_generated\\kuka\\kuka_kr10_support\\meshes\\kr10r1100sixx\\visual\\link_3.stl"", ""D:\\CADtest\\papertest\\go_nogo1\\sources\\urdf_files_dataset\\urdf_files\\ros-industrial\\xacro_generated\\kuka\\kuka_kr10_support\\meshes\\kr10r1100sixx\\visual\\link_4.stl"", ""D:\\CADtest\\papertest\\go_nogo1\\sources\\urdf_files_dataset\\urdf_files\\ros-industrial\\xacro_generated\\kuka\\kuka_kr10_support\\meshes\\kr10r1100sixx\\visual\\link_5.stl"", ""D:\\CADtest\\papertest\\go_nogo1\\sources\\urdf_files_dataset\\urdf_files\\ros-industrial\\xacro_generated\\kuka\\kuka_kr10_support\\meshes\\kr10r1100sixx\\visual\\link_6.stl""]",kuka_kr10r1100sixx,ros-industrial,https://github.com/ros-industrial/kuka_experimental/tree/e906e76700cec944c3f04728157f487b771cf399/kuka_kr10_support,robotic arm,D:\CADtest\papertest\go_nogo1\sources\urdf_files_dataset\urdf_files\ros-industrial\xacro_generated\kuka\kuka_kr10_support\urdf\kr10r1100sixx.urdf,original,1.0,True
219,True,"{""fixed"": 3, ""revolute"": 6}",KUKA,8,True,6,7,1,9,10,7,7,0,7,7,KR 10 R1420,1.0,,True,A,ros-industrial\xacro_generated\kuka\kuka_kr10_support\urdf\kr10r1420.urdf,"{""ancestor_suffix"": 7}","[""D:\\CADtest\\papertest\\go_nogo1\\sources\\urdf_files_dataset\\urdf_files\\ros-industrial\\xacro_generated\\kuka\\kuka_kr10_support\\meshes\\kr10r1420\\visual\\base_link.stl"", ""D:\\CADtest\\papertest\\go_nogo1\\sources\\urdf_files_dataset\\urdf_files\\ros-industrial\\xacro_generated\\kuka\\kuka_kr10_support\\meshes\\kr10r1420\\visual\\link_1.stl"", ""D:\\CADtest\\papertest\\go_nogo1\\sources\\urdf_files_dataset\\urdf_files\\ros-industrial\\xacro_generated\\kuka\\kuka_kr10_support\\meshes\\kr10r1420\\visual\\link_2.stl"", ""D:\\CADtest\\papertest\\go_nogo1\\sources\\urdf_files_dataset\\urdf_files\\ros-industrial\\xacro_generated\\kuka\\kuka_kr10_support\\meshes\\kr10r1420\\visual\\link_3.stl"", ""D:\\CADtest\\papertest\\go_nogo1\\sources\\urdf_files_dataset\\urdf_files\\ros-industrial\\xacro_generated\\kuka\\kuka_kr10_support\\meshes\\kr10r1420\\visual\\link_4.stl"", ""D:\\CADtest\\papertest\\go_nogo1\\sources\\urdf_files_dataset\\urdf_files\\ros-industrial\\xacro_generated\\kuka\\kuka_kr10_support\\meshes\\kr10r1420\\visual\\link_5.stl"", ""D:\\CADtest\\papertest\\go_nogo1\\sources\\urdf_files_dataset\\urdf_files\\ros-industrial\\xacro_generated\\kuka\\kuka_kr10_support\\meshes\\kr10r1420\\visual\\link_6.stl""]",kuka_kr10r1420,ros-industrial,https://github.com/ros-industrial/kuka_experimental/tree/e906e76700cec944c3f04728157f487b771cf399/kuka_kr10_support,robotic arm,D:\CADtest\papertest\go_nogo1\sources\urdf_files_dataset\urdf_files\ros-industrial\xacro_generated\kuka\kuka_kr10_support\urdf\kr10r1420.urdf,original,1.0,True
217,True,"{""fixed"": 3, ""revolute"": 6}",KUKA,8,True,6,7,1,9,10,7,7,0,7,7,KR 10 R900-2,1.0,,True,A,ros-industrial\xacro_generated\kuka\kuka_kr10_support\urdf\kr10r900_2.urdf,"{""ancestor_suffix"": 7}","[""D:\\CADtest\\papertest\\go_nogo1\\sources\\urdf_files_dataset\\urdf_files\\ros-industrial\\xacro_generated\\kuka\\kuka_kr10_support\\meshes\\kr10r900_2\\visual\\base_link.stl"", ""D:\\CADtest\\papertest\\go_nogo1\\sources\\urdf_files_dataset\\urdf_files\\ros-industrial\\xacro_generated\\kuka\\kuka_kr10_support\\meshes\\kr10r900_2\\visual\\link_1.stl"", ""D:\\CADtest\\papertest\\go_nogo1\\sources\\urdf_files_dataset\\urdf_files\\ros-industrial\\xacro_generated\\kuka\\kuka_kr10_support\\meshes\\kr10r900_2\\visual\\link_2.stl"", ""D:\\CADtest\\papertest\\go_nogo1\\sources\\urdf_files_dataset\\urdf_files\\ros-industrial\\xacro_generated\\kuka\\kuka_kr10_support\\meshes\\kr10r900_2\\visual\\link_3.stl"", ""D:\\CADtest\\papertest\\go_nogo1\\sources\\urdf_files_dataset\\urdf_files\\ros-industrial\\xacro_generated\\kuka\\kuka_kr10_support\\meshes\\kr10r900_2\\visual\\link_4.stl"", ""D:\\CADtest\\papertest\\go_nogo1\\sources\\urdf_files_dataset\\urdf_files\\ros-industrial\\xacro_generated\\kuka\\kuka_kr10_support\\meshes\\kr10r900_2\\visual\\link_5.stl"", ""D:\\CADtest\\papertest\\go_nogo1\\sources\\urdf_files_dataset\\urdf_files\\ros-industrial\\xacro_generated\\kuka\\kuka_kr10_support\\meshes\\kr10r900_2\\visual\\link_6.stl""]",kuka_kr10r900_2,ros-industrial,https://github.com/ros-industrial/kuka_experimental/tree/e906e76700cec944c3f04728157f487b771cf399/kuka_kr10_support,robotic arm,D:\CADtest\papertest\go_nogo1\sources\urdf_files_dataset\urdf_files\ros-industrial\xacro_generated\kuka\kuka_kr10_support\urdf\kr10r900_2.urdf,original,1.0,True
220,True,"{""fixed"": 3, ""revolute"": 6}",KUKA,8,True,6,7,1,9,10,7,7,0,7,7,KR 150-2,1.0,,True,A,ros-industrial\xacro_generated\kuka\kuka_kr150_support\urdf\kr150_2.urdf,"{""ancestor_suffix"": 7}","[""D:\\CADtest\\papertest\\go_nogo1\\sources\\urdf_files_dataset\\urdf_files\\ros-industrial\\xacro_generated\\kuka\\kuka_kr150_support\\meshes\\kr150_2\\visual\\base_link.dae"", ""D:\\CADtest\\papertest\\go_nogo1\\sources\\urdf_files_dataset\\urdf_files\\ros-industrial\\xacro_generated\\kuka\\kuka_kr150_support\\meshes\\kr150_2\\visual\\link_1.dae"", ""D:\\CADtest\\papertest\\go_nogo1\\sources\\urdf_files_dataset\\urdf_files\\ros-industrial\\xacro_generated\\kuka\\kuka_kr150_support\\meshes\\kr150_2\\visual\\link_2.dae"", ""D:\\CADtest\\papertest\\go_nogo1\\sources\\urdf_files_dataset\\urdf_files\\ros-industrial\\xacro_generated\\kuka\\kuka_kr150_support\\meshes\\kr150_2\\visual\\link_3.dae"", ""D:\\CADtest\\papertest\\go_nogo1\\sources\\urdf_files_dataset\\urdf_files\\ros-industrial\\xacro_generated\\kuka\\kuka_kr150_support\\meshes\\kr150_2\\visual\\link_4.dae"", ""D:\\CADtest\\papertest\\go_nogo1\\sources\\urdf_files_dataset\\urdf_files\\ros-industrial\\xacro_generated\\kuka\\kuka_kr150_support\\meshes\\kr150_2\\visual\\link_5.dae"", ""D:\\CADtest\\papertest\\go_nogo1\\sources\\urdf_files_dataset\\urdf_files\\ros-industrial\\xacro_generated\\kuka\\kuka_kr150_support\\meshes\\kr150_2\\visual\\link_6.dae""]",kuka_kr150_2,ros-industrial,https://github.com/ros-industrial/kuka_experimental/tree/e906e76700cec944c3f04728157f487b771cf399/kuka_kr150_support,robotic arm,D:\CADtest\papertest\go_nogo1\sources\urdf_files_dataset\urdf_files\ros-industrial\xacro_generated\kuka\kuka_kr150_support\urdf\kr150_2.urdf,original,1.0,True
221,True,"{""fixed"": 3, ""revolute"": 6}",KUKA,8,True,6,7,1,9,10,7,7,0,7,7,KR 150 R3100-2,1.0,,True,A,ros-industrial\xacro_generated\kuka\kuka_kr150_support\urdf\kr150r3100_2.urdf,"{""ancestor_suffix"": 7}","[""D:\\CADtest\\papertest\\go_nogo1\\sources\\urdf_files_dataset\\urdf_files\\ros-industrial\\xacro_generated\\kuka\\kuka_kr150_support\\meshes\\kr150r3100_2\\visual\\base_link.stl"", ""D:\\CADtest\\papertest\\go_nogo1\\sources\\urdf_files_dataset\\urdf_files\\ros-industrial\\xacro_generated\\kuka\\kuka_kr150_support\\meshes\\kr150r3100_2\\visual\\link_1.stl"", ""D:\\CADtest\\papertest\\go_nogo1\\sources\\urdf_files_dataset\\urdf_files\\ros-industrial\\xacro_generated\\kuka\\kuka_kr150_support\\meshes\\kr150r3100_2\\visual\\link_2.stl"", ""D:\\CADtest\\papertest\\go_nogo1\\sources\\urdf_files_dataset\\urdf_files\\ros-industrial\\xacro_generated\\kuka\\kuka_kr150_support\\meshes\\kr150r3100_2\\visual\\link_3.stl"", ""D:\\CADtest\\papertest\\go_nogo1\\sources\\urdf_files_dataset\\urdf_files\\ros-industrial\\xacro_generated\\kuka\\kuka_kr150_support\\meshes\\kr150r3100_2\\visual\\link_4.stl"", ""D:\\CADtest\\papertest\\go_nogo1\\sources\\urdf_files_dataset\\urdf_files\\ros-industrial\\xacro_generated\\kuka\\kuka_kr150_support\\meshes\\kr150r3100_2\\visual\\link_5.stl"", ""D:\\CADtest\\papertest\\go_nogo1\\sources\\urdf_files_dataset\\urdf_files\\ros-industrial\\xacro_generated\\kuka\\kuka_kr150_support\\meshes\\kr150r3100_2\\visual\\link_6.stl""]",kuka_kr150r3100_2,ros-industrial,https://github.com/ros-industrial/kuka_experimental/tree/e906e76700cec944c3f04728157f487b771cf399/kuka_kr150_support,robotic arm,D:\CADtest\papertest\go_nogo1\sources\urdf_files_dataset\urdf_files\ros-industrial\xacro_generated\kuka\kuka_kr150_support\urdf\kr150r3100_2.urdf,original,1.0,True
222,True,"{""fixed"": 3, ""revolute"": 6}",KUKA,8,True,6,7,1,9,10,7,7,0,7,7,KR 3 R540,1.0,,True,A,ros-industrial\xacro_generated\kuka\kuka_kr3_support\urdf\kr3r540.urdf,"{""ancestor_suffix"": 7}","[""D:\\CADtest\\papertest\\go_nogo1\\sources\\urdf_files_dataset\\urdf_files\\ros-industrial\\xacro_generated\\kuka\\kuka_kr3_support\\meshes\\kr3r540\\visual\\base_link.stl"", ""D:\\CADtest\\papertest\\go_nogo1\\sources\\urdf_files_dataset\\urdf_files\\ros-industrial\\xacro_generated\\kuka\\kuka_kr3_support\\meshes\\kr3r540\\visual\\link_1.stl"", ""D:\\CADtest\\papertest\\go_nogo1\\sources\\urdf_files_dataset\\urdf_files\\ros-industrial\\xacro_generated\\kuka\\kuka_kr3_support\\meshes\\kr3r540\\visual\\link_2.stl"", ""D:\\CADtest\\papertest\\go_nogo1\\sources\\urdf_files_dataset\\urdf_files\\ros-industrial\\xacro_generated\\kuka\\kuka_kr3_support\\meshes\\kr3r540\\visual\\link_3.stl"", ""D:\\CADtest\\papertest\\go_nogo1\\sources\\urdf_files_dataset\\urdf_files\\ros-industrial\\xacro_generated\\kuka\\kuka_kr3_support\\meshes\\kr3r540\\visual\\link_4.stl"", ""D:\\CADtest\\papertest\\go_nogo1\\sources\\urdf_files_dataset\\urdf_files\\ros-industrial\\xacro_generated\\kuka\\kuka_kr3_support\\meshes\\kr3r540\\visual\\link_5.stl"", ""D:\\CADtest\\papertest\\go_nogo1\\sources\\urdf_files_dataset\\urdf_files\\ros-industrial\\xacro_generated\\kuka\\kuka_kr3_support\\meshes\\kr3r540\\visual\\link_6.stl""]",kuka_kr3r540,ros-industrial,https://github.com/ros-industrial/kuka_experimental/tree/e906e76700cec944c3f04728157f487b771cf399/kuka_kr3_support,robotic arm,D:\CADtest\papertest\go_nogo1\sources\urdf_files_dataset\urdf_files\ros-industrial\xacro_generated\kuka\kuka_kr3_support\urdf\kr3r540.urdf,original,1.0,True
223,True,"{""fixed"": 3, ""revolute"": 6}",KUKA,8,True,6,7,1,9,10,7,7,0,7,7,KR 5 ARC,1.0,,True,A,ros-industrial\xacro_generated\kuka\kuka_kr5_support\urdf\kr5_arc.urdf,"{""ancestor_suffix"": 7}","[""D:\\CADtest\\papertest\\go_nogo1\\sources\\urdf_files_dataset\\urdf_files\\ros-industrial\\xacro_generated\\kuka\\kuka_kr5_support\\meshes\\kr5_arc\\visual\\base_link.dae"", ""D:\\CADtest\\papertest\\go_nogo1\\sources\\urdf_files_dataset\\urdf_files\\ros-industrial\\xacro_generated\\kuka\\kuka_kr5_support\\meshes\\kr5_arc\\visual\\link_1.dae"", ""D:\\CADtest\\papertest\\go_nogo1\\sources\\urdf_files_dataset\\urdf_files\\ros-industrial\\xacro_generated\\kuka\\kuka_kr5_support\\meshes\\kr5_arc\\visual\\link_2.dae"", ""D:\\CADtest\\papertest\\go_nogo1\\sources\\urdf_files_dataset\\urdf_files\\ros-industrial\\xacro_generated\\kuka\\kuka_kr5_support\\meshes\\kr5_arc\\visual\\link_3.dae"", ""D:\\CADtest\\papertest\\go_nogo1\\sources\\urdf_files_dataset\\urdf_files\\ros-industrial\\xacro_generated\\kuka\\kuka_kr5_support\\meshes\\kr5_arc\\visual\\link_4.dae"", ""D:\\CADtest\\papertest\\go_nogo1\\sources\\urdf_files_dataset\\urdf_files\\ros-industrial\\xacro_generated\\kuka\\kuka_kr5_support\\meshes\\kr5_arc\\visual\\link_5.dae"", ""D:\\CADtest\\papertest\\go_nogo1\\sources\\urdf_files_dataset\\urdf_files\\ros-industrial\\xacro_generated\\kuka\\kuka_kr5_support\\meshes\\kr5_arc\\visual\\link_6.dae""]",kuka_kr5_arc,ros-industrial,https://github.com/ros-industrial/kuka_experimental/tree/e906e76700cec944c3f04728157f487b771cf399/kuka_kr5_support,robotic arm,D:\CADtest\papertest\go_nogo1\sources\urdf_files_dataset\urdf_files\ros-industrial\xacro_generated\kuka\kuka_kr5_support\urdf\kr5_arc.urdf,original,1.0,True
224,True,"{""fixed"": 3, ""revolute"": 6}",KUKA,8,True,6,7,1,9,10,7,7,0,7,7,KR 6 R700 sixx,1.0,,True,A,ros-industrial\xacro_generated\kuka\kuka_kr6_support\urdf\kr6r700sixx.urdf,"{""ancestor_suffix"": 7}","[""D:\\CADtest\\papertest\\go_nogo1\\sources\\urdf_files_dataset\\urdf_files\\ros-industrial\\xacro_generated\\kuka\\kuka_kr6_support\\meshes\\kr6_agilus\\visual\\base_link.dae"", ""D:\\CADtest\\papertest\\go_nogo1\\sources\\urdf_files_dataset\\urdf_files\\ros-industrial\\xacro_generated\\kuka\\kuka_kr6_support\\meshes\\kr6_agilus\\visual\\link_1.dae"", ""D:\\CADtest\\papertest\\go_nogo1\\sources\\urdf_files_dataset\\urdf_files\\ros-industrial\\xacro_generated\\kuka\\kuka_kr6_support\\meshes\\kr6_agilus\\visual\\link_3.dae"", ""D:\\CADtest\\papertest\\go_nogo1\\sources\\urdf_files_dataset\\urdf_files\\ros-industrial\\xacro_generated\\kuka\\kuka_kr6_support\\meshes\\kr6_agilus\\visual\\link_5.dae"", ""D:\\CADtest\\papertest\\go_nogo1\\sources\\urdf_files_dataset\\urdf_files\\ros-industrial\\xacro_generated\\kuka\\kuka_kr6_support\\meshes\\kr6_agilus\\visual\\link_6.dae"", ""D:\\CADtest\\papertest\\go_nogo1\\sources\\urdf_files_dataset\\urdf_files\\ros-industrial\\xacro_generated\\kuka\\kuka_kr6_support\\meshes\\kr6r700sixx\\visual\\link_2.dae"", ""D:\\CADtest\\papertest\\go_nogo1\\sources\\urdf_files_dataset\\urdf_files\\ros-industrial\\xacro_generated\\kuka\\kuka_kr6_support\\meshes\\kr6r700sixx\\visual\\link_4.dae""]",kuka_kr6r700sixx,ros-industrial,https://github.com/ros-industrial/kuka_experimental/tree/e906e76700cec944c3f04728157f487b771cf399/kuka_kr6_support,robotic arm,D:\CADtest\papertest\go_nogo1\sources\urdf_files_dataset\urdf_files\ros-industrial\xacro_generated\kuka\kuka_kr6_support\urdf\kr6r700sixx.urdf,original,1.0,True
225,True,"{""fixed"": 3, ""revolute"": 6}",KUKA,8,True,6,7,1,9,10,7,7,0,7,7,KR 6 R900-2,1.0,,True,A,ros-industrial\xacro_generated\kuka\kuka_kr6_support\urdf\kr6r900_2.urdf,"{""ancestor_suffix"": 7}","[""D:\\CADtest\\papertest\\go_nogo1\\sources\\urdf_files_dataset\\urdf_files\\ros-industrial\\xacro_generated\\kuka\\kuka_kr10_support\\meshes\\kr10r900_2\\visual\\base_link.stl"", ""D:\\CADtest\\papertest\\go_nogo1\\sources\\urdf_files_dataset\\urdf_files\\ros-industrial\\xacro_generated\\kuka\\kuka_kr10_support\\meshes\\kr10r900_2\\visual\\link_1.stl"", ""D:\\CADtest\\papertest\\go_nogo1\\sources\\urdf_files_dataset\\urdf_files\\ros-industrial\\xacro_generated\\kuka\\kuka_kr10_support\\meshes\\kr10r900_2\\visual\\link_2.stl"", ""D:\\CADtest\\papertest\\go_nogo1\\sources\\urdf_files_dataset\\urdf_files\\ros-industrial\\xacro_generated\\kuka\\kuka_kr10_support\\meshes\\kr10r900_2\\visual\\link_3.stl"", ""D:\\CADtest\\papertest\\go_nogo1\\sources\\urdf_files_dataset\\urdf_files\\ros-industrial\\xacro_generated\\kuka\\kuka_kr10_support\\meshes\\kr10r900_2\\visual\\link_4.stl"", ""D:\\CADtest\\papertest\\go_nogo1\\sources\\urdf_files_dataset\\urdf_files\\ros-industrial\\xacro_generated\\kuka\\kuka_kr10_support\\meshes\\kr10r900_2\\visual\\link_5.stl"", ""D:\\CADtest\\papertest\\go_nogo1\\sources\\urdf_files_dataset\\urdf_files\\ros-industrial\\xacro_generated\\kuka\\kuka_kr10_support\\meshes\\kr10r900_2\\visual\\link_6.stl""]",kuka_kr6r900_2,ros-industrial,https://github.com/ros-industrial/kuka_experimental/tree/e906e76700cec944c3f04728157f487b771cf399/kuka_kr6_support,robotic arm,D:\CADtest\papertest\go_nogo1\sources\urdf_files_dataset\urdf_files\ros-industrial\xacro_generated\kuka\kuka_kr6_support\urdf\kr6r900_2.urdf,original,1.0,True
226,True,"{""fixed"": 3, ""revolute"": 6}",KUKA,8,True,6,7,1,9,10,7,7,0,7,7,KR 6 R900 sixx,1.0,,True,A,ros-industrial\xacro_generated\kuka\kuka_kr6_support\urdf\kr6r900sixx.urdf,"{""ancestor_suffix"": 7}","[""D:\\CADtest\\papertest\\go_nogo1\\sources\\urdf_files_dataset\\urdf_files\\ros-industrial\\xacro_generated\\kuka\\kuka_kr6_support\\meshes\\kr6_agilus\\visual\\base_link.dae"", ""D:\\CADtest\\papertest\\go_nogo1\\sources\\urdf_files_dataset\\urdf_files\\ros-industrial\\xacro_generated\\kuka\\kuka_kr6_support\\meshes\\kr6_agilus\\visual\\link_1.dae"", ""D:\\CADtest\\papertest\\go_nogo1\\sources\\urdf_files_dataset\\urdf_files\\ros-industrial\\xacro_generated\\kuka\\kuka_kr6_support\\meshes\\kr6_agilus\\visual\\link_3.dae"", ""D:\\CADtest\\papertest\\go_nogo1\\sources\\urdf_files_dataset\\urdf_files\\ros-industrial\\xacro_generated\\kuka\\kuka_kr6_support\\meshes\\kr6_agilus\\visual\\link_5.dae"", ""D:\\CADtest\\papertest\\go_nogo1\\sources\\urdf_files_dataset\\urdf_files\\ros-industrial\\xacro_generated\\kuka\\kuka_kr6_support\\meshes\\kr6_agilus\\visual\\link_6.dae"", ""D:\\CADtest\\papertest\\go_nogo1\\sources\\urdf_files_dataset\\urdf_files\\ros-industrial\\xacro_generated\\kuka\\kuka_kr6_support\\meshes\\kr6r900sixx\\visual\\link_2.dae"", ""D:\\CADtest\\papertest\\go_nogo1\\sources\\urdf_files_dataset\\urdf_files\\ros-industrial\\xacro_generated\\kuka\\kuka_kr6_support\\meshes\\kr6r900sixx\\visual\\link_4.dae""]",kuka_kr6r900sixx,ros-industrial,https://github.com/ros-industrial/kuka_experimental/tree/e906e76700cec944c3f04728157f487b771cf399/kuka_kr6_support,robotic arm,D:\CADtest\papertest\go_nogo1\sources\urdf_files_dataset\urdf_files\ros-industrial\xacro_generated\kuka\kuka_kr6_support\urdf\kr6r900sixx.urdf,original,1.0,True
227,True,"{""fixed"": 4, ""revolute"": 6}",Robotiq,4,True,6,9,1,10,11,9,11,2,9,9,2F-140 gripper,1.0,,True,A,ros-industrial\xacro_generated\robotiq\robotiq_2f_140_gripper_visualization\urdf\robotiq_arg2f_140_model.urdf,"{""ancestor_suffix"": 9}","[""D:\\CADtest\\papertest\\go_nogo1\\sources\\urdf_files_dataset\\urdf_files\\ros-industrial\\xacro_generated\\robotiq\\robotiq_2f_140_gripper_visualization\\meshes\\visual\\robotiq_arg2f_140_inner_finger.stl"", ""D:\\CADtest\\papertest\\go_nogo1\\sources\\urdf_files_dataset\\urdf_files\\ros-industrial\\xacro_generated\\robotiq\\robotiq_2f_140_gripper_visualization\\meshes\\visual\\robotiq_arg2f_140_inner_knuckle.stl"", ""D:\\CADtest\\papertest\\go_nogo1\\sources\\urdf_files_dataset\\urdf_files\\ros-industrial\\xacro_generated\\robotiq\\robotiq_2f_140_gripper_visualization\\meshes\\visual\\robotiq_arg2f_140_outer_finger.stl"", ""D:\\CADtest\\papertest\\go_nogo1\\sources\\urdf_files_dataset\\urdf_files\\ros-industrial\\xacro_generated\\robotiq\\robotiq_2f_140_gripper_visualization\\meshes\\visual\\robotiq_arg2f_140_outer_knuckle.stl"", ""D:\\CADtest\\papertest\\go_nogo1\\sources\\urdf_files_dataset\\urdf_files\\ros-industrial\\xacro_generated\\robotiq\\robotiq_2f_140_gripper_visualization\\meshes\\visual\\robotiq_arg2f_base_link.stl""]",robotiq_arg2f_140_model,ros-industrial,https://github.com/ros-industrial/robotiq/tree/kinetic-devel/robotiq_2f_140_gripper_visualization,end effector,D:\CADtest\papertest\go_nogo1\sources\urdf_files_dataset\urdf_files\ros-industrial\xacro_generated\robotiq\robotiq_2f_140_gripper_visualization\urdf\robotiq_arg2f_140_model.urdf,original,1.0,True
228,True,"{""fixed"": 4, ""revolute"": 6}",Robotiq,4,True,6,9,1,10,11,9,11,2,9,9,2F-85 gripper,1.0,,True,A,ros-industrial\xacro_generated\robotiq\robotiq_2f_85_gripper_visualization\urdf\robotiq_arg2f_85_model.urdf,"{""ancestor_suffix"": 9}","[""D:\\CADtest\\papertest\\go_nogo1\\sources\\urdf_files_dataset\\urdf_files\\ros-industrial\\xacro_generated\\robotiq\\robotiq_2f_85_gripper_visualization\\meshes\\visual\\robotiq_arg2f_85_base_link.dae"", ""D:\\CADtest\\papertest\\go_nogo1\\sources\\urdf_files_dataset\\urdf_files\\ros-industrial\\xacro_generated\\robotiq\\robotiq_2f_85_gripper_visualization\\meshes\\visual\\robotiq_arg2f_85_inner_finger.dae"", ""D:\\CADtest\\papertest\\go_nogo1\\sources\\urdf_files_dataset\\urdf_files\\ros-industrial\\xacro_generated\\robotiq\\robotiq_2f_85_gripper_visualization\\meshes\\visual\\robotiq_arg2f_85_inner_knuckle.dae"", ""D:\\CADtest\\papertest\\go_nogo1\\sources\\urdf_files_dataset\\urdf_files\\ros-industrial\\xacro_generated\\robotiq\\robotiq_2f_85_gripper_visualization\\meshes\\visual\\robotiq_arg2f_85_outer_finger.dae"", ""D:\\CADtest\\papertest\\go_nogo1\\sources\\urdf_files_dataset\\urdf_files\\ros-industrial\\xacro_generated\\robotiq\\robotiq_2f_85_gripper_visualization\\meshes\\visual\\robotiq_arg2f_85_outer_knuckle.dae""]",robotiq_arg2f_85_model,ros-industrial,https://github.com/ros-industrial/robotiq/tree/kinetic-devel/robotiq_2f_85_gripper_visualization,end effector,D:\CADtest\papertest\go_nogo1\sources\urdf_files_dataset\urdf_files\ros-industrial\xacro_generated\robotiq\robotiq_2f_85_gripper_visualization\urdf\robotiq_arg2f_85_model.urdf,original,1.0,True
229,True,"{""fixed"": 3}",Robotiq,3,True,0,2,1,3,4,2,2,0,2,2,FT 300 sensor,1.0,,True,A,ros-industrial\xacro_generated\robotiq\robotiq_ft_sensor\urdf\example_use_robotiq_ft300.urdf,"{""ancestor_suffix"": 2}","[""D:\\CADtest\\papertest\\go_nogo1\\sources\\urdf_files_dataset\\urdf_files\\ros-industrial\\xacro_generated\\robotiq\\robotiq_ft_sensor\\meshes\\visual\\mountings\\robotiq_ft300-G-062-COUPLING_G-50-4M6-1D6_20181119.STL"", ""D:\\CADtest\\papertest\\go_nogo1\\sources\\urdf_files_dataset\\urdf_files\\ros-industrial\\xacro_generated\\robotiq\\robotiq_ft_sensor\\meshes\\visual\\robotiq_ft300.STL""]",robotiq_arg2f_80_model,ros-industrial,https://github.com/ros-industrial/robotiq/tree/kinetic-devel/robotiq_ft_sensor,end effector,D:\CADtest\papertest\go_nogo1\sources\urdf_files_dataset\urdf_files\ros-industrial\xacro_generated\robotiq\robotiq_ft_sensor\urdf\example_use_robotiq_ft300.urdf,original,1.0,True
230,True,"{""fixed"": 3, ""revolute"": 6}",Staubli,8,True,6,7,1,9,10,7,7,0,7,7,TX2-60,1.0,,True,A,ros-industrial\xacro_generated\staubli\staubli_tx2_60_support\urdf\tx2_60.urdf,"{""ancestor_suffix"": 7}","[""D:\\CADtest\\papertest\\go_nogo1\\sources\\urdf_files_dataset\\urdf_files\\ros-industrial\\xacro_generated\\staubli\\staubli_tx2_60_support\\meshes\\tx2_60\\visual\\base_link.stl"", ""D:\\CADtest\\papertest\\go_nogo1\\sources\\urdf_files_dataset\\urdf_files\\ros-industrial\\xacro_generated\\staubli\\staubli_tx2_60_support\\meshes\\tx2_60\\visual\\link_1.stl"", ""D:\\CADtest\\papertest\\go_nogo1\\sources\\urdf_files_dataset\\urdf_files\\ros-industrial\\xacro_generated\\staubli\\staubli_tx2_60_support\\meshes\\tx2_60\\visual\\link_2.stl"", ""D:\\CADtest\\papertest\\go_nogo1\\sources\\urdf_files_dataset\\urdf_files\\ros-industrial\\xacro_generated\\staubli\\staubli_tx2_60_support\\meshes\\tx2_60\\visual\\link_3.stl"", ""D:\\CADtest\\papertest\\go_nogo1\\sources\\urdf_files_dataset\\urdf_files\\ros-industrial\\xacro_generated\\staubli\\staubli_tx2_60_support\\meshes\\tx2_60\\visual\\link_4.stl"", ""D:\\CADtest\\papertest\\go_nogo1\\sources\\urdf_files_dataset\\urdf_files\\ros-industrial\\xacro_generated\\staubli\\staubli_tx60_support\\meshes\\tx60\\visual\\link_5.stl"", ""D:\\CADtest\\papertest\\go_nogo1\\sources\\urdf_files_dataset\\urdf_files\\ros-industrial\\xacro_generated\\staubli\\staubli_tx60_support\\meshes\\tx60\\visual\\link_6.stl""]",staubli_tx2_60,ros-industrial,https://github.com/ros-industrial/staubli_experimental/tree/256a71acea2161b64e12af1a6b925a7f26695007/staubli_tx2_60_support,robotic arm,D:\CADtest\papertest\go_nogo1\sources\urdf_files_dataset\urdf_files\ros-industrial\xacro_generated\staubli\staubli_tx2_60_support\urdf\tx2_60.urdf,original,1.0,True
231,True,"{""fixed"": 3, ""revolute"": 6}",Staubli,8,True,6,7,1,9,10,7,7,0,7,7,TX2-60L,1.0,,True,A,ros-industrial\xacro_generated\staubli\staubli_tx2_60_support\urdf\tx2_60l.urdf,"{""ancestor_suffix"": 7}","[""D:\\CADtest\\papertest\\go_nogo1\\sources\\urdf_files_dataset\\urdf_files\\ros-industrial\\xacro_generated\\staubli\\staubli_tx2_60_support\\meshes\\tx2_60\\visual\\base_link.stl"", ""D:\\CADtest\\papertest\\go_nogo1\\sources\\urdf_files_dataset\\urdf_files\\ros-industrial\\xacro_generated\\staubli\\staubli_tx2_60_support\\meshes\\tx2_60\\visual\\link_1.stl"", ""D:\\CADtest\\papertest\\go_nogo1\\sources\\urdf_files_dataset\\urdf_files\\ros-industrial\\xacro_generated\\staubli\\staubli_tx2_60_support\\meshes\\tx2_60\\visual\\link_3.stl"", ""D:\\CADtest\\papertest\\go_nogo1\\sources\\urdf_files_dataset\\urdf_files\\ros-industrial\\xacro_generated\\staubli\\staubli_tx2_60_support\\meshes\\tx2_60l\\visual\\link_2.stl"", ""D:\\CADtest\\papertest\\go_nogo1\\sources\\urdf_files_dataset\\urdf_files\\ros-industrial\\xacro_generated\\staubli\\staubli_tx2_60_support\\meshes\\tx2_60l\\visual\\link_4.stl"", ""D:\\CADtest\\papertest\\go_nogo1\\sources\\urdf_files_dataset\\urdf_files\\ros-industrial\\xacro_generated\\staubli\\staubli_tx60_support\\meshes\\tx60\\visual\\link_5.stl"", ""D:\\CADtest\\papertest\\go_nogo1\\sources\\urdf_files_dataset\\urdf_files\\ros-industrial\\xacro_generated\\staubli\\staubli_tx60_support\\meshes\\tx60\\visual\\link_6.stl""]",staubli_tx2_60l,ros-industrial,https://github.com/ros-industrial/staubli_experimental/tree/256a71acea2161b64e12af1a6b925a7f26695007/staubli_tx2_60_support,robotic arm,D:\CADtest\papertest\go_nogo1\sources\urdf_files_dataset\urdf_files\ros-industrial\xacro_generated\staubli\staubli_tx2_60_support\urdf\tx2_60l.urdf,original,1.0,True
232,True,"{""fixed"": 3, ""revolute"": 6}",Staubli,8,True,6,7,1,9,10,7,7,0,7,7,TX2-90,1.0,,True,A,ros-industrial\xacro_generated\staubli\staubli_tx2_90_support\urdf\tx2_90.urdf,"{""ancestor_suffix"": 7}","[""D:\\CADtest\\papertest\\go_nogo1\\sources\\urdf_files_dataset\\urdf_files\\ros-industrial\\xacro_generated\\staubli\\staubli_tx2_90_support\\meshes\\tx2_90\\visual\\base_link.stl"", ""D:\\CADtest\\papertest\\go_nogo1\\sources\\urdf_files_dataset\\urdf_files\\ros-industrial\\xacro_generated\\staubli\\staubli_tx2_90_support\\meshes\\tx2_90\\visual\\link_1.stl"", ""D:\\CADtest\\papertest\\go_nogo1\\sources\\urdf_files_dataset\\urdf_files\\ros-industrial\\xacro_generated\\staubli\\staubli_tx2_90_support\\meshes\\tx2_90\\visual\\link_2.stl"", ""D:\\CADtest\\papertest\\go_nogo1\\sources\\urdf_files_dataset\\urdf_files\\ros-industrial\\xacro_generated\\staubli\\staubli_tx2_90_support\\meshes\\tx2_90\\visual\\link_3.stl"", ""D:\\CADtest\\papertest\\go_nogo1\\sources\\urdf_files_dataset\\urdf_files\\ros-industrial\\xacro_generated\\staubli\\staubli_tx2_90_support\\meshes\\tx2_90\\visual\\link_4.stl"", ""D:\\CADtest\\papertest\\go_nogo1\\sources\\urdf_files_dataset\\urdf_files\\ros-industrial\\xacro_generated\\staubli\\staubli_tx2_90_support\\meshes\\tx2_90\\visual\\link_5.stl"", ""D:\\CADtest\\papertest\\go_nogo1\\sources\\urdf_files_dataset\\urdf_files\\ros-industrial\\xacro_generated\\staubli\\staubli_tx2_90_support\\meshes\\tx2_90\\visual\\link_6.stl""]",staubli_tx2_90,ros-industrial,https://github.com/ros-industrial/staubli_experimental/tree/256a71acea2161b64e12af1a6b925a7f26695007/staubli_tx2_90_support,robotic arm,D:\CADtest\papertest\go_nogo1\sources\urdf_files_dataset\urdf_files\ros-industrial\xacro_generated\staubli\staubli_tx2_90_support\urdf\tx2_90.urdf,original,1.0,True
233,True,"{""fixed"": 3, ""revolute"": 6}",Staubli,8,True,6,7,1,9,10,7,7,0,7,7,TX2-90L,1.0,,True,A,ros-industrial\xacro_generated\staubli\staubli_tx2_90_support\urdf\tx2_90l.urdf,"{""ancestor_suffix"": 7}","[""D:\\CADtest\\papertest\\go_nogo1\\sources\\urdf_files_dataset\\urdf_files\\ros-industrial\\xacro_generated\\staubli\\staubli_tx2_90_support\\meshes\\tx2_90\\visual\\base_link.stl"", ""D:\\CADtest\\papertest\\go_nogo1\\sources\\urdf_files_dataset\\urdf_files\\ros-industrial\\xacro_generated\\staubli\\staubli_tx2_90_support\\meshes\\tx2_90\\visual\\link_1.stl"", ""D:\\CADtest\\papertest\\go_nogo1\\sources\\urdf_files_dataset\\urdf_files\\ros-industrial\\xacro_generated\\staubli\\staubli_tx2_90_support\\meshes\\tx2_90\\visual\\link_3.stl"", ""D:\\CADtest\\papertest\\go_nogo1\\sources\\urdf_files_dataset\\urdf_files\\ros-industrial\\xacro_generated\\staubli\\staubli_tx2_90_support\\meshes\\tx2_90\\visual\\link_5.stl"", ""D:\\CADtest\\papertest\\go_nogo1\\sources\\urdf_files_dataset\\urdf_files\\ros-industrial\\xacro_generated\\staubli\\staubli_tx2_90_support\\meshes\\tx2_90\\visual\\link_6.stl"", ""D:\\CADtest\\papertest\\go_nogo1\\sources\\urdf_files_dataset\\urdf_files\\ros-industrial\\xacro_generated\\staubli\\staubli_tx2_90_support\\meshes\\tx2_90l\\visual\\link_2.stl"", ""D:\\CADtest\\papertest\\go_nogo1\\sources\\urdf_files_dataset\\urdf_files\\ros-industrial\\xacro_generated\\staubli\\staubli_tx2_90_support\\meshes\\tx2_90l\\visual\\link_4.stl""]",staubli_tx2_90l,ros-industrial,https://github.com/ros-industrial/staubli_experimental/tree/256a71acea2161b64e12af1a6b925a7f26695007/staubli_tx2_90_support,robotic arm,D:\CADtest\papertest\go_nogo1\sources\urdf_files_dataset\urdf_files\ros-industrial\xacro_generated\staubli\staubli_tx2_90_support\urdf\tx2_90l.urdf,original,1.0,True
234,True,"{""fixed"": 3, ""revolute"": 6}",Staubli,8,True,6,7,1,9,10,7,7,0,7,7,TX2-90XL,1.0,,True,A,ros-industrial\xacro_generated\staubli\staubli_tx2_90_support\urdf\tx2_90xl.urdf,"{""ancestor_suffix"": 7}","[""D:\\CADtest\\papertest\\go_nogo1\\sources\\urdf_files_dataset\\urdf_files\\ros-industrial\\xacro_generated\\staubli\\staubli_tx2_90_support\\meshes\\tx2_90\\visual\\base_link.stl"", ""D:\\CADtest\\papertest\\go_nogo1\\sources\\urdf_files_dataset\\urdf_files\\ros-industrial\\xacro_generated\\staubli\\staubli_tx2_90_support\\meshes\\tx2_90\\visual\\link_1.stl"", ""D:\\CADtest\\papertest\\go_nogo1\\sources\\urdf_files_dataset\\urdf_files\\ros-industrial\\xacro_generated\\staubli\\staubli_tx2_90_support\\meshes\\tx2_90\\visual\\link_3.stl"", ""D:\\CADtest\\papertest\\go_nogo1\\sources\\urdf_files_dataset\\urdf_files\\ros-industrial\\xacro_generated\\staubli\\staubli_tx2_90_support\\meshes\\tx2_90\\visual\\link_5.stl"", ""D:\\CADtest\\papertest\\go_nogo1\\sources\\urdf_files_dataset\\urdf_files\\ros-industrial\\xacro_generated\\staubli\\staubli_tx2_90_support\\meshes\\tx2_90\\visual\\link_6.stl"", ""D:\\CADtest\\papertest\\go_nogo1\\sources\\urdf_files_dataset\\urdf_files\\ros-industrial\\xacro_generated\\staubli\\staubli_tx2_90_support\\meshes\\tx2_90xl\\visual\\link_2.stl"", ""D:\\CADtest\\papertest\\go_nogo1\\sources\\urdf_files_dataset\\urdf_files\\ros-industrial\\xacro_generated\\staubli\\staubli_tx2_90_support\\meshes\\tx2_90xl\\visual\\link_4.stl""]",staubli_tx2_90xl,ros-industrial,https://github.com/ros-industrial/staubli_experimental/tree/256a71acea2161b64e12af1a6b925a7f26695007/staubli_tx2_90_support,robotic arm,D:\CADtest\papertest\go_nogo1\sources\urdf_files_dataset\urdf_files\ros-industrial\xacro_generated\staubli\staubli_tx2_90_support\urdf\tx2_90xl.urdf,original,1.0,True
235,True,"{""fixed"": 3, ""revolute"": 6}",Staubli,8,True,6,7,1,9,10,7,7,0,7,7,TX-60,1.0,,True,A,ros-industrial\xacro_generated\staubli\staubli_tx60_support\urdf\tx60.urdf,"{""ancestor_suffix"": 7}","[""D:\\CADtest\\papertest\\go_nogo1\\sources\\urdf_files_dataset\\urdf_files\\ros-industrial\\xacro_generated\\staubli\\staubli_tx60_support\\meshes\\tx60\\visual\\base_link.stl"", ""D:\\CADtest\\papertest\\go_nogo1\\sources\\urdf_files_dataset\\urdf_files\\ros-industrial\\xacro_generated\\staubli\\staubli_tx60_support\\meshes\\tx60\\visual\\link_1.stl"", ""D:\\CADtest\\papertest\\go_nogo1\\sources\\urdf_files_dataset\\urdf_files\\ros-industrial\\xacro_generated\\staubli\\staubli_tx60_support\\meshes\\tx60\\visual\\link_2.stl"", ""D:\\CADtest\\papertest\\go_nogo1\\sources\\urdf_files_dataset\\urdf_files\\ros-industrial\\xacro_generated\\staubli\\staubli_tx60_support\\meshes\\tx60\\visual\\link_3.stl"", ""D:\\CADtest\\papertest\\go_nogo1\\sources\\urdf_files_dataset\\urdf_files\\ros-industrial\\xacro_generated\\staubli\\staubli_tx60_support\\meshes\\tx60\\visual\\link_4.stl"", ""D:\\CADtest\\papertest\\go_nogo1\\sources\\urdf_files_dataset\\urdf_files\\ros-industrial\\xacro_generated\\staubli\\staubli_tx60_support\\meshes\\tx60\\visual\\link_5.stl"", ""D:\\CADtest\\papertest\\go_nogo1\\sources\\urdf_files_dataset\\urdf_files\\ros-industrial\\xacro_generated\\staubli\\staubli_tx60_support\\meshes\\tx60\\visual\\link_6.stl""]",staubli_tx60,ros-industrial,https://github.com/ros-industrial/staubli_experimental/tree/256a71acea2161b64e12af1a6b925a7f26695007/staubli_tx60_support,robotic arm,D:\CADtest\papertest\go_nogo1\sources\urdf_files_dataset\urdf_files\ros-industrial\xacro_generated\staubli\staubli_tx60_support\urdf\tx60.urdf,original,1.0,True
236,True,"{""fixed"": 3, ""revolute"": 6}",Staubli,8,True,6,7,1,9,10,7,7,0,7,7,TX-60L,1.0,,True,A,ros-industrial\xacro_generated\staubli\staubli_tx60_support\urdf\tx60l.urdf,"{""ancestor_suffix"": 7}","[""D:\\CADtest\\papertest\\go_nogo1\\sources\\urdf_files_dataset\\urdf_files\\ros-industrial\\xacro_generated\\staubli\\staubli_tx60_support\\meshes\\tx60\\visual\\base_link.stl"", ""D:\\CADtest\\papertest\\go_nogo1\\sources\\urdf_files_dataset\\urdf_files\\ros-industrial\\xacro_generated\\staubli\\staubli_tx60_support\\meshes\\tx60\\visual\\link_1.stl"", ""D:\\CADtest\\papertest\\go_nogo1\\sources\\urdf_files_dataset\\urdf_files\\ros-industrial\\xacro_generated\\staubli\\staubli_tx60_support\\meshes\\tx60\\visual\\link_3.stl"", ""D:\\CADtest\\papertest\\go_nogo1\\sources\\urdf_files_dataset\\urdf_files\\ros-industrial\\xacro_generated\\staubli\\staubli_tx60_support\\meshes\\tx60\\visual\\link_5.stl"", ""D:\\CADtest\\papertest\\go_nogo1\\sources\\urdf_files_dataset\\urdf_files\\ros-industrial\\xacro_generated\\staubli\\staubli_tx60_support\\meshes\\tx60\\visual\\link_6.stl"", ""D:\\CADtest\\papertest\\go_nogo1\\sources\\urdf_files_dataset\\urdf_files\\ros-industrial\\xacro_generated\\staubli\\staubli_tx60_support\\meshes\\tx60l\\visual\\link_2.stl"", ""D:\\CADtest\\papertest\\go_nogo1\\sources\\urdf_files_dataset\\urdf_files\\ros-industrial\\xacro_generated\\staubli\\staubli_tx60_support\\meshes\\tx60l\\visual\\link_4.stl""]",staubli_tx60l,ros-industrial,https://github.com/ros-industrial/staubli_experimental/tree/256a71acea2161b64e12af1a6b925a7f26695007/staubli_tx60_support,robotic arm,D:\CADtest\papertest\go_nogo1\sources\urdf_files_dataset\urdf_files\ros-industrial\xacro_generated\staubli\staubli_tx60_support\urdf\tx60l.urdf,original,1.0,True
237,True,"{""fixed"": 3, ""revolute"": 6}",Staubli,8,True,6,7,1,9,10,7,7,0,7,7,TX-90,1.0,,True,A,ros-industrial\xacro_generated\staubli\staubli_tx90_support\urdf\tx90.urdf,"{""ancestor_suffix"": 7}","[""D:\\CADtest\\papertest\\go_nogo1\\sources\\urdf_files_dataset\\urdf_files\\ros-industrial\\xacro_generated\\staubli\\staubli_tx90_support\\meshes\\tx90\\visual\\base_link.stl"", ""D:\\CADtest\\papertest\\go_nogo1\\sources\\urdf_files_dataset\\urdf_files\\ros-industrial\\xacro_generated\\staubli\\staubli_tx90_support\\meshes\\tx90\\visual\\link_1.stl"", ""D:\\CADtest\\papertest\\go_nogo1\\sources\\urdf_files_dataset\\urdf_files\\ros-industrial\\xacro_generated\\staubli\\staubli_tx90_support\\meshes\\tx90\\visual\\link_2.stl"", ""D:\\CADtest\\papertest\\go_nogo1\\sources\\urdf_files_dataset\\urdf_files\\ros-industrial\\xacro_generated\\staubli\\staubli_tx90_support\\meshes\\tx90\\visual\\link_3.stl"", ""D:\\CADtest\\papertest\\go_nogo1\\sources\\urdf_files_dataset\\urdf_files\\ros-industrial\\xacro_generated\\staubli\\staubli_tx90_support\\meshes\\tx90\\visual\\link_4.stl"", ""D:\\CADtest\\papertest\\go_nogo1\\sources\\urdf_files_dataset\\urdf_files\\ros-industrial\\xacro_generated\\staubli\\staubli_tx90_support\\meshes\\tx90\\visual\\link_5.stl"", ""D:\\CADtest\\papertest\\go_nogo1\\sources\\urdf_files_dataset\\urdf_files\\ros-industrial\\xacro_generated\\staubli\\staubli_tx90_support\\meshes\\tx90\\visual\\link_6.stl""]",staubli_tx90,ros-industrial,https://github.com/ros-industrial/staubli_experimental/tree/256a71acea2161b64e12af1a6b925a7f26695007/staubli_tx90_support,robotic arm,D:\CADtest\papertest\go_nogo1\sources\urdf_files_dataset\urdf_files\ros-industrial\xacro_generated\staubli\staubli_tx90_support\urdf\tx90.urdf,original,1.0,True
238,True,"{""fixed"": 3, ""revolute"": 6}",Staubli,8,True,6,7,1,9,10,7,7,0,7,7,TX-90L,1.0,,True,A,ros-industrial\xacro_generated\staubli\staubli_tx90_support\urdf\tx90l.urdf,"{""ancestor_suffix"": 7}","[""D:\\CADtest\\papertest\\go_nogo1\\sources\\urdf_files_dataset\\urdf_files\\ros-industrial\\xacro_generated\\staubli\\staubli_tx90_support\\meshes\\tx90\\visual\\base_link.stl"", ""D:\\CADtest\\papertest\\go_nogo1\\sources\\urdf_files_dataset\\urdf_files\\ros-industrial\\xacro_generated\\staubli\\staubli_tx90_support\\meshes\\tx90\\visual\\link_1.stl"", ""D:\\CADtest\\papertest\\go_nogo1\\sources\\urdf_files_dataset\\urdf_files\\ros-industrial\\xacro_generated\\staubli\\staubli_tx90_support\\meshes\\tx90\\visual\\link_3.stl"", ""D:\\CADtest\\papertest\\go_nogo1\\sources\\urdf_files_dataset\\urdf_files\\ros-industrial\\xacro_generated\\staubli\\staubli_tx90_support\\meshes\\tx90\\visual\\link_5.stl"", ""D:\\CADtest\\papertest\\go_nogo1\\sources\\urdf_files_dataset\\urdf_files\\ros-industrial\\xacro_generated\\staubli\\staubli_tx90_support\\meshes\\tx90\\visual\\link_6.stl"", ""D:\\CADtest\\papertest\\go_nogo1\\sources\\urdf_files_dataset\\urdf_files\\ros-industrial\\xacro_generated\\staubli\\staubli_tx90_support\\meshes\\tx90l\\visual\\link_2.stl"", ""D:\\CADtest\\papertest\\go_nogo1\\sources\\urdf_files_dataset\\urdf_files\\ros-industrial\\xacro_generated\\staubli\\staubli_tx90_support\\meshes\\tx90l\\visual\\link_4.stl""]",staubli_tx90l,ros-industrial,https://github.com/ros-industrial/staubli_experimental/tree/256a71acea2161b64e12af1a6b925a7f26695007/staubli_tx90_support,robotic arm,D:\CADtest\papertest\go_nogo1\sources\urdf_files_dataset\urdf_files\ros-industrial\xacro_generated\staubli\staubli_tx90_support\urdf\tx90l.urdf,original,1.0,True
239,True,"{""fixed"": 3, ""revolute"": 6}",Staubli,8,True,6,7,1,9,10,7,7,0,7,7,TX-90XL,1.0,,True,A,ros-industrial\xacro_generated\staubli\staubli_tx90_support\urdf\tx90xl.urdf,"{""ancestor_suffix"": 7}","[""D:\\CADtest\\papertest\\go_nogo1\\sources\\urdf_files_dataset\\urdf_files\\ros-industrial\\xacro_generated\\staubli\\staubli_tx90_support\\meshes\\tx90\\visual\\base_link.stl"", ""D:\\CADtest\\papertest\\go_nogo1\\sources\\urdf_files_dataset\\urdf_files\\ros-industrial\\xacro_generated\\staubli\\staubli_tx90_support\\meshes\\tx90\\visual\\link_1.stl"", ""D:\\CADtest\\papertest\\go_nogo1\\sources\\urdf_files_dataset\\urdf_files\\ros-industrial\\xacro_generated\\staubli\\staubli_tx90_support\\meshes\\tx90\\visual\\link_3.stl"", ""D:\\CADtest\\papertest\\go_nogo1\\sources\\urdf_files_dataset\\urdf_files\\ros-industrial\\xacro_generated\\staubli\\staubli_tx90_support\\meshes\\tx90\\visual\\link_5.stl"", ""D:\\CADtest\\papertest\\go_nogo1\\sources\\urdf_files_dataset\\urdf_files\\ros-industrial\\xacro_generated\\staubli\\staubli_tx90_support\\meshes\\tx90\\visual\\link_6.stl"", ""D:\\CADtest\\papertest\\go_nogo1\\sources\\urdf_files_dataset\\urdf_files\\ros-industrial\\xacro_generated\\staubli\\staubli_tx90_support\\meshes\\tx90xl\\visual\\link_2.stl"", ""D:\\CADtest\\papertest\\go_nogo1\\sources\\urdf_files_dataset\\urdf_files\\ros-industrial\\xacro_generated\\staubli\\staubli_tx90_support\\meshes\\tx90xl\\visual\\link_4.stl""]",staubli_tx90xl,ros-industrial,https://github.com/ros-industrial/staubli_experimental/tree/256a71acea2161b64e12af1a6b925a7f26695007/staubli_tx90_support,robotic arm,D:\CADtest\papertest\go_nogo1\sources\urdf_files_dataset\urdf_files\ros-industrial\xacro_generated\staubli\staubli_tx90_support\urdf\tx90xl.urdf,original,1.0,True
242,True,"{""fixed"": 4, ""revolute"": 6}",Universal Robots,9,True,6,7,1,10,11,7,7,0,7,7,UR10,1.0,,True,A,ros-industrial\xacro_generated\universal_robots\ur_description\urdf\ur10.urdf,"{""ancestor_suffix"": 7}","[""D:\\CADtest\\papertest\\go_nogo1\\sources\\urdf_files_dataset\\urdf_files\\ros-industrial\\xacro_generated\\universal_robots\\ur_description\\meshes\\ur10\\visual\\base.dae"", ""D:\\CADtest\\papertest\\go_nogo1\\sources\\urdf_files_dataset\\urdf_files\\ros-industrial\\xacro_generated\\universal_robots\\ur_description\\meshes\\ur10\\visual\\forearm.dae"", ""D:\\CADtest\\papertest\\go_nogo1\\sources\\urdf_files_dataset\\urdf_files\\ros-industrial\\xacro_generated\\universal_robots\\ur_description\\meshes\\ur10\\visual\\shoulder.dae"", ""D:\\CADtest\\papertest\\go_nogo1\\sources\\urdf_files_dataset\\urdf_files\\ros-industrial\\xacro_generated\\universal_robots\\ur_description\\meshes\\ur10\\visual\\upperarm.dae"", ""D:\\CADtest\\papertest\\go_nogo1\\sources\\urdf_files_dataset\\urdf_files\\ros-industrial\\xacro_generated\\universal_robots\\ur_description\\meshes\\ur10\\visual\\wrist1.dae"", ""D:\\CADtest\\papertest\\go_nogo1\\sources\\urdf_files_dataset\\urdf_files\\ros-industrial\\xacro_generated\\universal_robots\\ur_description\\meshes\\ur10\\visual\\wrist2.dae"", ""D:\\CADtest\\papertest\\go_nogo1\\sources\\urdf_files_dataset\\urdf_files\\ros-industrial\\xacro_generated\\universal_robots\\ur_description\\meshes\\ur10\\visual\\wrist3.dae""]",ur10_robot,ros-industrial,https://github.com/ros-industrial/universal_robot/tree/6507bb6756d0065d49b76230ff55f875f099a827/ur_description,robotic arm,D:\CADtest\papertest\go_nogo1\sources\urdf_files_dataset\urdf_files\ros-industrial\xacro_generated\universal_robots\ur_description\urdf\ur10.urdf,original,1.0,True
245,True,"{""fixed"": 4, ""revolute"": 6}",Universal Robots,9,True,6,7,1,10,11,7,7,0,7,7,UR10e,1.0,,True,A,ros-industrial\xacro_generated\universal_robots\ur_description\urdf\ur10e.urdf,"{""ancestor_suffix"": 7}","[""D:\\CADtest\\papertest\\go_nogo1\\sources\\urdf_files_dataset\\urdf_files\\ros-industrial\\xacro_generated\\universal_robots\\ur_description\\meshes\\ur10e\\visual\\base.dae"", ""D:\\CADtest\\papertest\\go_nogo1\\sources\\urdf_files_dataset\\urdf_files\\ros-industrial\\xacro_generated\\universal_robots\\ur_description\\meshes\\ur10e\\visual\\forearm.dae"", ""D:\\CADtest\\papertest\\go_nogo1\\sources\\urdf_files_dataset\\urdf_files\\ros-industrial\\xacro_generated\\universal_robots\\ur_description\\meshes\\ur10e\\visual\\shoulder.dae"", ""D:\\CADtest\\papertest\\go_nogo1\\sources\\urdf_files_dataset\\urdf_files\\ros-industrial\\xacro_generated\\universal_robots\\ur_description\\meshes\\ur10e\\visual\\upperarm.dae"", ""D:\\CADtest\\papertest\\go_nogo1\\sources\\urdf_files_dataset\\urdf_files\\ros-industrial\\xacro_generated\\universal_robots\\ur_description\\meshes\\ur10e\\visual\\wrist1.dae"", ""D:\\CADtest\\papertest\\go_nogo1\\sources\\urdf_files_dataset\\urdf_files\\ros-industrial\\xacro_generated\\universal_robots\\ur_description\\meshes\\ur10e\\visual\\wrist2.dae"", ""D:\\CADtest\\papertest\\go_nogo1\\sources\\urdf_files_dataset\\urdf_files\\ros-industrial\\xacro_generated\\universal_robots\\ur_description\\meshes\\ur10e\\visual\\wrist3.dae""]",ur10e_robot,ros-industrial,https://github.com/ros-industrial/universal_robot/tree/6507bb6756d0065d49b76230ff55f875f099a827/ur_description,robotic arm,D:\CADtest\papertest\go_nogo1\sources\urdf_files_dataset\urdf_files\ros-industrial\xacro_generated\universal_robots\ur_description\urdf\ur10e.urdf,original,1.0,True
246,True,"{""fixed"": 4, ""revolute"": 6}",Universal Robots,9,True,6,7,1,10,11,7,7,0,7,7,UR16e,1.0,,True,A,ros-industrial\xacro_generated\universal_robots\ur_description\urdf\ur16e.urdf,"{""ancestor_suffix"": 7}","[""D:\\CADtest\\papertest\\go_nogo1\\sources\\urdf_files_dataset\\urdf_files\\ros-industrial\\xacro_generated\\universal_robots\\ur_description\\meshes\\ur10e\\visual\\base.dae"", ""D:\\CADtest\\papertest\\go_nogo1\\sources\\urdf_files_dataset\\urdf_files\\ros-industrial\\xacro_generated\\universal_robots\\ur_description\\meshes\\ur10e\\visual\\shoulder.dae"", ""D:\\CADtest\\papertest\\go_nogo1\\sources\\urdf_files_dataset\\urdf_files\\ros-industrial\\xacro_generated\\universal_robots\\ur_description\\meshes\\ur10e\\visual\\wrist1.dae"", ""D:\\CADtest\\papertest\\go_nogo1\\sources\\urdf_files_dataset\\urdf_files\\ros-industrial\\xacro_generated\\universal_robots\\ur_description\\meshes\\ur10e\\visual\\wrist2.dae"", ""D:\\CADtest\\papertest\\go_nogo1\\sources\\urdf_files_dataset\\urdf_files\\ros-industrial\\xacro_generated\\universal_robots\\ur_description\\meshes\\ur10e\\visual\\wrist3.dae"", ""D:\\CADtest\\papertest\\go_nogo1\\sources\\urdf_files_dataset\\urdf_files\\ros-industrial\\xacro_generated\\universal_robots\\ur_description\\meshes\\ur16e\\visual\\forearm.dae"", ""D:\\CADtest\\papertest\\go_nogo1\\sources\\urdf_files_dataset\\urdf_files\\ros-industrial\\xacro_generated\\universal_robots\\ur_description\\meshes\\ur16e\\visual\\upperarm.dae""]",ur16e_robot,ros-industrial,https://github.com/ros-industrial/universal_robot/tree/6507bb6756d0065d49b76230ff55f875f099a827/ur_description,robotic arm,D:\CADtest\papertest\go_nogo1\sources\urdf_files_dataset\urdf_files\ros-industrial\xacro_generated\universal_robots\ur_description\urdf\ur16e.urdf,original,1.0,True
240,True,"{""fixed"": 4, ""revolute"": 6}",Universal Robots,9,True,6,7,1,10,11,7,7,0,7,7,UR3,1.0,,True,A,ros-industrial\xacro_generated\universal_robots\ur_description\urdf\ur3.urdf,"{""ancestor_suffix"": 7}","[""D:\\CADtest\\papertest\\go_nogo1\\sources\\urdf_files_dataset\\urdf_files\\ros-industrial\\xacro_generated\\universal_robots\\ur_description\\meshes\\ur3\\visual\\base.dae"", ""D:\\CADtest\\papertest\\go_nogo1\\sources\\urdf_files_dataset\\urdf_files\\ros-industrial\\xacro_generated\\universal_robots\\ur_description\\meshes\\ur3\\visual\\forearm.dae"", ""D:\\CADtest\\papertest\\go_nogo1\\sources\\urdf_files_dataset\\urdf_files\\ros-industrial\\xacro_generated\\universal_robots\\ur_description\\meshes\\ur3\\visual\\shoulder.dae"", ""D:\\CADtest\\papertest\\go_nogo1\\sources\\urdf_files_dataset\\urdf_files\\ros-industrial\\xacro_generated\\universal_robots\\ur_description\\meshes\\ur3\\visual\\upperarm.dae"", ""D:\\CADtest\\papertest\\go_nogo1\\sources\\urdf_files_dataset\\urdf_files\\ros-industrial\\xacro_generated\\universal_robots\\ur_description\\meshes\\ur3\\visual\\wrist1.dae"", ""D:\\CADtest\\papertest\\go_nogo1\\sources\\urdf_files_dataset\\urdf_files\\ros-industrial\\xacro_generated\\universal_robots\\ur_description\\meshes\\ur3\\visual\\wrist2.dae"", ""D:\\CADtest\\papertest\\go_nogo1\\sources\\urdf_files_dataset\\urdf_files\\ros-industrial\\xacro_generated\\universal_robots\\ur_description\\meshes\\ur3\\visual\\wrist3.dae""]",ur3_robot,ros-industrial,https://github.com/ros-industrial/universal_robot/tree/6507bb6756d0065d49b76230ff55f875f099a827/ur_description,robotic arm,D:\CADtest\papertest\go_nogo1\sources\urdf_files_dataset\urdf_files\ros-industrial\xacro_generated\universal_robots\ur_description\urdf\ur3.urdf,original,1.0,True
243,True,"{""fixed"": 4, ""revolute"": 6}",Universal Robots,9,True,6,7,1,10,11,7,7,0,7,7,UR3e,1.0,,True,A,ros-industrial\xacro_generated\universal_robots\ur_description\urdf\ur3e.urdf,"{""ancestor_suffix"": 7}","[""D:\\CADtest\\papertest\\go_nogo1\\sources\\urdf_files_dataset\\urdf_files\\ros-industrial\\xacro_generated\\universal_robots\\ur_description\\meshes\\ur3e\\visual\\base.dae"", ""D:\\CADtest\\papertest\\go_nogo1\\sources\\urdf_files_dataset\\urdf_files\\ros-industrial\\xacro_generated\\universal_robots\\ur_description\\meshes\\ur3e\\visual\\forearm.dae"", ""D:\\CADtest\\papertest\\go_nogo1\\sources\\urdf_files_dataset\\urdf_files\\ros-industrial\\xacro_generated\\universal_robots\\ur_description\\meshes\\ur3e\\visual\\shoulder.dae"", ""D:\\CADtest\\papertest\\go_nogo1\\sources\\urdf_files_dataset\\urdf_files\\ros-industrial\\xacro_generated\\universal_robots\\ur_description\\meshes\\ur3e\\visual\\upperarm.dae"", ""D:\\CADtest\\papertest\\go_nogo1\\sources\\urdf_files_dataset\\urdf_files\\ros-industrial\\xacro_generated\\universal_robots\\ur_description\\meshes\\ur3e\\visual\\wrist1.dae"", ""D:\\CADtest\\papertest\\go_nogo1\\sources\\urdf_files_dataset\\urdf_files\\ros-industrial\\xacro_generated\\universal_robots\\ur_description\\meshes\\ur3e\\visual\\wrist2.dae"", ""D:\\CADtest\\papertest\\go_nogo1\\sources\\urdf_files_dataset\\urdf_files\\ros-industrial\\xacro_generated\\universal_robots\\ur_description\\meshes\\ur3e\\visual\\wrist3.dae""]",ur3e_robot,ros-industrial,https://github.com/ros-industrial/universal_robot/tree/6507bb6756d0065d49b76230ff55f875f099a827/ur_description,robotic arm,D:\CADtest\papertest\go_nogo1\sources\urdf_files_dataset\urdf_files\ros-industrial\xacro_generated\universal_robots\ur_description\urdf\ur3e.urdf,original,1.0,True
241,True,"{""fixed"": 4, ""revolute"": 6}",Universal Robots,9,True,6,7,1,10,11,7,7,0,7,7,UR5,1.0,,True,A,ros-industrial\xacro_generated\universal_robots\ur_description\urdf\ur5.urdf,"{""ancestor_suffix"": 7}","[""D:\\CADtest\\papertest\\go_nogo1\\sources\\urdf_files_dataset\\urdf_files\\ros-industrial\\xacro_generated\\universal_robots\\ur_description\\meshes\\ur5\\visual\\base.dae"", ""D:\\CADtest\\papertest\\go_nogo1\\sources\\urdf_files_dataset\\urdf_files\\ros-industrial\\xacro_generated\\universal_robots\\ur_description\\meshes\\ur5\\visual\\forearm.dae"", ""D:\\CADtest\\papertest\\go_nogo1\\sources\\urdf_files_dataset\\urdf_files\\ros-industrial\\xacro_generated\\universal_robots\\ur_description\\meshes\\ur5\\visual\\shoulder.dae"", ""D:\\CADtest\\papertest\\go_nogo1\\sources\\urdf_files_dataset\\urdf_files\\ros-industrial\\xacro_generated\\universal_robots\\ur_description\\meshes\\ur5\\visual\\upperarm.dae"", ""D:\\CADtest\\papertest\\go_nogo1\\sources\\urdf_files_dataset\\urdf_files\\ros-industrial\\xacro_generated\\universal_robots\\ur_description\\meshes\\ur5\\visual\\wrist1.dae"", ""D:\\CADtest\\papertest\\go_nogo1\\sources\\urdf_files_dataset\\urdf_files\\ros-industrial\\xacro_generated\\universal_robots\\ur_description\\meshes\\ur5\\visual\\wrist2.dae"", ""D:\\CADtest\\papertest\\go_nogo1\\sources\\urdf_files_dataset\\urdf_files\\ros-industrial\\xacro_generated\\universal_robots\\ur_description\\meshes\\ur5\\visual\\wrist3.dae""]",ur5_robot,ros-industrial,https://github.com/ros-industrial/universal_robot/tree/6507bb6756d0065d49b76230ff55f875f099a827/ur_description,robotic arm,D:\CADtest\papertest\go_nogo1\sources\urdf_files_dataset\urdf_files\ros-industrial\xacro_generated\universal_robots\ur_description\urdf\ur5.urdf,original,1.0,True
244,True,"{""fixed"": 4, ""revolute"": 6}",Universal Robots,9,True,6,7,1,10,11,7,7,0,7,7,UR5e,1.0,,True,A,ros-industrial\xacro_generated\universal_robots\ur_description\urdf\ur5e.urdf,"{""ancestor_suffix"": 7}","[""D:\\CADtest\\papertest\\go_nogo1\\sources\\urdf_files_dataset\\urdf_files\\ros-industrial\\xacro_generated\\universal_robots\\ur_description\\meshes\\ur5e\\visual\\base.dae"", ""D:\\CADtest\\papertest\\go_nogo1\\sources\\urdf_files_dataset\\urdf_files\\ros-industrial\\xacro_generated\\universal_robots\\ur_description\\meshes\\ur5e\\visual\\forearm.dae"", ""D:\\CADtest\\papertest\\go_nogo1\\sources\\urdf_files_dataset\\urdf_files\\ros-industrial\\xacro_generated\\universal_robots\\ur_description\\meshes\\ur5e\\visual\\shoulder.dae"", ""D:\\CADtest\\papertest\\go_nogo1\\sources\\urdf_files_dataset\\urdf_files\\ros-industrial\\xacro_generated\\universal_robots\\ur_description\\meshes\\ur5e\\visual\\upperarm.dae"", ""D:\\CADtest\\papertest\\go_nogo1\\sources\\urdf_files_dataset\\urdf_files\\ros-industrial\\xacro_generated\\universal_robots\\ur_description\\meshes\\ur5e\\visual\\wrist1.dae"", ""D:\\CADtest\\papertest\\go_nogo1\\sources\\urdf_files_dataset\\urdf_files\\ros-industrial\\xacro_generated\\universal_robots\\ur_description\\meshes\\ur5e\\visual\\wrist2.dae"", ""D:\\CADtest\\papertest\\go_nogo1\\sources\\urdf_files_dataset\\urdf_files\\ros-industrial\\xacro_generated\\universal_robots\\ur_description\\meshes\\ur5e\\visual\\wrist3.dae""]",ur5e_robot,ros-industrial,https://github.com/ros-industrial/universal_robot/tree/6507bb6756d0065d49b76230ff55f875f099a827/ur_description,robotic arm,D:\CADtest\papertest\go_nogo1\sources\urdf_files_dataset\urdf_files\ros-industrial\xacro_generated\universal_robots\ur_description\urdf\ur5e.urdf,original,1.0,True
