config_id,link_a,link_b,exact_classification,fast_classification,exact_collision,fast_collision,agreement,fast_source
sobol_000,L00,L01,EXPECTED_INTERFACE_CONTACT,EXPECTED_INTERFACE_CONTACT,0,0,1,L3_SELECTIVE_EXACT
sobol_000,L00,L02,AABB_CLEAR,AABB_CLEAR,0,0,1,L1_AABB
sobol_000,L00,L03,AABB_CLEAR,AABB_CLEAR,0,0,1,L1_AABB
sobol_000,L00,L04,AABB_CLEAR,AABB_CLEAR,0,0,1,L1_AABB
sobol_000,L00,L05,AABB_CLEAR,AABB_CLEAR,0,0,1,L1_AABB
sobol_000,L00,L06,AABB_CLEAR,AABB_CLEAR,0,0,1,L1_AABB
sobol_000,L00,L07,AABB_CLEAR,AABB_CLEAR,0,0,1,L1_AABB
sobol_000,L00,L08,AABB_CLEAR,AABB_CLEAR,0,0,1,L1_AABB
sobol_000,L00,L09,AABB_CLEAR,AABB_CLEAR,0,0,1,L1_AABB
sobol_000,L00,L10,AABB_CLEAR,AABB_CLEAR,0,0,1,L1_AABB
sobol_000,L01,L02,EXPECTED_INTERFACE_CONTACT,EXPECTED_INTERFACE_CONTACT,0,0,1,L3_SELECTIVE_EXACT
sobol_000,L01,L03,AABB_CLEAR,AABB_CLEAR,0,0,1,L1_AABB
sobol_000,L01,L04,AABB_CLEAR,AABB_CLEAR,0,0,1,L1_AABB
sobol_000,L01,L05,AABB_CLEAR,AABB_CLEAR,0,0,1,L1_AABB
sobol_000,L01,L06,AABB_CLEAR,AABB_CLEAR,0,0,1,L1_AABB
sobol_000,L01,L07,AABB_CLEAR,AABB_CLEAR,0,0,1,L1_AABB
sobol_000,L01,L08,AABB_CLEAR,AABB_CLEAR,0,0,1,L1_AABB
sobol_000,L01,L09,AABB_CLEAR,AABB_CLEAR,0,0,1,L1_AABB
sobol_000,L01,L10,AABB_CLEAR,AABB_CLEAR,0,0,1,L1_AABB
sobol_000,L02,L03,EXPECTED_INTERFACE_CONTACT,EXPECTED_INTERFACE_CONTACT,0,0,1,L3_SELECTIVE_EXACT
sobol_000,L02,L04,AABB_CLEAR,MESH_CLEAR,0,0,1,L2_MESH_BVH
sobol_000,L02,L05,AABB_CLEAR,AABB_CLEAR,0,0,1,L1_AABB
sobol_000,L02,L06,AABB_CLEAR,AABB_CLEAR,0,0,1,L1_AABB
sobol_000,L02,L07,AABB_CLEAR,AABB_CLEAR,0,0,1,L1_AABB
sobol_000,L02,L08,AABB_CLEAR,AABB_CLEAR,0,0,1,L1_AABB
sobol_000,L02,L09,AABB_CLEAR,AABB_CLEAR,0,0,1,L1_AABB
sobol_000,L02,L10,AABB_CLEAR,AABB_CLEAR,0,0,1,L1_AABB
sobol_000,L03,L04,EXPECTED_INTERFACE_CONTACT,EXPECTED_INTERFACE_CONTACT,0,0,1,L3_SELECTIVE_EXACT
sobol_000,L03,L05,AABB_CLEAR,AABB_CLEAR,0,0,1,L1_AABB
sobol_000,L03,L06,AABB_CLEAR,AABB_CLEAR,0,0,1,L1_AABB
sobol_000,L03,L07,AABB_CLEAR,AABB_CLEAR,0,0,1,L1_AABB
sobol_000,L03,L08,AABB_CLEAR,AABB_CLEAR,0,0,1,L1_AABB
sobol_000,L03,L09,AABB_CLEAR,AABB_CLEAR,0,0,1,L1_AABB
sobol_000,L03,L10,AABB_CLEAR,AABB_CLEAR,0,0,1,L1_AABB
sobol_000,L04,L05,EXPECTED_INTERFACE_CONTACT,EXPECTED_INTERFACE_CONTACT,0,0,1,L0_FIXED_SAFE
sobol_000,L04,L06,EXPECTED_INTERFACE_CONTACT,EXPECTED_INTERFACE_CONTACT,0,0,1,L3_SELECTIVE_EXACT
sobol_000,L04,L07,EXPECTED_INTERFACE_CONTACT,EXPECTED_INTERFACE_CONTACT,0,0,1,L3_SELECTIVE_EXACT
sobol_000,L04,L08,AABB_CLEAR,MESH_CLEAR,0,0,1,L2_MESH_BVH
sobol_000,L04,L09,AABB_CLEAR,AABB_CLEAR,0,0,1,L1_AABB
sobol_000,L04,L10,AABB_CLEAR,AABB_CLEAR,0,0,1,L1_AABB
sobol_000,L05,L06,EXPECTED_INTERFACE_CONTACT,EXPECTED_INTERFACE_CONTACT,0,0,1,L3_SELECTIVE_EXACT
sobol_000,L05,L07,EXPECTED_INTERFACE_CONTACT,EXPECTED_INTERFACE_CONTACT,0,0,1,L0_FIXED_SAFE
sobol_000,L05,L08,EXPECTED_INTERFACE_CONTACT,EXPECTED_INTERFACE_CONTACT,0,0,1,L3_SELECTIVE_EXACT
sobol_000,L05,L09,AABB_CLEAR,MESH_CLEAR,0,0,1,L2_MESH_BVH
sobol_000,L05,L10,AABB_CLEAR,AABB_CLEAR,0,0,1,L1_AABB
sobol_000,L06,L07,EXPECTED_INTERFACE_CONTACT,EXPECTED_INTERFACE_CONTACT,0,0,1,L3_SELECTIVE_EXACT
sobol_000,L06,L08,EXPECTED_INTERFACE_CONTACT,EXPECTED_INTERFACE_CONTACT,0,0,1,L3_SELECTIVE_EXACT
sobol_000,L06,L09,AABB_CLEAR,AABB_CLEAR,0,0,1,L1_AABB
sobol_000,L06,L10,AABB_CLEAR,AABB_CLEAR,0,0,1,L1_AABB
sobol_000,L07,L08,EXPECTED_INTERFACE_CONTACT,EXPECTED_INTERFACE_CONTACT,0,0,1,L0_FIXED_SAFE
sobol_000,L07,L09,AABB_CLEAR,AABB_CLEAR,0,0,1,L1_AABB
sobol_000,L07,L10,AABB_CLEAR,AABB_CLEAR,0,0,1,L1_AABB
sobol_000,L08,L09,EXPECTED_INTERFACE_CONTACT,EXPECTED_INTERFACE_CONTACT,0,0,1,L3_SELECTIVE_EXACT
sobol_000,L08,L10,EXPECTED_INTERFACE_CONTACT,EXPECTED_INTERFACE_CONTACT,0,0,1,L3_SELECTIVE_EXACT
sobol_000,L09,L10,AABB_CLEAR,AABB_CLEAR,0,0,1,L1_AABB
sobol_001,L00,L01,EXPECTED_INTERFACE_CONTACT,EXPECTED_INTERFACE_CONTACT,0,0,1,L3_SELECTIVE_EXACT
sobol_001,L00,L02,AABB_CLEAR,MESH_CLEAR,0,0,1,L2_MESH_BVH
sobol_001,L00,L03,AABB_CLEAR,AABB_CLEAR,0,0,1,L1_AABB
sobol_001,L00,L04,AABB_CLEAR,AABB_CLEAR,0,0,1,L1_AABB
sobol_001,L00,L05,AABB_CLEAR,AABB_CLEAR,0,0,1,L1_AABB
sobol_001,L00,L06,AABB_CLEAR,AABB_CLEAR,0,0,1,L1_AABB
sobol_001,L00,L07,AABB_CLEAR,AABB_CLEAR,0,0,1,L1_AABB
sobol_001,L00,L08,AABB_CLEAR,AABB_CLEAR,0,0,1,L1_AABB
sobol_001,L00,L09,AABB_CLEAR,AABB_CLEAR,0,0,1,L1_AABB
sobol_001,L00,L10,AABB_CLEAR,AABB_CLEAR,0,0,1,L1_AABB
sobol_001,L01,L02,EXPECTED_INTERFACE_CONTACT,EXPECTED_INTERFACE_CONTACT,0,0,1,L3_SELECTIVE_EXACT
sobol_001,L01,L03,AABB_CLEAR,AABB_CLEAR,0,0,1,L1_AABB
sobol_001,L01,L04,AABB_CLEAR,AABB_CLEAR,0,0,1,L1_AABB
sobol_001,L01,L05,AABB_CLEAR,AABB_CLEAR,0,0,1,L1_AABB
sobol_001,L01,L06,AABB_CLEAR,AABB_CLEAR,0,0,1,L1_AABB
sobol_001,L01,L07,AABB_CLEAR,AABB_CLEAR,0,0,1,L1_AABB
sobol_001,L01,L08,AABB_CLEAR,AABB_CLEAR,0,0,1,L1_AABB
sobol_001,L01,L09,AABB_CLEAR,AABB_CLEAR,0,0,1,L1_AABB
sobol_001,L01,L10,AABB_CLEAR,AABB_CLEAR,0,0,1,L1_AABB
sobol_001,L02,L03,EXPECTED_INTERFACE_CONTACT,EXPECTED_INTERFACE_CONTACT,0,0,1,L3_SELECTIVE_EXACT
sobol_001,L02,L04,AABB_CLEAR,AABB_CLEAR,0,0,1,L1_AABB
sobol_001,L02,L05,AABB_CLEAR,AABB_CLEAR,0,0,1,L1_AABB
sobol_001,L02,L06,AABB_CLEAR,AABB_CLEAR,0,0,1,L1_AABB
sobol_001,L02,L07,AABB_CLEAR,AABB_CLEAR,0,0,1,L1_AABB
sobol_001,L02,L08,AABB_CLEAR,AABB_CLEAR,0,0,1,L1_AABB
sobol_001,L02,L09,AABB_CLEAR,AABB_CLEAR,0,0,1,L1_AABB
sobol_001,L02,L10,AABB_CLEAR,AABB_CLEAR,0,0,1,L1_AABB
sobol_001,L03,L04,EXPECTED_INTERFACE_CONTACT,EXPECTED_INTERFACE_CONTACT,0,0,1,L3_SELECTIVE_EXACT
sobol_001,L03,L05,AABB_CLEAR,AABB_CLEAR,0,0,1,L1_AABB
sobol_001,L03,L06,AABB_CLEAR,AABB_CLEAR,0,0,1,L1_AABB
sobol_001,L03,L07,AABB_CLEAR,AABB_CLEAR,0,0,1,L1_AABB
sobol_001,L03,L08,AABB_CLEAR,AABB_CLEAR,0,0,1,L1_AABB
sobol_001,L03,L09,AABB_CLEAR,AABB_CLEAR,0,0,1,L1_AABB
sobol_001,L03,L10,AABB_CLEAR,AABB_CLEAR,0,0,1,L1_AABB
sobol_001,L04,L05,EXPECTED_INTERFACE_CONTACT,EXPECTED_INTERFACE_CONTACT,0,0,1,L0_FIXED_SAFE
sobol_001,L04,L06,EXPECTED_INTERFACE_CONTACT,EXPECTED_INTERFACE_CONTACT,0,0,1,L3_SELECTIVE_EXACT
sobol_001,L04,L07,EXPECTED_INTERFACE_CONTACT,EXPECTED_INTERFACE_CONTACT,0,0,1,L3_SELECTIVE_EXACT
sobol_001,L04,L08,AABB_CLEAR,AABB_CLEAR,0,0,1,L1_AABB
sobol_001,L04,L09,AABB_CLEAR,AABB_CLEAR,0,0,1,L1_AABB
sobol_001,L04,L10,AABB_CLEAR,AABB_CLEAR,0,0,1,L1_AABB
sobol_001,L05,L06,EXPECTED_INTERFACE_CONTACT,EXPECTED_INTERFACE_CONTACT,0,0,1,L3_SELECTIVE_EXACT
sobol_001,L05,L07,EXPECTED_INTERFACE_CONTACT,EXPECTED_INTERFACE_CONTACT,0,0,1,L0_FIXED_SAFE
sobol_001,L05,L08,EXPECTED_INTERFACE_CONTACT,EXPECTED_INTERFACE_CONTACT,0,0,1,L3_SELECTIVE_EXACT
sobol_001,L05,L09,EXPECTED_INTERFACE_CONTACT,EXPECTED_INTERFACE_CONTACT,0,0,1,L3_SELECTIVE_EXACT
sobol_001,L05,L10,EXPECTED_INTERFACE_CONTACT,EXPECTED_INTERFACE_CONTACT,0,0,1,L3_SELECTIVE_EXACT
sobol_001,L06,L07,EXPECTED_INTERFACE_CONTACT,EXPECTED_INTERFACE_CONTACT,0,0,1,L3_SELECTIVE_EXACT
sobol_001,L06,L08,EXPECTED_INTERFACE_CONTACT,EXPECTED_INTERFACE_CONTACT,0,0,1,L3_SELECTIVE_EXACT
sobol_001,L06,L09,AABB_FALSE_POSITIVE,AABB_FALSE_POSITIVE,0,0,1,L3_SELECTIVE_EXACT
sobol_001,L06,L10,AABB_FALSE_POSITIVE,AABB_FALSE_POSITIVE,0,0,1,L3_SELECTIVE_EXACT
sobol_001,L07,L08,EXPECTED_INTERFACE_CONTACT,EXPECTED_INTERFACE_CONTACT,0,0,1,L0_FIXED_SAFE
sobol_001,L07,L09,EXPECTED_INTERFACE_CONTACT,EXPECTED_INTERFACE_CONTACT,0,0,1,L3_SELECTIVE_EXACT
sobol_001,L07,L10,EXPECTED_INTERFACE_CONTACT,EXPECTED_INTERFACE_CONTACT,0,0,1,L3_SELECTIVE_EXACT
sobol_001,L08,L09,EXPECTED_INTERFACE_CONTACT,EXPECTED_INTERFACE_CONTACT,0,0,1,L3_SELECTIVE_EXACT
sobol_001,L08,L10,EXPECTED_INTERFACE_CONTACT,EXPECTED_INTERFACE_CONTACT,0,0,1,L3_SELECTIVE_EXACT
sobol_001,L09,L10,AABB_CLEAR,MESH_CLEAR,0,0,1,L2_MESH_BVH
sobol_002,L00,L01,EXPECTED_INTERFACE_CONTACT,EXPECTED_INTERFACE_CONTACT,0,0,1,L3_SELECTIVE_EXACT
sobol_002,L00,L02,AABB_CLEAR,AABB_CLEAR,0,0,1,L1_AABB
sobol_002,L00,L03,AABB_CLEAR,AABB_CLEAR,0,0,1,L1_AABB
sobol_002,L00,L04,AABB_CLEAR,AABB_CLEAR,0,0,1,L1_AABB
sobol_002,L00,L05,AABB_CLEAR,AABB_CLEAR,0,0,1,L1_AABB
sobol_002,L00,L06,AABB_CLEAR,AABB_CLEAR,0,0,1,L1_AABB
sobol_002,L00,L07,AABB_CLEAR,AABB_CLEAR,0,0,1,L1_AABB
sobol_002,L00,L08,AABB_CLEAR,AABB_CLEAR,0,0,1,L1_AABB
sobol_002,L00,L09,AABB_CLEAR,AABB_CLEAR,0,0,1,L1_AABB
sobol_002,L00,L10,AABB_CLEAR,AABB_CLEAR,0,0,1,L1_AABB
sobol_002,L01,L02,EXPECTED_INTERFACE_CONTACT,EXPECTED_INTERFACE_CONTACT,0,0,1,L3_SELECTIVE_EXACT
sobol_002,L01,L03,AABB_CLEAR,AABB_CLEAR,0,0,1,L1_AABB
sobol_002,L01,L04,AABB_CLEAR,AABB_CLEAR,0,0,1,L1_AABB
sobol_002,L01,L05,AABB_CLEAR,AABB_CLEAR,0,0,1,L1_AABB
sobol_002,L01,L06,AABB_CLEAR,AABB_CLEAR,0,0,1,L1_AABB
sobol_002,L01,L07,AABB_CLEAR,AABB_CLEAR,0,0,1,L1_AABB
sobol_002,L01,L08,AABB_CLEAR,AABB_CLEAR,0,0,1,L1_AABB
sobol_002,L01,L09,AABB_CLEAR,AABB_CLEAR,0,0,1,L1_AABB
sobol_002,L01,L10,AABB_CLEAR,AABB_CLEAR,0,0,1,L1_AABB
sobol_002,L02,L03,EXPECTED_INTERFACE_CONTACT,EXPECTED_INTERFACE_CONTACT,0,0,1,L3_SELECTIVE_EXACT
sobol_002,L02,L04,AABB_CLEAR,AABB_CLEAR,0,0,1,L1_AABB
sobol_002,L02,L05,AABB_CLEAR,AABB_CLEAR,0,0,1,L1_AABB
sobol_002,L02,L06,AABB_CLEAR,AABB_CLEAR,0,0,1,L1_AABB
sobol_002,L02,L07,AABB_CLEAR,AABB_CLEAR,0,0,1,L1_AABB
sobol_002,L02,L08,AABB_CLEAR,AABB_CLEAR,0,0,1,L1_AABB
sobol_002,L02,L09,AABB_CLEAR,AABB_CLEAR,0,0,1,L1_AABB
sobol_002,L02,L10,AABB_CLEAR,AABB_CLEAR,0,0,1,L1_AABB
sobol_002,L03,L04,EXPECTED_INTERFACE_CONTACT,EXPECTED_INTERFACE_CONTACT,0,0,1,L3_SELECTIVE_EXACT
sobol_002,L03,L05,AABB_CLEAR,MESH_CLEAR,0,0,1,L2_MESH_BVH
sobol_002,L03,L06,AABB_CLEAR,MESH_CLEAR,0,0,1,L2_MESH_BVH
sobol_002,L03,L07,AABB_CLEAR,AABB_CLEAR,0,0,1,L1_AABB
sobol_002,L03,L08,AABB_CLEAR,AABB_CLEAR,0,0,1,L1_AABB
sobol_002,L03,L09,AABB_CLEAR,AABB_CLEAR,0,0,1,L1_AABB
sobol_002,L03,L10,AABB_CLEAR,AABB_CLEAR,0,0,1,L1_AABB
sobol_002,L04,L05,EXPECTED_INTERFACE_CONTACT,EXPECTED_INTERFACE_CONTACT,0,0,1,L0_FIXED_SAFE
sobol_002,L04,L06,EXPECTED_INTERFACE_CONTACT,EXPECTED_INTERFACE_CONTACT,0,0,1,L3_SELECTIVE_EXACT
sobol_002,L04,L07,EXPECTED_INTERFACE_CONTACT,EXPECTED_INTERFACE_CONTACT,0,0,1,L3_SELECTIVE_EXACT
sobol_002,L04,L08,EXPECTED_INTERFACE_CONTACT,MESH_CLEAR,0,0,1,L2_MESH_BVH
sobol_002,L04,L09,AABB_CLEAR,AABB_CLEAR,0,0,1,L1_AABB
sobol_002,L04,L10,AABB_CLEAR,AABB_CLEAR,0,0,1,L1_AABB
sobol_002,L05,L06,EXPECTED_INTERFACE_CONTACT,EXPECTED_INTERFACE_CONTACT,0,0,1,L3_SELECTIVE_EXACT
sobol_002,L05,L07,EXPECTED_INTERFACE_CONTACT,EXPECTED_INTERFACE_CONTACT,0,0,1,L0_FIXED_SAFE
sobol_002,L05,L08,EXPECTED_INTERFACE_CONTACT,EXPECTED_INTERFACE_CONTACT,0,0,1,L3_SELECTIVE_EXACT
sobol_002,L05,L09,AABB_CLEAR,MESH_CLEAR,0,0,1,L2_MESH_BVH
sobol_002,L05,L10,EXPECTED_INTERFACE_CONTACT,EXPECTED_INTERFACE_CONTACT,0,0,1,L3_SELECTIVE_EXACT
sobol_002,L06,L07,EXPECTED_INTERFACE_CONTACT,EXPECTED_INTERFACE_CONTACT,0,0,1,L3_SELECTIVE_EXACT
sobol_002,L06,L08,EXPECTED_INTERFACE_CONTACT,EXPECTED_INTERFACE_CONTACT,0,0,1,L3_SELECTIVE_EXACT
sobol_002,L06,L09,AABB_CLEAR,MESH_CLEAR,0,0,1,L2_MESH_BVH
sobol_002,L06,L10,AABB_FALSE_POSITIVE,MESH_CLEAR,0,0,1,L2_MESH_BVH
sobol_002,L07,L08,EXPECTED_INTERFACE_CONTACT,EXPECTED_INTERFACE_CONTACT,0,0,1,L0_FIXED_SAFE
sobol_002,L07,L09,AABB_CLEAR,AABB_CLEAR,0,0,1,L1_AABB
sobol_002,L07,L10,EXPECTED_INTERFACE_CONTACT,MESH_CLEAR,0,0,1,L2_MESH_BVH
sobol_002,L08,L09,EXPECTED_INTERFACE_CONTACT,EXPECTED_INTERFACE_CONTACT,0,0,1,L3_SELECTIVE_EXACT
sobol_002,L08,L10,EXPECTED_INTERFACE_CONTACT,EXPECTED_INTERFACE_CONTACT,0,0,1,L3_SELECTIVE_EXACT
sobol_002,L09,L10,AABB_CLEAR,AABB_CLEAR,0,0,1,L1_AABB
sobol_003,L00,L01,EXPECTED_INTERFACE_CONTACT,EXPECTED_INTERFACE_CONTACT,0,0,1,L3_SELECTIVE_EXACT
sobol_003,L00,L02,AABB_CLEAR,AABB_CLEAR,0,0,1,L1_AABB
sobol_003,L00,L03,AABB_CLEAR,AABB_CLEAR,0,0,1,L1_AABB
sobol_003,L00,L04,AABB_CLEAR,AABB_CLEAR,0,0,1,L1_AABB
sobol_003,L00,L05,AABB_CLEAR,AABB_CLEAR,0,0,1,L1_AABB
sobol_003,L00,L06,AABB_CLEAR,AABB_CLEAR,0,0,1,L1_AABB
sobol_003,L00,L07,AABB_CLEAR,AABB_CLEAR,0,0,1,L1_AABB
sobol_003,L00,L08,AABB_CLEAR,AABB_CLEAR,0,0,1,L1_AABB
sobol_003,L00,L09,AABB_CLEAR,AABB_CLEAR,0,0,1,L1_AABB
sobol_003,L00,L10,AABB_CLEAR,AABB_CLEAR,0,0,1,L1_AABB
sobol_003,L01,L02,EXPECTED_INTERFACE_CONTACT,EXPECTED_INTERFACE_CONTACT,0,0,1,L3_SELECTIVE_EXACT
sobol_003,L01,L03,AABB_CLEAR,AABB_CLEAR,0,0,1,L1_AABB
sobol_003,L01,L04,AABB_CLEAR,AABB_CLEAR,0,0,1,L1_AABB
sobol_003,L01,L05,AABB_CLEAR,AABB_CLEAR,0,0,1,L1_AABB
sobol_003,L01,L06,AABB_CLEAR,AABB_CLEAR,0,0,1,L1_AABB
sobol_003,L01,L07,AABB_CLEAR,AABB_CLEAR,0,0,1,L1_AABB
sobol_003,L01,L08,AABB_CLEAR,AABB_CLEAR,0,0,1,L1_AABB
sobol_003,L01,L09,AABB_CLEAR,AABB_CLEAR,0,0,1,L1_AABB
sobol_003,L01,L10,AABB_CLEAR,AABB_CLEAR,0,0,1,L1_AABB
sobol_003,L02,L03,EXPECTED_INTERFACE_CONTACT,EXPECTED_INTERFACE_CONTACT,0,0,1,L3_SELECTIVE_EXACT
sobol_003,L02,L04,AABB_CLEAR,AABB_CLEAR,0,0,1,L1_AABB
sobol_003,L02,L05,AABB_CLEAR,AABB_CLEAR,0,0,1,L1_AABB
sobol_003,L02,L06,AABB_CLEAR,AABB_CLEAR,0,0,1,L1_AABB
sobol_003,L02,L07,AABB_CLEAR,AABB_CLEAR,0,0,1,L1_AABB
sobol_003,L02,L08,AABB_CLEAR,AABB_CLEAR,0,0,1,L1_AABB
sobol_003,L02,L09,AABB_CLEAR,AABB_CLEAR,0,0,1,L1_AABB
sobol_003,L02,L10,AABB_CLEAR,AABB_CLEAR,0,0,1,L1_AABB
sobol_003,L03,L04,EXPECTED_INTERFACE_CONTACT,EXPECTED_INTERFACE_CONTACT,0,0,1,L3_SELECTIVE_EXACT
sobol_003,L03,L05,EXPECTED_INTERFACE_CONTACT,MESH_CLEAR,0,0,1,L2_MESH_BVH
sobol_003,L03,L06,AABB_CLEAR,MESH_CLEAR,0,0,1,L2_MESH_BVH
sobol_003,L03,L07,AABB_CLEAR,MESH_CLEAR,0,0,1,L2_MESH_BVH
sobol_003,L03,L08,AABB_CLEAR,MESH_CLEAR,0,0,1,L2_MESH_BVH
sobol_003,L03,L09,AABB_CLEAR,AABB_CLEAR,0,0,1,L1_AABB
sobol_003,L03,L10,AABB_CLEAR,AABB_CLEAR,0,0,1,L1_AABB
sobol_003,L04,L05,EXPECTED_INTERFACE_CONTACT,EXPECTED_INTERFACE_CONTACT,0,0,1,L0_FIXED_SAFE
sobol_003,L04,L06,EXPECTED_INTERFACE_CONTACT,EXPECTED_INTERFACE_CONTACT,0,0,1,L3_SELECTIVE_EXACT
sobol_003,L04,L07,EXPECTED_INTERFACE_CONTACT,EXPECTED_INTERFACE_CONTACT,0,0,1,L3_SELECTIVE_EXACT
sobol_003,L04,L08,AABB_CLEAR,AABB_CLEAR,0,0,1,L1_AABB
sobol_003,L04,L09,AABB_CLEAR,AABB_CLEAR,0,0,1,L1_AABB
sobol_003,L04,L10,AABB_CLEAR,AABB_CLEAR,0,0,1,L1_AABB
sobol_003,L05,L06,EXPECTED_INTERFACE_CONTACT,EXPECTED_INTERFACE_CONTACT,0,0,1,L3_SELECTIVE_EXACT
sobol_003,L05,L07,EXPECTED_INTERFACE_CONTACT,EXPECTED_INTERFACE_CONTACT,0,0,1,L0_FIXED_SAFE
sobol_003,L05,L08,EXPECTED_INTERFACE_CONTACT,EXPECTED_INTERFACE_CONTACT,0,0,1,L3_SELECTIVE_EXACT
sobol_003,L05,L09,EXPECTED_INTERFACE_CONTACT,MESH_CLEAR,0,0,1,L2_MESH_BVH
sobol_003,L05,L10,AABB_CLEAR,AABB_CLEAR,0,0,1,L1_AABB
sobol_003,L06,L07,EXPECTED_INTERFACE_CONTACT,EXPECTED_INTERFACE_CONTACT,0,0,1,L3_SELECTIVE_EXACT
sobol_003,L06,L08,EXPECTED_INTERFACE_CONTACT,EXPECTED_INTERFACE_CONTACT,0,0,1,L3_SELECTIVE_EXACT
sobol_003,L06,L09,AABB_FALSE_POSITIVE,MESH_CLEAR,0,0,1,L2_MESH_BVH
sobol_003,L06,L10,AABB_CLEAR,AABB_CLEAR,0,0,1,L1_AABB
sobol_003,L07,L08,EXPECTED_INTERFACE_CONTACT,EXPECTED_INTERFACE_CONTACT,0,0,1,L0_FIXED_SAFE
sobol_003,L07,L09,AABB_CLEAR,MESH_CLEAR,0,0,1,L2_MESH_BVH
sobol_003,L07,L10,AABB_CLEAR,AABB_CLEAR,0,0,1,L1_AABB
sobol_003,L08,L09,EXPECTED_INTERFACE_CONTACT,EXPECTED_INTERFACE_CONTACT,0,0,1,L3_SELECTIVE_EXACT
sobol_003,L08,L10,EXPECTED_INTERFACE_CONTACT,EXPECTED_INTERFACE_CONTACT,0,0,1,L3_SELECTIVE_EXACT
sobol_003,L09,L10,AABB_CLEAR,AABB_CLEAR,0,0,1,L1_AABB
sobol_004,L00,L01,EXPECTED_INTERFACE_CONTACT,EXPECTED_INTERFACE_CONTACT,0,0,1,L3_SELECTIVE_EXACT
sobol_004,L00,L02,AABB_CLEAR,AABB_CLEAR,0,0,1,L1_AABB
sobol_004,L00,L03,AABB_CLEAR,AABB_CLEAR,0,0,1,L1_AABB
sobol_004,L00,L04,AABB_CLEAR,AABB_CLEAR,0,0,1,L1_AABB
sobol_004,L00,L05,AABB_CLEAR,AABB_CLEAR,0,0,1,L1_AABB
sobol_004,L00,L06,AABB_CLEAR,AABB_CLEAR,0,0,1,L1_AABB
sobol_004,L00,L07,AABB_CLEAR,AABB_CLEAR,0,0,1,L1_AABB
sobol_004,L00,L08,AABB_CLEAR,AABB_CLEAR,0,0,1,L1_AABB
sobol_004,L00,L09,AABB_CLEAR,AABB_CLEAR,0,0,1,L1_AABB
sobol_004,L00,L10,AABB_CLEAR,AABB_CLEAR,0,0,1,L1_AABB
sobol_004,L01,L02,EXPECTED_INTERFACE_CONTACT,EXPECTED_INTERFACE_CONTACT,0,0,1,L3_SELECTIVE_EXACT
sobol_004,L01,L03,AABB_CLEAR,AABB_CLEAR,0,0,1,L1_AABB
sobol_004,L01,L04,AABB_CLEAR,AABB_CLEAR,0,0,1,L1_AABB
sobol_004,L01,L05,AABB_CLEAR,AABB_CLEAR,0,0,1,L1_AABB
sobol_004,L01,L06,AABB_CLEAR,AABB_CLEAR,0,0,1,L1_AABB
sobol_004,L01,L07,AABB_CLEAR,AABB_CLEAR,0,0,1,L1_AABB
sobol_004,L01,L08,AABB_CLEAR,AABB_CLEAR,0,0,1,L1_AABB
sobol_004,L01,L09,AABB_CLEAR,AABB_CLEAR,0,0,1,L1_AABB
sobol_004,L01,L10,AABB_CLEAR,AABB_CLEAR,0,0,1,L1_AABB
sobol_004,L02,L03,EXPECTED_INTERFACE_CONTACT,EXPECTED_INTERFACE_CONTACT,0,0,1,L3_SELECTIVE_EXACT
sobol_004,L02,L04,AABB_CLEAR,AABB_CLEAR,0,0,1,L1_AABB
sobol_004,L02,L05,AABB_CLEAR,AABB_CLEAR,0,0,1,L1_AABB
sobol_004,L02,L06,AABB_CLEAR,AABB_CLEAR,0,0,1,L1_AABB
sobol_004,L02,L07,AABB_CLEAR,AABB_CLEAR,0,0,1,L1_AABB
sobol_004,L02,L08,AABB_CLEAR,AABB_CLEAR,0,0,1,L1_AABB
sobol_004,L02,L09,AABB_CLEAR,AABB_CLEAR,0,0,1,L1_AABB
sobol_004,L02,L10,AABB_CLEAR,AABB_CLEAR,0,0,1,L1_AABB
sobol_004,L03,L04,EXPECTED_INTERFACE_CONTACT,EXPECTED_INTERFACE_CONTACT,0,0,1,L3_SELECTIVE_EXACT
sobol_004,L03,L05,AABB_CLEAR,AABB_CLEAR,0,0,1,L1_AABB
sobol_004,L03,L06,AABB_CLEAR,AABB_CLEAR,0,0,1,L1_AABB
sobol_004,L03,L07,AABB_CLEAR,AABB_CLEAR,0,0,1,L1_AABB
sobol_004,L03,L08,AABB_CLEAR,AABB_CLEAR,0,0,1,L1_AABB
sobol_004,L03,L09,AABB_CLEAR,AABB_CLEAR,0,0,1,L1_AABB
sobol_004,L03,L10,AABB_CLEAR,AABB_CLEAR,0,0,1,L1_AABB
sobol_004,L04,L05,EXPECTED_INTERFACE_CONTACT,EXPECTED_INTERFACE_CONTACT,0,0,1,L0_FIXED_SAFE
sobol_004,L04,L06,EXPECTED_INTERFACE_CONTACT,EXPECTED_INTERFACE_CONTACT,0,0,1,L3_SELECTIVE_EXACT
sobol_004,L04,L07,EXPECTED_INTERFACE_CONTACT,EXPECTED_INTERFACE_CONTACT,0,0,1,L3_SELECTIVE_EXACT
sobol_004,L04,L08,EXPECTED_INTERFACE_CONTACT,MESH_CLEAR,0,0,1,L2_MESH_BVH
sobol_004,L04,L09,AABB_CLEAR,AABB_CLEAR,0,0,1,L1_AABB
sobol_004,L04,L10,AABB_CLEAR,AABB_CLEAR,0,0,1,L1_AABB
sobol_004,L05,L06,EXPECTED_INTERFACE_CONTACT,EXPECTED_INTERFACE_CONTACT,0,0,1,L3_SELECTIVE_EXACT
sobol_004,L05,L07,EXPECTED_INTERFACE_CONTACT,EXPECTED_INTERFACE_CONTACT,0,0,1,L0_FIXED_SAFE
sobol_004,L05,L08,EXPECTED_INTERFACE_CONTACT,EXPECTED_INTERFACE_CONTACT,0,0,1,L3_SELECTIVE_EXACT
sobol_004,L05,L09,AABB_CLEAR,AABB_CLEAR,0,0,1,L1_AABB
sobol_004,L05,L10,AABB_CLEAR,AABB_CLEAR,0,0,1,L1_AABB
sobol_004,L06,L07,EXPECTED_INTERFACE_CONTACT,EXPECTED_INTERFACE_CONTACT,0,0,1,L3_SELECTIVE_EXACT
sobol_004,L06,L08,EXPECTED_INTERFACE_CONTACT,EXPECTED_INTERFACE_CONTACT,0,0,1,L3_SELECTIVE_EXACT
sobol_004,L06,L09,AABB_CLEAR,MESH_CLEAR,0,0,1,L2_MESH_BVH
sobol_004,L06,L10,AABB_FALSE_POSITIVE,MESH_CLEAR,0,0,1,L2_MESH_BVH
sobol_004,L07,L08,EXPECTED_INTERFACE_CONTACT,EXPECTED_INTERFACE_CONTACT,0,0,1,L0_FIXED_SAFE
sobol_004,L07,L09,AABB_CLEAR,AABB_CLEAR,0,0,1,L1_AABB
sobol_004,L07,L10,AABB_CLEAR,AABB_CLEAR,0,0,1,L1_AABB
sobol_004,L08,L09,EXPECTED_INTERFACE_CONTACT,EXPECTED_INTERFACE_CONTACT,0,0,1,L3_SELECTIVE_EXACT
sobol_004,L08,L10,EXPECTED_INTERFACE_CONTACT,EXPECTED_INTERFACE_CONTACT,0,0,1,L3_SELECTIVE_EXACT
sobol_004,L09,L10,AABB_CLEAR,AABB_CLEAR,0,0,1,L1_AABB
sobol_005,L00,L01,EXPECTED_INTERFACE_CONTACT,EXPECTED_INTERFACE_CONTACT,0,0,1,L3_SELECTIVE_EXACT
sobol_005,L00,L02,AABB_CLEAR,MESH_CLEAR,0,0,1,L2_MESH_BVH
sobol_005,L00,L03,AABB_CLEAR,AABB_CLEAR,0,0,1,L1_AABB
sobol_005,L00,L04,AABB_CLEAR,AABB_CLEAR,0,0,1,L1_AABB
sobol_005,L00,L05,AABB_CLEAR,AABB_CLEAR,0,0,1,L1_AABB
sobol_005,L00,L06,AABB_CLEAR,AABB_CLEAR,0,0,1,L1_AABB
sobol_005,L00,L07,AABB_CLEAR,AABB_CLEAR,0,0,1,L1_AABB
sobol_005,L00,L08,AABB_CLEAR,AABB_CLEAR,0,0,1,L1_AABB
sobol_005,L00,L09,AABB_CLEAR,AABB_CLEAR,0,0,1,L1_AABB
sobol_005,L00,L10,AABB_CLEAR,AABB_CLEAR,0,0,1,L1_AABB
sobol_005,L01,L02,EXPECTED_INTERFACE_CONTACT,EXPECTED_INTERFACE_CONTACT,0,0,1,L3_SELECTIVE_EXACT
sobol_005,L01,L03,AABB_CLEAR,AABB_CLEAR,0,0,1,L1_AABB
sobol_005,L01,L04,AABB_CLEAR,AABB_CLEAR,0,0,1,L1_AABB
sobol_005,L01,L05,AABB_CLEAR,AABB_CLEAR,0,0,1,L1_AABB
sobol_005,L01,L06,AABB_CLEAR,AABB_CLEAR,0,0,1,L1_AABB
sobol_005,L01,L07,AABB_CLEAR,AABB_CLEAR,0,0,1,L1_AABB
sobol_005,L01,L08,AABB_CLEAR,AABB_CLEAR,0,0,1,L1_AABB
sobol_005,L01,L09,AABB_CLEAR,AABB_CLEAR,0,0,1,L1_AABB
sobol_005,L01,L10,AABB_CLEAR,AABB_CLEAR,0,0,1,L1_AABB
sobol_005,L02,L03,EXPECTED_INTERFACE_CONTACT,EXPECTED_INTERFACE_CONTACT,0,0,1,L3_SELECTIVE_EXACT
sobol_005,L02,L04,AABB_CLEAR,MESH_CLEAR,0,0,1,L2_MESH_BVH
sobol_005,L02,L05,AABB_CLEAR,AABB_CLEAR,0,0,1,L1_AABB
sobol_005,L02,L06,AABB_CLEAR,AABB_CLEAR,0,0,1,L1_AABB
sobol_005,L02,L07,AABB_CLEAR,AABB_CLEAR,0,0,1,L1_AABB
sobol_005,L02,L08,AABB_CLEAR,AABB_CLEAR,0,0,1,L1_AABB
sobol_005,L02,L09,AABB_CLEAR,AABB_CLEAR,0,0,1,L1_AABB
sobol_005,L02,L10,AABB_CLEAR,AABB_CLEAR,0,0,1,L1_AABB
sobol_005,L03,L04,EXPECTED_INTERFACE_CONTACT,EXPECTED_INTERFACE_CONTACT,0,0,1,L3_SELECTIVE_EXACT
sobol_005,L03,L05,AABB_CLEAR,AABB_CLEAR,0,0,1,L1_AABB
sobol_005,L03,L06,AABB_CLEAR,AABB_CLEAR,0,0,1,L1_AABB
sobol_005,L03,L07,AABB_CLEAR,AABB_CLEAR,0,0,1,L1_AABB
sobol_005,L03,L08,AABB_CLEAR,AABB_CLEAR,0,0,1,L1_AABB
sobol_005,L03,L09,AABB_CLEAR,AABB_CLEAR,0,0,1,L1_AABB
sobol_005,L03,L10,AABB_CLEAR,AABB_CLEAR,0,0,1,L1_AABB
sobol_005,L04,L05,EXPECTED_INTERFACE_CONTACT,EXPECTED_INTERFACE_CONTACT,0,0,1,L0_FIXED_SAFE
sobol_005,L04,L06,EXPECTED_INTERFACE_CONTACT,EXPECTED_INTERFACE_CONTACT,0,0,1,L3_SELECTIVE_EXACT
sobol_005,L04,L07,EXPECTED_INTERFACE_CONTACT,EXPECTED_INTERFACE_CONTACT,0,0,1,L3_SELECTIVE_EXACT
sobol_005,L04,L08,AABB_CLEAR,AABB_CLEAR,0,0,1,L1_AABB
sobol_005,L04,L09,AABB_CLEAR,AABB_CLEAR,0,0,1,L1_AABB
sobol_005,L04,L10,AABB_CLEAR,MESH_CLEAR,0,0,1,L2_MESH_BVH
sobol_005,L05,L06,EXPECTED_INTERFACE_CONTACT,EXPECTED_INTERFACE_CONTACT,0,0,1,L3_SELECTIVE_EXACT
sobol_005,L05,L07,EXPECTED_INTERFACE_CONTACT,EXPECTED_INTERFACE_CONTACT,0,0,1,L0_FIXED_SAFE
sobol_005,L05,L08,EXPECTED_INTERFACE_CONTACT,EXPECTED_INTERFACE_CONTACT,0,0,1,L3_SELECTIVE_EXACT
sobol_005,L05,L09,EXPECTED_INTERFACE_CONTACT,EXPECTED_INTERFACE_CONTACT,0,0,1,L3_SELECTIVE_EXACT
sobol_005,L05,L10,EXPECTED_INTERFACE_CONTACT,EXPECTED_INTERFACE_CONTACT,0,0,1,L3_SELECTIVE_EXACT
sobol_005,L06,L07,EXPECTED_INTERFACE_CONTACT,EXPECTED_INTERFACE_CONTACT,0,0,1,L3_SELECTIVE_EXACT
sobol_005,L06,L08,EXPECTED_INTERFACE_CONTACT,EXPECTED_INTERFACE_CONTACT,0,0,1,L3_SELECTIVE_EXACT
sobol_005,L06,L09,AABB_FALSE_POSITIVE,AABB_FALSE_POSITIVE,0,0,1,L3_SELECTIVE_EXACT
sobol_005,L06,L10,AABB_FALSE_POSITIVE,AABB_FALSE_POSITIVE,0,0,1,L3_SELECTIVE_EXACT
sobol_005,L07,L08,EXPECTED_INTERFACE_CONTACT,EXPECTED_INTERFACE_CONTACT,0,0,1,L0_FIXED_SAFE
sobol_005,L07,L09,AABB_CLEAR,AABB_CLEAR,0,0,1,L3_SELECTIVE_EXACT
sobol_005,L07,L10,EXPECTED_INTERFACE_CONTACT,EXPECTED_INTERFACE_CONTACT,0,0,1,L3_SELECTIVE_EXACT
sobol_005,L08,L09,EXPECTED_INTERFACE_CONTACT,EXPECTED_INTERFACE_CONTACT,0,0,1,L3_SELECTIVE_EXACT
sobol_005,L08,L10,EXPECTED_INTERFACE_CONTACT,EXPECTED_INTERFACE_CONTACT,0,0,1,L3_SELECTIVE_EXACT
sobol_005,L09,L10,AABB_CLEAR,AABB_CLEAR,0,0,1,L1_AABB
sobol_006,L00,L01,EXPECTED_INTERFACE_CONTACT,EXPECTED_INTERFACE_CONTACT,0,0,1,L3_SELECTIVE_EXACT
sobol_006,L00,L02,AABB_CLEAR,AABB_CLEAR,0,0,1,L1_AABB
sobol_006,L00,L03,AABB_CLEAR,AABB_CLEAR,0,0,1,L1_AABB
sobol_006,L00,L04,AABB_CLEAR,AABB_CLEAR,0,0,1,L1_AABB
sobol_006,L00,L05,AABB_CLEAR,AABB_CLEAR,0,0,1,L1_AABB
sobol_006,L00,L06,AABB_CLEAR,AABB_CLEAR,0,0,1,L1_AABB
sobol_006,L00,L07,AABB_CLEAR,AABB_CLEAR,0,0,1,L1_AABB
sobol_006,L00,L08,AABB_CLEAR,AABB_CLEAR,0,0,1,L1_AABB
sobol_006,L00,L09,AABB_CLEAR,AABB_CLEAR,0,0,1,L1_AABB
sobol_006,L00,L10,AABB_CLEAR,AABB_CLEAR,0,0,1,L1_AABB
sobol_006,L01,L02,EXPECTED_INTERFACE_CONTACT,EXPECTED_INTERFACE_CONTACT,0,0,1,L3_SELECTIVE_EXACT
sobol_006,L01,L03,AABB_CLEAR,AABB_CLEAR,0,0,1,L1_AABB
sobol_006,L01,L04,AABB_CLEAR,AABB_CLEAR,0,0,1,L1_AABB
sobol_006,L01,L05,AABB_CLEAR,AABB_CLEAR,0,0,1,L1_AABB
sobol_006,L01,L06,AABB_CLEAR,AABB_CLEAR,0,0,1,L1_AABB
sobol_006,L01,L07,AABB_CLEAR,AABB_CLEAR,0,0,1,L1_AABB
sobol_006,L01,L08,AABB_CLEAR,AABB_CLEAR,0,0,1,L1_AABB
sobol_006,L01,L09,AABB_CLEAR,AABB_CLEAR,0,0,1,L1_AABB
sobol_006,L01,L10,AABB_CLEAR,AABB_CLEAR,0,0,1,L1_AABB
sobol_006,L02,L03,EXPECTED_INTERFACE_CONTACT,EXPECTED_INTERFACE_CONTACT,0,0,1,L3_SELECTIVE_EXACT
sobol_006,L02,L04,AABB_CLEAR,AABB_CLEAR,0,0,1,L1_AABB
sobol_006,L02,L05,AABB_CLEAR,AABB_CLEAR,0,0,1,L1_AABB
sobol_006,L02,L06,AABB_CLEAR,AABB_CLEAR,0,0,1,L1_AABB
sobol_006,L02,L07,AABB_CLEAR,AABB_CLEAR,0,0,1,L1_AABB
sobol_006,L02,L08,AABB_CLEAR,AABB_CLEAR,0,0,1,L1_AABB
sobol_006,L02,L09,AABB_CLEAR,AABB_CLEAR,0,0,1,L1_AABB
sobol_006,L02,L10,AABB_CLEAR,AABB_CLEAR,0,0,1,L1_AABB
sobol_006,L03,L04,EXPECTED_INTERFACE_CONTACT,EXPECTED_INTERFACE_CONTACT,0,0,1,L3_SELECTIVE_EXACT
sobol_006,L03,L05,AABB_CLEAR,AABB_CLEAR,0,0,1,L1_AABB
sobol_006,L03,L06,AABB_CLEAR,AABB_CLEAR,0,0,1,L1_AABB
sobol_006,L03,L07,AABB_CLEAR,AABB_CLEAR,0,0,1,L1_AABB
sobol_006,L03,L08,AABB_CLEAR,AABB_CLEAR,0,0,1,L1_AABB
sobol_006,L03,L09,AABB_CLEAR,AABB_CLEAR,0,0,1,L1_AABB
sobol_006,L03,L10,AABB_CLEAR,AABB_CLEAR,0,0,1,L1_AABB
sobol_006,L04,L05,EXPECTED_INTERFACE_CONTACT,EXPECTED_INTERFACE_CONTACT,0,0,1,L0_FIXED_SAFE
sobol_006,L04,L06,EXPECTED_INTERFACE_CONTACT,EXPECTED_INTERFACE_CONTACT,0,0,1,L3_SELECTIVE_EXACT
sobol_006,L04,L07,EXPECTED_INTERFACE_CONTACT,EXPECTED_INTERFACE_CONTACT,0,0,1,L3_SELECTIVE_EXACT
sobol_006,L04,L08,AABB_CLEAR,AABB_CLEAR,0,0,1,L1_AABB
sobol_006,L04,L09,AABB_CLEAR,AABB_CLEAR,0,0,1,L1_AABB
sobol_006,L04,L10,AABB_CLEAR,AABB_CLEAR,0,0,1,L1_AABB
sobol_006,L05,L06,EXPECTED_INTERFACE_CONTACT,EXPECTED_INTERFACE_CONTACT,0,0,1,L3_SELECTIVE_EXACT
sobol_006,L05,L07,EXPECTED_INTERFACE_CONTACT,EXPECTED_INTERFACE_CONTACT,0,0,1,L0_FIXED_SAFE
sobol_006,L05,L08,AABB_CLEAR,AABB_CLEAR,0,0,1,L1_AABB
sobol_006,L05,L09,EXPECTED_INTERFACE_CONTACT,EXPECTED_INTERFACE_CONTACT,0,0,1,L3_SELECTIVE_EXACT
sobol_006,L05,L10,AABB_CLEAR,AABB_CLEAR,0,0,1,L3_SELECTIVE_EXACT
sobol_006,L06,L07,EXPECTED_INTERFACE_CONTACT,EXPECTED_INTERFACE_CONTACT,0,0,1,L3_SELECTIVE_EXACT
sobol_006,L06,L08,EXPECTED_INTERFACE_CONTACT,EXPECTED_INTERFACE_CONTACT,0,0,1,L3_SELECTIVE_EXACT
sobol_006,L06,L09,AABB_CLEAR,MESH_CLEAR,0,0,1,L2_MESH_BVH
sobol_006,L06,L10,AABB_CLEAR,MESH_CLEAR,0,0,1,L2_MESH_BVH
sobol_006,L07,L08,EXPECTED_INTERFACE_CONTACT,EXPECTED_INTERFACE_CONTACT,0,0,1,L0_FIXED_SAFE
sobol_006,L07,L09,AABB_CLEAR,AABB_CLEAR,0,0,1,L1_AABB
sobol_006,L07,L10,AABB_CLEAR,AABB_CLEAR,0,0,1,L1_AABB
sobol_006,L08,L09,EXPECTED_INTERFACE_CONTACT,EXPECTED_INTERFACE_CONTACT,0,0,1,L3_SELECTIVE_EXACT
sobol_006,L08,L10,EXPECTED_INTERFACE_CONTACT,EXPECTED_INTERFACE_CONTACT,0,0,1,L3_SELECTIVE_EXACT
sobol_006,L09,L10,AABB_CLEAR,AABB_CLEAR,0,0,1,L1_AABB
sobol_007,L00,L01,EXPECTED_INTERFACE_CONTACT,EXPECTED_INTERFACE_CONTACT,0,0,1,L3_SELECTIVE_EXACT
sobol_007,L00,L02,AABB_FALSE_POSITIVE,AABB_FALSE_POSITIVE,0,0,1,L3_SELECTIVE_EXACT
sobol_007,L00,L03,AABB_CLEAR,AABB_CLEAR,0,0,1,L1_AABB
sobol_007,L00,L04,AABB_CLEAR,AABB_CLEAR,0,0,1,L1_AABB
sobol_007,L00,L05,AABB_CLEAR,AABB_CLEAR,0,0,1,L1_AABB
sobol_007,L00,L06,AABB_CLEAR,AABB_CLEAR,0,0,1,L1_AABB
sobol_007,L00,L07,AABB_CLEAR,AABB_CLEAR,0,0,1,L1_AABB
sobol_007,L00,L08,AABB_CLEAR,AABB_CLEAR,0,0,1,L1_AABB
sobol_007,L00,L09,AABB_CLEAR,AABB_CLEAR,0,0,1,L1_AABB
sobol_007,L00,L10,AABB_CLEAR,AABB_CLEAR,0,0,1,L1_AABB
sobol_007,L01,L02,EXPECTED_INTERFACE_CONTACT,EXPECTED_INTERFACE_CONTACT,0,0,1,L3_SELECTIVE_EXACT
sobol_007,L01,L03,AABB_CLEAR,AABB_CLEAR,0,0,1,L1_AABB
sobol_007,L01,L04,AABB_CLEAR,AABB_CLEAR,0,0,1,L1_AABB
sobol_007,L01,L05,AABB_CLEAR,AABB_CLEAR,0,0,1,L1_AABB
sobol_007,L01,L06,AABB_CLEAR,AABB_CLEAR,0,0,1,L1_AABB
sobol_007,L01,L07,AABB_CLEAR,AABB_CLEAR,0,0,1,L1_AABB
sobol_007,L01,L08,AABB_CLEAR,AABB_CLEAR,0,0,1,L1_AABB
sobol_007,L01,L09,AABB_CLEAR,AABB_CLEAR,0,0,1,L1_AABB
sobol_007,L01,L10,AABB_CLEAR,AABB_CLEAR,0,0,1,L1_AABB
sobol_007,L02,L03,EXPECTED_INTERFACE_CONTACT,EXPECTED_INTERFACE_CONTACT,0,0,1,L3_SELECTIVE_EXACT
sobol_007,L02,L04,AABB_CLEAR,AABB_CLEAR,0,0,1,L1_AABB
sobol_007,L02,L05,AABB_CLEAR,AABB_CLEAR,0,0,1,L1_AABB
sobol_007,L02,L06,AABB_CLEAR,AABB_CLEAR,0,0,1,L1_AABB
sobol_007,L02,L07,AABB_CLEAR,AABB_CLEAR,0,0,1,L1_AABB
sobol_007,L02,L08,AABB_CLEAR,AABB_CLEAR,0,0,1,L1_AABB
sobol_007,L02,L09,AABB_CLEAR,AABB_CLEAR,0,0,1,L1_AABB
sobol_007,L02,L10,AABB_CLEAR,AABB_CLEAR,0,0,1,L1_AABB
sobol_007,L03,L04,EXPECTED_INTERFACE_CONTACT,EXPECTED_INTERFACE_CONTACT,0,0,1,L3_SELECTIVE_EXACT
sobol_007,L03,L05,AABB_CLEAR,AABB_CLEAR,0,0,1,L1_AABB
sobol_007,L03,L06,AABB_CLEAR,AABB_CLEAR,0,0,1,L1_AABB
sobol_007,L03,L07,AABB_CLEAR,AABB_CLEAR,0,0,1,L1_AABB
sobol_007,L03,L08,AABB_CLEAR,AABB_CLEAR,0,0,1,L1_AABB
sobol_007,L03,L09,AABB_CLEAR,AABB_CLEAR,0,0,1,L1_AABB
sobol_007,L03,L10,AABB_CLEAR,AABB_CLEAR,0,0,1,L1_AABB
sobol_007,L04,L05,EXPECTED_INTERFACE_CONTACT,EXPECTED_INTERFACE_CONTACT,0,0,1,L0_FIXED_SAFE
sobol_007,L04,L06,EXPECTED_INTERFACE_CONTACT,EXPECTED_INTERFACE_CONTACT,0,0,1,L3_SELECTIVE_EXACT
sobol_007,L04,L07,EXPECTED_INTERFACE_CONTACT,EXPECTED_INTERFACE_CONTACT,0,0,1,L3_SELECTIVE_EXACT
sobol_007,L04,L08,AABB_CLEAR,AABB_CLEAR,0,0,1,L1_AABB
sobol_007,L04,L09,AABB_CLEAR,AABB_CLEAR,0,0,1,L1_AABB
sobol_007,L04,L10,AABB_CLEAR,AABB_CLEAR,0,0,1,L1_AABB
sobol_007,L05,L06,EXPECTED_INTERFACE_CONTACT,EXPECTED_INTERFACE_CONTACT,0,0,1,L3_SELECTIVE_EXACT
sobol_007,L05,L07,EXPECTED_INTERFACE_CONTACT,EXPECTED_INTERFACE_CONTACT,0,0,1,L0_FIXED_SAFE
sobol_007,L05,L08,AABB_CLEAR,AABB_CLEAR,0,0,1,L1_AABB
sobol_007,L05,L09,EXPECTED_INTERFACE_CONTACT,EXPECTED_INTERFACE_CONTACT,0,0,1,L3_SELECTIVE_EXACT
sobol_007,L05,L10,EXPECTED_INTERFACE_CONTACT,EXPECTED_INTERFACE_CONTACT,0,0,1,L3_SELECTIVE_EXACT
sobol_007,L06,L07,EXPECTED_INTERFACE_CONTACT,EXPECTED_INTERFACE_CONTACT,0,0,1,L3_SELECTIVE_EXACT
sobol_007,L06,L08,EXPECTED_INTERFACE_CONTACT,EXPECTED_INTERFACE_CONTACT,0,0,1,L3_SELECTIVE_EXACT
sobol_007,L06,L09,AABB_CLEAR,MESH_CLEAR,0,0,1,L2_MESH_BVH
sobol_007,L06,L10,AABB_FALSE_POSITIVE,MESH_CLEAR,0,0,1,L2_MESH_BVH
sobol_007,L07,L08,EXPECTED_INTERFACE_CONTACT,EXPECTED_INTERFACE_CONTACT,0,0,1,L0_FIXED_SAFE
sobol_007,L07,L09,AABB_CLEAR,AABB_CLEAR,0,0,1,L1_AABB
sobol_007,L07,L10,AABB_CLEAR,MESH_CLEAR,0,0,1,L2_MESH_BVH
sobol_007,L08,L09,EXPECTED_INTERFACE_CONTACT,EXPECTED_INTERFACE_CONTACT,0,0,1,L3_SELECTIVE_EXACT
sobol_007,L08,L10,EXPECTED_INTERFACE_CONTACT,EXPECTED_INTERFACE_CONTACT,0,0,1,L3_SELECTIVE_EXACT
sobol_007,L09,L10,AABB_CLEAR,AABB_CLEAR,0,0,1,L1_AABB
sobol_008,L00,L01,EXPECTED_INTERFACE_CONTACT,EXPECTED_INTERFACE_CONTACT,0,0,1,L3_SELECTIVE_EXACT
sobol_008,L00,L02,AABB_CLEAR,MESH_CLEAR,0,0,1,L2_MESH_BVH
sobol_008,L00,L03,AABB_CLEAR,AABB_CLEAR,0,0,1,L1_AABB
sobol_008,L00,L04,AABB_CLEAR,AABB_CLEAR,0,0,1,L1_AABB
sobol_008,L00,L05,AABB_CLEAR,AABB_CLEAR,0,0,1,L1_AABB
sobol_008,L00,L06,AABB_CLEAR,AABB_CLEAR,0,0,1,L1_AABB
sobol_008,L00,L07,AABB_CLEAR,AABB_CLEAR,0,0,1,L1_AABB
sobol_008,L00,L08,AABB_CLEAR,AABB_CLEAR,0,0,1,L1_AABB
sobol_008,L00,L09,AABB_CLEAR,AABB_CLEAR,0,0,1,L1_AABB
sobol_008,L00,L10,AABB_CLEAR,AABB_CLEAR,0,0,1,L1_AABB
sobol_008,L01,L02,EXPECTED_INTERFACE_CONTACT,EXPECTED_INTERFACE_CONTACT,0,0,1,L3_SELECTIVE_EXACT
sobol_008,L01,L03,AABB_CLEAR,AABB_CLEAR,0,0,1,L1_AABB
sobol_008,L01,L04,AABB_CLEAR,AABB_CLEAR,0,0,1,L1_AABB
sobol_008,L01,L05,AABB_CLEAR,AABB_CLEAR,0,0,1,L1_AABB
sobol_008,L01,L06,AABB_CLEAR,AABB_CLEAR,0,0,1,L1_AABB
sobol_008,L01,L07,AABB_CLEAR,AABB_CLEAR,0,0,1,L1_AABB
sobol_008,L01,L08,AABB_CLEAR,AABB_CLEAR,0,0,1,L1_AABB
sobol_008,L01,L09,AABB_CLEAR,AABB_CLEAR,0,0,1,L1_AABB
sobol_008,L01,L10,AABB_CLEAR,AABB_CLEAR,0,0,1,L1_AABB
sobol_008,L02,L03,EXPECTED_INTERFACE_CONTACT,EXPECTED_INTERFACE_CONTACT,0,0,1,L3_SELECTIVE_EXACT
sobol_008,L02,L04,AABB_CLEAR,AABB_CLEAR,0,0,1,L1_AABB
sobol_008,L02,L05,AABB_CLEAR,AABB_CLEAR,0,0,1,L1_AABB
sobol_008,L02,L06,AABB_CLEAR,AABB_CLEAR,0,0,1,L1_AABB
sobol_008,L02,L07,AABB_CLEAR,AABB_CLEAR,0,0,1,L1_AABB
sobol_008,L02,L08,AABB_CLEAR,AABB_CLEAR,0,0,1,L1_AABB
sobol_008,L02,L09,AABB_CLEAR,AABB_CLEAR,0,0,1,L1_AABB
sobol_008,L02,L10,AABB_CLEAR,AABB_CLEAR,0,0,1,L1_AABB
sobol_008,L03,L04,EXPECTED_INTERFACE_CONTACT,EXPECTED_INTERFACE_CONTACT,0,0,1,L3_SELECTIVE_EXACT
sobol_008,L03,L05,AABB_CLEAR,AABB_CLEAR,0,0,1,L1_AABB
sobol_008,L03,L06,AABB_CLEAR,AABB_CLEAR,0,0,1,L1_AABB
sobol_008,L03,L07,AABB_CLEAR,AABB_CLEAR,0,0,1,L1_AABB
sobol_008,L03,L08,AABB_CLEAR,AABB_CLEAR,0,0,1,L1_AABB
sobol_008,L03,L09,AABB_CLEAR,AABB_CLEAR,0,0,1,L1_AABB
sobol_008,L03,L10,AABB_CLEAR,AABB_CLEAR,0,0,1,L1_AABB
sobol_008,L04,L05,EXPECTED_INTERFACE_CONTACT,EXPECTED_INTERFACE_CONTACT,0,0,1,L0_FIXED_SAFE
sobol_008,L04,L06,EXPECTED_INTERFACE_CONTACT,EXPECTED_INTERFACE_CONTACT,0,0,1,L3_SELECTIVE_EXACT
sobol_008,L04,L07,EXPECTED_INTERFACE_CONTACT,EXPECTED_INTERFACE_CONTACT,0,0,1,L3_SELECTIVE_EXACT
sobol_008,L04,L08,AABB_CLEAR,AABB_CLEAR,0,0,1,L1_AABB
sobol_008,L04,L09,AABB_CLEAR,AABB_CLEAR,0,0,1,L1_AABB
sobol_008,L04,L10,AABB_CLEAR,AABB_CLEAR,0,0,1,L1_AABB
sobol_008,L05,L06,EXPECTED_INTERFACE_CONTACT,EXPECTED_INTERFACE_CONTACT,0,0,1,L3_SELECTIVE_EXACT
sobol_008,L05,L07,EXPECTED_INTERFACE_CONTACT,EXPECTED_INTERFACE_CONTACT,0,0,1,L0_FIXED_SAFE
sobol_008,L05,L08,AABB_CLEAR,AABB_CLEAR,0,0,1,L1_AABB
sobol_008,L05,L09,AABB_CLEAR,AABB_CLEAR,0,0,1,L1_AABB
sobol_008,L05,L10,AABB_CLEAR,AABB_CLEAR,0,0,1,L1_AABB
sobol_008,L06,L07,EXPECTED_INTERFACE_CONTACT,EXPECTED_INTERFACE_CONTACT,0,0,1,L3_SELECTIVE_EXACT
sobol_008,L06,L08,EXPECTED_INTERFACE_CONTACT,EXPECTED_INTERFACE_CONTACT,0,0,1,L3_SELECTIVE_EXACT
sobol_008,L06,L09,AABB_CLEAR,AABB_CLEAR,0,0,1,L1_AABB
sobol_008,L06,L10,AABB_CLEAR,AABB_CLEAR,0,0,1,L1_AABB
sobol_008,L07,L08,EXPECTED_INTERFACE_CONTACT,EXPECTED_INTERFACE_CONTACT,0,0,1,L0_FIXED_SAFE
sobol_008,L07,L09,AABB_CLEAR,AABB_CLEAR,0,0,1,L1_AABB
sobol_008,L07,L10,AABB_CLEAR,AABB_CLEAR,0,0,1,L1_AABB
sobol_008,L08,L09,EXPECTED_INTERFACE_CONTACT,EXPECTED_INTERFACE_CONTACT,0,0,1,L3_SELECTIVE_EXACT
sobol_008,L08,L10,EXPECTED_INTERFACE_CONTACT,EXPECTED_INTERFACE_CONTACT,0,0,1,L3_SELECTIVE_EXACT
sobol_008,L09,L10,AABB_CLEAR,AABB_CLEAR,0,0,1,L1_AABB
sobol_009,L00,L01,EXPECTED_INTERFACE_CONTACT,EXPECTED_INTERFACE_CONTACT,0,0,1,L3_SELECTIVE_EXACT
sobol_009,L00,L02,AABB_CLEAR,AABB_CLEAR,0,0,1,L1_AABB
sobol_009,L00,L03,AABB_CLEAR,AABB_CLEAR,0,0,1,L1_AABB
sobol_009,L00,L04,AABB_CLEAR,AABB_CLEAR,0,0,1,L1_AABB
sobol_009,L00,L05,AABB_CLEAR,AABB_CLEAR,0,0,1,L1_AABB
sobol_009,L00,L06,AABB_CLEAR,AABB_CLEAR,0,0,1,L1_AABB
sobol_009,L00,L07,AABB_CLEAR,AABB_CLEAR,0,0,1,L1_AABB
sobol_009,L00,L08,AABB_CLEAR,AABB_CLEAR,0,0,1,L1_AABB
sobol_009,L00,L09,AABB_CLEAR,AABB_CLEAR,0,0,1,L1_AABB
sobol_009,L00,L10,AABB_CLEAR,AABB_CLEAR,0,0,1,L1_AABB
sobol_009,L01,L02,EXPECTED_INTERFACE_CONTACT,EXPECTED_INTERFACE_CONTACT,0,0,1,L3_SELECTIVE_EXACT
sobol_009,L01,L03,AABB_CLEAR,AABB_CLEAR,0,0,1,L1_AABB
sobol_009,L01,L04,AABB_CLEAR,AABB_CLEAR,0,0,1,L1_AABB
sobol_009,L01,L05,AABB_CLEAR,AABB_CLEAR,0,0,1,L1_AABB
sobol_009,L01,L06,AABB_CLEAR,AABB_CLEAR,0,0,1,L1_AABB
sobol_009,L01,L07,AABB_CLEAR,AABB_CLEAR,0,0,1,L1_AABB
sobol_009,L01,L08,AABB_CLEAR,AABB_CLEAR,0,0,1,L1_AABB
sobol_009,L01,L09,AABB_CLEAR,AABB_CLEAR,0,0,1,L1_AABB
sobol_009,L01,L10,AABB_CLEAR,AABB_CLEAR,0,0,1,L1_AABB
sobol_009,L02,L03,EXPECTED_INTERFACE_CONTACT,EXPECTED_INTERFACE_CONTACT,0,0,1,L3_SELECTIVE_EXACT
sobol_009,L02,L04,AABB_CLEAR,AABB_CLEAR,0,0,1,L1_AABB
sobol_009,L02,L05,AABB_CLEAR,AABB_CLEAR,0,0,1,L1_AABB
sobol_009,L02,L06,AABB_CLEAR,AABB_CLEAR,0,0,1,L1_AABB
sobol_009,L02,L07,AABB_CLEAR,AABB_CLEAR,0,0,1,L1_AABB
sobol_009,L02,L08,AABB_CLEAR,MESH_CLEAR,0,0,1,L2_MESH_BVH
sobol_009,L02,L09,AABB_CLEAR,AABB_CLEAR,0,0,1,L1_AABB
sobol_009,L02,L10,AABB_CLEAR,AABB_CLEAR,0,0,1,L1_AABB
sobol_009,L03,L04,EXPECTED_INTERFACE_CONTACT,EXPECTED_INTERFACE_CONTACT,0,0,1,L3_SELECTIVE_EXACT
sobol_009,L03,L05,AABB_CLEAR,AABB_CLEAR,0,0,1,L1_AABB
sobol_009,L03,L06,AABB_CLEAR,AABB_CLEAR,0,0,1,L1_AABB
sobol_009,L03,L07,AABB_CLEAR,AABB_CLEAR,0,0,1,L1_AABB
sobol_009,L03,L08,AABB_CLEAR,AABB_CLEAR,0,0,1,L1_AABB
sobol_009,L03,L09,AABB_CLEAR,AABB_CLEAR,0,0,1,L1_AABB
sobol_009,L03,L10,AABB_CLEAR,AABB_CLEAR,0,0,1,L1_AABB
sobol_009,L04,L05,EXPECTED_INTERFACE_CONTACT,EXPECTED_INTERFACE_CONTACT,0,0,1,L0_FIXED_SAFE
sobol_009,L04,L06,EXPECTED_INTERFACE_CONTACT,EXPECTED_INTERFACE_CONTACT,0,0,1,L3_SELECTIVE_EXACT
sobol_009,L04,L07,EXPECTED_INTERFACE_CONTACT,EXPECTED_INTERFACE_CONTACT,0,0,1,L3_SELECTIVE_EXACT
sobol_009,L04,L08,AABB_CLEAR,AABB_CLEAR,0,0,1,L1_AABB
sobol_009,L04,L09,AABB_CLEAR,AABB_CLEAR,0,0,1,L1_AABB
sobol_009,L04,L10,AABB_CLEAR,AABB_CLEAR,0,0,1,L1_AABB
sobol_009,L05,L06,EXPECTED_INTERFACE_CONTACT,EXPECTED_INTERFACE_CONTACT,0,0,1,L3_SELECTIVE_EXACT
sobol_009,L05,L07,EXPECTED_INTERFACE_CONTACT,EXPECTED_INTERFACE_CONTACT,0,0,1,L0_FIXED_SAFE
sobol_009,L05,L08,EXPECTED_INTERFACE_CONTACT,EXPECTED_INTERFACE_CONTACT,0,0,1,L3_SELECTIVE_EXACT
sobol_009,L05,L09,EXPECTED_INTERFACE_CONTACT,EXPECTED_INTERFACE_CONTACT,0,0,1,L3_SELECTIVE_EXACT
sobol_009,L05,L10,EXPECTED_INTERFACE_CONTACT,EXPECTED_INTERFACE_CONTACT,0,0,1,L3_SELECTIVE_EXACT
sobol_009,L06,L07,EXPECTED_INTERFACE_CONTACT,EXPECTED_INTERFACE_CONTACT,0,0,1,L3_SELECTIVE_EXACT
sobol_009,L06,L08,EXPECTED_INTERFACE_CONTACT,EXPECTED_INTERFACE_CONTACT,0,0,1,L3_SELECTIVE_EXACT
sobol_009,L06,L09,AABB_FALSE_POSITIVE,AABB_FALSE_POSITIVE,0,0,1,L3_SELECTIVE_EXACT
sobol_009,L06,L10,AABB_CLEAR,MESH_CLEAR,0,0,1,L2_MESH_BVH
sobol_009,L07,L08,EXPECTED_INTERFACE_CONTACT,EXPECTED_INTERFACE_CONTACT,0,0,1,L0_FIXED_SAFE
sobol_009,L07,L09,EXPECTED_INTERFACE_CONTACT,MESH_CLEAR,0,0,1,L2_MESH_BVH
sobol_009,L07,L10,AABB_CLEAR,AABB_CLEAR,0,0,1,L1_AABB
sobol_009,L08,L09,EXPECTED_INTERFACE_CONTACT,EXPECTED_INTERFACE_CONTACT,0,0,1,L3_SELECTIVE_EXACT
sobol_009,L08,L10,EXPECTED_INTERFACE_CONTACT,EXPECTED_INTERFACE_CONTACT,0,0,1,L3_SELECTIVE_EXACT
sobol_009,L09,L10,AABB_CLEAR,AABB_CLEAR,0,0,1,L1_AABB
sobol_010,L00,L01,EXPECTED_INTERFACE_CONTACT,EXPECTED_INTERFACE_CONTACT,0,0,1,L3_SELECTIVE_EXACT
sobol_010,L00,L02,AABB_CLEAR,AABB_CLEAR,0,0,1,L1_AABB
sobol_010,L00,L03,AABB_CLEAR,AABB_CLEAR,0,0,1,L1_AABB
sobol_010,L00,L04,AABB_CLEAR,AABB_CLEAR,0,0,1,L1_AABB
sobol_010,L00,L05,AABB_CLEAR,AABB_CLEAR,0,0,1,L1_AABB
sobol_010,L00,L06,AABB_CLEAR,AABB_CLEAR,0,0,1,L1_AABB
sobol_010,L00,L07,AABB_CLEAR,AABB_CLEAR,0,0,1,L1_AABB
sobol_010,L00,L08,AABB_CLEAR,AABB_CLEAR,0,0,1,L1_AABB
sobol_010,L00,L09,AABB_CLEAR,AABB_CLEAR,0,0,1,L1_AABB
sobol_010,L00,L10,AABB_CLEAR,AABB_CLEAR,0,0,1,L1_AABB
sobol_010,L01,L02,EXPECTED_INTERFACE_CONTACT,EXPECTED_INTERFACE_CONTACT,0,0,1,L3_SELECTIVE_EXACT
sobol_010,L01,L03,AABB_CLEAR,AABB_CLEAR,0,0,1,L1_AABB
sobol_010,L01,L04,AABB_CLEAR,AABB_CLEAR,0,0,1,L1_AABB
sobol_010,L01,L05,AABB_CLEAR,AABB_CLEAR,0,0,1,L1_AABB
sobol_010,L01,L06,AABB_CLEAR,AABB_CLEAR,0,0,1,L1_AABB
sobol_010,L01,L07,AABB_CLEAR,AABB_CLEAR,0,0,1,L1_AABB
sobol_010,L01,L08,AABB_CLEAR,AABB_CLEAR,0,0,1,L1_AABB
sobol_010,L01,L09,AABB_CLEAR,AABB_CLEAR,0,0,1,L1_AABB
sobol_010,L01,L10,AABB_CLEAR,AABB_CLEAR,0,0,1,L1_AABB
sobol_010,L02,L03,EXPECTED_INTERFACE_CONTACT,EXPECTED_INTERFACE_CONTACT,0,0,1,L3_SELECTIVE_EXACT
sobol_010,L02,L04,AABB_CLEAR,AABB_CLEAR,0,0,1,L1_AABB
sobol_010,L02,L05,AABB_CLEAR,AABB_CLEAR,0,0,1,L1_AABB
sobol_010,L02,L06,AABB_CLEAR,AABB_CLEAR,0,0,1,L1_AABB
sobol_010,L02,L07,AABB_CLEAR,AABB_CLEAR,0,0,1,L1_AABB
sobol_010,L02,L08,AABB_CLEAR,AABB_CLEAR,0,0,1,L1_AABB
sobol_010,L02,L09,AABB_CLEAR,AABB_CLEAR,0,0,1,L1_AABB
sobol_010,L02,L10,AABB_CLEAR,AABB_CLEAR,0,0,1,L1_AABB
sobol_010,L03,L04,EXPECTED_INTERFACE_CONTACT,EXPECTED_INTERFACE_CONTACT,0,0,1,L3_SELECTIVE_EXACT
sobol_010,L03,L05,AABB_CLEAR,AABB_CLEAR,0,0,1,L1_AABB
sobol_010,L03,L06,AABB_CLEAR,AABB_CLEAR,0,0,1,L1_AABB
sobol_010,L03,L07,AABB_CLEAR,AABB_CLEAR,0,0,1,L1_AABB
sobol_010,L03,L08,AABB_CLEAR,AABB_CLEAR,0,0,1,L1_AABB
sobol_010,L03,L09,AABB_CLEAR,AABB_CLEAR,0,0,1,L1_AABB
sobol_010,L03,L10,AABB_CLEAR,AABB_CLEAR,0,0,1,L1_AABB
sobol_010,L04,L05,EXPECTED_INTERFACE_CONTACT,EXPECTED_INTERFACE_CONTACT,0,0,1,L0_FIXED_SAFE
sobol_010,L04,L06,EXPECTED_INTERFACE_CONTACT,EXPECTED_INTERFACE_CONTACT,0,0,1,L3_SELECTIVE_EXACT
sobol_010,L04,L07,EXPECTED_INTERFACE_CONTACT,EXPECTED_INTERFACE_CONTACT,0,0,1,L3_SELECTIVE_EXACT
sobol_010,L04,L08,AABB_CLEAR,AABB_CLEAR,0,0,1,L1_AABB
sobol_010,L04,L09,AABB_CLEAR,AABB_CLEAR,0,0,1,L1_AABB
sobol_010,L04,L10,AABB_CLEAR,AABB_CLEAR,0,0,1,L1_AABB
sobol_010,L05,L06,EXPECTED_INTERFACE_CONTACT,EXPECTED_INTERFACE_CONTACT,0,0,1,L3_SELECTIVE_EXACT
sobol_010,L05,L07,EXPECTED_INTERFACE_CONTACT,EXPECTED_INTERFACE_CONTACT,0,0,1,L0_FIXED_SAFE
sobol_010,L05,L08,EXPECTED_INTERFACE_CONTACT,EXPECTED_INTERFACE_CONTACT,0,0,1,L3_SELECTIVE_EXACT
sobol_010,L05,L09,EXPECTED_INTERFACE_CONTACT,EXPECTED_INTERFACE_CONTACT,0,0,1,L3_SELECTIVE_EXACT
sobol_010,L05,L10,EXPECTED_INTERFACE_CONTACT,EXPECTED_INTERFACE_CONTACT,0,0,1,L3_SELECTIVE_EXACT
sobol_010,L06,L07,EXPECTED_INTERFACE_CONTACT,EXPECTED_INTERFACE_CONTACT,0,0,1,L3_SELECTIVE_EXACT
sobol_010,L06,L08,EXPECTED_INTERFACE_CONTACT,EXPECTED_INTERFACE_CONTACT,0,0,1,L3_SELECTIVE_EXACT
sobol_010,L06,L09,AABB_FALSE_POSITIVE,AABB_FALSE_POSITIVE,0,0,1,L3_SELECTIVE_EXACT
sobol_010,L06,L10,AABB_FALSE_POSITIVE,AABB_FALSE_POSITIVE,0,0,1,L3_SELECTIVE_EXACT
sobol_010,L07,L08,EXPECTED_INTERFACE_CONTACT,EXPECTED_INTERFACE_CONTACT,0,0,1,L0_FIXED_SAFE
sobol_010,L07,L09,EXPECTED_INTERFACE_CONTACT,EXPECTED_INTERFACE_CONTACT,0,0,1,L3_SELECTIVE_EXACT
sobol_010,L07,L10,EXPECTED_INTERFACE_CONTACT,EXPECTED_INTERFACE_CONTACT,0,0,1,L3_SELECTIVE_EXACT
sobol_010,L08,L09,EXPECTED_INTERFACE_CONTACT,EXPECTED_INTERFACE_CONTACT,0,0,1,L3_SELECTIVE_EXACT
sobol_010,L08,L10,EXPECTED_INTERFACE_CONTACT,EXPECTED_INTERFACE_CONTACT,0,0,1,L3_SELECTIVE_EXACT
sobol_010,L09,L10,AABB_CLEAR,AABB_CLEAR,0,0,1,L1_AABB
sobol_011,L00,L01,EXPECTED_INTERFACE_CONTACT,EXPECTED_INTERFACE_CONTACT,0,0,1,L3_SELECTIVE_EXACT
sobol_011,L00,L02,AABB_CLEAR,AABB_CLEAR,0,0,1,L3_SELECTIVE_EXACT
sobol_011,L00,L03,NONADJACENT_COLLISION,NONADJACENT_COLLISION,1,1,1,L3_SELECTIVE_EXACT
sobol_011,L00,L04,NONADJACENT_COLLISION,NONADJACENT_COLLISION,1,1,1,L3_SELECTIVE_EXACT
sobol_011,L00,L05,AABB_CLEAR,AABB_CLEAR,0,0,1,L1_AABB
sobol_011,L00,L06,AABB_CLEAR,AABB_CLEAR,0,0,1,L1_AABB
sobol_011,L00,L07,AABB_CLEAR,AABB_CLEAR,0,0,1,L1_AABB
sobol_011,L00,L08,AABB_CLEAR,AABB_CLEAR,0,0,1,L1_AABB
sobol_011,L00,L09,AABB_CLEAR,AABB_CLEAR,0,0,1,L1_AABB
sobol_011,L00,L10,AABB_CLEAR,AABB_CLEAR,0,0,1,L1_AABB
sobol_011,L01,L02,EXPECTED_INTERFACE_CONTACT,EXPECTED_INTERFACE_CONTACT,0,0,1,L3_SELECTIVE_EXACT
sobol_011,L01,L03,NONADJACENT_COLLISION,NONADJACENT_COLLISION,1,1,1,L3_SELECTIVE_EXACT
sobol_011,L01,L04,NONADJACENT_COLLISION,NONADJACENT_COLLISION,1,1,1,L3_SELECTIVE_EXACT
sobol_011,L01,L05,AABB_CLEAR,AABB_CLEAR,0,0,1,L1_AABB
sobol_011,L01,L06,AABB_CLEAR,AABB_CLEAR,0,0,1,L1_AABB
sobol_011,L01,L07,AABB_CLEAR,AABB_CLEAR,0,0,1,L1_AABB
sobol_011,L01,L08,AABB_CLEAR,AABB_CLEAR,0,0,1,L1_AABB
sobol_011,L01,L09,AABB_CLEAR,AABB_CLEAR,0,0,1,L1_AABB
sobol_011,L01,L10,AABB_CLEAR,AABB_CLEAR,0,0,1,L1_AABB
sobol_011,L02,L03,EXPECTED_INTERFACE_CONTACT,EXPECTED_INTERFACE_CONTACT,0,0,1,L3_SELECTIVE_EXACT
sobol_011,L02,L04,AABB_CLEAR,MESH_CLEAR,0,0,1,L2_MESH_BVH
sobol_011,L02,L05,AABB_CLEAR,AABB_CLEAR,0,0,1,L1_AABB
sobol_011,L02,L06,AABB_CLEAR,AABB_CLEAR,0,0,1,L1_AABB
sobol_011,L02,L07,AABB_CLEAR,AABB_CLEAR,0,0,1,L1_AABB
sobol_011,L02,L08,AABB_CLEAR,AABB_CLEAR,0,0,1,L1_AABB
sobol_011,L02,L09,AABB_CLEAR,AABB_CLEAR,0,0,1,L1_AABB
sobol_011,L02,L10,AABB_CLEAR,AABB_CLEAR,0,0,1,L1_AABB
sobol_011,L03,L04,EXPECTED_INTERFACE_CONTACT,EXPECTED_INTERFACE_CONTACT,0,0,1,L3_SELECTIVE_EXACT
sobol_011,L03,L05,AABB_CLEAR,AABB_CLEAR,0,0,1,L1_AABB
sobol_011,L03,L06,AABB_CLEAR,AABB_CLEAR,0,0,1,L1_AABB
sobol_011,L03,L07,AABB_CLEAR,AABB_CLEAR,0,0,1,L1_AABB
sobol_011,L03,L08,AABB_CLEAR,AABB_CLEAR,0,0,1,L1_AABB
sobol_011,L03,L09,AABB_CLEAR,AABB_CLEAR,0,0,1,L1_AABB
sobol_011,L03,L10,AABB_CLEAR,AABB_CLEAR,0,0,1,L1_AABB
sobol_011,L04,L05,EXPECTED_INTERFACE_CONTACT,EXPECTED_INTERFACE_CONTACT,0,0,1,L0_FIXED_SAFE
sobol_011,L04,L06,EXPECTED_INTERFACE_CONTACT,EXPECTED_INTERFACE_CONTACT,0,0,1,L3_SELECTIVE_EXACT
sobol_011,L04,L07,EXPECTED_INTERFACE_CONTACT,EXPECTED_INTERFACE_CONTACT,0,0,1,L3_SELECTIVE_EXACT
sobol_011,L04,L08,AABB_CLEAR,AABB_CLEAR,0,0,1,L1_AABB
sobol_011,L04,L09,AABB_CLEAR,AABB_CLEAR,0,0,1,L1_AABB
sobol_011,L04,L10,AABB_CLEAR,AABB_CLEAR,0,0,1,L1_AABB
sobol_011,L05,L06,EXPECTED_INTERFACE_CONTACT,EXPECTED_INTERFACE_CONTACT,0,0,1,L3_SELECTIVE_EXACT
sobol_011,L05,L07,EXPECTED_INTERFACE_CONTACT,EXPECTED_INTERFACE_CONTACT,0,0,1,L0_FIXED_SAFE
sobol_011,L05,L08,EXPECTED_INTERFACE_CONTACT,EXPECTED_INTERFACE_CONTACT,0,0,1,L3_SELECTIVE_EXACT
sobol_011,L05,L09,AABB_CLEAR,AABB_CLEAR,0,0,1,L1_AABB
sobol_011,L05,L10,AABB_CLEAR,AABB_CLEAR,0,0,1,L1_AABB
sobol_011,L06,L07,EXPECTED_INTERFACE_CONTACT,EXPECTED_INTERFACE_CONTACT,0,0,1,L3_SELECTIVE_EXACT
sobol_011,L06,L08,EXPECTED_INTERFACE_CONTACT,EXPECTED_INTERFACE_CONTACT,0,0,1,L3_SELECTIVE_EXACT
sobol_011,L06,L09,AABB_CLEAR,AABB_CLEAR,0,0,1,L1_AABB
sobol_011,L06,L10,AABB_CLEAR,AABB_CLEAR,0,0,1,L1_AABB
sobol_011,L07,L08,EXPECTED_INTERFACE_CONTACT,EXPECTED_INTERFACE_CONTACT,0,0,1,L0_FIXED_SAFE
sobol_011,L07,L09,AABB_CLEAR,AABB_CLEAR,0,0,1,L1_AABB
sobol_011,L07,L10,AABB_CLEAR,AABB_CLEAR,0,0,1,L1_AABB
sobol_011,L08,L09,EXPECTED_INTERFACE_CONTACT,EXPECTED_INTERFACE_CONTACT,0,0,1,L3_SELECTIVE_EXACT
sobol_011,L08,L10,EXPECTED_INTERFACE_CONTACT,EXPECTED_INTERFACE_CONTACT,0,0,1,L3_SELECTIVE_EXACT
sobol_011,L09,L10,AABB_CLEAR,AABB_CLEAR,0,0,1,L1_AABB
sobol_012,L00,L01,EXPECTED_INTERFACE_CONTACT,EXPECTED_INTERFACE_CONTACT,0,0,1,L3_SELECTIVE_EXACT
sobol_012,L00,L02,AABB_CLEAR,AABB_CLEAR,0,0,1,L1_AABB
sobol_012,L00,L03,AABB_CLEAR,AABB_CLEAR,0,0,1,L1_AABB
sobol_012,L00,L04,AABB_CLEAR,AABB_CLEAR,0,0,1,L1_AABB
sobol_012,L00,L05,AABB_CLEAR,AABB_CLEAR,0,0,1,L1_AABB
sobol_012,L00,L06,AABB_CLEAR,AABB_CLEAR,0,0,1,L1_AABB
sobol_012,L00,L07,AABB_CLEAR,AABB_CLEAR,0,0,1,L1_AABB
sobol_012,L00,L08,AABB_CLEAR,AABB_CLEAR,0,0,1,L1_AABB
sobol_012,L00,L09,AABB_CLEAR,AABB_CLEAR,0,0,1,L1_AABB
sobol_012,L00,L10,AABB_CLEAR,AABB_CLEAR,0,0,1,L1_AABB
sobol_012,L01,L02,EXPECTED_INTERFACE_CONTACT,EXPECTED_INTERFACE_CONTACT,0,0,1,L3_SELECTIVE_EXACT
sobol_012,L01,L03,AABB_CLEAR,AABB_CLEAR,0,0,1,L1_AABB
sobol_012,L01,L04,AABB_CLEAR,AABB_CLEAR,0,0,1,L1_AABB
sobol_012,L01,L05,AABB_CLEAR,AABB_CLEAR,0,0,1,L1_AABB
sobol_012,L01,L06,AABB_CLEAR,AABB_CLEAR,0,0,1,L1_AABB
sobol_012,L01,L07,AABB_CLEAR,AABB_CLEAR,0,0,1,L1_AABB
sobol_012,L01,L08,AABB_CLEAR,AABB_CLEAR,0,0,1,L1_AABB
sobol_012,L01,L09,AABB_CLEAR,AABB_CLEAR,0,0,1,L1_AABB
sobol_012,L01,L10,AABB_CLEAR,AABB_CLEAR,0,0,1,L1_AABB
sobol_012,L02,L03,EXPECTED_INTERFACE_CONTACT,EXPECTED_INTERFACE_CONTACT,0,0,1,L3_SELECTIVE_EXACT
sobol_012,L02,L04,AABB_CLEAR,AABB_CLEAR,0,0,1,L1_AABB
sobol_012,L02,L05,AABB_CLEAR,AABB_CLEAR,0,0,1,L1_AABB
sobol_012,L02,L06,AABB_CLEAR,AABB_CLEAR,0,0,1,L1_AABB
sobol_012,L02,L07,AABB_CLEAR,AABB_CLEAR,0,0,1,L1_AABB
sobol_012,L02,L08,AABB_CLEAR,AABB_CLEAR,0,0,1,L1_AABB
sobol_012,L02,L09,AABB_CLEAR,AABB_CLEAR,0,0,1,L1_AABB
sobol_012,L02,L10,AABB_CLEAR,AABB_CLEAR,0,0,1,L1_AABB
sobol_012,L03,L04,EXPECTED_INTERFACE_CONTACT,EXPECTED_INTERFACE_CONTACT,0,0,1,L3_SELECTIVE_EXACT
sobol_012,L03,L05,AABB_CLEAR,AABB_CLEAR,0,0,1,L1_AABB
sobol_012,L03,L06,AABB_CLEAR,AABB_CLEAR,0,0,1,L1_AABB
sobol_012,L03,L07,AABB_CLEAR,AABB_CLEAR,0,0,1,L1_AABB
sobol_012,L03,L08,AABB_CLEAR,AABB_CLEAR,0,0,1,L1_AABB
sobol_012,L03,L09,AABB_CLEAR,AABB_CLEAR,0,0,1,L1_AABB
sobol_012,L03,L10,AABB_CLEAR,AABB_CLEAR,0,0,1,L1_AABB
sobol_012,L04,L05,EXPECTED_INTERFACE_CONTACT,EXPECTED_INTERFACE_CONTACT,0,0,1,L0_FIXED_SAFE
sobol_012,L04,L06,EXPECTED_INTERFACE_CONTACT,EXPECTED_INTERFACE_CONTACT,0,0,1,L3_SELECTIVE_EXACT
sobol_012,L04,L07,EXPECTED_INTERFACE_CONTACT,EXPECTED_INTERFACE_CONTACT,0,0,1,L3_SELECTIVE_EXACT
sobol_012,L04,L08,AABB_CLEAR,AABB_CLEAR,0,0,1,L1_AABB
sobol_012,L04,L09,AABB_CLEAR,AABB_CLEAR,0,0,1,L1_AABB
sobol_012,L04,L10,AABB_CLEAR,AABB_CLEAR,0,0,1,L1_AABB
sobol_012,L05,L06,EXPECTED_INTERFACE_CONTACT,EXPECTED_INTERFACE_CONTACT,0,0,1,L3_SELECTIVE_EXACT
sobol_012,L05,L07,EXPECTED_INTERFACE_CONTACT,EXPECTED_INTERFACE_CONTACT,0,0,1,L0_FIXED_SAFE
sobol_012,L05,L08,AABB_CLEAR,AABB_CLEAR,0,0,1,L1_AABB
sobol_012,L05,L09,EXPECTED_INTERFACE_CONTACT,EXPECTED_INTERFACE_CONTACT,0,0,1,L3_SELECTIVE_EXACT
sobol_012,L05,L10,EXPECTED_INTERFACE_CONTACT,EXPECTED_INTERFACE_CONTACT,0,0,1,L3_SELECTIVE_EXACT
sobol_012,L06,L07,EXPECTED_INTERFACE_CONTACT,EXPECTED_INTERFACE_CONTACT,0,0,1,L3_SELECTIVE_EXACT
sobol_012,L06,L08,EXPECTED_INTERFACE_CONTACT,EXPECTED_INTERFACE_CONTACT,0,0,1,L3_SELECTIVE_EXACT
sobol_012,L06,L09,AABB_CLEAR,MESH_CLEAR,0,0,1,L2_MESH_BVH
sobol_012,L06,L10,AABB_CLEAR,MESH_CLEAR,0,0,1,L2_MESH_BVH
sobol_012,L07,L08,EXPECTED_INTERFACE_CONTACT,EXPECTED_INTERFACE_CONTACT,0,0,1,L0_FIXED_SAFE
sobol_012,L07,L09,AABB_CLEAR,AABB_CLEAR,0,0,1,L1_AABB
sobol_012,L07,L10,AABB_CLEAR,AABB_CLEAR,0,0,1,L1_AABB
sobol_012,L08,L09,EXPECTED_INTERFACE_CONTACT,EXPECTED_INTERFACE_CONTACT,0,0,1,L3_SELECTIVE_EXACT
sobol_012,L08,L10,EXPECTED_INTERFACE_CONTACT,EXPECTED_INTERFACE_CONTACT,0,0,1,L3_SELECTIVE_EXACT
sobol_012,L09,L10,AABB_CLEAR,AABB_CLEAR,0,0,1,L1_AABB
sobol_013,L00,L01,EXPECTED_INTERFACE_CONTACT,EXPECTED_INTERFACE_CONTACT,0,0,1,L3_SELECTIVE_EXACT
sobol_013,L00,L02,AABB_FALSE_POSITIVE,AABB_FALSE_POSITIVE,0,0,1,L3_SELECTIVE_EXACT
sobol_013,L00,L03,AABB_CLEAR,AABB_CLEAR,0,0,1,L1_AABB
sobol_013,L00,L04,AABB_CLEAR,AABB_CLEAR,0,0,1,L1_AABB
sobol_013,L00,L05,AABB_CLEAR,AABB_CLEAR,0,0,1,L1_AABB
sobol_013,L00,L06,AABB_CLEAR,AABB_CLEAR,0,0,1,L1_AABB
sobol_013,L00,L07,AABB_CLEAR,AABB_CLEAR,0,0,1,L1_AABB
sobol_013,L00,L08,AABB_CLEAR,AABB_CLEAR,0,0,1,L1_AABB
sobol_013,L00,L09,AABB_CLEAR,AABB_CLEAR,0,0,1,L1_AABB
sobol_013,L00,L10,AABB_CLEAR,AABB_CLEAR,0,0,1,L1_AABB
sobol_013,L01,L02,EXPECTED_INTERFACE_CONTACT,EXPECTED_INTERFACE_CONTACT,0,0,1,L3_SELECTIVE_EXACT
sobol_013,L01,L03,AABB_CLEAR,AABB_CLEAR,0,0,1,L1_AABB
sobol_013,L01,L04,AABB_CLEAR,AABB_CLEAR,0,0,1,L1_AABB
sobol_013,L01,L05,AABB_CLEAR,AABB_CLEAR,0,0,1,L1_AABB
sobol_013,L01,L06,AABB_CLEAR,AABB_CLEAR,0,0,1,L1_AABB
sobol_013,L01,L07,AABB_CLEAR,AABB_CLEAR,0,0,1,L1_AABB
sobol_013,L01,L08,AABB_CLEAR,AABB_CLEAR,0,0,1,L1_AABB
sobol_013,L01,L09,AABB_CLEAR,AABB_CLEAR,0,0,1,L1_AABB
sobol_013,L01,L10,AABB_CLEAR,AABB_CLEAR,0,0,1,L1_AABB
sobol_013,L02,L03,EXPECTED_INTERFACE_CONTACT,EXPECTED_INTERFACE_CONTACT,0,0,1,L3_SELECTIVE_EXACT
sobol_013,L02,L04,AABB_CLEAR,AABB_CLEAR,0,0,1,L1_AABB
sobol_013,L02,L05,AABB_CLEAR,AABB_CLEAR,0,0,1,L1_AABB
sobol_013,L02,L06,AABB_CLEAR,AABB_CLEAR,0,0,1,L1_AABB
sobol_013,L02,L07,AABB_CLEAR,AABB_CLEAR,0,0,1,L1_AABB
sobol_013,L02,L08,AABB_CLEAR,AABB_CLEAR,0,0,1,L1_AABB
sobol_013,L02,L09,AABB_CLEAR,AABB_CLEAR,0,0,1,L1_AABB
sobol_013,L02,L10,AABB_CLEAR,AABB_CLEAR,0,0,1,L1_AABB
sobol_013,L03,L04,EXPECTED_INTERFACE_CONTACT,EXPECTED_INTERFACE_CONTACT,0,0,1,L3_SELECTIVE_EXACT
sobol_013,L03,L05,AABB_CLEAR,AABB_CLEAR,0,0,1,L1_AABB
sobol_013,L03,L06,AABB_CLEAR,AABB_CLEAR,0,0,1,L1_AABB
sobol_013,L03,L07,AABB_CLEAR,AABB_CLEAR,0,0,1,L1_AABB
sobol_013,L03,L08,AABB_CLEAR,AABB_CLEAR,0,0,1,L1_AABB
sobol_013,L03,L09,AABB_CLEAR,AABB_CLEAR,0,0,1,L1_AABB
sobol_013,L03,L10,AABB_CLEAR,AABB_CLEAR,0,0,1,L1_AABB
sobol_013,L04,L05,EXPECTED_INTERFACE_CONTACT,EXPECTED_INTERFACE_CONTACT,0,0,1,L0_FIXED_SAFE
sobol_013,L04,L06,EXPECTED_INTERFACE_CONTACT,EXPECTED_INTERFACE_CONTACT,0,0,1,L3_SELECTIVE_EXACT
sobol_013,L04,L07,EXPECTED_INTERFACE_CONTACT,EXPECTED_INTERFACE_CONTACT,0,0,1,L3_SELECTIVE_EXACT
sobol_013,L04,L08,AABB_CLEAR,AABB_CLEAR,0,0,1,L1_AABB
sobol_013,L04,L09,AABB_CLEAR,AABB_CLEAR,0,0,1,L1_AABB
sobol_013,L04,L10,AABB_CLEAR,AABB_CLEAR,0,0,1,L1_AABB
sobol_013,L05,L06,EXPECTED_INTERFACE_CONTACT,EXPECTED_INTERFACE_CONTACT,0,0,1,L3_SELECTIVE_EXACT
sobol_013,L05,L07,EXPECTED_INTERFACE_CONTACT,EXPECTED_INTERFACE_CONTACT,0,0,1,L0_FIXED_SAFE
sobol_013,L05,L08,EXPECTED_INTERFACE_CONTACT,EXPECTED_INTERFACE_CONTACT,0,0,1,L3_SELECTIVE_EXACT
sobol_013,L05,L09,EXPECTED_INTERFACE_CONTACT,EXPECTED_INTERFACE_CONTACT,0,0,1,L3_SELECTIVE_EXACT
sobol_013,L05,L10,AABB_CLEAR,AABB_CLEAR,0,0,1,L1_AABB
sobol_013,L06,L07,EXPECTED_INTERFACE_CONTACT,EXPECTED_INTERFACE_CONTACT,0,0,1,L3_SELECTIVE_EXACT
sobol_013,L06,L08,EXPECTED_INTERFACE_CONTACT,EXPECTED_INTERFACE_CONTACT,0,0,1,L3_SELECTIVE_EXACT
sobol_013,L06,L09,AABB_FALSE_POSITIVE,MESH_CLEAR,0,0,1,L2_MESH_BVH
sobol_013,L06,L10,AABB_CLEAR,AABB_CLEAR,0,0,1,L1_AABB
sobol_013,L07,L08,EXPECTED_INTERFACE_CONTACT,EXPECTED_INTERFACE_CONTACT,0,0,1,L0_FIXED_SAFE
sobol_013,L07,L09,AABB_CLEAR,MESH_CLEAR,0,0,1,L2_MESH_BVH
sobol_013,L07,L10,AABB_CLEAR,AABB_CLEAR,0,0,1,L1_AABB
sobol_013,L08,L09,EXPECTED_INTERFACE_CONTACT,EXPECTED_INTERFACE_CONTACT,0,0,1,L3_SELECTIVE_EXACT
sobol_013,L08,L10,EXPECTED_INTERFACE_CONTACT,EXPECTED_INTERFACE_CONTACT,0,0,1,L3_SELECTIVE_EXACT
sobol_013,L09,L10,AABB_CLEAR,AABB_CLEAR,0,0,1,L1_AABB
sobol_014,L00,L01,EXPECTED_INTERFACE_CONTACT,EXPECTED_INTERFACE_CONTACT,0,0,1,L3_SELECTIVE_EXACT
sobol_014,L00,L02,AABB_CLEAR,AABB_CLEAR,0,0,1,L1_AABB
sobol_014,L00,L03,AABB_CLEAR,AABB_CLEAR,0,0,1,L1_AABB
sobol_014,L00,L04,AABB_CLEAR,AABB_CLEAR,0,0,1,L1_AABB
sobol_014,L00,L05,AABB_CLEAR,AABB_CLEAR,0,0,1,L1_AABB
sobol_014,L00,L06,AABB_CLEAR,AABB_CLEAR,0,0,1,L1_AABB
sobol_014,L00,L07,AABB_CLEAR,AABB_CLEAR,0,0,1,L1_AABB
sobol_014,L00,L08,AABB_CLEAR,AABB_CLEAR,0,0,1,L1_AABB
sobol_014,L00,L09,AABB_FALSE_POSITIVE,AABB_FALSE_POSITIVE,0,0,1,L3_SELECTIVE_EXACT
sobol_014,L00,L10,AABB_FALSE_POSITIVE,AABB_FALSE_POSITIVE,0,0,1,L3_SELECTIVE_EXACT
sobol_014,L01,L02,EXPECTED_INTERFACE_CONTACT,EXPECTED_INTERFACE_CONTACT,0,0,1,L3_SELECTIVE_EXACT
sobol_014,L01,L03,AABB_CLEAR,AABB_CLEAR,0,0,1,L1_AABB
sobol_014,L01,L04,AABB_CLEAR,AABB_CLEAR,0,0,1,L1_AABB
sobol_014,L01,L05,NONADJACENT_COLLISION,NONADJACENT_COLLISION,1,1,1,L3_SELECTIVE_EXACT
sobol_014,L01,L06,AABB_FALSE_POSITIVE,AABB_FALSE_POSITIVE,0,0,1,L3_SELECTIVE_EXACT
sobol_014,L01,L07,AABB_FALSE_POSITIVE,AABB_FALSE_POSITIVE,0,0,1,L3_SELECTIVE_EXACT
sobol_014,L01,L08,NONADJACENT_COLLISION,NONADJACENT_COLLISION,1,1,1,L3_SELECTIVE_EXACT
sobol_014,L01,L09,AABB_FALSE_POSITIVE,AABB_FALSE_POSITIVE,0,0,1,L3_SELECTIVE_EXACT
sobol_014,L01,L10,NONADJACENT_COLLISION,NONADJACENT_COLLISION,1,1,1,L3_SELECTIVE_EXACT
sobol_014,L02,L03,EXPECTED_INTERFACE_CONTACT,EXPECTED_INTERFACE_CONTACT,0,0,1,L3_SELECTIVE_EXACT
sobol_014,L02,L04,AABB_FALSE_POSITIVE,AABB_FALSE_POSITIVE,0,0,1,L3_SELECTIVE_EXACT
sobol_014,L02,L05,AABB_FALSE_POSITIVE,AABB_FALSE_POSITIVE,0,0,1,L3_SELECTIVE_EXACT
sobol_014,L02,L06,NONADJACENT_COLLISION,NONADJACENT_COLLISION,1,1,1,L3_SELECTIVE_EXACT
sobol_014,L02,L07,NONADJACENT_COLLISION,NONADJACENT_COLLISION,1,1,1,L3_SELECTIVE_EXACT
sobol_014,L02,L08,NONADJACENT_COLLISION,NONADJACENT_COLLISION,1,1,1,L3_SELECTIVE_EXACT
sobol_014,L02,L09,AABB_FALSE_POSITIVE,AABB_FALSE_POSITIVE,0,0,1,L3_SELECTIVE_EXACT
sobol_014,L02,L10,AABB_FALSE_POSITIVE,AABB_FALSE_POSITIVE,0,0,1,L3_SELECTIVE_EXACT
sobol_014,L03,L04,EXPECTED_INTERFACE_CONTACT,EXPECTED_INTERFACE_CONTACT,0,0,1,L3_SELECTIVE_EXACT
sobol_014,L03,L05,AABB_CLEAR,MESH_CLEAR,0,0,1,L2_MESH_BVH
sobol_014,L03,L06,AABB_CLEAR,MESH_CLEAR,0,0,1,L2_MESH_BVH
sobol_014,L03,L07,AABB_CLEAR,AABB_CLEAR,0,0,1,L1_AABB
sobol_014,L03,L08,AABB_CLEAR,AABB_CLEAR,0,0,1,L1_AABB
sobol_014,L03,L09,AABB_CLEAR,AABB_CLEAR,0,0,1,L1_AABB
sobol_014,L03,L10,AABB_CLEAR,AABB_CLEAR,0,0,1,L1_AABB
sobol_014,L04,L05,EXPECTED_INTERFACE_CONTACT,EXPECTED_INTERFACE_CONTACT,0,0,1,L0_FIXED_SAFE
sobol_014,L04,L06,EXPECTED_INTERFACE_CONTACT,EXPECTED_INTERFACE_CONTACT,0,0,1,L3_SELECTIVE_EXACT
sobol_014,L04,L07,EXPECTED_INTERFACE_CONTACT,EXPECTED_INTERFACE_CONTACT,0,0,1,L3_SELECTIVE_EXACT
sobol_014,L04,L08,AABB_CLEAR,AABB_CLEAR,0,0,1,L1_AABB
sobol_014,L04,L09,AABB_CLEAR,AABB_CLEAR,0,0,1,L1_AABB
sobol_014,L04,L10,AABB_CLEAR,AABB_CLEAR,0,0,1,L1_AABB
sobol_014,L05,L06,EXPECTED_INTERFACE_CONTACT,EXPECTED_INTERFACE_CONTACT,0,0,1,L3_SELECTIVE_EXACT
sobol_014,L05,L07,EXPECTED_INTERFACE_CONTACT,EXPECTED_INTERFACE_CONTACT,0,0,1,L0_FIXED_SAFE
sobol_014,L05,L08,AABB_CLEAR,AABB_CLEAR,0,0,1,L1_AABB
sobol_014,L05,L09,EXPECTED_INTERFACE_CONTACT,EXPECTED_INTERFACE_CONTACT,0,0,1,L3_SELECTIVE_EXACT
sobol_014,L05,L10,EXPECTED_INTERFACE_CONTACT,EXPECTED_INTERFACE_CONTACT,0,0,1,L3_SELECTIVE_EXACT
sobol_014,L06,L07,EXPECTED_INTERFACE_CONTACT,EXPECTED_INTERFACE_CONTACT,0,0,1,L3_SELECTIVE_EXACT
sobol_014,L06,L08,EXPECTED_INTERFACE_CONTACT,EXPECTED_INTERFACE_CONTACT,0,0,1,L3_SELECTIVE_EXACT
sobol_014,L06,L09,AABB_FALSE_POSITIVE,AABB_FALSE_POSITIVE,0,0,1,L3_SELECTIVE_EXACT
sobol_014,L06,L10,AABB_FALSE_POSITIVE,MESH_CLEAR,0,0,1,L2_MESH_BVH
sobol_014,L07,L08,EXPECTED_INTERFACE_CONTACT,EXPECTED_INTERFACE_CONTACT,0,0,1,L0_FIXED_SAFE
sobol_014,L07,L09,AABB_CLEAR,AABB_CLEAR,0,0,1,L3_SELECTIVE_EXACT
sobol_014,L07,L10,AABB_CLEAR,AABB_CLEAR,0,0,1,L3_SELECTIVE_EXACT
sobol_014,L08,L09,EXPECTED_INTERFACE_CONTACT,EXPECTED_INTERFACE_CONTACT,0,0,1,L3_SELECTIVE_EXACT
sobol_014,L08,L10,EXPECTED_INTERFACE_CONTACT,EXPECTED_INTERFACE_CONTACT,0,0,1,L3_SELECTIVE_EXACT
sobol_014,L09,L10,AABB_CLEAR,AABB_CLEAR,0,0,1,L1_AABB
sobol_015,L00,L01,EXPECTED_INTERFACE_CONTACT,EXPECTED_INTERFACE_CONTACT,0,0,1,L3_SELECTIVE_EXACT
sobol_015,L00,L02,AABB_CLEAR,MESH_CLEAR,0,0,1,L2_MESH_BVH
sobol_015,L00,L03,AABB_CLEAR,AABB_CLEAR,0,0,1,L1_AABB
sobol_015,L00,L04,AABB_CLEAR,AABB_CLEAR,0,0,1,L1_AABB
sobol_015,L00,L05,AABB_CLEAR,AABB_CLEAR,0,0,1,L1_AABB
sobol_015,L00,L06,AABB_CLEAR,AABB_CLEAR,0,0,1,L1_AABB
sobol_015,L00,L07,AABB_CLEAR,AABB_CLEAR,0,0,1,L1_AABB
sobol_015,L00,L08,AABB_CLEAR,AABB_CLEAR,0,0,1,L1_AABB
sobol_015,L00,L09,AABB_CLEAR,AABB_CLEAR,0,0,1,L1_AABB
sobol_015,L00,L10,AABB_CLEAR,AABB_CLEAR,0,0,1,L1_AABB
sobol_015,L01,L02,EXPECTED_INTERFACE_CONTACT,EXPECTED_INTERFACE_CONTACT,0,0,1,L3_SELECTIVE_EXACT
sobol_015,L01,L03,AABB_CLEAR,AABB_CLEAR,0,0,1,L1_AABB
sobol_015,L01,L04,AABB_CLEAR,AABB_CLEAR,0,0,1,L1_AABB
sobol_015,L01,L05,AABB_CLEAR,AABB_CLEAR,0,0,1,L1_AABB
sobol_015,L01,L06,AABB_CLEAR,AABB_CLEAR,0,0,1,L1_AABB
sobol_015,L01,L07,AABB_CLEAR,AABB_CLEAR,0,0,1,L1_AABB
sobol_015,L01,L08,AABB_CLEAR,AABB_CLEAR,0,0,1,L1_AABB
sobol_015,L01,L09,AABB_CLEAR,AABB_CLEAR,0,0,1,L1_AABB
sobol_015,L01,L10,AABB_CLEAR,AABB_CLEAR,0,0,1,L1_AABB
sobol_015,L02,L03,EXPECTED_INTERFACE_CONTACT,EXPECTED_INTERFACE_CONTACT,0,0,1,L3_SELECTIVE_EXACT
sobol_015,L02,L04,AABB_CLEAR,AABB_CLEAR,0,0,1,L1_AABB
sobol_015,L02,L05,AABB_CLEAR,AABB_CLEAR,0,0,1,L1_AABB
sobol_015,L02,L06,AABB_CLEAR,AABB_CLEAR,0,0,1,L1_AABB
sobol_015,L02,L07,AABB_CLEAR,AABB_CLEAR,0,0,1,L1_AABB
sobol_015,L02,L08,AABB_CLEAR,AABB_CLEAR,0,0,1,L1_AABB
sobol_015,L02,L09,AABB_CLEAR,AABB_CLEAR,0,0,1,L1_AABB
sobol_015,L02,L10,AABB_CLEAR,AABB_CLEAR,0,0,1,L1_AABB
sobol_015,L03,L04,EXPECTED_INTERFACE_CONTACT,EXPECTED_INTERFACE_CONTACT,0,0,1,L3_SELECTIVE_EXACT
sobol_015,L03,L05,AABB_CLEAR,AABB_CLEAR,0,0,1,L1_AABB
sobol_015,L03,L06,AABB_CLEAR,AABB_CLEAR,0,0,1,L1_AABB
sobol_015,L03,L07,AABB_CLEAR,AABB_CLEAR,0,0,1,L1_AABB
sobol_015,L03,L08,AABB_CLEAR,AABB_CLEAR,0,0,1,L1_AABB
sobol_015,L03,L09,AABB_CLEAR,AABB_CLEAR,0,0,1,L1_AABB
sobol_015,L03,L10,AABB_CLEAR,AABB_CLEAR,0,0,1,L1_AABB
sobol_015,L04,L05,EXPECTED_INTERFACE_CONTACT,EXPECTED_INTERFACE_CONTACT,0,0,1,L0_FIXED_SAFE
sobol_015,L04,L06,EXPECTED_INTERFACE_CONTACT,EXPECTED_INTERFACE_CONTACT,0,0,1,L3_SELECTIVE_EXACT
sobol_015,L04,L07,EXPECTED_INTERFACE_CONTACT,EXPECTED_INTERFACE_CONTACT,0,0,1,L3_SELECTIVE_EXACT
sobol_015,L04,L08,AABB_CLEAR,AABB_CLEAR,0,0,1,L1_AABB
sobol_015,L04,L09,AABB_CLEAR,AABB_CLEAR,0,0,1,L1_AABB
sobol_015,L04,L10,AABB_CLEAR,AABB_CLEAR,0,0,1,L1_AABB
sobol_015,L05,L06,EXPECTED_INTERFACE_CONTACT,EXPECTED_INTERFACE_CONTACT,0,0,1,L3_SELECTIVE_EXACT
sobol_015,L05,L07,EXPECTED_INTERFACE_CONTACT,EXPECTED_INTERFACE_CONTACT,0,0,1,L0_FIXED_SAFE
sobol_015,L05,L08,EXPECTED_INTERFACE_CONTACT,EXPECTED_INTERFACE_CONTACT,0,0,1,L3_SELECTIVE_EXACT
sobol_015,L05,L09,AABB_CLEAR,AABB_CLEAR,0,0,1,L1_AABB
sobol_015,L05,L10,EXPECTED_INTERFACE_CONTACT,MESH_CLEAR,0,0,1,L2_MESH_BVH
sobol_015,L06,L07,EXPECTED_INTERFACE_CONTACT,EXPECTED_INTERFACE_CONTACT,0,0,1,L3_SELECTIVE_EXACT
sobol_015,L06,L08,EXPECTED_INTERFACE_CONTACT,EXPECTED_INTERFACE_CONTACT,0,0,1,L3_SELECTIVE_EXACT
sobol_015,L06,L09,AABB_CLEAR,AABB_CLEAR,0,0,1,L1_AABB
sobol_015,L06,L10,AABB_FALSE_POSITIVE,MESH_CLEAR,0,0,1,L2_MESH_BVH
sobol_015,L07,L08,EXPECTED_INTERFACE_CONTACT,EXPECTED_INTERFACE_CONTACT,0,0,1,L0_FIXED_SAFE
sobol_015,L07,L09,AABB_CLEAR,AABB_CLEAR,0,0,1,L1_AABB
sobol_015,L07,L10,AABB_CLEAR,MESH_CLEAR,0,0,1,L2_MESH_BVH
sobol_015,L08,L09,EXPECTED_INTERFACE_CONTACT,EXPECTED_INTERFACE_CONTACT,0,0,1,L3_SELECTIVE_EXACT
sobol_015,L08,L10,EXPECTED_INTERFACE_CONTACT,EXPECTED_INTERFACE_CONTACT,0,0,1,L3_SELECTIVE_EXACT
sobol_015,L09,L10,AABB_CLEAR,AABB_CLEAR,0,0,1,L1_AABB
sobol_016,L00,L01,EXPECTED_INTERFACE_CONTACT,EXPECTED_INTERFACE_CONTACT,0,0,1,L3_SELECTIVE_EXACT
sobol_016,L00,L02,AABB_CLEAR,AABB_CLEAR,0,0,1,L1_AABB
sobol_016,L00,L03,AABB_CLEAR,AABB_CLEAR,0,0,1,L1_AABB
sobol_016,L00,L04,AABB_CLEAR,AABB_CLEAR,0,0,1,L1_AABB
sobol_016,L00,L05,AABB_CLEAR,AABB_CLEAR,0,0,1,L1_AABB
sobol_016,L00,L06,AABB_CLEAR,AABB_CLEAR,0,0,1,L1_AABB
sobol_016,L00,L07,AABB_CLEAR,AABB_CLEAR,0,0,1,L1_AABB
sobol_016,L00,L08,AABB_CLEAR,AABB_CLEAR,0,0,1,L1_AABB
sobol_016,L00,L09,AABB_CLEAR,AABB_CLEAR,0,0,1,L1_AABB
sobol_016,L00,L10,AABB_CLEAR,AABB_CLEAR,0,0,1,L1_AABB
sobol_016,L01,L02,EXPECTED_INTERFACE_CONTACT,EXPECTED_INTERFACE_CONTACT,0,0,1,L3_SELECTIVE_EXACT
sobol_016,L01,L03,AABB_CLEAR,AABB_CLEAR,0,0,1,L1_AABB
sobol_016,L01,L04,AABB_CLEAR,AABB_CLEAR,0,0,1,L1_AABB
sobol_016,L01,L05,AABB_CLEAR,AABB_CLEAR,0,0,1,L1_AABB
sobol_016,L01,L06,AABB_CLEAR,AABB_CLEAR,0,0,1,L1_AABB
sobol_016,L01,L07,AABB_CLEAR,AABB_CLEAR,0,0,1,L1_AABB
sobol_016,L01,L08,AABB_CLEAR,AABB_CLEAR,0,0,1,L1_AABB
sobol_016,L01,L09,AABB_CLEAR,AABB_CLEAR,0,0,1,L1_AABB
sobol_016,L01,L10,AABB_CLEAR,AABB_CLEAR,0,0,1,L1_AABB
sobol_016,L02,L03,EXPECTED_INTERFACE_CONTACT,EXPECTED_INTERFACE_CONTACT,0,0,1,L3_SELECTIVE_EXACT
sobol_016,L02,L04,AABB_CLEAR,AABB_CLEAR,0,0,1,L1_AABB
sobol_016,L02,L05,AABB_CLEAR,AABB_CLEAR,0,0,1,L1_AABB
sobol_016,L02,L06,AABB_CLEAR,AABB_CLEAR,0,0,1,L1_AABB
sobol_016,L02,L07,AABB_CLEAR,AABB_CLEAR,0,0,1,L1_AABB
sobol_016,L02,L08,AABB_CLEAR,AABB_CLEAR,0,0,1,L1_AABB
sobol_016,L02,L09,AABB_CLEAR,AABB_CLEAR,0,0,1,L1_AABB
sobol_016,L02,L10,AABB_CLEAR,AABB_CLEAR,0,0,1,L1_AABB
sobol_016,L03,L04,EXPECTED_INTERFACE_CONTACT,EXPECTED_INTERFACE_CONTACT,0,0,1,L3_SELECTIVE_EXACT
sobol_016,L03,L05,AABB_CLEAR,AABB_CLEAR,0,0,1,L1_AABB
sobol_016,L03,L06,AABB_CLEAR,AABB_CLEAR,0,0,1,L1_AABB
sobol_016,L03,L07,AABB_CLEAR,AABB_CLEAR,0,0,1,L1_AABB
sobol_016,L03,L08,AABB_CLEAR,AABB_CLEAR,0,0,1,L1_AABB
sobol_016,L03,L09,AABB_CLEAR,AABB_CLEAR,0,0,1,L1_AABB
sobol_016,L03,L10,AABB_CLEAR,AABB_CLEAR,0,0,1,L1_AABB
sobol_016,L04,L05,EXPECTED_INTERFACE_CONTACT,EXPECTED_INTERFACE_CONTACT,0,0,1,L0_FIXED_SAFE
sobol_016,L04,L06,EXPECTED_INTERFACE_CONTACT,EXPECTED_INTERFACE_CONTACT,0,0,1,L3_SELECTIVE_EXACT
sobol_016,L04,L07,EXPECTED_INTERFACE_CONTACT,EXPECTED_INTERFACE_CONTACT,0,0,1,L3_SELECTIVE_EXACT
sobol_016,L04,L08,AABB_CLEAR,AABB_CLEAR,0,0,1,L1_AABB
sobol_016,L04,L09,AABB_CLEAR,AABB_CLEAR,0,0,1,L1_AABB
sobol_016,L04,L10,AABB_CLEAR,AABB_CLEAR,0,0,1,L1_AABB
sobol_016,L05,L06,EXPECTED_INTERFACE_CONTACT,EXPECTED_INTERFACE_CONTACT,0,0,1,L3_SELECTIVE_EXACT
sobol_016,L05,L07,EXPECTED_INTERFACE_CONTACT,EXPECTED_INTERFACE_CONTACT,0,0,1,L0_FIXED_SAFE
sobol_016,L05,L08,EXPECTED_INTERFACE_CONTACT,EXPECTED_INTERFACE_CONTACT,0,0,1,L3_SELECTIVE_EXACT
sobol_016,L05,L09,EXPECTED_INTERFACE_CONTACT,EXPECTED_INTERFACE_CONTACT,0,0,1,L3_SELECTIVE_EXACT
sobol_016,L05,L10,EXPECTED_INTERFACE_CONTACT,EXPECTED_INTERFACE_CONTACT,0,0,1,L3_SELECTIVE_EXACT
sobol_016,L06,L07,EXPECTED_INTERFACE_CONTACT,EXPECTED_INTERFACE_CONTACT,0,0,1,L3_SELECTIVE_EXACT
sobol_016,L06,L08,EXPECTED_INTERFACE_CONTACT,EXPECTED_INTERFACE_CONTACT,0,0,1,L3_SELECTIVE_EXACT
sobol_016,L06,L09,AABB_FALSE_POSITIVE,AABB_FALSE_POSITIVE,0,0,1,L3_SELECTIVE_EXACT
sobol_016,L06,L10,AABB_FALSE_POSITIVE,AABB_FALSE_POSITIVE,0,0,1,L3_SELECTIVE_EXACT
sobol_016,L07,L08,EXPECTED_INTERFACE_CONTACT,EXPECTED_INTERFACE_CONTACT,0,0,1,L0_FIXED_SAFE
sobol_016,L07,L09,EXPECTED_INTERFACE_CONTACT,EXPECTED_INTERFACE_CONTACT,0,0,1,L3_SELECTIVE_EXACT
sobol_016,L07,L10,AABB_CLEAR,AABB_CLEAR,0,0,1,L3_SELECTIVE_EXACT
sobol_016,L08,L09,EXPECTED_INTERFACE_CONTACT,EXPECTED_INTERFACE_CONTACT,0,0,1,L3_SELECTIVE_EXACT
sobol_016,L08,L10,EXPECTED_INTERFACE_CONTACT,EXPECTED_INTERFACE_CONTACT,0,0,1,L3_SELECTIVE_EXACT
sobol_016,L09,L10,AABB_FALSE_POSITIVE,MESH_CLEAR,0,0,1,L2_MESH_BVH
sobol_017,L00,L01,EXPECTED_INTERFACE_CONTACT,EXPECTED_INTERFACE_CONTACT,0,0,1,L3_SELECTIVE_EXACT
sobol_017,L00,L02,AABB_CLEAR,MESH_CLEAR,0,0,1,L2_MESH_BVH
sobol_017,L00,L03,AABB_CLEAR,AABB_CLEAR,0,0,1,L1_AABB
sobol_017,L00,L04,AABB_CLEAR,AABB_CLEAR,0,0,1,L1_AABB
sobol_017,L00,L05,AABB_CLEAR,AABB_CLEAR,0,0,1,L1_AABB
sobol_017,L00,L06,AABB_CLEAR,AABB_CLEAR,0,0,1,L1_AABB
sobol_017,L00,L07,AABB_CLEAR,AABB_CLEAR,0,0,1,L1_AABB
sobol_017,L00,L08,AABB_CLEAR,AABB_CLEAR,0,0,1,L1_AABB
sobol_017,L00,L09,AABB_CLEAR,AABB_CLEAR,0,0,1,L1_AABB
sobol_017,L00,L10,AABB_CLEAR,AABB_CLEAR,0,0,1,L1_AABB
sobol_017,L01,L02,EXPECTED_INTERFACE_CONTACT,EXPECTED_INTERFACE_CONTACT,0,0,1,L3_SELECTIVE_EXACT
sobol_017,L01,L03,AABB_CLEAR,AABB_CLEAR,0,0,1,L1_AABB
sobol_017,L01,L04,AABB_CLEAR,AABB_CLEAR,0,0,1,L1_AABB
sobol_017,L01,L05,AABB_CLEAR,AABB_CLEAR,0,0,1,L1_AABB
sobol_017,L01,L06,AABB_CLEAR,AABB_CLEAR,0,0,1,L1_AABB
sobol_017,L01,L07,AABB_CLEAR,AABB_CLEAR,0,0,1,L1_AABB
sobol_017,L01,L08,AABB_CLEAR,AABB_CLEAR,0,0,1,L1_AABB
sobol_017,L01,L09,AABB_CLEAR,AABB_CLEAR,0,0,1,L1_AABB
sobol_017,L01,L10,AABB_CLEAR,AABB_CLEAR,0,0,1,L1_AABB
sobol_017,L02,L03,EXPECTED_INTERFACE_CONTACT,EXPECTED_INTERFACE_CONTACT,0,0,1,L3_SELECTIVE_EXACT
sobol_017,L02,L04,AABB_CLEAR,AABB_CLEAR,0,0,1,L1_AABB
sobol_017,L02,L05,AABB_CLEAR,AABB_CLEAR,0,0,1,L1_AABB
sobol_017,L02,L06,AABB_CLEAR,AABB_CLEAR,0,0,1,L1_AABB
sobol_017,L02,L07,AABB_CLEAR,AABB_CLEAR,0,0,1,L1_AABB
sobol_017,L02,L08,AABB_CLEAR,AABB_CLEAR,0,0,1,L1_AABB
sobol_017,L02,L09,AABB_CLEAR,AABB_CLEAR,0,0,1,L1_AABB
sobol_017,L02,L10,AABB_CLEAR,AABB_CLEAR,0,0,1,L1_AABB
sobol_017,L03,L04,EXPECTED_INTERFACE_CONTACT,EXPECTED_INTERFACE_CONTACT,0,0,1,L3_SELECTIVE_EXACT
sobol_017,L03,L05,AABB_CLEAR,AABB_CLEAR,0,0,1,L1_AABB
sobol_017,L03,L06,AABB_CLEAR,AABB_CLEAR,0,0,1,L1_AABB
sobol_017,L03,L07,AABB_CLEAR,AABB_CLEAR,0,0,1,L1_AABB
sobol_017,L03,L08,AABB_CLEAR,AABB_CLEAR,0,0,1,L1_AABB
sobol_017,L03,L09,AABB_CLEAR,AABB_CLEAR,0,0,1,L1_AABB
sobol_017,L03,L10,AABB_CLEAR,AABB_CLEAR,0,0,1,L1_AABB
sobol_017,L04,L05,EXPECTED_INTERFACE_CONTACT,EXPECTED_INTERFACE_CONTACT,0,0,1,L0_FIXED_SAFE
sobol_017,L04,L06,EXPECTED_INTERFACE_CONTACT,EXPECTED_INTERFACE_CONTACT,0,0,1,L3_SELECTIVE_EXACT
sobol_017,L04,L07,EXPECTED_INTERFACE_CONTACT,EXPECTED_INTERFACE_CONTACT,0,0,1,L3_SELECTIVE_EXACT
sobol_017,L04,L08,AABB_CLEAR,AABB_CLEAR,0,0,1,L1_AABB
sobol_017,L04,L09,AABB_CLEAR,AABB_CLEAR,0,0,1,L1_AABB
sobol_017,L04,L10,AABB_CLEAR,AABB_CLEAR,0,0,1,L1_AABB
sobol_017,L05,L06,EXPECTED_INTERFACE_CONTACT,EXPECTED_INTERFACE_CONTACT,0,0,1,L3_SELECTIVE_EXACT
sobol_017,L05,L07,EXPECTED_INTERFACE_CONTACT,EXPECTED_INTERFACE_CONTACT,0,0,1,L0_FIXED_SAFE
sobol_017,L05,L08,AABB_CLEAR,AABB_CLEAR,0,0,1,L1_AABB
sobol_017,L05,L09,AABB_CLEAR,AABB_CLEAR,0,0,1,L1_AABB
sobol_017,L05,L10,AABB_CLEAR,AABB_CLEAR,0,0,1,L1_AABB
sobol_017,L06,L07,EXPECTED_INTERFACE_CONTACT,EXPECTED_INTERFACE_CONTACT,0,0,1,L3_SELECTIVE_EXACT
sobol_017,L06,L08,EXPECTED_INTERFACE_CONTACT,EXPECTED_INTERFACE_CONTACT,0,0,1,L3_SELECTIVE_EXACT
sobol_017,L06,L09,AABB_CLEAR,AABB_CLEAR,0,0,1,L1_AABB
sobol_017,L06,L10,AABB_CLEAR,AABB_CLEAR,0,0,1,L1_AABB
sobol_017,L07,L08,EXPECTED_INTERFACE_CONTACT,EXPECTED_INTERFACE_CONTACT,0,0,1,L0_FIXED_SAFE
sobol_017,L07,L09,AABB_CLEAR,AABB_CLEAR,0,0,1,L1_AABB
sobol_017,L07,L10,AABB_CLEAR,AABB_CLEAR,0,0,1,L1_AABB
sobol_017,L08,L09,EXPECTED_INTERFACE_CONTACT,EXPECTED_INTERFACE_CONTACT,0,0,1,L3_SELECTIVE_EXACT
sobol_017,L08,L10,EXPECTED_INTERFACE_CONTACT,EXPECTED_INTERFACE_CONTACT,0,0,1,L3_SELECTIVE_EXACT
sobol_017,L09,L10,AABB_CLEAR,AABB_CLEAR,0,0,1,L1_AABB
sobol_018,L00,L01,EXPECTED_INTERFACE_CONTACT,EXPECTED_INTERFACE_CONTACT,0,0,1,L3_SELECTIVE_EXACT
sobol_018,L00,L02,AABB_CLEAR,AABB_CLEAR,0,0,1,L1_AABB
sobol_018,L00,L03,AABB_CLEAR,AABB_CLEAR,0,0,1,L1_AABB
sobol_018,L00,L04,AABB_CLEAR,AABB_CLEAR,0,0,1,L1_AABB
sobol_018,L00,L05,NONADJACENT_COLLISION,NONADJACENT_COLLISION,1,1,1,L3_SELECTIVE_EXACT
sobol_018,L00,L06,AABB_FALSE_POSITIVE,MESH_CLEAR,0,0,1,L2_MESH_BVH
sobol_018,L00,L07,AABB_CLEAR,AABB_CLEAR,0,0,1,L1_AABB
sobol_018,L00,L08,AABB_CLEAR,AABB_CLEAR,0,0,1,L1_AABB
sobol_018,L00,L09,AABB_CLEAR,AABB_CLEAR,0,0,1,L1_AABB
sobol_018,L00,L10,AABB_CLEAR,AABB_CLEAR,0,0,1,L1_AABB
sobol_018,L01,L02,EXPECTED_INTERFACE_CONTACT,EXPECTED_INTERFACE_CONTACT,0,0,1,L3_SELECTIVE_EXACT
sobol_018,L01,L03,AABB_FALSE_POSITIVE,AABB_FALSE_POSITIVE,0,0,1,L3_SELECTIVE_EXACT
sobol_018,L01,L04,NONADJACENT_COLLISION,NONADJACENT_COLLISION,1,1,1,L3_SELECTIVE_EXACT
sobol_018,L01,L05,AABB_FALSE_POSITIVE,AABB_FALSE_POSITIVE,0,0,1,L3_SELECTIVE_EXACT
sobol_018,L01,L06,AABB_FALSE_POSITIVE,AABB_FALSE_POSITIVE,0,0,1,L3_SELECTIVE_EXACT
sobol_018,L01,L07,AABB_FALSE_POSITIVE,MESH_CLEAR,0,0,1,L2_MESH_BVH
sobol_018,L01,L08,AABB_CLEAR,AABB_CLEAR,0,0,1,L1_AABB
sobol_018,L01,L09,AABB_CLEAR,AABB_CLEAR,0,0,1,L1_AABB
sobol_018,L01,L10,AABB_CLEAR,AABB_CLEAR,0,0,1,L1_AABB
sobol_018,L02,L03,EXPECTED_INTERFACE_CONTACT,EXPECTED_INTERFACE_CONTACT,0,0,1,L3_SELECTIVE_EXACT
sobol_018,L02,L04,NONADJACENT_COLLISION,NONADJACENT_COLLISION,1,1,1,L3_SELECTIVE_EXACT
sobol_018,L02,L05,AABB_FALSE_POSITIVE,MESH_CLEAR,0,0,1,L2_MESH_BVH
sobol_018,L02,L06,AABB_CLEAR,MESH_CLEAR,0,0,1,L2_MESH_BVH
sobol_018,L02,L07,AABB_CLEAR,MESH_CLEAR,0,0,1,L2_MESH_BVH
sobol_018,L02,L08,AABB_CLEAR,AABB_CLEAR,0,0,1,L1_AABB
sobol_018,L02,L09,AABB_CLEAR,AABB_CLEAR,0,0,1,L1_AABB
sobol_018,L02,L10,AABB_CLEAR,AABB_CLEAR,0,0,1,L1_AABB
sobol_018,L03,L04,EXPECTED_INTERFACE_CONTACT,EXPECTED_INTERFACE_CONTACT,0,0,1,L3_SELECTIVE_EXACT
sobol_018,L03,L05,AABB_CLEAR,MESH_CLEAR,0,0,1,L2_MESH_BVH
sobol_018,L03,L06,AABB_CLEAR,AABB_CLEAR,0,0,1,L1_AABB
sobol_018,L03,L07,AABB_CLEAR,AABB_CLEAR,0,0,1,L1_AABB
sobol_018,L03,L08,AABB_CLEAR,AABB_CLEAR,0,0,1,L1_AABB
sobol_018,L03,L09,AABB_CLEAR,AABB_CLEAR,0,0,1,L1_AABB
sobol_018,L03,L10,AABB_CLEAR,AABB_CLEAR,0,0,1,L1_AABB
sobol_018,L04,L05,EXPECTED_INTERFACE_CONTACT,EXPECTED_INTERFACE_CONTACT,0,0,1,L0_FIXED_SAFE
sobol_018,L04,L06,EXPECTED_INTERFACE_CONTACT,EXPECTED_INTERFACE_CONTACT,0,0,1,L3_SELECTIVE_EXACT
sobol_018,L04,L07,EXPECTED_INTERFACE_CONTACT,EXPECTED_INTERFACE_CONTACT,0,0,1,L3_SELECTIVE_EXACT
sobol_018,L04,L08,EXPECTED_INTERFACE_CONTACT,MESH_CLEAR,0,0,1,L2_MESH_BVH
sobol_018,L04,L09,AABB_CLEAR,AABB_CLEAR,0,0,1,L1_AABB
sobol_018,L04,L10,AABB_CLEAR,AABB_CLEAR,0,0,1,L1_AABB
sobol_018,L05,L06,EXPECTED_INTERFACE_CONTACT,EXPECTED_INTERFACE_CONTACT,0,0,1,L3_SELECTIVE_EXACT
sobol_018,L05,L07,EXPECTED_INTERFACE_CONTACT,EXPECTED_INTERFACE_CONTACT,0,0,1,L0_FIXED_SAFE
sobol_018,L05,L08,EXPECTED_INTERFACE_CONTACT,EXPECTED_INTERFACE_CONTACT,0,0,1,L3_SELECTIVE_EXACT
sobol_018,L05,L09,AABB_CLEAR,AABB_CLEAR,0,0,1,L1_AABB
sobol_018,L05,L10,EXPECTED_INTERFACE_CONTACT,MESH_CLEAR,0,0,1,L2_MESH_BVH
sobol_018,L06,L07,EXPECTED_INTERFACE_CONTACT,EXPECTED_INTERFACE_CONTACT,0,0,1,L3_SELECTIVE_EXACT
sobol_018,L06,L08,EXPECTED_INTERFACE_CONTACT,EXPECTED_INTERFACE_CONTACT,0,0,1,L3_SELECTIVE_EXACT
sobol_018,L06,L09,AABB_CLEAR,AABB_CLEAR,0,0,1,L1_AABB
sobol_018,L06,L10,AABB_FALSE_POSITIVE,MESH_CLEAR,0,0,1,L2_MESH_BVH
sobol_018,L07,L08,EXPECTED_INTERFACE_CONTACT,EXPECTED_INTERFACE_CONTACT,0,0,1,L0_FIXED_SAFE
sobol_018,L07,L09,AABB_CLEAR,AABB_CLEAR,0,0,1,L1_AABB
sobol_018,L07,L10,EXPECTED_INTERFACE_CONTACT,MESH_CLEAR,0,0,1,L2_MESH_BVH
sobol_018,L08,L09,EXPECTED_INTERFACE_CONTACT,EXPECTED_INTERFACE_CONTACT,0,0,1,L3_SELECTIVE_EXACT
sobol_018,L08,L10,EXPECTED_INTERFACE_CONTACT,EXPECTED_INTERFACE_CONTACT,0,0,1,L3_SELECTIVE_EXACT
sobol_018,L09,L10,AABB_CLEAR,AABB_CLEAR,0,0,1,L1_AABB
sobol_019,L00,L01,EXPECTED_INTERFACE_CONTACT,EXPECTED_INTERFACE_CONTACT,0,0,1,L3_SELECTIVE_EXACT
sobol_019,L00,L02,AABB_FALSE_POSITIVE,AABB_FALSE_POSITIVE,0,0,1,L3_SELECTIVE_EXACT
sobol_019,L00,L03,AABB_CLEAR,AABB_CLEAR,0,0,1,L1_AABB
sobol_019,L00,L04,AABB_CLEAR,AABB_CLEAR,0,0,1,L1_AABB
sobol_019,L00,L05,AABB_CLEAR,AABB_CLEAR,0,0,1,L1_AABB
sobol_019,L00,L06,AABB_CLEAR,AABB_CLEAR,0,0,1,L1_AABB
sobol_019,L00,L07,AABB_CLEAR,AABB_CLEAR,0,0,1,L1_AABB
sobol_019,L00,L08,AABB_CLEAR,AABB_CLEAR,0,0,1,L1_AABB
sobol_019,L00,L09,AABB_CLEAR,AABB_CLEAR,0,0,1,L1_AABB
sobol_019,L00,L10,AABB_CLEAR,AABB_CLEAR,0,0,1,L1_AABB
sobol_019,L01,L02,EXPECTED_INTERFACE_CONTACT,EXPECTED_INTERFACE_CONTACT,0,0,1,L3_SELECTIVE_EXACT
sobol_019,L01,L03,AABB_CLEAR,AABB_CLEAR,0,0,1,L1_AABB
sobol_019,L01,L04,AABB_CLEAR,AABB_CLEAR,0,0,1,L1_AABB
sobol_019,L01,L05,AABB_CLEAR,AABB_CLEAR,0,0,1,L1_AABB
sobol_019,L01,L06,AABB_CLEAR,AABB_CLEAR,0,0,1,L1_AABB
sobol_019,L01,L07,AABB_CLEAR,AABB_CLEAR,0,0,1,L1_AABB
sobol_019,L01,L08,AABB_CLEAR,AABB_CLEAR,0,0,1,L1_AABB
sobol_019,L01,L09,AABB_CLEAR,AABB_CLEAR,0,0,1,L1_AABB
sobol_019,L01,L10,AABB_CLEAR,AABB_CLEAR,0,0,1,L1_AABB
sobol_019,L02,L03,EXPECTED_INTERFACE_CONTACT,EXPECTED_INTERFACE_CONTACT,0,0,1,L3_SELECTIVE_EXACT
sobol_019,L02,L04,AABB_CLEAR,AABB_CLEAR,0,0,1,L1_AABB
sobol_019,L02,L05,AABB_CLEAR,AABB_CLEAR,0,0,1,L1_AABB
sobol_019,L02,L06,AABB_CLEAR,AABB_CLEAR,0,0,1,L1_AABB
sobol_019,L02,L07,AABB_CLEAR,AABB_CLEAR,0,0,1,L1_AABB
sobol_019,L02,L08,AABB_CLEAR,AABB_CLEAR,0,0,1,L1_AABB
sobol_019,L02,L09,AABB_CLEAR,AABB_CLEAR,0,0,1,L1_AABB
sobol_019,L02,L10,AABB_CLEAR,AABB_CLEAR,0,0,1,L1_AABB
sobol_019,L03,L04,EXPECTED_INTERFACE_CONTACT,EXPECTED_INTERFACE_CONTACT,0,0,1,L3_SELECTIVE_EXACT
sobol_019,L03,L05,AABB_CLEAR,AABB_CLEAR,0,0,1,L1_AABB
sobol_019,L03,L06,AABB_CLEAR,AABB_CLEAR,0,0,1,L1_AABB
sobol_019,L03,L07,AABB_CLEAR,AABB_CLEAR,0,0,1,L1_AABB
sobol_019,L03,L08,AABB_CLEAR,AABB_CLEAR,0,0,1,L1_AABB
sobol_019,L03,L09,AABB_CLEAR,AABB_CLEAR,0,0,1,L1_AABB
sobol_019,L03,L10,AABB_CLEAR,AABB_CLEAR,0,0,1,L1_AABB
sobol_019,L04,L05,EXPECTED_INTERFACE_CONTACT,EXPECTED_INTERFACE_CONTACT,0,0,1,L0_FIXED_SAFE
sobol_019,L04,L06,EXPECTED_INTERFACE_CONTACT,EXPECTED_INTERFACE_CONTACT,0,0,1,L3_SELECTIVE_EXACT
sobol_019,L04,L07,EXPECTED_INTERFACE_CONTACT,EXPECTED_INTERFACE_CONTACT,0,0,1,L3_SELECTIVE_EXACT
sobol_019,L04,L08,EXPECTED_INTERFACE_CONTACT,MESH_CLEAR,0,0,1,L2_MESH_BVH
sobol_019,L04,L09,AABB_CLEAR,AABB_CLEAR,0,0,1,L1_AABB
sobol_019,L04,L10,AABB_CLEAR,AABB_CLEAR,0,0,1,L1_AABB
sobol_019,L05,L06,EXPECTED_INTERFACE_CONTACT,EXPECTED_INTERFACE_CONTACT,0,0,1,L3_SELECTIVE_EXACT
sobol_019,L05,L07,EXPECTED_INTERFACE_CONTACT,EXPECTED_INTERFACE_CONTACT,0,0,1,L0_FIXED_SAFE
sobol_019,L05,L08,EXPECTED_INTERFACE_CONTACT,EXPECTED_INTERFACE_CONTACT,0,0,1,L3_SELECTIVE_EXACT
sobol_019,L05,L09,EXPECTED_INTERFACE_CONTACT,EXPECTED_INTERFACE_CONTACT,0,0,1,L3_SELECTIVE_EXACT
sobol_019,L05,L10,EXPECTED_INTERFACE_CONTACT,EXPECTED_INTERFACE_CONTACT,0,0,1,L3_SELECTIVE_EXACT
sobol_019,L06,L07,EXPECTED_INTERFACE_CONTACT,EXPECTED_INTERFACE_CONTACT,0,0,1,L3_SELECTIVE_EXACT
sobol_019,L06,L08,EXPECTED_INTERFACE_CONTACT,EXPECTED_INTERFACE_CONTACT,0,0,1,L3_SELECTIVE_EXACT
sobol_019,L06,L09,AABB_FALSE_POSITIVE,MESH_CLEAR,0,0,1,L2_MESH_BVH
sobol_019,L06,L10,AABB_FALSE_POSITIVE,AABB_FALSE_POSITIVE,0,0,1,L3_SELECTIVE_EXACT
sobol_019,L07,L08,EXPECTED_INTERFACE_CONTACT,EXPECTED_INTERFACE_CONTACT,0,0,1,L0_FIXED_SAFE
sobol_019,L07,L09,EXPECTED_INTERFACE_CONTACT,EXPECTED_INTERFACE_CONTACT,0,0,1,L3_SELECTIVE_EXACT
sobol_019,L07,L10,AABB_CLEAR,AABB_CLEAR,0,0,1,L1_AABB
sobol_019,L08,L09,EXPECTED_INTERFACE_CONTACT,EXPECTED_INTERFACE_CONTACT,0,0,1,L3_SELECTIVE_EXACT
sobol_019,L08,L10,EXPECTED_INTERFACE_CONTACT,EXPECTED_INTERFACE_CONTACT,0,0,1,L3_SELECTIVE_EXACT
sobol_019,L09,L10,AABB_FALSE_POSITIVE,MESH_CLEAR,0,0,1,L2_MESH_BVH
sobol_020,L00,L01,EXPECTED_INTERFACE_CONTACT,EXPECTED_INTERFACE_CONTACT,0,0,1,L3_SELECTIVE_EXACT
sobol_020,L00,L02,AABB_CLEAR,AABB_CLEAR,0,0,1,L1_AABB
sobol_020,L00,L03,AABB_CLEAR,AABB_CLEAR,0,0,1,L1_AABB
sobol_020,L00,L04,AABB_CLEAR,AABB_CLEAR,0,0,1,L1_AABB
sobol_020,L00,L05,AABB_CLEAR,AABB_CLEAR,0,0,1,L1_AABB
sobol_020,L00,L06,AABB_CLEAR,AABB_CLEAR,0,0,1,L1_AABB
sobol_020,L00,L07,AABB_CLEAR,AABB_CLEAR,0,0,1,L1_AABB
sobol_020,L00,L08,AABB_CLEAR,AABB_CLEAR,0,0,1,L1_AABB
sobol_020,L00,L09,AABB_CLEAR,AABB_CLEAR,0,0,1,L1_AABB
sobol_020,L00,L10,AABB_CLEAR,AABB_CLEAR,0,0,1,L1_AABB
sobol_020,L01,L02,EXPECTED_INTERFACE_CONTACT,EXPECTED_INTERFACE_CONTACT,0,0,1,L3_SELECTIVE_EXACT
sobol_020,L01,L03,AABB_CLEAR,AABB_CLEAR,0,0,1,L1_AABB
sobol_020,L01,L04,AABB_CLEAR,AABB_CLEAR,0,0,1,L1_AABB
sobol_020,L01,L05,AABB_CLEAR,AABB_CLEAR,0,0,1,L1_AABB
sobol_020,L01,L06,AABB_CLEAR,AABB_CLEAR,0,0,1,L1_AABB
sobol_020,L01,L07,AABB_CLEAR,AABB_CLEAR,0,0,1,L1_AABB
sobol_020,L01,L08,AABB_CLEAR,AABB_CLEAR,0,0,1,L1_AABB
sobol_020,L01,L09,AABB_CLEAR,AABB_CLEAR,0,0,1,L1_AABB
sobol_020,L01,L10,AABB_CLEAR,AABB_CLEAR,0,0,1,L1_AABB
sobol_020,L02,L03,EXPECTED_INTERFACE_CONTACT,EXPECTED_INTERFACE_CONTACT,0,0,1,L3_SELECTIVE_EXACT
sobol_020,L02,L04,AABB_CLEAR,AABB_CLEAR,0,0,1,L1_AABB
sobol_020,L02,L05,AABB_CLEAR,AABB_CLEAR,0,0,1,L1_AABB
sobol_020,L02,L06,AABB_CLEAR,AABB_CLEAR,0,0,1,L1_AABB
sobol_020,L02,L07,AABB_CLEAR,AABB_CLEAR,0,0,1,L1_AABB
sobol_020,L02,L08,AABB_CLEAR,AABB_CLEAR,0,0,1,L1_AABB
sobol_020,L02,L09,AABB_CLEAR,AABB_CLEAR,0,0,1,L1_AABB
sobol_020,L02,L10,AABB_CLEAR,AABB_CLEAR,0,0,1,L1_AABB
sobol_020,L03,L04,EXPECTED_INTERFACE_CONTACT,EXPECTED_INTERFACE_CONTACT,0,0,1,L3_SELECTIVE_EXACT
sobol_020,L03,L05,AABB_CLEAR,AABB_CLEAR,0,0,1,L1_AABB
sobol_020,L03,L06,AABB_CLEAR,AABB_CLEAR,0,0,1,L1_AABB
sobol_020,L03,L07,AABB_CLEAR,AABB_CLEAR,0,0,1,L1_AABB
sobol_020,L03,L08,AABB_CLEAR,AABB_CLEAR,0,0,1,L1_AABB
sobol_020,L03,L09,AABB_CLEAR,AABB_CLEAR,0,0,1,L1_AABB
sobol_020,L03,L10,AABB_CLEAR,AABB_CLEAR,0,0,1,L1_AABB
sobol_020,L04,L05,EXPECTED_INTERFACE_CONTACT,EXPECTED_INTERFACE_CONTACT,0,0,1,L0_FIXED_SAFE
sobol_020,L04,L06,EXPECTED_INTERFACE_CONTACT,EXPECTED_INTERFACE_CONTACT,0,0,1,L3_SELECTIVE_EXACT
sobol_020,L04,L07,EXPECTED_INTERFACE_CONTACT,EXPECTED_INTERFACE_CONTACT,0,0,1,L3_SELECTIVE_EXACT
sobol_020,L04,L08,AABB_CLEAR,MESH_CLEAR,0,0,1,L2_MESH_BVH
sobol_020,L04,L09,AABB_CLEAR,AABB_CLEAR,0,0,1,L1_AABB
sobol_020,L04,L10,AABB_CLEAR,AABB_CLEAR,0,0,1,L1_AABB
sobol_020,L05,L06,EXPECTED_INTERFACE_CONTACT,EXPECTED_INTERFACE_CONTACT,0,0,1,L3_SELECTIVE_EXACT
sobol_020,L05,L07,EXPECTED_INTERFACE_CONTACT,EXPECTED_INTERFACE_CONTACT,0,0,1,L0_FIXED_SAFE
sobol_020,L05,L08,EXPECTED_INTERFACE_CONTACT,EXPECTED_INTERFACE_CONTACT,0,0,1,L3_SELECTIVE_EXACT
sobol_020,L05,L09,EXPECTED_INTERFACE_CONTACT,EXPECTED_INTERFACE_CONTACT,0,0,1,L3_SELECTIVE_EXACT
sobol_020,L05,L10,AABB_CLEAR,AABB_CLEAR,0,0,1,L1_AABB
sobol_020,L06,L07,EXPECTED_INTERFACE_CONTACT,EXPECTED_INTERFACE_CONTACT,0,0,1,L3_SELECTIVE_EXACT
sobol_020,L06,L08,EXPECTED_INTERFACE_CONTACT,EXPECTED_INTERFACE_CONTACT,0,0,1,L3_SELECTIVE_EXACT
sobol_020,L06,L09,AABB_FALSE_POSITIVE,MESH_CLEAR,0,0,1,L2_MESH_BVH
sobol_020,L06,L10,AABB_CLEAR,MESH_CLEAR,0,0,1,L2_MESH_BVH
sobol_020,L07,L08,EXPECTED_INTERFACE_CONTACT,EXPECTED_INTERFACE_CONTACT,0,0,1,L0_FIXED_SAFE
sobol_020,L07,L09,EXPECTED_INTERFACE_CONTACT,MESH_CLEAR,0,0,1,L2_MESH_BVH
sobol_020,L07,L10,AABB_CLEAR,AABB_CLEAR,0,0,1,L1_AABB
sobol_020,L08,L09,EXPECTED_INTERFACE_CONTACT,EXPECTED_INTERFACE_CONTACT,0,0,1,L3_SELECTIVE_EXACT
sobol_020,L08,L10,EXPECTED_INTERFACE_CONTACT,EXPECTED_INTERFACE_CONTACT,0,0,1,L3_SELECTIVE_EXACT
sobol_020,L09,L10,AABB_CLEAR,AABB_CLEAR,0,0,1,L1_AABB
sobol_021,L00,L01,EXPECTED_INTERFACE_CONTACT,EXPECTED_INTERFACE_CONTACT,0,0,1,L3_SELECTIVE_EXACT
sobol_021,L00,L02,AABB_FALSE_POSITIVE,AABB_FALSE_POSITIVE,0,0,1,L3_SELECTIVE_EXACT
sobol_021,L00,L03,AABB_CLEAR,AABB_CLEAR,0,0,1,L1_AABB
sobol_021,L00,L04,AABB_CLEAR,MESH_CLEAR,0,0,1,L2_MESH_BVH
sobol_021,L00,L05,AABB_FALSE_POSITIVE,AABB_FALSE_POSITIVE,0,0,1,L3_SELECTIVE_EXACT
sobol_021,L00,L06,NONADJACENT_COLLISION,NONADJACENT_COLLISION,1,1,1,L3_SELECTIVE_EXACT
sobol_021,L00,L07,NONADJACENT_COLLISION,NONADJACENT_COLLISION,1,1,1,L3_SELECTIVE_EXACT
sobol_021,L00,L08,NONADJACENT_COLLISION,NONADJACENT_COLLISION,1,1,1,L3_SELECTIVE_EXACT
sobol_021,L00,L09,AABB_FALSE_POSITIVE,AABB_FALSE_POSITIVE,0,0,1,L3_SELECTIVE_EXACT
sobol_021,L00,L10,AABB_FALSE_POSITIVE,MESH_CLEAR,0,0,1,L2_MESH_BVH
sobol_021,L01,L02,EXPECTED_INTERFACE_CONTACT,EXPECTED_INTERFACE_CONTACT,0,0,1,L3_SELECTIVE_EXACT
sobol_021,L01,L03,AABB_CLEAR,AABB_CLEAR,0,0,1,L1_AABB
sobol_021,L01,L04,AABB_CLEAR,AABB_CLEAR,0,0,1,L1_AABB
sobol_021,L01,L05,AABB_FALSE_POSITIVE,MESH_CLEAR,0,0,1,L2_MESH_BVH
sobol_021,L01,L06,NONADJACENT_COLLISION,NONADJACENT_COLLISION,1,1,1,L3_SELECTIVE_EXACT
sobol_021,L01,L07,AABB_FALSE_POSITIVE,AABB_FALSE_POSITIVE,0,0,1,L3_SELECTIVE_EXACT
sobol_021,L01,L08,NONADJACENT_COLLISION,NONADJACENT_COLLISION,1,1,1,L3_SELECTIVE_EXACT
sobol_021,L01,L09,AABB_FALSE_POSITIVE,AABB_FALSE_POSITIVE,0,0,1,L3_SELECTIVE_EXACT
sobol_021,L01,L10,AABB_FALSE_POSITIVE,AABB_FALSE_POSITIVE,0,0,1,L3_SELECTIVE_EXACT
sobol_021,L02,L03,EXPECTED_INTERFACE_CONTACT,EXPECTED_INTERFACE_CONTACT,0,0,1,L3_SELECTIVE_EXACT
sobol_021,L02,L04,AABB_CLEAR,AABB_CLEAR,0,0,1,L1_AABB
sobol_021,L02,L05,AABB_CLEAR,MESH_CLEAR,0,0,1,L2_MESH_BVH
sobol_021,L02,L06,AABB_CLEAR,MESH_CLEAR,0,0,1,L2_MESH_BVH
sobol_021,L02,L07,AABB_CLEAR,MESH_CLEAR,0,0,1,L2_MESH_BVH
sobol_021,L02,L08,AABB_CLEAR,MESH_CLEAR,0,0,1,L2_MESH_BVH
sobol_021,L02,L09,AABB_FALSE_POSITIVE,MESH_CLEAR,0,0,1,L2_MESH_BVH
sobol_021,L02,L10,AABB_FALSE_POSITIVE,MESH_CLEAR,0,0,1,L2_MESH_BVH
sobol_021,L03,L04,EXPECTED_INTERFACE_CONTACT,EXPECTED_INTERFACE_CONTACT,0,0,1,L3_SELECTIVE_EXACT
sobol_021,L03,L05,AABB_CLEAR,MESH_CLEAR,0,0,1,L2_MESH_BVH
sobol_021,L03,L06,AABB_CLEAR,MESH_CLEAR,0,0,1,L2_MESH_BVH
sobol_021,L03,L07,AABB_CLEAR,AABB_CLEAR,0,0,1,L1_AABB
sobol_021,L03,L08,AABB_CLEAR,MESH_CLEAR,0,0,1,L2_MESH_BVH
sobol_021,L03,L09,AABB_CLEAR,AABB_CLEAR,0,0,1,L1_AABB
sobol_021,L03,L10,AABB_CLEAR,AABB_CLEAR,0,0,1,L1_AABB
sobol_021,L04,L05,EXPECTED_INTERFACE_CONTACT,EXPECTED_INTERFACE_CONTACT,0,0,1,L0_FIXED_SAFE
sobol_021,L04,L06,EXPECTED_INTERFACE_CONTACT,EXPECTED_INTERFACE_CONTACT,0,0,1,L3_SELECTIVE_EXACT
sobol_021,L04,L07,EXPECTED_INTERFACE_CONTACT,EXPECTED_INTERFACE_CONTACT,0,0,1,L3_SELECTIVE_EXACT
sobol_021,L04,L08,AABB_CLEAR,MESH_CLEAR,0,0,1,L2_MESH_BVH
sobol_021,L04,L09,AABB_CLEAR,AABB_CLEAR,0,0,1,L1_AABB
sobol_021,L04,L10,AABB_CLEAR,AABB_CLEAR,0,0,1,L1_AABB
sobol_021,L05,L06,EXPECTED_INTERFACE_CONTACT,EXPECTED_INTERFACE_CONTACT,0,0,1,L3_SELECTIVE_EXACT
sobol_021,L05,L07,EXPECTED_INTERFACE_CONTACT,EXPECTED_INTERFACE_CONTACT,0,0,1,L0_FIXED_SAFE
sobol_021,L05,L08,EXPECTED_INTERFACE_CONTACT,EXPECTED_INTERFACE_CONTACT,0,0,1,L3_SELECTIVE_EXACT
sobol_021,L05,L09,EXPECTED_INTERFACE_CONTACT,EXPECTED_INTERFACE_CONTACT,0,0,1,L3_SELECTIVE_EXACT
sobol_021,L05,L10,AABB_CLEAR,MESH_CLEAR,0,0,1,L2_MESH_BVH
sobol_021,L06,L07,EXPECTED_INTERFACE_CONTACT,EXPECTED_INTERFACE_CONTACT,0,0,1,L3_SELECTIVE_EXACT
sobol_021,L06,L08,EXPECTED_INTERFACE_CONTACT,EXPECTED_INTERFACE_CONTACT,0,0,1,L3_SELECTIVE_EXACT
sobol_021,L06,L09,AABB_FALSE_POSITIVE,MESH_CLEAR,0,0,1,L2_MESH_BVH
sobol_021,L06,L10,AABB_CLEAR,MESH_CLEAR,0,0,1,L2_MESH_BVH
sobol_021,L07,L08,EXPECTED_INTERFACE_CONTACT,EXPECTED_INTERFACE_CONTACT,0,0,1,L0_FIXED_SAFE
sobol_021,L07,L09,EXPECTED_INTERFACE_CONTACT,MESH_CLEAR,0,0,1,L2_MESH_BVH
sobol_021,L07,L10,AABB_CLEAR,AABB_CLEAR,0,0,1,L1_AABB
sobol_021,L08,L09,EXPECTED_INTERFACE_CONTACT,EXPECTED_INTERFACE_CONTACT,0,0,1,L3_SELECTIVE_EXACT
sobol_021,L08,L10,EXPECTED_INTERFACE_CONTACT,EXPECTED_INTERFACE_CONTACT,0,0,1,L3_SELECTIVE_EXACT
sobol_021,L09,L10,AABB_CLEAR,AABB_CLEAR,0,0,1,L1_AABB
sobol_022,L00,L01,EXPECTED_INTERFACE_CONTACT,EXPECTED_INTERFACE_CONTACT,0,0,1,L3_SELECTIVE_EXACT
sobol_022,L00,L02,AABB_CLEAR,MESH_CLEAR,0,0,1,L2_MESH_BVH
sobol_022,L00,L03,AABB_CLEAR,AABB_CLEAR,0,0,1,L1_AABB
sobol_022,L00,L04,AABB_CLEAR,AABB_CLEAR,0,0,1,L1_AABB
sobol_022,L00,L05,AABB_CLEAR,AABB_CLEAR,0,0,1,L1_AABB
sobol_022,L00,L06,AABB_CLEAR,AABB_CLEAR,0,0,1,L1_AABB
sobol_022,L00,L07,AABB_CLEAR,AABB_CLEAR,0,0,1,L1_AABB
sobol_022,L00,L08,AABB_CLEAR,AABB_CLEAR,0,0,1,L1_AABB
sobol_022,L00,L09,AABB_CLEAR,AABB_CLEAR,0,0,1,L1_AABB
sobol_022,L00,L10,AABB_CLEAR,AABB_CLEAR,0,0,1,L1_AABB
sobol_022,L01,L02,EXPECTED_INTERFACE_CONTACT,EXPECTED_INTERFACE_CONTACT,0,0,1,L3_SELECTIVE_EXACT
sobol_022,L01,L03,AABB_CLEAR,AABB_CLEAR,0,0,1,L1_AABB
sobol_022,L01,L04,AABB_CLEAR,AABB_CLEAR,0,0,1,L1_AABB
sobol_022,L01,L05,AABB_CLEAR,AABB_CLEAR,0,0,1,L1_AABB
sobol_022,L01,L06,AABB_CLEAR,AABB_CLEAR,0,0,1,L1_AABB
sobol_022,L01,L07,AABB_CLEAR,AABB_CLEAR,0,0,1,L1_AABB
sobol_022,L01,L08,AABB_CLEAR,AABB_CLEAR,0,0,1,L1_AABB
sobol_022,L01,L09,AABB_CLEAR,AABB_CLEAR,0,0,1,L1_AABB
sobol_022,L01,L10,AABB_CLEAR,AABB_CLEAR,0,0,1,L1_AABB
sobol_022,L02,L03,EXPECTED_INTERFACE_CONTACT,EXPECTED_INTERFACE_CONTACT,0,0,1,L3_SELECTIVE_EXACT
sobol_022,L02,L04,AABB_CLEAR,AABB_CLEAR,0,0,1,L1_AABB
sobol_022,L02,L05,AABB_CLEAR,AABB_CLEAR,0,0,1,L1_AABB
sobol_022,L02,L06,AABB_CLEAR,AABB_CLEAR,0,0,1,L1_AABB
sobol_022,L02,L07,AABB_CLEAR,AABB_CLEAR,0,0,1,L1_AABB
sobol_022,L02,L08,AABB_CLEAR,AABB_CLEAR,0,0,1,L1_AABB
sobol_022,L02,L09,AABB_CLEAR,AABB_CLEAR,0,0,1,L1_AABB
sobol_022,L02,L10,AABB_CLEAR,AABB_CLEAR,0,0,1,L1_AABB
sobol_022,L03,L04,EXPECTED_INTERFACE_CONTACT,EXPECTED_INTERFACE_CONTACT,0,0,1,L3_SELECTIVE_EXACT
sobol_022,L03,L05,AABB_CLEAR,MESH_CLEAR,0,0,1,L2_MESH_BVH
sobol_022,L03,L06,AABB_CLEAR,AABB_CLEAR,0,0,1,L1_AABB
sobol_022,L03,L07,AABB_CLEAR,AABB_CLEAR,0,0,1,L1_AABB
sobol_022,L03,L08,AABB_CLEAR,MESH_CLEAR,0,0,1,L2_MESH_BVH
sobol_022,L03,L09,AABB_CLEAR,AABB_CLEAR,0,0,1,L1_AABB
sobol_022,L03,L10,AABB_CLEAR,AABB_CLEAR,0,0,1,L1_AABB
sobol_022,L04,L05,EXPECTED_INTERFACE_CONTACT,EXPECTED_INTERFACE_CONTACT,0,0,1,L0_FIXED_SAFE
sobol_022,L04,L06,EXPECTED_INTERFACE_CONTACT,EXPECTED_INTERFACE_CONTACT,0,0,1,L3_SELECTIVE_EXACT
sobol_022,L04,L07,EXPECTED_INTERFACE_CONTACT,EXPECTED_INTERFACE_CONTACT,0,0,1,L3_SELECTIVE_EXACT
sobol_022,L04,L08,EXPECTED_INTERFACE_CONTACT,MESH_CLEAR,0,0,1,L2_MESH_BVH
sobol_022,L04,L09,AABB_CLEAR,AABB_CLEAR,0,0,1,L1_AABB
sobol_022,L04,L10,AABB_CLEAR,AABB_CLEAR,0,0,1,L1_AABB
sobol_022,L05,L06,EXPECTED_INTERFACE_CONTACT,EXPECTED_INTERFACE_CONTACT,0,0,1,L3_SELECTIVE_EXACT
sobol_022,L05,L07,EXPECTED_INTERFACE_CONTACT,EXPECTED_INTERFACE_CONTACT,0,0,1,L0_FIXED_SAFE
sobol_022,L05,L08,EXPECTED_INTERFACE_CONTACT,EXPECTED_INTERFACE_CONTACT,0,0,1,L3_SELECTIVE_EXACT
sobol_022,L05,L09,AABB_CLEAR,AABB_CLEAR,0,0,1,L1_AABB
sobol_022,L05,L10,AABB_CLEAR,AABB_CLEAR,0,0,1,L1_AABB
sobol_022,L06,L07,EXPECTED_INTERFACE_CONTACT,EXPECTED_INTERFACE_CONTACT,0,0,1,L3_SELECTIVE_EXACT
sobol_022,L06,L08,EXPECTED_INTERFACE_CONTACT,EXPECTED_INTERFACE_CONTACT,0,0,1,L3_SELECTIVE_EXACT
sobol_022,L06,L09,AABB_CLEAR,MESH_CLEAR,0,0,1,L2_MESH_BVH
sobol_022,L06,L10,AABB_CLEAR,MESH_CLEAR,0,0,1,L2_MESH_BVH
sobol_022,L07,L08,EXPECTED_INTERFACE_CONTACT,EXPECTED_INTERFACE_CONTACT,0,0,1,L0_FIXED_SAFE
sobol_022,L07,L09,AABB_CLEAR,AABB_CLEAR,0,0,1,L1_AABB
sobol_022,L07,L10,AABB_CLEAR,AABB_CLEAR,0,0,1,L1_AABB
sobol_022,L08,L09,EXPECTED_INTERFACE_CONTACT,EXPECTED_INTERFACE_CONTACT,0,0,1,L3_SELECTIVE_EXACT
sobol_022,L08,L10,EXPECTED_INTERFACE_CONTACT,EXPECTED_INTERFACE_CONTACT,0,0,1,L3_SELECTIVE_EXACT
sobol_022,L09,L10,AABB_CLEAR,AABB_CLEAR,0,0,1,L1_AABB
sobol_023,L00,L01,EXPECTED_INTERFACE_CONTACT,EXPECTED_INTERFACE_CONTACT,0,0,1,L3_SELECTIVE_EXACT
sobol_023,L00,L02,AABB_CLEAR,AABB_CLEAR,0,0,1,L1_AABB
sobol_023,L00,L03,AABB_CLEAR,AABB_CLEAR,0,0,1,L1_AABB
sobol_023,L00,L04,AABB_CLEAR,AABB_CLEAR,0,0,1,L1_AABB
sobol_023,L00,L05,AABB_CLEAR,AABB_CLEAR,0,0,1,L1_AABB
sobol_023,L00,L06,AABB_CLEAR,AABB_CLEAR,0,0,1,L1_AABB
sobol_023,L00,L07,AABB_CLEAR,AABB_CLEAR,0,0,1,L1_AABB
sobol_023,L00,L08,AABB_CLEAR,AABB_CLEAR,0,0,1,L1_AABB
sobol_023,L00,L09,AABB_CLEAR,MESH_CLEAR,0,0,1,L2_MESH_BVH
sobol_023,L00,L10,AABB_FALSE_POSITIVE,MESH_CLEAR,0,0,1,L2_MESH_BVH
sobol_023,L01,L02,EXPECTED_INTERFACE_CONTACT,EXPECTED_INTERFACE_CONTACT,0,0,1,L3_SELECTIVE_EXACT
sobol_023,L01,L03,AABB_CLEAR,AABB_CLEAR,0,0,1,L1_AABB
sobol_023,L01,L04,AABB_CLEAR,AABB_CLEAR,0,0,1,L1_AABB
sobol_023,L01,L05,AABB_CLEAR,AABB_CLEAR,0,0,1,L1_AABB
sobol_023,L01,L06,AABB_CLEAR,AABB_CLEAR,0,0,1,L1_AABB
sobol_023,L01,L07,AABB_CLEAR,AABB_CLEAR,0,0,1,L1_AABB
sobol_023,L01,L08,AABB_CLEAR,AABB_CLEAR,0,0,1,L1_AABB
sobol_023,L01,L09,AABB_CLEAR,AABB_CLEAR,0,0,1,L1_AABB
sobol_023,L01,L10,AABB_CLEAR,AABB_CLEAR,0,0,1,L1_AABB
sobol_023,L02,L03,EXPECTED_INTERFACE_CONTACT,EXPECTED_INTERFACE_CONTACT,0,0,1,L3_SELECTIVE_EXACT
sobol_023,L02,L04,AABB_FALSE_POSITIVE,MESH_CLEAR,0,0,1,L2_MESH_BVH
sobol_023,L02,L05,AABB_CLEAR,AABB_CLEAR,0,0,1,L1_AABB
sobol_023,L02,L06,AABB_CLEAR,AABB_CLEAR,0,0,1,L1_AABB
sobol_023,L02,L07,AABB_CLEAR,AABB_CLEAR,0,0,1,L1_AABB
sobol_023,L02,L08,AABB_CLEAR,AABB_CLEAR,0,0,1,L1_AABB
sobol_023,L02,L09,AABB_CLEAR,AABB_CLEAR,0,0,1,L1_AABB
sobol_023,L02,L10,AABB_CLEAR,AABB_CLEAR,0,0,1,L1_AABB
sobol_023,L03,L04,EXPECTED_INTERFACE_CONTACT,EXPECTED_INTERFACE_CONTACT,0,0,1,L3_SELECTIVE_EXACT
sobol_023,L03,L05,AABB_CLEAR,AABB_CLEAR,0,0,1,L1_AABB
sobol_023,L03,L06,AABB_CLEAR,AABB_CLEAR,0,0,1,L1_AABB
sobol_023,L03,L07,AABB_CLEAR,AABB_CLEAR,0,0,1,L1_AABB
sobol_023,L03,L08,AABB_CLEAR,AABB_CLEAR,0,0,1,L1_AABB
sobol_023,L03,L09,AABB_CLEAR,AABB_CLEAR,0,0,1,L1_AABB
sobol_023,L03,L10,AABB_CLEAR,AABB_CLEAR,0,0,1,L1_AABB
sobol_023,L04,L05,EXPECTED_INTERFACE_CONTACT,EXPECTED_INTERFACE_CONTACT,0,0,1,L0_FIXED_SAFE
sobol_023,L04,L06,EXPECTED_INTERFACE_CONTACT,EXPECTED_INTERFACE_CONTACT,0,0,1,L3_SELECTIVE_EXACT
sobol_023,L04,L07,EXPECTED_INTERFACE_CONTACT,EXPECTED_INTERFACE_CONTACT,0,0,1,L3_SELECTIVE_EXACT
sobol_023,L04,L08,AABB_CLEAR,AABB_CLEAR,0,0,1,L1_AABB
sobol_023,L04,L09,AABB_CLEAR,AABB_CLEAR,0,0,1,L1_AABB
sobol_023,L04,L10,AABB_CLEAR,AABB_CLEAR,0,0,1,L1_AABB
sobol_023,L05,L06,EXPECTED_INTERFACE_CONTACT,EXPECTED_INTERFACE_CONTACT,0,0,1,L3_SELECTIVE_EXACT
sobol_023,L05,L07,EXPECTED_INTERFACE_CONTACT,EXPECTED_INTERFACE_CONTACT,0,0,1,L0_FIXED_SAFE
sobol_023,L05,L08,EXPECTED_INTERFACE_CONTACT,EXPECTED_INTERFACE_CONTACT,0,0,1,L3_SELECTIVE_EXACT
sobol_023,L05,L09,EXPECTED_INTERFACE_CONTACT,EXPECTED_INTERFACE_CONTACT,0,0,1,L3_SELECTIVE_EXACT
sobol_023,L05,L10,EXPECTED_INTERFACE_CONTACT,EXPECTED_INTERFACE_CONTACT,0,0,1,L3_SELECTIVE_EXACT
sobol_023,L06,L07,EXPECTED_INTERFACE_CONTACT,EXPECTED_INTERFACE_CONTACT,0,0,1,L3_SELECTIVE_EXACT
sobol_023,L06,L08,EXPECTED_INTERFACE_CONTACT,EXPECTED_INTERFACE_CONTACT,0,0,1,L3_SELECTIVE_EXACT
sobol_023,L06,L09,AABB_CLEAR,MESH_CLEAR,0,0,1,L2_MESH_BVH
sobol_023,L06,L10,AABB_CLEAR,MESH_CLEAR,0,0,1,L2_MESH_BVH
sobol_023,L07,L08,EXPECTED_INTERFACE_CONTACT,EXPECTED_INTERFACE_CONTACT,0,0,1,L0_FIXED_SAFE
sobol_023,L07,L09,AABB_CLEAR,AABB_CLEAR,0,0,1,L1_AABB
sobol_023,L07,L10,AABB_CLEAR,AABB_CLEAR,0,0,1,L1_AABB
sobol_023,L08,L09,EXPECTED_INTERFACE_CONTACT,EXPECTED_INTERFACE_CONTACT,0,0,1,L3_SELECTIVE_EXACT
sobol_023,L08,L10,EXPECTED_INTERFACE_CONTACT,EXPECTED_INTERFACE_CONTACT,0,0,1,L3_SELECTIVE_EXACT
sobol_023,L09,L10,AABB_CLEAR,AABB_CLEAR,0,0,1,L1_AABB
sobol_024,L00,L01,EXPECTED_INTERFACE_CONTACT,EXPECTED_INTERFACE_CONTACT,0,0,1,L3_SELECTIVE_EXACT
sobol_024,L00,L02,AABB_CLEAR,AABB_CLEAR,0,0,1,L1_AABB
sobol_024,L00,L03,AABB_CLEAR,AABB_CLEAR,0,0,1,L1_AABB
sobol_024,L00,L04,AABB_CLEAR,AABB_CLEAR,0,0,1,L1_AABB
sobol_024,L00,L05,AABB_CLEAR,AABB_CLEAR,0,0,1,L1_AABB
sobol_024,L00,L06,AABB_CLEAR,AABB_CLEAR,0,0,1,L1_AABB
sobol_024,L00,L07,AABB_CLEAR,AABB_CLEAR,0,0,1,L1_AABB
sobol_024,L00,L08,AABB_CLEAR,AABB_CLEAR,0,0,1,L1_AABB
sobol_024,L00,L09,AABB_CLEAR,AABB_CLEAR,0,0,1,L1_AABB
sobol_024,L00,L10,AABB_CLEAR,AABB_CLEAR,0,0,1,L1_AABB
sobol_024,L01,L02,EXPECTED_INTERFACE_CONTACT,EXPECTED_INTERFACE_CONTACT,0,0,1,L3_SELECTIVE_EXACT
sobol_024,L01,L03,AABB_CLEAR,AABB_CLEAR,0,0,1,L1_AABB
sobol_024,L01,L04,AABB_CLEAR,AABB_CLEAR,0,0,1,L1_AABB
sobol_024,L01,L05,AABB_CLEAR,AABB_CLEAR,0,0,1,L1_AABB
sobol_024,L01,L06,AABB_CLEAR,AABB_CLEAR,0,0,1,L1_AABB
sobol_024,L01,L07,AABB_CLEAR,AABB_CLEAR,0,0,1,L1_AABB
sobol_024,L01,L08,AABB_CLEAR,AABB_CLEAR,0,0,1,L1_AABB
sobol_024,L01,L09,AABB_CLEAR,AABB_CLEAR,0,0,1,L1_AABB
sobol_024,L01,L10,AABB_CLEAR,AABB_CLEAR,0,0,1,L1_AABB
sobol_024,L02,L03,EXPECTED_INTERFACE_CONTACT,EXPECTED_INTERFACE_CONTACT,0,0,1,L3_SELECTIVE_EXACT
sobol_024,L02,L04,AABB_CLEAR,AABB_CLEAR,0,0,1,L1_AABB
sobol_024,L02,L05,AABB_CLEAR,AABB_CLEAR,0,0,1,L1_AABB
sobol_024,L02,L06,AABB_CLEAR,AABB_CLEAR,0,0,1,L1_AABB
sobol_024,L02,L07,AABB_CLEAR,AABB_CLEAR,0,0,1,L1_AABB
sobol_024,L02,L08,AABB_CLEAR,AABB_CLEAR,0,0,1,L1_AABB
sobol_024,L02,L09,AABB_CLEAR,AABB_CLEAR,0,0,1,L1_AABB
sobol_024,L02,L10,AABB_CLEAR,AABB_CLEAR,0,0,1,L1_AABB
sobol_024,L03,L04,EXPECTED_INTERFACE_CONTACT,EXPECTED_INTERFACE_CONTACT,0,0,1,L3_SELECTIVE_EXACT
sobol_024,L03,L05,AABB_CLEAR,AABB_CLEAR,0,0,1,L1_AABB
sobol_024,L03,L06,AABB_CLEAR,AABB_CLEAR,0,0,1,L1_AABB
sobol_024,L03,L07,AABB_CLEAR,AABB_CLEAR,0,0,1,L1_AABB
sobol_024,L03,L08,AABB_CLEAR,AABB_CLEAR,0,0,1,L1_AABB
sobol_024,L03,L09,AABB_CLEAR,AABB_CLEAR,0,0,1,L1_AABB
sobol_024,L03,L10,AABB_CLEAR,AABB_CLEAR,0,0,1,L1_AABB
sobol_024,L04,L05,EXPECTED_INTERFACE_CONTACT,EXPECTED_INTERFACE_CONTACT,0,0,1,L0_FIXED_SAFE
sobol_024,L04,L06,EXPECTED_INTERFACE_CONTACT,EXPECTED_INTERFACE_CONTACT,0,0,1,L3_SELECTIVE_EXACT
sobol_024,L04,L07,EXPECTED_INTERFACE_CONTACT,EXPECTED_INTERFACE_CONTACT,0,0,1,L3_SELECTIVE_EXACT
sobol_024,L04,L08,EXPECTED_INTERFACE_CONTACT,MESH_CLEAR,0,0,1,L2_MESH_BVH
sobol_024,L04,L09,AABB_CLEAR,AABB_CLEAR,0,0,1,L1_AABB
sobol_024,L04,L10,AABB_CLEAR,AABB_CLEAR,0,0,1,L1_AABB
sobol_024,L05,L06,EXPECTED_INTERFACE_CONTACT,EXPECTED_INTERFACE_CONTACT,0,0,1,L3_SELECTIVE_EXACT
sobol_024,L05,L07,EXPECTED_INTERFACE_CONTACT,EXPECTED_INTERFACE_CONTACT,0,0,1,L0_FIXED_SAFE
sobol_024,L05,L08,EXPECTED_INTERFACE_CONTACT,EXPECTED_INTERFACE_CONTACT,0,0,1,L3_SELECTIVE_EXACT
sobol_024,L05,L09,EXPECTED_INTERFACE_CONTACT,EXPECTED_INTERFACE_CONTACT,0,0,1,L3_SELECTIVE_EXACT
sobol_024,L05,L10,EXPECTED_INTERFACE_CONTACT,EXPECTED_INTERFACE_CONTACT,0,0,1,L3_SELECTIVE_EXACT
sobol_024,L06,L07,EXPECTED_INTERFACE_CONTACT,EXPECTED_INTERFACE_CONTACT,0,0,1,L3_SELECTIVE_EXACT
sobol_024,L06,L08,EXPECTED_INTERFACE_CONTACT,EXPECTED_INTERFACE_CONTACT,0,0,1,L3_SELECTIVE_EXACT
sobol_024,L06,L09,AABB_FALSE_POSITIVE,AABB_FALSE_POSITIVE,0,0,1,L3_SELECTIVE_EXACT
sobol_024,L06,L10,AABB_FALSE_POSITIVE,AABB_FALSE_POSITIVE,0,0,1,L3_SELECTIVE_EXACT
sobol_024,L07,L08,EXPECTED_INTERFACE_CONTACT,EXPECTED_INTERFACE_CONTACT,0,0,1,L0_FIXED_SAFE
sobol_024,L07,L09,EXPECTED_INTERFACE_CONTACT,EXPECTED_INTERFACE_CONTACT,0,0,1,L3_SELECTIVE_EXACT
sobol_024,L07,L10,EXPECTED_INTERFACE_CONTACT,EXPECTED_INTERFACE_CONTACT,0,0,1,L3_SELECTIVE_EXACT
sobol_024,L08,L09,EXPECTED_INTERFACE_CONTACT,EXPECTED_INTERFACE_CONTACT,0,0,1,L3_SELECTIVE_EXACT
sobol_024,L08,L10,EXPECTED_INTERFACE_CONTACT,EXPECTED_INTERFACE_CONTACT,0,0,1,L3_SELECTIVE_EXACT
sobol_024,L09,L10,AABB_FALSE_POSITIVE,AABB_FALSE_POSITIVE,0,0,1,L3_SELECTIVE_EXACT
sobol_025,L00,L01,EXPECTED_INTERFACE_CONTACT,EXPECTED_INTERFACE_CONTACT,0,0,1,L3_SELECTIVE_EXACT
sobol_025,L00,L02,AABB_FALSE_POSITIVE,AABB_FALSE_POSITIVE,0,0,1,L3_SELECTIVE_EXACT
sobol_025,L00,L03,AABB_FALSE_POSITIVE,AABB_FALSE_POSITIVE,0,0,1,L3_SELECTIVE_EXACT
sobol_025,L00,L04,AABB_CLEAR,MESH_CLEAR,0,0,1,L2_MESH_BVH
sobol_025,L00,L05,AABB_CLEAR,AABB_CLEAR,0,0,1,L1_AABB
sobol_025,L00,L06,AABB_CLEAR,AABB_CLEAR,0,0,1,L1_AABB
sobol_025,L00,L07,AABB_CLEAR,AABB_CLEAR,0,0,1,L1_AABB
sobol_025,L00,L08,AABB_CLEAR,AABB_CLEAR,0,0,1,L1_AABB
sobol_025,L00,L09,AABB_CLEAR,AABB_CLEAR,0,0,1,L1_AABB
sobol_025,L00,L10,AABB_CLEAR,AABB_CLEAR,0,0,1,L1_AABB
sobol_025,L01,L02,EXPECTED_INTERFACE_CONTACT,EXPECTED_INTERFACE_CONTACT,0,0,1,L3_SELECTIVE_EXACT
sobol_025,L01,L03,AABB_FALSE_POSITIVE,MESH_CLEAR,0,0,1,L2_MESH_BVH
sobol_025,L01,L04,AABB_CLEAR,AABB_CLEAR,0,0,1,L1_AABB
sobol_025,L01,L05,AABB_CLEAR,AABB_CLEAR,0,0,1,L1_AABB
sobol_025,L01,L06,AABB_CLEAR,AABB_CLEAR,0,0,1,L1_AABB
sobol_025,L01,L07,AABB_CLEAR,AABB_CLEAR,0,0,1,L1_AABB
sobol_025,L01,L08,AABB_CLEAR,AABB_CLEAR,0,0,1,L1_AABB
sobol_025,L01,L09,AABB_CLEAR,AABB_CLEAR,0,0,1,L1_AABB
sobol_025,L01,L10,AABB_CLEAR,AABB_CLEAR,0,0,1,L1_AABB
sobol_025,L02,L03,EXPECTED_INTERFACE_CONTACT,EXPECTED_INTERFACE_CONTACT,0,0,1,L3_SELECTIVE_EXACT
sobol_025,L02,L04,AABB_CLEAR,AABB_CLEAR,0,0,1,L1_AABB
sobol_025,L02,L05,AABB_CLEAR,AABB_CLEAR,0,0,1,L1_AABB
sobol_025,L02,L06,AABB_CLEAR,AABB_CLEAR,0,0,1,L1_AABB
sobol_025,L02,L07,AABB_CLEAR,AABB_CLEAR,0,0,1,L1_AABB
sobol_025,L02,L08,AABB_CLEAR,AABB_CLEAR,0,0,1,L1_AABB
sobol_025,L02,L09,AABB_CLEAR,AABB_CLEAR,0,0,1,L1_AABB
sobol_025,L02,L10,AABB_CLEAR,AABB_CLEAR,0,0,1,L1_AABB
sobol_025,L03,L04,EXPECTED_INTERFACE_CONTACT,EXPECTED_INTERFACE_CONTACT,0,0,1,L3_SELECTIVE_EXACT
sobol_025,L03,L05,AABB_CLEAR,MESH_CLEAR,0,0,1,L2_MESH_BVH
sobol_025,L03,L06,AABB_CLEAR,AABB_CLEAR,0,0,1,L1_AABB
sobol_025,L03,L07,AABB_CLEAR,AABB_CLEAR,0,0,1,L1_AABB
sobol_025,L03,L08,AABB_CLEAR,AABB_CLEAR,0,0,1,L1_AABB
sobol_025,L03,L09,AABB_CLEAR,AABB_CLEAR,0,0,1,L1_AABB
sobol_025,L03,L10,AABB_CLEAR,AABB_CLEAR,0,0,1,L1_AABB
sobol_025,L04,L05,EXPECTED_INTERFACE_CONTACT,EXPECTED_INTERFACE_CONTACT,0,0,1,L0_FIXED_SAFE
sobol_025,L04,L06,EXPECTED_INTERFACE_CONTACT,EXPECTED_INTERFACE_CONTACT,0,0,1,L3_SELECTIVE_EXACT
sobol_025,L04,L07,EXPECTED_INTERFACE_CONTACT,EXPECTED_INTERFACE_CONTACT,0,0,1,L3_SELECTIVE_EXACT
sobol_025,L04,L08,AABB_CLEAR,MESH_CLEAR,0,0,1,L2_MESH_BVH
sobol_025,L04,L09,AABB_CLEAR,AABB_CLEAR,0,0,1,L1_AABB
sobol_025,L04,L10,AABB_CLEAR,AABB_CLEAR,0,0,1,L1_AABB
sobol_025,L05,L06,EXPECTED_INTERFACE_CONTACT,EXPECTED_INTERFACE_CONTACT,0,0,1,L3_SELECTIVE_EXACT
sobol_025,L05,L07,EXPECTED_INTERFACE_CONTACT,EXPECTED_INTERFACE_CONTACT,0,0,1,L0_FIXED_SAFE
sobol_025,L05,L08,EXPECTED_INTERFACE_CONTACT,EXPECTED_INTERFACE_CONTACT,0,0,1,L3_SELECTIVE_EXACT
sobol_025,L05,L09,AABB_CLEAR,AABB_CLEAR,0,0,1,L1_AABB
sobol_025,L05,L10,EXPECTED_INTERFACE_CONTACT,MESH_CLEAR,0,0,1,L2_MESH_BVH
sobol_025,L06,L07,EXPECTED_INTERFACE_CONTACT,EXPECTED_INTERFACE_CONTACT,0,0,1,L3_SELECTIVE_EXACT
sobol_025,L06,L08,EXPECTED_INTERFACE_CONTACT,EXPECTED_INTERFACE_CONTACT,0,0,1,L3_SELECTIVE_EXACT
sobol_025,L06,L09,AABB_CLEAR,AABB_CLEAR,0,0,1,L1_AABB
sobol_025,L06,L10,AABB_CLEAR,MESH_CLEAR,0,0,1,L2_MESH_BVH
sobol_025,L07,L08,EXPECTED_INTERFACE_CONTACT,EXPECTED_INTERFACE_CONTACT,0,0,1,L0_FIXED_SAFE
sobol_025,L07,L09,AABB_CLEAR,AABB_CLEAR,0,0,1,L1_AABB
sobol_025,L07,L10,AABB_CLEAR,AABB_CLEAR,0,0,1,L1_AABB
sobol_025,L08,L09,EXPECTED_INTERFACE_CONTACT,EXPECTED_INTERFACE_CONTACT,0,0,1,L3_SELECTIVE_EXACT
sobol_025,L08,L10,EXPECTED_INTERFACE_CONTACT,EXPECTED_INTERFACE_CONTACT,0,0,1,L3_SELECTIVE_EXACT
sobol_025,L09,L10,AABB_CLEAR,AABB_CLEAR,0,0,1,L1_AABB
sobol_026,L00,L01,EXPECTED_INTERFACE_CONTACT,EXPECTED_INTERFACE_CONTACT,0,0,1,L3_SELECTIVE_EXACT
sobol_026,L00,L02,AABB_CLEAR,AABB_CLEAR,0,0,1,L1_AABB
sobol_026,L00,L03,AABB_CLEAR,AABB_CLEAR,0,0,1,L1_AABB
sobol_026,L00,L04,AABB_CLEAR,AABB_CLEAR,0,0,1,L1_AABB
sobol_026,L00,L05,AABB_CLEAR,AABB_CLEAR,0,0,1,L1_AABB
sobol_026,L00,L06,AABB_CLEAR,AABB_CLEAR,0,0,1,L1_AABB
sobol_026,L00,L07,AABB_CLEAR,AABB_CLEAR,0,0,1,L1_AABB
sobol_026,L00,L08,AABB_CLEAR,AABB_CLEAR,0,0,1,L1_AABB
sobol_026,L00,L09,AABB_CLEAR,AABB_CLEAR,0,0,1,L1_AABB
sobol_026,L00,L10,AABB_CLEAR,AABB_CLEAR,0,0,1,L1_AABB
sobol_026,L01,L02,EXPECTED_INTERFACE_CONTACT,EXPECTED_INTERFACE_CONTACT,0,0,1,L3_SELECTIVE_EXACT
sobol_026,L01,L03,AABB_CLEAR,AABB_CLEAR,0,0,1,L1_AABB
sobol_026,L01,L04,AABB_CLEAR,AABB_CLEAR,0,0,1,L1_AABB
sobol_026,L01,L05,AABB_CLEAR,AABB_CLEAR,0,0,1,L1_AABB
sobol_026,L01,L06,AABB_CLEAR,AABB_CLEAR,0,0,1,L1_AABB
sobol_026,L01,L07,AABB_CLEAR,AABB_CLEAR,0,0,1,L1_AABB
sobol_026,L01,L08,AABB_CLEAR,AABB_CLEAR,0,0,1,L1_AABB
sobol_026,L01,L09,AABB_CLEAR,AABB_CLEAR,0,0,1,L1_AABB
sobol_026,L01,L10,AABB_CLEAR,AABB_CLEAR,0,0,1,L1_AABB
sobol_026,L02,L03,EXPECTED_INTERFACE_CONTACT,EXPECTED_INTERFACE_CONTACT,0,0,1,L3_SELECTIVE_EXACT
sobol_026,L02,L04,AABB_CLEAR,AABB_CLEAR,0,0,1,L1_AABB
sobol_026,L02,L05,AABB_CLEAR,AABB_CLEAR,0,0,1,L1_AABB
sobol_026,L02,L06,AABB_CLEAR,AABB_CLEAR,0,0,1,L1_AABB
sobol_026,L02,L07,AABB_CLEAR,AABB_CLEAR,0,0,1,L1_AABB
sobol_026,L02,L08,AABB_CLEAR,AABB_CLEAR,0,0,1,L1_AABB
sobol_026,L02,L09,AABB_CLEAR,AABB_CLEAR,0,0,1,L1_AABB
sobol_026,L02,L10,AABB_CLEAR,AABB_CLEAR,0,0,1,L1_AABB
sobol_026,L03,L04,EXPECTED_INTERFACE_CONTACT,EXPECTED_INTERFACE_CONTACT,0,0,1,L3_SELECTIVE_EXACT
sobol_026,L03,L05,AABB_CLEAR,AABB_CLEAR,0,0,1,L1_AABB
sobol_026,L03,L06,AABB_CLEAR,AABB_CLEAR,0,0,1,L1_AABB
sobol_026,L03,L07,AABB_CLEAR,AABB_CLEAR,0,0,1,L1_AABB
sobol_026,L03,L08,AABB_CLEAR,AABB_CLEAR,0,0,1,L1_AABB
sobol_026,L03,L09,AABB_CLEAR,AABB_CLEAR,0,0,1,L1_AABB
sobol_026,L03,L10,AABB_CLEAR,AABB_CLEAR,0,0,1,L1_AABB
sobol_026,L04,L05,EXPECTED_INTERFACE_CONTACT,EXPECTED_INTERFACE_CONTACT,0,0,1,L0_FIXED_SAFE
sobol_026,L04,L06,EXPECTED_INTERFACE_CONTACT,EXPECTED_INTERFACE_CONTACT,0,0,1,L3_SELECTIVE_EXACT
sobol_026,L04,L07,EXPECTED_INTERFACE_CONTACT,EXPECTED_INTERFACE_CONTACT,0,0,1,L3_SELECTIVE_EXACT
sobol_026,L04,L08,AABB_CLEAR,AABB_CLEAR,0,0,1,L1_AABB
sobol_026,L04,L09,AABB_CLEAR,AABB_CLEAR,0,0,1,L1_AABB
sobol_026,L04,L10,AABB_CLEAR,AABB_CLEAR,0,0,1,L1_AABB
sobol_026,L05,L06,EXPECTED_INTERFACE_CONTACT,EXPECTED_INTERFACE_CONTACT,0,0,1,L3_SELECTIVE_EXACT
sobol_026,L05,L07,EXPECTED_INTERFACE_CONTACT,EXPECTED_INTERFACE_CONTACT,0,0,1,L0_FIXED_SAFE
sobol_026,L05,L08,EXPECTED_INTERFACE_CONTACT,EXPECTED_INTERFACE_CONTACT,0,0,1,L3_SELECTIVE_EXACT
sobol_026,L05,L09,AABB_CLEAR,AABB_CLEAR,0,0,1,L1_AABB
sobol_026,L05,L10,AABB_CLEAR,AABB_CLEAR,0,0,1,L1_AABB
sobol_026,L06,L07,EXPECTED_INTERFACE_CONTACT,EXPECTED_INTERFACE_CONTACT,0,0,1,L3_SELECTIVE_EXACT
sobol_026,L06,L08,EXPECTED_INTERFACE_CONTACT,EXPECTED_INTERFACE_CONTACT,0,0,1,L3_SELECTIVE_EXACT
sobol_026,L06,L09,AABB_CLEAR,AABB_CLEAR,0,0,1,L1_AABB
sobol_026,L06,L10,AABB_CLEAR,AABB_CLEAR,0,0,1,L1_AABB
sobol_026,L07,L08,EXPECTED_INTERFACE_CONTACT,EXPECTED_INTERFACE_CONTACT,0,0,1,L0_FIXED_SAFE
sobol_026,L07,L09,AABB_CLEAR,AABB_CLEAR,0,0,1,L1_AABB
sobol_026,L07,L10,AABB_CLEAR,AABB_CLEAR,0,0,1,L1_AABB
sobol_026,L08,L09,EXPECTED_INTERFACE_CONTACT,EXPECTED_INTERFACE_CONTACT,0,0,1,L3_SELECTIVE_EXACT
sobol_026,L08,L10,EXPECTED_INTERFACE_CONTACT,EXPECTED_INTERFACE_CONTACT,0,0,1,L3_SELECTIVE_EXACT
sobol_026,L09,L10,AABB_CLEAR,AABB_CLEAR,0,0,1,L1_AABB
sobol_027,L00,L01,EXPECTED_INTERFACE_CONTACT,EXPECTED_INTERFACE_CONTACT,0,0,1,L3_SELECTIVE_EXACT
sobol_027,L00,L02,AABB_CLEAR,MESH_CLEAR,0,0,1,L2_MESH_BVH
sobol_027,L00,L03,AABB_CLEAR,AABB_CLEAR,0,0,1,L1_AABB
sobol_027,L00,L04,AABB_CLEAR,AABB_CLEAR,0,0,1,L1_AABB
sobol_027,L00,L05,AABB_CLEAR,AABB_CLEAR,0,0,1,L1_AABB
sobol_027,L00,L06,AABB_CLEAR,AABB_CLEAR,0,0,1,L1_AABB
sobol_027,L00,L07,AABB_CLEAR,AABB_CLEAR,0,0,1,L1_AABB
sobol_027,L00,L08,AABB_CLEAR,AABB_CLEAR,0,0,1,L1_AABB
sobol_027,L00,L09,AABB_CLEAR,AABB_CLEAR,0,0,1,L1_AABB
sobol_027,L00,L10,AABB_CLEAR,AABB_CLEAR,0,0,1,L1_AABB
sobol_027,L01,L02,EXPECTED_INTERFACE_CONTACT,EXPECTED_INTERFACE_CONTACT,0,0,1,L3_SELECTIVE_EXACT
sobol_027,L01,L03,AABB_CLEAR,AABB_CLEAR,0,0,1,L1_AABB
sobol_027,L01,L04,AABB_CLEAR,AABB_CLEAR,0,0,1,L1_AABB
sobol_027,L01,L05,AABB_CLEAR,AABB_CLEAR,0,0,1,L1_AABB
sobol_027,L01,L06,AABB_CLEAR,AABB_CLEAR,0,0,1,L1_AABB
sobol_027,L01,L07,AABB_CLEAR,AABB_CLEAR,0,0,1,L1_AABB
sobol_027,L01,L08,AABB_CLEAR,AABB_CLEAR,0,0,1,L1_AABB
sobol_027,L01,L09,AABB_CLEAR,AABB_CLEAR,0,0,1,L1_AABB
sobol_027,L01,L10,AABB_CLEAR,AABB_CLEAR,0,0,1,L1_AABB
sobol_027,L02,L03,EXPECTED_INTERFACE_CONTACT,EXPECTED_INTERFACE_CONTACT,0,0,1,L3_SELECTIVE_EXACT
sobol_027,L02,L04,AABB_CLEAR,MESH_CLEAR,0,0,1,L2_MESH_BVH
sobol_027,L02,L05,AABB_CLEAR,AABB_CLEAR,0,0,1,L1_AABB
sobol_027,L02,L06,AABB_CLEAR,AABB_CLEAR,0,0,1,L1_AABB
sobol_027,L02,L07,AABB_CLEAR,AABB_CLEAR,0,0,1,L1_AABB
sobol_027,L02,L08,AABB_CLEAR,AABB_CLEAR,0,0,1,L1_AABB
sobol_027,L02,L09,AABB_CLEAR,AABB_CLEAR,0,0,1,L1_AABB
sobol_027,L02,L10,AABB_CLEAR,AABB_CLEAR,0,0,1,L1_AABB
sobol_027,L03,L04,EXPECTED_INTERFACE_CONTACT,EXPECTED_INTERFACE_CONTACT,0,0,1,L3_SELECTIVE_EXACT
sobol_027,L03,L05,AABB_CLEAR,MESH_CLEAR,0,0,1,L2_MESH_BVH
sobol_027,L03,L06,AABB_CLEAR,AABB_CLEAR,0,0,1,L1_AABB
sobol_027,L03,L07,AABB_CLEAR,AABB_CLEAR,0,0,1,L1_AABB
sobol_027,L03,L08,AABB_CLEAR,AABB_CLEAR,0,0,1,L1_AABB
sobol_027,L03,L09,AABB_CLEAR,AABB_CLEAR,0,0,1,L1_AABB
sobol_027,L03,L10,AABB_CLEAR,AABB_CLEAR,0,0,1,L1_AABB
sobol_027,L04,L05,EXPECTED_INTERFACE_CONTACT,EXPECTED_INTERFACE_CONTACT,0,0,1,L0_FIXED_SAFE
sobol_027,L04,L06,EXPECTED_INTERFACE_CONTACT,EXPECTED_INTERFACE_CONTACT,0,0,1,L3_SELECTIVE_EXACT
sobol_027,L04,L07,EXPECTED_INTERFACE_CONTACT,EXPECTED_INTERFACE_CONTACT,0,0,1,L3_SELECTIVE_EXACT
sobol_027,L04,L08,EXPECTED_INTERFACE_CONTACT,MESH_CLEAR,0,0,1,L2_MESH_BVH
sobol_027,L04,L09,AABB_CLEAR,AABB_CLEAR,0,0,1,L1_AABB
sobol_027,L04,L10,AABB_CLEAR,AABB_CLEAR,0,0,1,L1_AABB
sobol_027,L05,L06,EXPECTED_INTERFACE_CONTACT,EXPECTED_INTERFACE_CONTACT,0,0,1,L3_SELECTIVE_EXACT
sobol_027,L05,L07,EXPECTED_INTERFACE_CONTACT,EXPECTED_INTERFACE_CONTACT,0,0,1,L0_FIXED_SAFE
sobol_027,L05,L08,EXPECTED_INTERFACE_CONTACT,EXPECTED_INTERFACE_CONTACT,0,0,1,L3_SELECTIVE_EXACT
sobol_027,L05,L09,EXPECTED_INTERFACE_CONTACT,EXPECTED_INTERFACE_CONTACT,0,0,1,L3_SELECTIVE_EXACT
sobol_027,L05,L10,EXPECTED_INTERFACE_CONTACT,EXPECTED_INTERFACE_CONTACT,0,0,1,L3_SELECTIVE_EXACT
sobol_027,L06,L07,EXPECTED_INTERFACE_CONTACT,EXPECTED_INTERFACE_CONTACT,0,0,1,L3_SELECTIVE_EXACT
sobol_027,L06,L08,EXPECTED_INTERFACE_CONTACT,EXPECTED_INTERFACE_CONTACT,0,0,1,L3_SELECTIVE_EXACT
sobol_027,L06,L09,AABB_FALSE_POSITIVE,AABB_FALSE_POSITIVE,0,0,1,L3_SELECTIVE_EXACT
sobol_027,L06,L10,AABB_FALSE_POSITIVE,AABB_FALSE_POSITIVE,0,0,1,L3_SELECTIVE_EXACT
sobol_027,L07,L08,EXPECTED_INTERFACE_CONTACT,EXPECTED_INTERFACE_CONTACT,0,0,1,L0_FIXED_SAFE
sobol_027,L07,L09,EXPECTED_INTERFACE_CONTACT,EXPECTED_INTERFACE_CONTACT,0,0,1,L3_SELECTIVE_EXACT
sobol_027,L07,L10,EXPECTED_INTERFACE_CONTACT,EXPECTED_INTERFACE_CONTACT,0,0,1,L3_SELECTIVE_EXACT
sobol_027,L08,L09,EXPECTED_INTERFACE_CONTACT,EXPECTED_INTERFACE_CONTACT,0,0,1,L3_SELECTIVE_EXACT
sobol_027,L08,L10,EXPECTED_INTERFACE_CONTACT,EXPECTED_INTERFACE_CONTACT,0,0,1,L3_SELECTIVE_EXACT
sobol_027,L09,L10,AABB_FALSE_POSITIVE,AABB_FALSE_POSITIVE,0,0,1,L3_SELECTIVE_EXACT
sobol_028,L00,L01,EXPECTED_INTERFACE_CONTACT,EXPECTED_INTERFACE_CONTACT,0,0,1,L3_SELECTIVE_EXACT
sobol_028,L00,L02,AABB_CLEAR,AABB_CLEAR,0,0,1,L1_AABB
sobol_028,L00,L03,AABB_CLEAR,AABB_CLEAR,0,0,1,L1_AABB
sobol_028,L00,L04,AABB_CLEAR,AABB_CLEAR,0,0,1,L1_AABB
sobol_028,L00,L05,AABB_CLEAR,AABB_CLEAR,0,0,1,L1_AABB
sobol_028,L00,L06,AABB_CLEAR,AABB_CLEAR,0,0,1,L1_AABB
sobol_028,L00,L07,AABB_CLEAR,AABB_CLEAR,0,0,1,L1_AABB
sobol_028,L00,L08,AABB_CLEAR,AABB_CLEAR,0,0,1,L1_AABB
sobol_028,L00,L09,AABB_CLEAR,AABB_CLEAR,0,0,1,L1_AABB
sobol_028,L00,L10,AABB_CLEAR,AABB_CLEAR,0,0,1,L1_AABB
sobol_028,L01,L02,EXPECTED_INTERFACE_CONTACT,EXPECTED_INTERFACE_CONTACT,0,0,1,L3_SELECTIVE_EXACT
sobol_028,L01,L03,AABB_CLEAR,AABB_CLEAR,0,0,1,L1_AABB
sobol_028,L01,L04,AABB_CLEAR,AABB_CLEAR,0,0,1,L1_AABB
sobol_028,L01,L05,AABB_CLEAR,AABB_CLEAR,0,0,1,L1_AABB
sobol_028,L01,L06,AABB_CLEAR,AABB_CLEAR,0,0,1,L1_AABB
sobol_028,L01,L07,AABB_CLEAR,AABB_CLEAR,0,0,1,L1_AABB
sobol_028,L01,L08,AABB_CLEAR,AABB_CLEAR,0,0,1,L1_AABB
sobol_028,L01,L09,AABB_CLEAR,AABB_CLEAR,0,0,1,L1_AABB
sobol_028,L01,L10,AABB_CLEAR,AABB_CLEAR,0,0,1,L1_AABB
sobol_028,L02,L03,EXPECTED_INTERFACE_CONTACT,EXPECTED_INTERFACE_CONTACT,0,0,1,L3_SELECTIVE_EXACT
sobol_028,L02,L04,AABB_FALSE_POSITIVE,MESH_CLEAR,0,0,1,L2_MESH_BVH
sobol_028,L02,L05,AABB_CLEAR,AABB_CLEAR,0,0,1,L1_AABB
sobol_028,L02,L06,AABB_CLEAR,AABB_CLEAR,0,0,1,L1_AABB
sobol_028,L02,L07,AABB_CLEAR,AABB_CLEAR,0,0,1,L1_AABB
sobol_028,L02,L08,AABB_CLEAR,AABB_CLEAR,0,0,1,L1_AABB
sobol_028,L02,L09,AABB_CLEAR,AABB_CLEAR,0,0,1,L1_AABB
sobol_028,L02,L10,AABB_CLEAR,AABB_CLEAR,0,0,1,L1_AABB
sobol_028,L03,L04,EXPECTED_INTERFACE_CONTACT,EXPECTED_INTERFACE_CONTACT,0,0,1,L3_SELECTIVE_EXACT
sobol_028,L03,L05,AABB_CLEAR,AABB_CLEAR,0,0,1,L1_AABB
sobol_028,L03,L06,AABB_CLEAR,AABB_CLEAR,0,0,1,L1_AABB
sobol_028,L03,L07,AABB_CLEAR,AABB_CLEAR,0,0,1,L1_AABB
sobol_028,L03,L08,AABB_CLEAR,AABB_CLEAR,0,0,1,L1_AABB
sobol_028,L03,L09,AABB_CLEAR,AABB_CLEAR,0,0,1,L1_AABB
sobol_028,L03,L10,AABB_CLEAR,AABB_CLEAR,0,0,1,L1_AABB
sobol_028,L04,L05,EXPECTED_INTERFACE_CONTACT,EXPECTED_INTERFACE_CONTACT,0,0,1,L0_FIXED_SAFE
sobol_028,L04,L06,EXPECTED_INTERFACE_CONTACT,EXPECTED_INTERFACE_CONTACT,0,0,1,L3_SELECTIVE_EXACT
sobol_028,L04,L07,EXPECTED_INTERFACE_CONTACT,EXPECTED_INTERFACE_CONTACT,0,0,1,L3_SELECTIVE_EXACT
sobol_028,L04,L08,AABB_CLEAR,AABB_CLEAR,0,0,1,L1_AABB
sobol_028,L04,L09,AABB_CLEAR,AABB_CLEAR,0,0,1,L1_AABB
sobol_028,L04,L10,AABB_CLEAR,AABB_CLEAR,0,0,1,L1_AABB
sobol_028,L05,L06,EXPECTED_INTERFACE_CONTACT,EXPECTED_INTERFACE_CONTACT,0,0,1,L3_SELECTIVE_EXACT
sobol_028,L05,L07,EXPECTED_INTERFACE_CONTACT,EXPECTED_INTERFACE_CONTACT,0,0,1,L0_FIXED_SAFE
sobol_028,L05,L08,EXPECTED_INTERFACE_CONTACT,EXPECTED_INTERFACE_CONTACT,0,0,1,L3_SELECTIVE_EXACT
sobol_028,L05,L09,EXPECTED_INTERFACE_CONTACT,EXPECTED_INTERFACE_CONTACT,0,0,1,L3_SELECTIVE_EXACT
sobol_028,L05,L10,EXPECTED_INTERFACE_CONTACT,EXPECTED_INTERFACE_CONTACT,0,0,1,L3_SELECTIVE_EXACT
sobol_028,L06,L07,EXPECTED_INTERFACE_CONTACT,EXPECTED_INTERFACE_CONTACT,0,0,1,L3_SELECTIVE_EXACT
sobol_028,L06,L08,EXPECTED_INTERFACE_CONTACT,EXPECTED_INTERFACE_CONTACT,0,0,1,L3_SELECTIVE_EXACT
sobol_028,L06,L09,AABB_FALSE_POSITIVE,MESH_CLEAR,0,0,1,L2_MESH_BVH
sobol_028,L06,L10,AABB_CLEAR,MESH_CLEAR,0,0,1,L2_MESH_BVH
sobol_028,L07,L08,EXPECTED_INTERFACE_CONTACT,EXPECTED_INTERFACE_CONTACT,0,0,1,L0_FIXED_SAFE
sobol_028,L07,L09,EXPECTED_INTERFACE_CONTACT,MESH_CLEAR,0,0,1,L2_MESH_BVH
sobol_028,L07,L10,AABB_CLEAR,AABB_CLEAR,0,0,1,L1_AABB
sobol_028,L08,L09,EXPECTED_INTERFACE_CONTACT,EXPECTED_INTERFACE_CONTACT,0,0,1,L3_SELECTIVE_EXACT
sobol_028,L08,L10,EXPECTED_INTERFACE_CONTACT,EXPECTED_INTERFACE_CONTACT,0,0,1,L3_SELECTIVE_EXACT
sobol_028,L09,L10,AABB_CLEAR,AABB_CLEAR,0,0,1,L1_AABB
sobol_029,L00,L01,EXPECTED_INTERFACE_CONTACT,EXPECTED_INTERFACE_CONTACT,0,0,1,L3_SELECTIVE_EXACT
sobol_029,L00,L02,AABB_CLEAR,AABB_CLEAR,0,0,1,L1_AABB
sobol_029,L00,L03,AABB_CLEAR,AABB_CLEAR,0,0,1,L1_AABB
sobol_029,L00,L04,AABB_CLEAR,AABB_CLEAR,0,0,1,L1_AABB
sobol_029,L00,L05,AABB_CLEAR,AABB_CLEAR,0,0,1,L1_AABB
sobol_029,L00,L06,AABB_CLEAR,AABB_CLEAR,0,0,1,L1_AABB
sobol_029,L00,L07,AABB_CLEAR,AABB_CLEAR,0,0,1,L1_AABB
sobol_029,L00,L08,AABB_CLEAR,AABB_CLEAR,0,0,1,L1_AABB
sobol_029,L00,L09,AABB_CLEAR,AABB_CLEAR,0,0,1,L1_AABB
sobol_029,L00,L10,AABB_CLEAR,AABB_CLEAR,0,0,1,L1_AABB
sobol_029,L01,L02,EXPECTED_INTERFACE_CONTACT,EXPECTED_INTERFACE_CONTACT,0,0,1,L3_SELECTIVE_EXACT
sobol_029,L01,L03,AABB_CLEAR,AABB_CLEAR,0,0,1,L1_AABB
sobol_029,L01,L04,AABB_CLEAR,AABB_CLEAR,0,0,1,L1_AABB
sobol_029,L01,L05,AABB_CLEAR,AABB_CLEAR,0,0,1,L1_AABB
sobol_029,L01,L06,AABB_CLEAR,AABB_CLEAR,0,0,1,L1_AABB
sobol_029,L01,L07,AABB_CLEAR,AABB_CLEAR,0,0,1,L1_AABB
sobol_029,L01,L08,AABB_CLEAR,AABB_CLEAR,0,0,1,L1_AABB
sobol_029,L01,L09,AABB_CLEAR,AABB_CLEAR,0,0,1,L1_AABB
sobol_029,L01,L10,AABB_CLEAR,AABB_CLEAR,0,0,1,L1_AABB
sobol_029,L02,L03,EXPECTED_INTERFACE_CONTACT,EXPECTED_INTERFACE_CONTACT,0,0,1,L3_SELECTIVE_EXACT
sobol_029,L02,L04,AABB_CLEAR,AABB_CLEAR,0,0,1,L1_AABB
sobol_029,L02,L05,AABB_CLEAR,AABB_CLEAR,0,0,1,L1_AABB
sobol_029,L02,L06,AABB_CLEAR,AABB_CLEAR,0,0,1,L1_AABB
sobol_029,L02,L07,AABB_CLEAR,AABB_CLEAR,0,0,1,L1_AABB
sobol_029,L02,L08,AABB_CLEAR,AABB_CLEAR,0,0,1,L1_AABB
sobol_029,L02,L09,AABB_CLEAR,AABB_CLEAR,0,0,1,L1_AABB
sobol_029,L02,L10,AABB_CLEAR,AABB_CLEAR,0,0,1,L1_AABB
sobol_029,L03,L04,EXPECTED_INTERFACE_CONTACT,EXPECTED_INTERFACE_CONTACT,0,0,1,L3_SELECTIVE_EXACT
sobol_029,L03,L05,AABB_CLEAR,AABB_CLEAR,0,0,1,L1_AABB
sobol_029,L03,L06,AABB_CLEAR,AABB_CLEAR,0,0,1,L1_AABB
sobol_029,L03,L07,AABB_CLEAR,AABB_CLEAR,0,0,1,L1_AABB
sobol_029,L03,L08,AABB_CLEAR,AABB_CLEAR,0,0,1,L1_AABB
sobol_029,L03,L09,AABB_CLEAR,AABB_CLEAR,0,0,1,L1_AABB
sobol_029,L03,L10,AABB_CLEAR,AABB_CLEAR,0,0,1,L1_AABB
sobol_029,L04,L05,EXPECTED_INTERFACE_CONTACT,EXPECTED_INTERFACE_CONTACT,0,0,1,L0_FIXED_SAFE
sobol_029,L04,L06,EXPECTED_INTERFACE_CONTACT,EXPECTED_INTERFACE_CONTACT,0,0,1,L3_SELECTIVE_EXACT
sobol_029,L04,L07,EXPECTED_INTERFACE_CONTACT,EXPECTED_INTERFACE_CONTACT,0,0,1,L3_SELECTIVE_EXACT
sobol_029,L04,L08,EXPECTED_INTERFACE_CONTACT,MESH_CLEAR,0,0,1,L2_MESH_BVH
sobol_029,L04,L09,AABB_CLEAR,AABB_CLEAR,0,0,1,L1_AABB
sobol_029,L04,L10,AABB_CLEAR,AABB_CLEAR,0,0,1,L1_AABB
sobol_029,L05,L06,EXPECTED_INTERFACE_CONTACT,EXPECTED_INTERFACE_CONTACT,0,0,1,L3_SELECTIVE_EXACT
sobol_029,L05,L07,EXPECTED_INTERFACE_CONTACT,EXPECTED_INTERFACE_CONTACT,0,0,1,L0_FIXED_SAFE
sobol_029,L05,L08,EXPECTED_INTERFACE_CONTACT,EXPECTED_INTERFACE_CONTACT,0,0,1,L3_SELECTIVE_EXACT
sobol_029,L05,L09,AABB_CLEAR,AABB_CLEAR,0,0,1,L1_AABB
sobol_029,L05,L10,AABB_CLEAR,AABB_CLEAR,0,0,1,L1_AABB
sobol_029,L06,L07,EXPECTED_INTERFACE_CONTACT,EXPECTED_INTERFACE_CONTACT,0,0,1,L3_SELECTIVE_EXACT
sobol_029,L06,L08,EXPECTED_INTERFACE_CONTACT,EXPECTED_INTERFACE_CONTACT,0,0,1,L3_SELECTIVE_EXACT
sobol_029,L06,L09,AABB_FALSE_POSITIVE,MESH_CLEAR,0,0,1,L2_MESH_BVH
sobol_029,L06,L10,AABB_CLEAR,AABB_CLEAR,0,0,1,L1_AABB
sobol_029,L07,L08,EXPECTED_INTERFACE_CONTACT,EXPECTED_INTERFACE_CONTACT,0,0,1,L0_FIXED_SAFE
sobol_029,L07,L09,AABB_CLEAR,AABB_CLEAR,0,0,1,L1_AABB
sobol_029,L07,L10,AABB_CLEAR,AABB_CLEAR,0,0,1,L1_AABB
sobol_029,L08,L09,EXPECTED_INTERFACE_CONTACT,EXPECTED_INTERFACE_CONTACT,0,0,1,L3_SELECTIVE_EXACT
sobol_029,L08,L10,EXPECTED_INTERFACE_CONTACT,EXPECTED_INTERFACE_CONTACT,0,0,1,L3_SELECTIVE_EXACT
sobol_029,L09,L10,AABB_CLEAR,AABB_CLEAR,0,0,1,L1_AABB
sobol_030,L00,L01,EXPECTED_INTERFACE_CONTACT,EXPECTED_INTERFACE_CONTACT,0,0,1,L3_SELECTIVE_EXACT
sobol_030,L00,L02,AABB_CLEAR,AABB_CLEAR,0,0,1,L1_AABB
sobol_030,L00,L03,AABB_CLEAR,AABB_CLEAR,0,0,1,L1_AABB
sobol_030,L00,L04,AABB_CLEAR,AABB_CLEAR,0,0,1,L1_AABB
sobol_030,L00,L05,AABB_CLEAR,AABB_CLEAR,0,0,1,L1_AABB
sobol_030,L00,L06,AABB_CLEAR,AABB_CLEAR,0,0,1,L1_AABB
sobol_030,L00,L07,AABB_CLEAR,AABB_CLEAR,0,0,1,L1_AABB
sobol_030,L00,L08,AABB_CLEAR,AABB_CLEAR,0,0,1,L1_AABB
sobol_030,L00,L09,AABB_CLEAR,AABB_CLEAR,0,0,1,L1_AABB
sobol_030,L00,L10,AABB_CLEAR,AABB_CLEAR,0,0,1,L1_AABB
sobol_030,L01,L02,EXPECTED_INTERFACE_CONTACT,EXPECTED_INTERFACE_CONTACT,0,0,1,L3_SELECTIVE_EXACT
sobol_030,L01,L03,AABB_CLEAR,AABB_CLEAR,0,0,1,L1_AABB
sobol_030,L01,L04,AABB_CLEAR,AABB_CLEAR,0,0,1,L1_AABB
sobol_030,L01,L05,AABB_CLEAR,AABB_CLEAR,0,0,1,L1_AABB
sobol_030,L01,L06,AABB_CLEAR,AABB_CLEAR,0,0,1,L1_AABB
sobol_030,L01,L07,AABB_CLEAR,AABB_CLEAR,0,0,1,L1_AABB
sobol_030,L01,L08,AABB_CLEAR,AABB_CLEAR,0,0,1,L1_AABB
sobol_030,L01,L09,AABB_CLEAR,AABB_CLEAR,0,0,1,L1_AABB
sobol_030,L01,L10,AABB_CLEAR,AABB_CLEAR,0,0,1,L1_AABB
sobol_030,L02,L03,EXPECTED_INTERFACE_CONTACT,EXPECTED_INTERFACE_CONTACT,0,0,1,L3_SELECTIVE_EXACT
sobol_030,L02,L04,AABB_CLEAR,AABB_CLEAR,0,0,1,L1_AABB
sobol_030,L02,L05,AABB_CLEAR,AABB_CLEAR,0,0,1,L1_AABB
sobol_030,L02,L06,AABB_CLEAR,AABB_CLEAR,0,0,1,L1_AABB
sobol_030,L02,L07,AABB_CLEAR,AABB_CLEAR,0,0,1,L1_AABB
sobol_030,L02,L08,AABB_CLEAR,AABB_CLEAR,0,0,1,L1_AABB
sobol_030,L02,L09,AABB_CLEAR,AABB_CLEAR,0,0,1,L1_AABB
sobol_030,L02,L10,AABB_CLEAR,AABB_CLEAR,0,0,1,L1_AABB
sobol_030,L03,L04,EXPECTED_INTERFACE_CONTACT,EXPECTED_INTERFACE_CONTACT,0,0,1,L3_SELECTIVE_EXACT
sobol_030,L03,L05,AABB_CLEAR,AABB_CLEAR,0,0,1,L1_AABB
sobol_030,L03,L06,AABB_CLEAR,AABB_CLEAR,0,0,1,L1_AABB
sobol_030,L03,L07,AABB_CLEAR,AABB_CLEAR,0,0,1,L1_AABB
sobol_030,L03,L08,AABB_CLEAR,AABB_CLEAR,0,0,1,L1_AABB
sobol_030,L03,L09,AABB_CLEAR,AABB_CLEAR,0,0,1,L1_AABB
sobol_030,L03,L10,AABB_CLEAR,AABB_CLEAR,0,0,1,L1_AABB
sobol_030,L04,L05,EXPECTED_INTERFACE_CONTACT,EXPECTED_INTERFACE_CONTACT,0,0,1,L0_FIXED_SAFE
sobol_030,L04,L06,EXPECTED_INTERFACE_CONTACT,EXPECTED_INTERFACE_CONTACT,0,0,1,L3_SELECTIVE_EXACT
sobol_030,L04,L07,EXPECTED_INTERFACE_CONTACT,EXPECTED_INTERFACE_CONTACT,0,0,1,L3_SELECTIVE_EXACT
sobol_030,L04,L08,AABB_CLEAR,AABB_CLEAR,0,0,1,L1_AABB
sobol_030,L04,L09,AABB_CLEAR,AABB_CLEAR,0,0,1,L1_AABB
sobol_030,L04,L10,AABB_CLEAR,AABB_CLEAR,0,0,1,L1_AABB
sobol_030,L05,L06,EXPECTED_INTERFACE_CONTACT,EXPECTED_INTERFACE_CONTACT,0,0,1,L3_SELECTIVE_EXACT
sobol_030,L05,L07,EXPECTED_INTERFACE_CONTACT,EXPECTED_INTERFACE_CONTACT,0,0,1,L0_FIXED_SAFE
sobol_030,L05,L08,EXPECTED_INTERFACE_CONTACT,EXPECTED_INTERFACE_CONTACT,0,0,1,L3_SELECTIVE_EXACT
sobol_030,L05,L09,AABB_CLEAR,MESH_CLEAR,0,0,1,L2_MESH_BVH
sobol_030,L05,L10,EXPECTED_INTERFACE_CONTACT,EXPECTED_INTERFACE_CONTACT,0,0,1,L3_SELECTIVE_EXACT
sobol_030,L06,L07,EXPECTED_INTERFACE_CONTACT,EXPECTED_INTERFACE_CONTACT,0,0,1,L3_SELECTIVE_EXACT
sobol_030,L06,L08,EXPECTED_INTERFACE_CONTACT,EXPECTED_INTERFACE_CONTACT,0,0,1,L3_SELECTIVE_EXACT
sobol_030,L06,L09,AABB_CLEAR,MESH_CLEAR,0,0,1,L2_MESH_BVH
sobol_030,L06,L10,AABB_FALSE_POSITIVE,MESH_CLEAR,0,0,1,L2_MESH_BVH
sobol_030,L07,L08,EXPECTED_INTERFACE_CONTACT,EXPECTED_INTERFACE_CONTACT,0,0,1,L0_FIXED_SAFE
sobol_030,L07,L09,AABB_CLEAR,AABB_CLEAR,0,0,1,L1_AABB
sobol_030,L07,L10,EXPECTED_INTERFACE_CONTACT,MESH_CLEAR,0,0,1,L2_MESH_BVH
sobol_030,L08,L09,EXPECTED_INTERFACE_CONTACT,EXPECTED_INTERFACE_CONTACT,0,0,1,L3_SELECTIVE_EXACT
sobol_030,L08,L10,EXPECTED_INTERFACE_CONTACT,EXPECTED_INTERFACE_CONTACT,0,0,1,L3_SELECTIVE_EXACT
sobol_030,L09,L10,AABB_CLEAR,AABB_CLEAR,0,0,1,L1_AABB
sobol_031,L00,L01,EXPECTED_INTERFACE_CONTACT,EXPECTED_INTERFACE_CONTACT,0,0,1,L3_SELECTIVE_EXACT
sobol_031,L00,L02,AABB_CLEAR,MESH_CLEAR,0,0,1,L2_MESH_BVH
sobol_031,L00,L03,AABB_CLEAR,AABB_CLEAR,0,0,1,L1_AABB
sobol_031,L00,L04,AABB_CLEAR,AABB_CLEAR,0,0,1,L1_AABB
sobol_031,L00,L05,AABB_CLEAR,AABB_CLEAR,0,0,1,L1_AABB
sobol_031,L00,L06,AABB_CLEAR,AABB_CLEAR,0,0,1,L1_AABB
sobol_031,L00,L07,AABB_CLEAR,AABB_CLEAR,0,0,1,L1_AABB
sobol_031,L00,L08,AABB_CLEAR,AABB_CLEAR,0,0,1,L1_AABB
sobol_031,L00,L09,AABB_CLEAR,AABB_CLEAR,0,0,1,L1_AABB
sobol_031,L00,L10,AABB_CLEAR,AABB_CLEAR,0,0,1,L1_AABB
sobol_031,L01,L02,EXPECTED_INTERFACE_CONTACT,EXPECTED_INTERFACE_CONTACT,0,0,1,L3_SELECTIVE_EXACT
sobol_031,L01,L03,AABB_CLEAR,AABB_CLEAR,0,0,1,L1_AABB
sobol_031,L01,L04,AABB_CLEAR,AABB_CLEAR,0,0,1,L1_AABB
sobol_031,L01,L05,AABB_CLEAR,AABB_CLEAR,0,0,1,L1_AABB
sobol_031,L01,L06,AABB_CLEAR,AABB_CLEAR,0,0,1,L1_AABB
sobol_031,L01,L07,AABB_CLEAR,AABB_CLEAR,0,0,1,L1_AABB
sobol_031,L01,L08,AABB_CLEAR,AABB_CLEAR,0,0,1,L1_AABB
sobol_031,L01,L09,AABB_CLEAR,AABB_CLEAR,0,0,1,L1_AABB
sobol_031,L01,L10,AABB_CLEAR,AABB_CLEAR,0,0,1,L1_AABB
sobol_031,L02,L03,EXPECTED_INTERFACE_CONTACT,EXPECTED_INTERFACE_CONTACT,0,0,1,L3_SELECTIVE_EXACT
sobol_031,L02,L04,AABB_CLEAR,AABB_CLEAR,0,0,1,L1_AABB
sobol_031,L02,L05,AABB_CLEAR,AABB_CLEAR,0,0,1,L1_AABB
sobol_031,L02,L06,AABB_CLEAR,AABB_CLEAR,0,0,1,L1_AABB
sobol_031,L02,L07,AABB_CLEAR,AABB_CLEAR,0,0,1,L1_AABB
sobol_031,L02,L08,AABB_CLEAR,AABB_CLEAR,0,0,1,L1_AABB
sobol_031,L02,L09,AABB_CLEAR,AABB_CLEAR,0,0,1,L1_AABB
sobol_031,L02,L10,AABB_CLEAR,AABB_CLEAR,0,0,1,L1_AABB
sobol_031,L03,L04,EXPECTED_INTERFACE_CONTACT,EXPECTED_INTERFACE_CONTACT,0,0,1,L3_SELECTIVE_EXACT
sobol_031,L03,L05,AABB_CLEAR,MESH_CLEAR,0,0,1,L2_MESH_BVH
sobol_031,L03,L06,AABB_CLEAR,MESH_CLEAR,0,0,1,L2_MESH_BVH
sobol_031,L03,L07,AABB_CLEAR,AABB_CLEAR,0,0,1,L1_AABB
sobol_031,L03,L08,AABB_CLEAR,AABB_CLEAR,0,0,1,L1_AABB
sobol_031,L03,L09,AABB_CLEAR,AABB_CLEAR,0,0,1,L1_AABB
sobol_031,L03,L10,AABB_CLEAR,AABB_CLEAR,0,0,1,L1_AABB
sobol_031,L04,L05,EXPECTED_INTERFACE_CONTACT,EXPECTED_INTERFACE_CONTACT,0,0,1,L0_FIXED_SAFE
sobol_031,L04,L06,EXPECTED_INTERFACE_CONTACT,EXPECTED_INTERFACE_CONTACT,0,0,1,L3_SELECTIVE_EXACT
sobol_031,L04,L07,EXPECTED_INTERFACE_CONTACT,EXPECTED_INTERFACE_CONTACT,0,0,1,L3_SELECTIVE_EXACT
sobol_031,L04,L08,AABB_CLEAR,AABB_CLEAR,0,0,1,L1_AABB
sobol_031,L04,L09,AABB_CLEAR,AABB_CLEAR,0,0,1,L1_AABB
sobol_031,L04,L10,AABB_CLEAR,AABB_CLEAR,0,0,1,L1_AABB
sobol_031,L05,L06,EXPECTED_INTERFACE_CONTACT,EXPECTED_INTERFACE_CONTACT,0,0,1,L3_SELECTIVE_EXACT
sobol_031,L05,L07,EXPECTED_INTERFACE_CONTACT,EXPECTED_INTERFACE_CONTACT,0,0,1,L0_FIXED_SAFE
sobol_031,L05,L08,EXPECTED_INTERFACE_CONTACT,EXPECTED_INTERFACE_CONTACT,0,0,1,L3_SELECTIVE_EXACT
sobol_031,L05,L09,EXPECTED_INTERFACE_CONTACT,EXPECTED_INTERFACE_CONTACT,0,0,1,L3_SELECTIVE_EXACT
sobol_031,L05,L10,AABB_CLEAR,AABB_CLEAR,0,0,1,L3_SELECTIVE_EXACT
sobol_031,L06,L07,EXPECTED_INTERFACE_CONTACT,EXPECTED_INTERFACE_CONTACT,0,0,1,L3_SELECTIVE_EXACT
sobol_031,L06,L08,EXPECTED_INTERFACE_CONTACT,EXPECTED_INTERFACE_CONTACT,0,0,1,L3_SELECTIVE_EXACT
sobol_031,L06,L09,AABB_FALSE_POSITIVE,AABB_FALSE_POSITIVE,0,0,1,L3_SELECTIVE_EXACT
sobol_031,L06,L10,AABB_CLEAR,MESH_CLEAR,0,0,1,L2_MESH_BVH
sobol_031,L07,L08,EXPECTED_INTERFACE_CONTACT,EXPECTED_INTERFACE_CONTACT,0,0,1,L0_FIXED_SAFE
sobol_031,L07,L09,EXPECTED_INTERFACE_CONTACT,MESH_CLEAR,0,0,1,L2_MESH_BVH
sobol_031,L07,L10,AABB_CLEAR,AABB_CLEAR,0,0,1,L1_AABB
sobol_031,L08,L09,EXPECTED_INTERFACE_CONTACT,EXPECTED_INTERFACE_CONTACT,0,0,1,L3_SELECTIVE_EXACT
sobol_031,L08,L10,EXPECTED_INTERFACE_CONTACT,EXPECTED_INTERFACE_CONTACT,0,0,1,L3_SELECTIVE_EXACT
sobol_031,L09,L10,AABB_CLEAR,AABB_CLEAR,0,0,1,L1_AABB
sobol_032,L00,L01,EXPECTED_INTERFACE_CONTACT,EXPECTED_INTERFACE_CONTACT,0,0,1,L3_SELECTIVE_EXACT
sobol_032,L00,L02,AABB_CLEAR,AABB_CLEAR,0,0,1,L1_AABB
sobol_032,L00,L03,AABB_CLEAR,AABB_CLEAR,0,0,1,L1_AABB
sobol_032,L00,L04,AABB_CLEAR,AABB_CLEAR,0,0,1,L1_AABB
sobol_032,L00,L05,AABB_CLEAR,AABB_CLEAR,0,0,1,L1_AABB
sobol_032,L00,L06,AABB_CLEAR,AABB_CLEAR,0,0,1,L1_AABB
sobol_032,L00,L07,AABB_CLEAR,AABB_CLEAR,0,0,1,L1_AABB
sobol_032,L00,L08,AABB_CLEAR,AABB_CLEAR,0,0,1,L1_AABB
sobol_032,L00,L09,AABB_CLEAR,AABB_CLEAR,0,0,1,L1_AABB
sobol_032,L00,L10,AABB_CLEAR,AABB_CLEAR,0,0,1,L1_AABB
sobol_032,L01,L02,EXPECTED_INTERFACE_CONTACT,EXPECTED_INTERFACE_CONTACT,0,0,1,L3_SELECTIVE_EXACT
sobol_032,L01,L03,AABB_CLEAR,AABB_CLEAR,0,0,1,L1_AABB
sobol_032,L01,L04,AABB_CLEAR,AABB_CLEAR,0,0,1,L1_AABB
sobol_032,L01,L05,AABB_CLEAR,AABB_CLEAR,0,0,1,L1_AABB
sobol_032,L01,L06,AABB_CLEAR,AABB_CLEAR,0,0,1,L1_AABB
sobol_032,L01,L07,AABB_CLEAR,AABB_CLEAR,0,0,1,L1_AABB
sobol_032,L01,L08,AABB_CLEAR,AABB_CLEAR,0,0,1,L1_AABB
sobol_032,L01,L09,AABB_CLEAR,AABB_CLEAR,0,0,1,L1_AABB
sobol_032,L01,L10,AABB_CLEAR,AABB_CLEAR,0,0,1,L1_AABB
sobol_032,L02,L03,EXPECTED_INTERFACE_CONTACT,EXPECTED_INTERFACE_CONTACT,0,0,1,L3_SELECTIVE_EXACT
sobol_032,L02,L04,AABB_CLEAR,AABB_CLEAR,0,0,1,L1_AABB
sobol_032,L02,L05,AABB_CLEAR,AABB_CLEAR,0,0,1,L1_AABB
sobol_032,L02,L06,AABB_CLEAR,AABB_CLEAR,0,0,1,L1_AABB
sobol_032,L02,L07,AABB_CLEAR,AABB_CLEAR,0,0,1,L1_AABB
sobol_032,L02,L08,AABB_CLEAR,AABB_CLEAR,0,0,1,L1_AABB
sobol_032,L02,L09,AABB_CLEAR,AABB_CLEAR,0,0,1,L1_AABB
sobol_032,L02,L10,AABB_CLEAR,AABB_CLEAR,0,0,1,L1_AABB
sobol_032,L03,L04,EXPECTED_INTERFACE_CONTACT,EXPECTED_INTERFACE_CONTACT,0,0,1,L3_SELECTIVE_EXACT
sobol_032,L03,L05,AABB_CLEAR,AABB_CLEAR,0,0,1,L1_AABB
sobol_032,L03,L06,AABB_CLEAR,AABB_CLEAR,0,0,1,L1_AABB
sobol_032,L03,L07,AABB_CLEAR,AABB_CLEAR,0,0,1,L1_AABB
sobol_032,L03,L08,AABB_CLEAR,AABB_CLEAR,0,0,1,L1_AABB
sobol_032,L03,L09,AABB_CLEAR,AABB_CLEAR,0,0,1,L1_AABB
sobol_032,L03,L10,AABB_CLEAR,AABB_CLEAR,0,0,1,L1_AABB
sobol_032,L04,L05,EXPECTED_INTERFACE_CONTACT,EXPECTED_INTERFACE_CONTACT,0,0,1,L0_FIXED_SAFE
sobol_032,L04,L06,EXPECTED_INTERFACE_CONTACT,EXPECTED_INTERFACE_CONTACT,0,0,1,L3_SELECTIVE_EXACT
sobol_032,L04,L07,EXPECTED_INTERFACE_CONTACT,EXPECTED_INTERFACE_CONTACT,0,0,1,L3_SELECTIVE_EXACT
sobol_032,L04,L08,AABB_CLEAR,AABB_CLEAR,0,0,1,L1_AABB
sobol_032,L04,L09,AABB_CLEAR,AABB_CLEAR,0,0,1,L1_AABB
sobol_032,L04,L10,AABB_CLEAR,AABB_CLEAR,0,0,1,L1_AABB
sobol_032,L05,L06,EXPECTED_INTERFACE_CONTACT,EXPECTED_INTERFACE_CONTACT,0,0,1,L3_SELECTIVE_EXACT
sobol_032,L05,L07,EXPECTED_INTERFACE_CONTACT,EXPECTED_INTERFACE_CONTACT,0,0,1,L0_FIXED_SAFE
sobol_032,L05,L08,AABB_CLEAR,MESH_CLEAR,0,0,1,L2_MESH_BVH
sobol_032,L05,L09,EXPECTED_INTERFACE_CONTACT,EXPECTED_INTERFACE_CONTACT,0,0,1,L3_SELECTIVE_EXACT
sobol_032,L05,L10,EXPECTED_INTERFACE_CONTACT,EXPECTED_INTERFACE_CONTACT,0,0,1,L3_SELECTIVE_EXACT
sobol_032,L06,L07,EXPECTED_INTERFACE_CONTACT,EXPECTED_INTERFACE_CONTACT,0,0,1,L3_SELECTIVE_EXACT
sobol_032,L06,L08,EXPECTED_INTERFACE_CONTACT,EXPECTED_INTERFACE_CONTACT,0,0,1,L3_SELECTIVE_EXACT
sobol_032,L06,L09,AABB_CLEAR,MESH_CLEAR,0,0,1,L2_MESH_BVH
sobol_032,L06,L10,AABB_CLEAR,MESH_CLEAR,0,0,1,L2_MESH_BVH
sobol_032,L07,L08,EXPECTED_INTERFACE_CONTACT,EXPECTED_INTERFACE_CONTACT,0,0,1,L0_FIXED_SAFE
sobol_032,L07,L09,AABB_CLEAR,AABB_CLEAR,0,0,1,L1_AABB
sobol_032,L07,L10,AABB_CLEAR,AABB_CLEAR,0,0,1,L1_AABB
sobol_032,L08,L09,EXPECTED_INTERFACE_CONTACT,EXPECTED_INTERFACE_CONTACT,0,0,1,L3_SELECTIVE_EXACT
sobol_032,L08,L10,EXPECTED_INTERFACE_CONTACT,EXPECTED_INTERFACE_CONTACT,0,0,1,L3_SELECTIVE_EXACT
sobol_032,L09,L10,AABB_CLEAR,AABB_CLEAR,0,0,1,L1_AABB
sobol_033,L00,L01,EXPECTED_INTERFACE_CONTACT,EXPECTED_INTERFACE_CONTACT,0,0,1,L3_SELECTIVE_EXACT
sobol_033,L00,L02,AABB_CLEAR,AABB_CLEAR,0,0,1,L1_AABB
sobol_033,L00,L03,AABB_FALSE_POSITIVE,MESH_CLEAR,0,0,1,L2_MESH_BVH
sobol_033,L00,L04,AABB_CLEAR,MESH_CLEAR,0,0,1,L2_MESH_BVH
sobol_033,L00,L05,AABB_CLEAR,AABB_CLEAR,0,0,1,L1_AABB
sobol_033,L00,L06,AABB_CLEAR,AABB_CLEAR,0,0,1,L1_AABB
sobol_033,L00,L07,AABB_CLEAR,AABB_CLEAR,0,0,1,L1_AABB
sobol_033,L00,L08,AABB_CLEAR,AABB_CLEAR,0,0,1,L1_AABB
sobol_033,L00,L09,AABB_CLEAR,AABB_CLEAR,0,0,1,L1_AABB
sobol_033,L00,L10,AABB_CLEAR,AABB_CLEAR,0,0,1,L1_AABB
sobol_033,L01,L02,EXPECTED_INTERFACE_CONTACT,EXPECTED_INTERFACE_CONTACT,0,0,1,L3_SELECTIVE_EXACT
sobol_033,L01,L03,AABB_FALSE_POSITIVE,MESH_CLEAR,0,0,1,L2_MESH_BVH
sobol_033,L01,L04,AABB_CLEAR,MESH_CLEAR,0,0,1,L2_MESH_BVH
sobol_033,L01,L05,AABB_CLEAR,AABB_CLEAR,0,0,1,L1_AABB
sobol_033,L01,L06,AABB_CLEAR,AABB_CLEAR,0,0,1,L1_AABB
sobol_033,L01,L07,AABB_CLEAR,AABB_CLEAR,0,0,1,L1_AABB
sobol_033,L01,L08,AABB_CLEAR,AABB_CLEAR,0,0,1,L1_AABB
sobol_033,L01,L09,AABB_CLEAR,AABB_CLEAR,0,0,1,L1_AABB
sobol_033,L01,L10,AABB_CLEAR,AABB_CLEAR,0,0,1,L1_AABB
sobol_033,L02,L03,EXPECTED_INTERFACE_CONTACT,EXPECTED_INTERFACE_CONTACT,0,0,1,L3_SELECTIVE_EXACT
sobol_033,L02,L04,AABB_FALSE_POSITIVE,AABB_FALSE_POSITIVE,0,0,1,L3_SELECTIVE_EXACT
sobol_033,L02,L05,AABB_CLEAR,AABB_CLEAR,0,0,1,L1_AABB
sobol_033,L02,L06,AABB_CLEAR,AABB_CLEAR,0,0,1,L1_AABB
sobol_033,L02,L07,AABB_CLEAR,AABB_CLEAR,0,0,1,L1_AABB
sobol_033,L02,L08,AABB_CLEAR,AABB_CLEAR,0,0,1,L1_AABB
sobol_033,L02,L09,AABB_CLEAR,AABB_CLEAR,0,0,1,L1_AABB
sobol_033,L02,L10,AABB_CLEAR,AABB_CLEAR,0,0,1,L1_AABB
sobol_033,L03,L04,EXPECTED_INTERFACE_CONTACT,EXPECTED_INTERFACE_CONTACT,0,0,1,L3_SELECTIVE_EXACT
sobol_033,L03,L05,AABB_CLEAR,AABB_CLEAR,0,0,1,L1_AABB
sobol_033,L03,L06,AABB_CLEAR,AABB_CLEAR,0,0,1,L1_AABB
sobol_033,L03,L07,AABB_CLEAR,AABB_CLEAR,0,0,1,L1_AABB
sobol_033,L03,L08,AABB_CLEAR,AABB_CLEAR,0,0,1,L1_AABB
sobol_033,L03,L09,AABB_CLEAR,AABB_CLEAR,0,0,1,L1_AABB
sobol_033,L03,L10,AABB_CLEAR,AABB_CLEAR,0,0,1,L1_AABB
sobol_033,L04,L05,EXPECTED_INTERFACE_CONTACT,EXPECTED_INTERFACE_CONTACT,0,0,1,L0_FIXED_SAFE
sobol_033,L04,L06,EXPECTED_INTERFACE_CONTACT,EXPECTED_INTERFACE_CONTACT,0,0,1,L3_SELECTIVE_EXACT
sobol_033,L04,L07,EXPECTED_INTERFACE_CONTACT,EXPECTED_INTERFACE_CONTACT,0,0,1,L3_SELECTIVE_EXACT
sobol_033,L04,L08,AABB_CLEAR,AABB_CLEAR,0,0,1,L1_AABB
sobol_033,L04,L09,AABB_CLEAR,AABB_CLEAR,0,0,1,L1_AABB
sobol_033,L04,L10,AABB_CLEAR,AABB_CLEAR,0,0,1,L1_AABB
sobol_033,L05,L06,EXPECTED_INTERFACE_CONTACT,EXPECTED_INTERFACE_CONTACT,0,0,1,L3_SELECTIVE_EXACT
sobol_033,L05,L07,EXPECTED_INTERFACE_CONTACT,EXPECTED_INTERFACE_CONTACT,0,0,1,L0_FIXED_SAFE
sobol_033,L05,L08,EXPECTED_INTERFACE_CONTACT,EXPECTED_INTERFACE_CONTACT,0,0,1,L3_SELECTIVE_EXACT
sobol_033,L05,L09,EXPECTED_INTERFACE_CONTACT,EXPECTED_INTERFACE_CONTACT,0,0,1,L3_SELECTIVE_EXACT
sobol_033,L05,L10,EXPECTED_INTERFACE_CONTACT,EXPECTED_INTERFACE_CONTACT,0,0,1,L3_SELECTIVE_EXACT
sobol_033,L06,L07,EXPECTED_INTERFACE_CONTACT,EXPECTED_INTERFACE_CONTACT,0,0,1,L3_SELECTIVE_EXACT
sobol_033,L06,L08,EXPECTED_INTERFACE_CONTACT,EXPECTED_INTERFACE_CONTACT,0,0,1,L3_SELECTIVE_EXACT
sobol_033,L06,L09,AABB_FALSE_POSITIVE,MESH_CLEAR,0,0,1,L2_MESH_BVH
sobol_033,L06,L10,AABB_CLEAR,MESH_CLEAR,0,0,1,L2_MESH_BVH
sobol_033,L07,L08,EXPECTED_INTERFACE_CONTACT,EXPECTED_INTERFACE_CONTACT,0,0,1,L0_FIXED_SAFE
sobol_033,L07,L09,EXPECTED_INTERFACE_CONTACT,MESH_CLEAR,0,0,1,L2_MESH_BVH
sobol_033,L07,L10,AABB_CLEAR,AABB_CLEAR,0,0,1,L1_AABB
sobol_033,L08,L09,EXPECTED_INTERFACE_CONTACT,EXPECTED_INTERFACE_CONTACT,0,0,1,L3_SELECTIVE_EXACT
sobol_033,L08,L10,EXPECTED_INTERFACE_CONTACT,EXPECTED_INTERFACE_CONTACT,0,0,1,L3_SELECTIVE_EXACT
sobol_033,L09,L10,AABB_CLEAR,AABB_CLEAR,0,0,1,L1_AABB
sobol_034,L00,L01,EXPECTED_INTERFACE_CONTACT,EXPECTED_INTERFACE_CONTACT,0,0,1,L3_SELECTIVE_EXACT
sobol_034,L00,L02,AABB_CLEAR,AABB_CLEAR,0,0,1,L1_AABB
sobol_034,L00,L03,AABB_CLEAR,AABB_CLEAR,0,0,1,L1_AABB
sobol_034,L00,L04,AABB_CLEAR,AABB_CLEAR,0,0,1,L1_AABB
sobol_034,L00,L05,AABB_CLEAR,AABB_CLEAR,0,0,1,L1_AABB
sobol_034,L00,L06,AABB_CLEAR,AABB_CLEAR,0,0,1,L1_AABB
sobol_034,L00,L07,AABB_CLEAR,AABB_CLEAR,0,0,1,L1_AABB
sobol_034,L00,L08,AABB_CLEAR,AABB_CLEAR,0,0,1,L1_AABB
sobol_034,L00,L09,AABB_CLEAR,AABB_CLEAR,0,0,1,L1_AABB
sobol_034,L00,L10,AABB_CLEAR,AABB_CLEAR,0,0,1,L1_AABB
sobol_034,L01,L02,EXPECTED_INTERFACE_CONTACT,EXPECTED_INTERFACE_CONTACT,0,0,1,L3_SELECTIVE_EXACT
sobol_034,L01,L03,AABB_CLEAR,AABB_CLEAR,0,0,1,L1_AABB
sobol_034,L01,L04,AABB_CLEAR,AABB_CLEAR,0,0,1,L1_AABB
sobol_034,L01,L05,AABB_CLEAR,AABB_CLEAR,0,0,1,L1_AABB
sobol_034,L01,L06,AABB_CLEAR,AABB_CLEAR,0,0,1,L1_AABB
sobol_034,L01,L07,AABB_CLEAR,AABB_CLEAR,0,0,1,L1_AABB
sobol_034,L01,L08,AABB_CLEAR,AABB_CLEAR,0,0,1,L1_AABB
sobol_034,L01,L09,AABB_CLEAR,AABB_CLEAR,0,0,1,L1_AABB
sobol_034,L01,L10,AABB_CLEAR,AABB_CLEAR,0,0,1,L1_AABB
sobol_034,L02,L03,EXPECTED_INTERFACE_CONTACT,EXPECTED_INTERFACE_CONTACT,0,0,1,L3_SELECTIVE_EXACT
sobol_034,L02,L04,AABB_CLEAR,MESH_CLEAR,0,0,1,L2_MESH_BVH
sobol_034,L02,L05,AABB_CLEAR,AABB_CLEAR,0,0,1,L1_AABB
sobol_034,L02,L06,AABB_CLEAR,AABB_CLEAR,0,0,1,L1_AABB
sobol_034,L02,L07,AABB_CLEAR,AABB_CLEAR,0,0,1,L1_AABB
sobol_034,L02,L08,AABB_CLEAR,AABB_CLEAR,0,0,1,L1_AABB
sobol_034,L02,L09,AABB_CLEAR,AABB_CLEAR,0,0,1,L1_AABB
sobol_034,L02,L10,AABB_CLEAR,AABB_CLEAR,0,0,1,L1_AABB
sobol_034,L03,L04,EXPECTED_INTERFACE_CONTACT,EXPECTED_INTERFACE_CONTACT,0,0,1,L3_SELECTIVE_EXACT
sobol_034,L03,L05,AABB_CLEAR,AABB_CLEAR,0,0,1,L1_AABB
sobol_034,L03,L06,AABB_CLEAR,AABB_CLEAR,0,0,1,L1_AABB
sobol_034,L03,L07,AABB_CLEAR,AABB_CLEAR,0,0,1,L1_AABB
sobol_034,L03,L08,AABB_CLEAR,AABB_CLEAR,0,0,1,L1_AABB
sobol_034,L03,L09,AABB_CLEAR,AABB_CLEAR,0,0,1,L1_AABB
sobol_034,L03,L10,AABB_CLEAR,AABB_CLEAR,0,0,1,L1_AABB
sobol_034,L04,L05,EXPECTED_INTERFACE_CONTACT,EXPECTED_INTERFACE_CONTACT,0,0,1,L0_FIXED_SAFE
sobol_034,L04,L06,EXPECTED_INTERFACE_CONTACT,EXPECTED_INTERFACE_CONTACT,0,0,1,L3_SELECTIVE_EXACT
sobol_034,L04,L07,EXPECTED_INTERFACE_CONTACT,EXPECTED_INTERFACE_CONTACT,0,0,1,L3_SELECTIVE_EXACT
sobol_034,L04,L08,AABB_CLEAR,MESH_CLEAR,0,0,1,L2_MESH_BVH
sobol_034,L04,L09,AABB_CLEAR,AABB_CLEAR,0,0,1,L1_AABB
sobol_034,L04,L10,AABB_CLEAR,AABB_CLEAR,0,0,1,L1_AABB
sobol_034,L05,L06,EXPECTED_INTERFACE_CONTACT,EXPECTED_INTERFACE_CONTACT,0,0,1,L3_SELECTIVE_EXACT
sobol_034,L05,L07,EXPECTED_INTERFACE_CONTACT,EXPECTED_INTERFACE_CONTACT,0,0,1,L0_FIXED_SAFE
sobol_034,L05,L08,EXPECTED_INTERFACE_CONTACT,EXPECTED_INTERFACE_CONTACT,0,0,1,L3_SELECTIVE_EXACT
sobol_034,L05,L09,AABB_CLEAR,AABB_CLEAR,0,0,1,L3_SELECTIVE_EXACT
sobol_034,L05,L10,AABB_CLEAR,MESH_CLEAR,0,0,1,L2_MESH_BVH
sobol_034,L06,L07,EXPECTED_INTERFACE_CONTACT,EXPECTED_INTERFACE_CONTACT,0,0,1,L3_SELECTIVE_EXACT
sobol_034,L06,L08,EXPECTED_INTERFACE_CONTACT,EXPECTED_INTERFACE_CONTACT,0,0,1,L3_SELECTIVE_EXACT
sobol_034,L06,L09,AABB_CLEAR,MESH_CLEAR,0,0,1,L2_MESH_BVH
sobol_034,L06,L10,AABB_CLEAR,MESH_CLEAR,0,0,1,L2_MESH_BVH
sobol_034,L07,L08,EXPECTED_INTERFACE_CONTACT,EXPECTED_INTERFACE_CONTACT,0,0,1,L0_FIXED_SAFE
sobol_034,L07,L09,AABB_CLEAR,AABB_CLEAR,0,0,1,L1_AABB
sobol_034,L07,L10,AABB_CLEAR,AABB_CLEAR,0,0,1,L1_AABB
sobol_034,L08,L09,EXPECTED_INTERFACE_CONTACT,EXPECTED_INTERFACE_CONTACT,0,0,1,L3_SELECTIVE_EXACT
sobol_034,L08,L10,EXPECTED_INTERFACE_CONTACT,EXPECTED_INTERFACE_CONTACT,0,0,1,L3_SELECTIVE_EXACT
sobol_034,L09,L10,AABB_CLEAR,AABB_CLEAR,0,0,1,L1_AABB
sobol_035,L00,L01,EXPECTED_INTERFACE_CONTACT,EXPECTED_INTERFACE_CONTACT,0,0,1,L3_SELECTIVE_EXACT
sobol_035,L00,L02,AABB_CLEAR,MESH_CLEAR,0,0,1,L2_MESH_BVH
sobol_035,L00,L03,AABB_CLEAR,AABB_CLEAR,0,0,1,L1_AABB
sobol_035,L00,L04,AABB_CLEAR,AABB_CLEAR,0,0,1,L1_AABB
sobol_035,L00,L05,AABB_CLEAR,AABB_CLEAR,0,0,1,L1_AABB
sobol_035,L00,L06,AABB_CLEAR,AABB_CLEAR,0,0,1,L1_AABB
sobol_035,L00,L07,AABB_CLEAR,AABB_CLEAR,0,0,1,L1_AABB
sobol_035,L00,L08,AABB_CLEAR,AABB_CLEAR,0,0,1,L1_AABB
sobol_035,L00,L09,AABB_CLEAR,AABB_CLEAR,0,0,1,L1_AABB
sobol_035,L00,L10,AABB_CLEAR,AABB_CLEAR,0,0,1,L1_AABB
sobol_035,L01,L02,EXPECTED_INTERFACE_CONTACT,EXPECTED_INTERFACE_CONTACT,0,0,1,L3_SELECTIVE_EXACT
sobol_035,L01,L03,AABB_CLEAR,AABB_CLEAR,0,0,1,L1_AABB
sobol_035,L01,L04,AABB_CLEAR,AABB_CLEAR,0,0,1,L1_AABB
sobol_035,L01,L05,AABB_CLEAR,AABB_CLEAR,0,0,1,L1_AABB
sobol_035,L01,L06,AABB_CLEAR,AABB_CLEAR,0,0,1,L1_AABB
sobol_035,L01,L07,AABB_CLEAR,AABB_CLEAR,0,0,1,L1_AABB
sobol_035,L01,L08,AABB_CLEAR,AABB_CLEAR,0,0,1,L1_AABB
sobol_035,L01,L09,AABB_CLEAR,AABB_CLEAR,0,0,1,L1_AABB
sobol_035,L01,L10,AABB_CLEAR,AABB_CLEAR,0,0,1,L1_AABB
sobol_035,L02,L03,EXPECTED_INTERFACE_CONTACT,EXPECTED_INTERFACE_CONTACT,0,0,1,L3_SELECTIVE_EXACT
sobol_035,L02,L04,AABB_CLEAR,AABB_CLEAR,0,0,1,L1_AABB
sobol_035,L02,L05,AABB_CLEAR,AABB_CLEAR,0,0,1,L1_AABB
sobol_035,L02,L06,AABB_CLEAR,AABB_CLEAR,0,0,1,L1_AABB
sobol_035,L02,L07,AABB_CLEAR,AABB_CLEAR,0,0,1,L1_AABB
sobol_035,L02,L08,AABB_CLEAR,AABB_CLEAR,0,0,1,L1_AABB
sobol_035,L02,L09,AABB_CLEAR,AABB_CLEAR,0,0,1,L1_AABB
sobol_035,L02,L10,AABB_CLEAR,AABB_CLEAR,0,0,1,L1_AABB
sobol_035,L03,L04,EXPECTED_INTERFACE_CONTACT,EXPECTED_INTERFACE_CONTACT,0,0,1,L3_SELECTIVE_EXACT
sobol_035,L03,L05,AABB_CLEAR,AABB_CLEAR,0,0,1,L1_AABB
sobol_035,L03,L06,AABB_CLEAR,AABB_CLEAR,0,0,1,L1_AABB
sobol_035,L03,L07,AABB_CLEAR,AABB_CLEAR,0,0,1,L1_AABB
sobol_035,L03,L08,AABB_CLEAR,AABB_CLEAR,0,0,1,L1_AABB
sobol_035,L03,L09,AABB_CLEAR,AABB_CLEAR,0,0,1,L1_AABB
sobol_035,L03,L10,AABB_CLEAR,AABB_CLEAR,0,0,1,L1_AABB
sobol_035,L04,L05,EXPECTED_INTERFACE_CONTACT,EXPECTED_INTERFACE_CONTACT,0,0,1,L0_FIXED_SAFE
sobol_035,L04,L06,EXPECTED_INTERFACE_CONTACT,EXPECTED_INTERFACE_CONTACT,0,0,1,L3_SELECTIVE_EXACT
sobol_035,L04,L07,EXPECTED_INTERFACE_CONTACT,EXPECTED_INTERFACE_CONTACT,0,0,1,L3_SELECTIVE_EXACT
sobol_035,L04,L08,AABB_CLEAR,AABB_CLEAR,0,0,1,L1_AABB
sobol_035,L04,L09,AABB_CLEAR,AABB_CLEAR,0,0,1,L1_AABB
sobol_035,L04,L10,AABB_CLEAR,AABB_CLEAR,0,0,1,L1_AABB
sobol_035,L05,L06,EXPECTED_INTERFACE_CONTACT,EXPECTED_INTERFACE_CONTACT,0,0,1,L3_SELECTIVE_EXACT
sobol_035,L05,L07,EXPECTED_INTERFACE_CONTACT,EXPECTED_INTERFACE_CONTACT,0,0,1,L0_FIXED_SAFE
sobol_035,L05,L08,EXPECTED_INTERFACE_CONTACT,MESH_CLEAR,0,0,1,L2_MESH_BVH
sobol_035,L05,L09,EXPECTED_INTERFACE_CONTACT,EXPECTED_INTERFACE_CONTACT,0,0,1,L3_SELECTIVE_EXACT
sobol_035,L05,L10,EXPECTED_INTERFACE_CONTACT,EXPECTED_INTERFACE_CONTACT,0,0,1,L3_SELECTIVE_EXACT
sobol_035,L06,L07,EXPECTED_INTERFACE_CONTACT,EXPECTED_INTERFACE_CONTACT,0,0,1,L3_SELECTIVE_EXACT
sobol_035,L06,L08,EXPECTED_INTERFACE_CONTACT,EXPECTED_INTERFACE_CONTACT,0,0,1,L3_SELECTIVE_EXACT
sobol_035,L06,L09,AABB_FALSE_POSITIVE,AABB_FALSE_POSITIVE,0,0,1,L3_SELECTIVE_EXACT
sobol_035,L06,L10,AABB_FALSE_POSITIVE,AABB_FALSE_POSITIVE,0,0,1,L3_SELECTIVE_EXACT
sobol_035,L07,L08,EXPECTED_INTERFACE_CONTACT,EXPECTED_INTERFACE_CONTACT,0,0,1,L0_FIXED_SAFE
sobol_035,L07,L09,AABB_CLEAR,AABB_CLEAR,0,0,1,L1_AABB
sobol_035,L07,L10,AABB_CLEAR,AABB_CLEAR,0,0,1,L1_AABB
sobol_035,L08,L09,EXPECTED_INTERFACE_CONTACT,EXPECTED_INTERFACE_CONTACT,0,0,1,L3_SELECTIVE_EXACT
sobol_035,L08,L10,EXPECTED_INTERFACE_CONTACT,EXPECTED_INTERFACE_CONTACT,0,0,1,L3_SELECTIVE_EXACT
sobol_035,L09,L10,AABB_CLEAR,AABB_CLEAR,0,0,1,L1_AABB
sobol_036,L00,L01,EXPECTED_INTERFACE_CONTACT,EXPECTED_INTERFACE_CONTACT,0,0,1,L3_SELECTIVE_EXACT
sobol_036,L00,L02,AABB_CLEAR,AABB_CLEAR,0,0,1,L1_AABB
sobol_036,L00,L03,AABB_CLEAR,AABB_CLEAR,0,0,1,L1_AABB
sobol_036,L00,L04,AABB_CLEAR,AABB_CLEAR,0,0,1,L1_AABB
sobol_036,L00,L05,AABB_CLEAR,AABB_CLEAR,0,0,1,L1_AABB
sobol_036,L00,L06,AABB_CLEAR,AABB_CLEAR,0,0,1,L1_AABB
sobol_036,L00,L07,AABB_CLEAR,AABB_CLEAR,0,0,1,L1_AABB
sobol_036,L00,L08,AABB_CLEAR,AABB_CLEAR,0,0,1,L1_AABB
sobol_036,L00,L09,AABB_CLEAR,AABB_CLEAR,0,0,1,L1_AABB
sobol_036,L00,L10,AABB_CLEAR,AABB_CLEAR,0,0,1,L1_AABB
sobol_036,L01,L02,EXPECTED_INTERFACE_CONTACT,EXPECTED_INTERFACE_CONTACT,0,0,1,L3_SELECTIVE_EXACT
sobol_036,L01,L03,AABB_CLEAR,AABB_CLEAR,0,0,1,L1_AABB
sobol_036,L01,L04,AABB_CLEAR,AABB_CLEAR,0,0,1,L1_AABB
sobol_036,L01,L05,AABB_CLEAR,AABB_CLEAR,0,0,1,L1_AABB
sobol_036,L01,L06,AABB_CLEAR,AABB_CLEAR,0,0,1,L1_AABB
sobol_036,L01,L07,AABB_CLEAR,AABB_CLEAR,0,0,1,L1_AABB
sobol_036,L01,L08,AABB_CLEAR,AABB_CLEAR,0,0,1,L1_AABB
sobol_036,L01,L09,AABB_CLEAR,AABB_CLEAR,0,0,1,L1_AABB
sobol_036,L01,L10,AABB_CLEAR,AABB_CLEAR,0,0,1,L1_AABB
sobol_036,L02,L03,EXPECTED_INTERFACE_CONTACT,EXPECTED_INTERFACE_CONTACT,0,0,1,L3_SELECTIVE_EXACT
sobol_036,L02,L04,AABB_CLEAR,MESH_CLEAR,0,0,1,L2_MESH_BVH
sobol_036,L02,L05,AABB_CLEAR,AABB_CLEAR,0,0,1,L1_AABB
sobol_036,L02,L06,AABB_CLEAR,AABB_CLEAR,0,0,1,L1_AABB
sobol_036,L02,L07,AABB_CLEAR,AABB_CLEAR,0,0,1,L1_AABB
sobol_036,L02,L08,AABB_CLEAR,AABB_CLEAR,0,0,1,L1_AABB
sobol_036,L02,L09,AABB_CLEAR,AABB_CLEAR,0,0,1,L1_AABB
sobol_036,L02,L10,AABB_CLEAR,AABB_CLEAR,0,0,1,L1_AABB
sobol_036,L03,L04,EXPECTED_INTERFACE_CONTACT,EXPECTED_INTERFACE_CONTACT,0,0,1,L3_SELECTIVE_EXACT
sobol_036,L03,L05,AABB_CLEAR,MESH_CLEAR,0,0,1,L2_MESH_BVH
sobol_036,L03,L06,AABB_CLEAR,AABB_CLEAR,0,0,1,L1_AABB
sobol_036,L03,L07,AABB_CLEAR,AABB_CLEAR,0,0,1,L1_AABB
sobol_036,L03,L08,AABB_CLEAR,AABB_CLEAR,0,0,1,L1_AABB
sobol_036,L03,L09,AABB_CLEAR,AABB_CLEAR,0,0,1,L1_AABB
sobol_036,L03,L10,AABB_CLEAR,AABB_CLEAR,0,0,1,L1_AABB
sobol_036,L04,L05,EXPECTED_INTERFACE_CONTACT,EXPECTED_INTERFACE_CONTACT,0,0,1,L0_FIXED_SAFE
sobol_036,L04,L06,EXPECTED_INTERFACE_CONTACT,EXPECTED_INTERFACE_CONTACT,0,0,1,L3_SELECTIVE_EXACT
sobol_036,L04,L07,EXPECTED_INTERFACE_CONTACT,EXPECTED_INTERFACE_CONTACT,0,0,1,L3_SELECTIVE_EXACT
sobol_036,L04,L08,EXPECTED_INTERFACE_CONTACT,MESH_CLEAR,0,0,1,L2_MESH_BVH
sobol_036,L04,L09,AABB_CLEAR,AABB_CLEAR,0,0,1,L1_AABB
sobol_036,L04,L10,AABB_CLEAR,AABB_CLEAR,0,0,1,L1_AABB
sobol_036,L05,L06,EXPECTED_INTERFACE_CONTACT,EXPECTED_INTERFACE_CONTACT,0,0,1,L3_SELECTIVE_EXACT
sobol_036,L05,L07,EXPECTED_INTERFACE_CONTACT,EXPECTED_INTERFACE_CONTACT,0,0,1,L0_FIXED_SAFE
sobol_036,L05,L08,EXPECTED_INTERFACE_CONTACT,EXPECTED_INTERFACE_CONTACT,0,0,1,L3_SELECTIVE_EXACT
sobol_036,L05,L09,EXPECTED_INTERFACE_CONTACT,EXPECTED_INTERFACE_CONTACT,0,0,1,L3_SELECTIVE_EXACT
sobol_036,L05,L10,EXPECTED_INTERFACE_CONTACT,EXPECTED_INTERFACE_CONTACT,0,0,1,L3_SELECTIVE_EXACT
sobol_036,L06,L07,EXPECTED_INTERFACE_CONTACT,EXPECTED_INTERFACE_CONTACT,0,0,1,L3_SELECTIVE_EXACT
sobol_036,L06,L08,EXPECTED_INTERFACE_CONTACT,EXPECTED_INTERFACE_CONTACT,0,0,1,L3_SELECTIVE_EXACT
sobol_036,L06,L09,AABB_FALSE_POSITIVE,AABB_FALSE_POSITIVE,0,0,1,L3_SELECTIVE_EXACT
sobol_036,L06,L10,AABB_FALSE_POSITIVE,MESH_CLEAR,0,0,1,L2_MESH_BVH
sobol_036,L07,L08,EXPECTED_INTERFACE_CONTACT,EXPECTED_INTERFACE_CONTACT,0,0,1,L0_FIXED_SAFE
sobol_036,L07,L09,AABB_CLEAR,AABB_CLEAR,0,0,1,L1_AABB
sobol_036,L07,L10,EXPECTED_INTERFACE_CONTACT,MESH_CLEAR,0,0,1,L2_MESH_BVH
sobol_036,L08,L09,EXPECTED_INTERFACE_CONTACT,EXPECTED_INTERFACE_CONTACT,0,0,1,L3_SELECTIVE_EXACT
sobol_036,L08,L10,EXPECTED_INTERFACE_CONTACT,EXPECTED_INTERFACE_CONTACT,0,0,1,L3_SELECTIVE_EXACT
sobol_036,L09,L10,AABB_FALSE_POSITIVE,MESH_CLEAR,0,0,1,L2_MESH_BVH
sobol_037,L00,L01,EXPECTED_INTERFACE_CONTACT,EXPECTED_INTERFACE_CONTACT,0,0,1,L3_SELECTIVE_EXACT
sobol_037,L00,L02,AABB_FALSE_POSITIVE,AABB_FALSE_POSITIVE,0,0,1,L3_SELECTIVE_EXACT
sobol_037,L00,L03,AABB_CLEAR,AABB_CLEAR,0,0,1,L1_AABB
sobol_037,L00,L04,AABB_CLEAR,AABB_CLEAR,0,0,1,L1_AABB
sobol_037,L00,L05,AABB_CLEAR,AABB_CLEAR,0,0,1,L1_AABB
sobol_037,L00,L06,AABB_CLEAR,AABB_CLEAR,0,0,1,L1_AABB
sobol_037,L00,L07,AABB_CLEAR,AABB_CLEAR,0,0,1,L1_AABB
sobol_037,L00,L08,AABB_CLEAR,AABB_CLEAR,0,0,1,L1_AABB
sobol_037,L00,L09,AABB_CLEAR,AABB_CLEAR,0,0,1,L1_AABB
sobol_037,L00,L10,AABB_CLEAR,AABB_CLEAR,0,0,1,L1_AABB
sobol_037,L01,L02,EXPECTED_INTERFACE_CONTACT,EXPECTED_INTERFACE_CONTACT,0,0,1,L3_SELECTIVE_EXACT
sobol_037,L01,L03,AABB_CLEAR,AABB_CLEAR,0,0,1,L1_AABB
sobol_037,L01,L04,AABB_CLEAR,AABB_CLEAR,0,0,1,L1_AABB
sobol_037,L01,L05,AABB_CLEAR,AABB_CLEAR,0,0,1,L1_AABB
sobol_037,L01,L06,AABB_CLEAR,AABB_CLEAR,0,0,1,L1_AABB
sobol_037,L01,L07,AABB_CLEAR,AABB_CLEAR,0,0,1,L1_AABB
sobol_037,L01,L08,AABB_CLEAR,AABB_CLEAR,0,0,1,L1_AABB
sobol_037,L01,L09,AABB_CLEAR,AABB_CLEAR,0,0,1,L1_AABB
sobol_037,L01,L10,AABB_CLEAR,AABB_CLEAR,0,0,1,L1_AABB
sobol_037,L02,L03,EXPECTED_INTERFACE_CONTACT,EXPECTED_INTERFACE_CONTACT,0,0,1,L3_SELECTIVE_EXACT
sobol_037,L02,L04,AABB_CLEAR,AABB_CLEAR,0,0,1,L1_AABB
sobol_037,L02,L05,AABB_CLEAR,AABB_CLEAR,0,0,1,L1_AABB
sobol_037,L02,L06,AABB_CLEAR,AABB_CLEAR,0,0,1,L1_AABB
sobol_037,L02,L07,AABB_CLEAR,AABB_CLEAR,0,0,1,L1_AABB
sobol_037,L02,L08,AABB_CLEAR,AABB_CLEAR,0,0,1,L1_AABB
sobol_037,L02,L09,AABB_CLEAR,AABB_CLEAR,0,0,1,L1_AABB
sobol_037,L02,L10,AABB_CLEAR,AABB_CLEAR,0,0,1,L1_AABB
sobol_037,L03,L04,EXPECTED_INTERFACE_CONTACT,EXPECTED_INTERFACE_CONTACT,0,0,1,L3_SELECTIVE_EXACT
sobol_037,L03,L05,AABB_CLEAR,AABB_CLEAR,0,0,1,L1_AABB
sobol_037,L03,L06,AABB_CLEAR,AABB_CLEAR,0,0,1,L1_AABB
sobol_037,L03,L07,AABB_CLEAR,AABB_CLEAR,0,0,1,L1_AABB
sobol_037,L03,L08,AABB_CLEAR,AABB_CLEAR,0,0,1,L1_AABB
sobol_037,L03,L09,AABB_CLEAR,AABB_CLEAR,0,0,1,L1_AABB
sobol_037,L03,L10,AABB_CLEAR,AABB_CLEAR,0,0,1,L1_AABB
sobol_037,L04,L05,EXPECTED_INTERFACE_CONTACT,EXPECTED_INTERFACE_CONTACT,0,0,1,L0_FIXED_SAFE
sobol_037,L04,L06,EXPECTED_INTERFACE_CONTACT,EXPECTED_INTERFACE_CONTACT,0,0,1,L3_SELECTIVE_EXACT
sobol_037,L04,L07,EXPECTED_INTERFACE_CONTACT,EXPECTED_INTERFACE_CONTACT,0,0,1,L3_SELECTIVE_EXACT
sobol_037,L04,L08,AABB_CLEAR,AABB_CLEAR,0,0,1,L1_AABB
sobol_037,L04,L09,AABB_CLEAR,AABB_CLEAR,0,0,1,L1_AABB
sobol_037,L04,L10,AABB_CLEAR,AABB_CLEAR,0,0,1,L1_AABB
sobol_037,L05,L06,EXPECTED_INTERFACE_CONTACT,EXPECTED_INTERFACE_CONTACT,0,0,1,L3_SELECTIVE_EXACT
sobol_037,L05,L07,EXPECTED_INTERFACE_CONTACT,EXPECTED_INTERFACE_CONTACT,0,0,1,L0_FIXED_SAFE
sobol_037,L05,L08,EXPECTED_INTERFACE_CONTACT,EXPECTED_INTERFACE_CONTACT,0,0,1,L3_SELECTIVE_EXACT
sobol_037,L05,L09,AABB_CLEAR,MESH_CLEAR,0,0,1,L2_MESH_BVH
sobol_037,L05,L10,AABB_CLEAR,AABB_CLEAR,0,0,1,L1_AABB
sobol_037,L06,L07,EXPECTED_INTERFACE_CONTACT,EXPECTED_INTERFACE_CONTACT,0,0,1,L3_SELECTIVE_EXACT
sobol_037,L06,L08,EXPECTED_INTERFACE_CONTACT,EXPECTED_INTERFACE_CONTACT,0,0,1,L3_SELECTIVE_EXACT
sobol_037,L06,L09,AABB_CLEAR,AABB_CLEAR,0,0,1,L1_AABB
sobol_037,L06,L10,AABB_CLEAR,AABB_CLEAR,0,0,1,L1_AABB
sobol_037,L07,L08,EXPECTED_INTERFACE_CONTACT,EXPECTED_INTERFACE_CONTACT,0,0,1,L0_FIXED_SAFE
sobol_037,L07,L09,AABB_CLEAR,AABB_CLEAR,0,0,1,L1_AABB
sobol_037,L07,L10,AABB_CLEAR,AABB_CLEAR,0,0,1,L1_AABB
sobol_037,L08,L09,EXPECTED_INTERFACE_CONTACT,EXPECTED_INTERFACE_CONTACT,0,0,1,L3_SELECTIVE_EXACT
sobol_037,L08,L10,EXPECTED_INTERFACE_CONTACT,EXPECTED_INTERFACE_CONTACT,0,0,1,L3_SELECTIVE_EXACT
sobol_037,L09,L10,AABB_CLEAR,AABB_CLEAR,0,0,1,L1_AABB
sobol_038,L00,L01,EXPECTED_INTERFACE_CONTACT,EXPECTED_INTERFACE_CONTACT,0,0,1,L3_SELECTIVE_EXACT
sobol_038,L00,L02,AABB_CLEAR,AABB_CLEAR,0,0,1,L1_AABB
sobol_038,L00,L03,AABB_CLEAR,AABB_CLEAR,0,0,1,L1_AABB
sobol_038,L00,L04,AABB_CLEAR,AABB_CLEAR,0,0,1,L1_AABB
sobol_038,L00,L05,AABB_CLEAR,AABB_CLEAR,0,0,1,L1_AABB
sobol_038,L00,L06,AABB_CLEAR,AABB_CLEAR,0,0,1,L1_AABB
sobol_038,L00,L07,AABB_CLEAR,AABB_CLEAR,0,0,1,L1_AABB
sobol_038,L00,L08,AABB_CLEAR,AABB_CLEAR,0,0,1,L1_AABB
sobol_038,L00,L09,AABB_CLEAR,AABB_CLEAR,0,0,1,L1_AABB
sobol_038,L00,L10,AABB_CLEAR,AABB_CLEAR,0,0,1,L1_AABB
sobol_038,L01,L02,EXPECTED_INTERFACE_CONTACT,EXPECTED_INTERFACE_CONTACT,0,0,1,L3_SELECTIVE_EXACT
sobol_038,L01,L03,AABB_CLEAR,AABB_CLEAR,0,0,1,L1_AABB
sobol_038,L01,L04,AABB_CLEAR,AABB_CLEAR,0,0,1,L1_AABB
sobol_038,L01,L05,AABB_CLEAR,AABB_CLEAR,0,0,1,L1_AABB
sobol_038,L01,L06,AABB_CLEAR,AABB_CLEAR,0,0,1,L1_AABB
sobol_038,L01,L07,AABB_CLEAR,AABB_CLEAR,0,0,1,L1_AABB
sobol_038,L01,L08,AABB_CLEAR,AABB_CLEAR,0,0,1,L1_AABB
sobol_038,L01,L09,AABB_CLEAR,AABB_CLEAR,0,0,1,L1_AABB
sobol_038,L01,L10,AABB_CLEAR,AABB_CLEAR,0,0,1,L1_AABB
sobol_038,L02,L03,EXPECTED_INTERFACE_CONTACT,EXPECTED_INTERFACE_CONTACT,0,0,1,L3_SELECTIVE_EXACT
sobol_038,L02,L04,AABB_CLEAR,AABB_CLEAR,0,0,1,L1_AABB
sobol_038,L02,L05,AABB_CLEAR,AABB_CLEAR,0,0,1,L1_AABB
sobol_038,L02,L06,AABB_CLEAR,AABB_CLEAR,0,0,1,L1_AABB
sobol_038,L02,L07,AABB_CLEAR,AABB_CLEAR,0,0,1,L1_AABB
sobol_038,L02,L08,AABB_CLEAR,AABB_CLEAR,0,0,1,L1_AABB
sobol_038,L02,L09,AABB_CLEAR,AABB_CLEAR,0,0,1,L1_AABB
sobol_038,L02,L10,AABB_CLEAR,AABB_CLEAR,0,0,1,L1_AABB
sobol_038,L03,L04,EXPECTED_INTERFACE_CONTACT,EXPECTED_INTERFACE_CONTACT,0,0,1,L3_SELECTIVE_EXACT
sobol_038,L03,L05,AABB_CLEAR,AABB_CLEAR,0,0,1,L1_AABB
sobol_038,L03,L06,AABB_CLEAR,AABB_CLEAR,0,0,1,L1_AABB
sobol_038,L03,L07,AABB_CLEAR,AABB_CLEAR,0,0,1,L1_AABB
sobol_038,L03,L08,AABB_CLEAR,AABB_CLEAR,0,0,1,L1_AABB
sobol_038,L03,L09,AABB_CLEAR,AABB_CLEAR,0,0,1,L1_AABB
sobol_038,L03,L10,AABB_CLEAR,AABB_CLEAR,0,0,1,L1_AABB
sobol_038,L04,L05,EXPECTED_INTERFACE_CONTACT,EXPECTED_INTERFACE_CONTACT,0,0,1,L0_FIXED_SAFE
sobol_038,L04,L06,EXPECTED_INTERFACE_CONTACT,EXPECTED_INTERFACE_CONTACT,0,0,1,L3_SELECTIVE_EXACT
sobol_038,L04,L07,EXPECTED_INTERFACE_CONTACT,EXPECTED_INTERFACE_CONTACT,0,0,1,L3_SELECTIVE_EXACT
sobol_038,L04,L08,EXPECTED_INTERFACE_CONTACT,MESH_CLEAR,0,0,1,L2_MESH_BVH
sobol_038,L04,L09,AABB_CLEAR,AABB_CLEAR,0,0,1,L1_AABB
sobol_038,L04,L10,AABB_CLEAR,AABB_CLEAR,0,0,1,L1_AABB
sobol_038,L05,L06,EXPECTED_INTERFACE_CONTACT,EXPECTED_INTERFACE_CONTACT,0,0,1,L3_SELECTIVE_EXACT
sobol_038,L05,L07,EXPECTED_INTERFACE_CONTACT,EXPECTED_INTERFACE_CONTACT,0,0,1,L0_FIXED_SAFE
sobol_038,L05,L08,EXPECTED_INTERFACE_CONTACT,EXPECTED_INTERFACE_CONTACT,0,0,1,L3_SELECTIVE_EXACT
sobol_038,L05,L09,AABB_CLEAR,AABB_CLEAR,0,0,1,L1_AABB
sobol_038,L05,L10,EXPECTED_INTERFACE_CONTACT,MESH_CLEAR,0,0,1,L2_MESH_BVH
sobol_038,L06,L07,EXPECTED_INTERFACE_CONTACT,EXPECTED_INTERFACE_CONTACT,0,0,1,L3_SELECTIVE_EXACT
sobol_038,L06,L08,EXPECTED_INTERFACE_CONTACT,EXPECTED_INTERFACE_CONTACT,0,0,1,L3_SELECTIVE_EXACT
sobol_038,L06,L09,AABB_CLEAR,AABB_CLEAR,0,0,1,L1_AABB
sobol_038,L06,L10,AABB_FALSE_POSITIVE,MESH_CLEAR,0,0,1,L2_MESH_BVH
sobol_038,L07,L08,EXPECTED_INTERFACE_CONTACT,EXPECTED_INTERFACE_CONTACT,0,0,1,L0_FIXED_SAFE
sobol_038,L07,L09,AABB_CLEAR,AABB_CLEAR,0,0,1,L1_AABB
sobol_038,L07,L10,AABB_CLEAR,MESH_CLEAR,0,0,1,L2_MESH_BVH
sobol_038,L08,L09,EXPECTED_INTERFACE_CONTACT,EXPECTED_INTERFACE_CONTACT,0,0,1,L3_SELECTIVE_EXACT
sobol_038,L08,L10,EXPECTED_INTERFACE_CONTACT,EXPECTED_INTERFACE_CONTACT,0,0,1,L3_SELECTIVE_EXACT
sobol_038,L09,L10,AABB_CLEAR,AABB_CLEAR,0,0,1,L1_AABB
sobol_039,L00,L01,EXPECTED_INTERFACE_CONTACT,EXPECTED_INTERFACE_CONTACT,0,0,1,L3_SELECTIVE_EXACT
sobol_039,L00,L02,AABB_CLEAR,MESH_CLEAR,0,0,1,L2_MESH_BVH
sobol_039,L00,L03,AABB_CLEAR,AABB_CLEAR,0,0,1,L1_AABB
sobol_039,L00,L04,AABB_CLEAR,AABB_CLEAR,0,0,1,L1_AABB
sobol_039,L00,L05,AABB_CLEAR,AABB_CLEAR,0,0,1,L1_AABB
sobol_039,L00,L06,AABB_CLEAR,AABB_CLEAR,0,0,1,L1_AABB
sobol_039,L00,L07,AABB_CLEAR,AABB_CLEAR,0,0,1,L1_AABB
sobol_039,L00,L08,AABB_CLEAR,AABB_CLEAR,0,0,1,L1_AABB
sobol_039,L00,L09,AABB_CLEAR,AABB_CLEAR,0,0,1,L1_AABB
sobol_039,L00,L10,AABB_CLEAR,AABB_CLEAR,0,0,1,L1_AABB
sobol_039,L01,L02,EXPECTED_INTERFACE_CONTACT,EXPECTED_INTERFACE_CONTACT,0,0,1,L3_SELECTIVE_EXACT
sobol_039,L01,L03,AABB_CLEAR,AABB_CLEAR,0,0,1,L1_AABB
sobol_039,L01,L04,AABB_CLEAR,AABB_CLEAR,0,0,1,L1_AABB
sobol_039,L01,L05,AABB_CLEAR,AABB_CLEAR,0,0,1,L1_AABB
sobol_039,L01,L06,AABB_CLEAR,AABB_CLEAR,0,0,1,L1_AABB
sobol_039,L01,L07,AABB_CLEAR,AABB_CLEAR,0,0,1,L1_AABB
sobol_039,L01,L08,AABB_CLEAR,AABB_CLEAR,0,0,1,L1_AABB
sobol_039,L01,L09,AABB_CLEAR,AABB_CLEAR,0,0,1,L1_AABB
sobol_039,L01,L10,AABB_CLEAR,AABB_CLEAR,0,0,1,L1_AABB
sobol_039,L02,L03,EXPECTED_INTERFACE_CONTACT,EXPECTED_INTERFACE_CONTACT,0,0,1,L3_SELECTIVE_EXACT
sobol_039,L02,L04,AABB_CLEAR,AABB_CLEAR,0,0,1,L1_AABB
sobol_039,L02,L05,AABB_CLEAR,AABB_CLEAR,0,0,1,L1_AABB
sobol_039,L02,L06,AABB_CLEAR,AABB_CLEAR,0,0,1,L1_AABB
sobol_039,L02,L07,AABB_CLEAR,AABB_CLEAR,0,0,1,L1_AABB
sobol_039,L02,L08,AABB_CLEAR,AABB_CLEAR,0,0,1,L1_AABB
sobol_039,L02,L09,AABB_CLEAR,AABB_CLEAR,0,0,1,L1_AABB
sobol_039,L02,L10,AABB_CLEAR,AABB_CLEAR,0,0,1,L1_AABB
sobol_039,L03,L04,EXPECTED_INTERFACE_CONTACT,EXPECTED_INTERFACE_CONTACT,0,0,1,L3_SELECTIVE_EXACT
sobol_039,L03,L05,AABB_CLEAR,AABB_CLEAR,0,0,1,L1_AABB
sobol_039,L03,L06,AABB_CLEAR,AABB_CLEAR,0,0,1,L1_AABB
sobol_039,L03,L07,AABB_CLEAR,AABB_CLEAR,0,0,1,L1_AABB
sobol_039,L03,L08,AABB_CLEAR,AABB_CLEAR,0,0,1,L1_AABB
sobol_039,L03,L09,AABB_CLEAR,AABB_CLEAR,0,0,1,L1_AABB
sobol_039,L03,L10,AABB_CLEAR,AABB_CLEAR,0,0,1,L1_AABB
sobol_039,L04,L05,EXPECTED_INTERFACE_CONTACT,EXPECTED_INTERFACE_CONTACT,0,0,1,L0_FIXED_SAFE
sobol_039,L04,L06,EXPECTED_INTERFACE_CONTACT,EXPECTED_INTERFACE_CONTACT,0,0,1,L3_SELECTIVE_EXACT
sobol_039,L04,L07,EXPECTED_INTERFACE_CONTACT,EXPECTED_INTERFACE_CONTACT,0,0,1,L3_SELECTIVE_EXACT
sobol_039,L04,L08,EXPECTED_INTERFACE_CONTACT,MESH_CLEAR,0,0,1,L2_MESH_BVH
sobol_039,L04,L09,AABB_CLEAR,AABB_CLEAR,0,0,1,L1_AABB
sobol_039,L04,L10,AABB_CLEAR,AABB_CLEAR,0,0,1,L1_AABB
sobol_039,L05,L06,EXPECTED_INTERFACE_CONTACT,EXPECTED_INTERFACE_CONTACT,0,0,1,L3_SELECTIVE_EXACT
sobol_039,L05,L07,EXPECTED_INTERFACE_CONTACT,EXPECTED_INTERFACE_CONTACT,0,0,1,L0_FIXED_SAFE
sobol_039,L05,L08,EXPECTED_INTERFACE_CONTACT,EXPECTED_INTERFACE_CONTACT,0,0,1,L3_SELECTIVE_EXACT
sobol_039,L05,L09,EXPECTED_INTERFACE_CONTACT,EXPECTED_INTERFACE_CONTACT,0,0,1,L3_SELECTIVE_EXACT
sobol_039,L05,L10,EXPECTED_INTERFACE_CONTACT,EXPECTED_INTERFACE_CONTACT,0,0,1,L3_SELECTIVE_EXACT
sobol_039,L06,L07,EXPECTED_INTERFACE_CONTACT,EXPECTED_INTERFACE_CONTACT,0,0,1,L3_SELECTIVE_EXACT
sobol_039,L06,L08,EXPECTED_INTERFACE_CONTACT,EXPECTED_INTERFACE_CONTACT,0,0,1,L3_SELECTIVE_EXACT
sobol_039,L06,L09,AABB_CLEAR,MESH_CLEAR,0,0,1,L2_MESH_BVH
sobol_039,L06,L10,AABB_FALSE_POSITIVE,MESH_CLEAR,0,0,1,L2_MESH_BVH
sobol_039,L07,L08,EXPECTED_INTERFACE_CONTACT,EXPECTED_INTERFACE_CONTACT,0,0,1,L0_FIXED_SAFE
sobol_039,L07,L09,AABB_CLEAR,AABB_CLEAR,0,0,1,L1_AABB
sobol_039,L07,L10,EXPECTED_INTERFACE_CONTACT,MESH_CLEAR,0,0,1,L2_MESH_BVH
sobol_039,L08,L09,EXPECTED_INTERFACE_CONTACT,EXPECTED_INTERFACE_CONTACT,0,0,1,L3_SELECTIVE_EXACT
sobol_039,L08,L10,EXPECTED_INTERFACE_CONTACT,EXPECTED_INTERFACE_CONTACT,0,0,1,L3_SELECTIVE_EXACT
sobol_039,L09,L10,AABB_CLEAR,MESH_CLEAR,0,0,1,L2_MESH_BVH
sobol_040,L00,L01,EXPECTED_INTERFACE_CONTACT,EXPECTED_INTERFACE_CONTACT,0,0,1,L3_SELECTIVE_EXACT
sobol_040,L00,L02,AABB_CLEAR,AABB_CLEAR,0,0,1,L1_AABB
sobol_040,L00,L03,AABB_CLEAR,AABB_CLEAR,0,0,1,L1_AABB
sobol_040,L00,L04,AABB_CLEAR,AABB_CLEAR,0,0,1,L1_AABB
sobol_040,L00,L05,AABB_CLEAR,AABB_CLEAR,0,0,1,L1_AABB
sobol_040,L00,L06,AABB_CLEAR,AABB_CLEAR,0,0,1,L1_AABB
sobol_040,L00,L07,AABB_CLEAR,AABB_CLEAR,0,0,1,L1_AABB
sobol_040,L00,L08,AABB_CLEAR,AABB_CLEAR,0,0,1,L1_AABB
sobol_040,L00,L09,AABB_CLEAR,AABB_CLEAR,0,0,1,L1_AABB
sobol_040,L00,L10,AABB_CLEAR,AABB_CLEAR,0,0,1,L1_AABB
sobol_040,L01,L02,EXPECTED_INTERFACE_CONTACT,EXPECTED_INTERFACE_CONTACT,0,0,1,L3_SELECTIVE_EXACT
sobol_040,L01,L03,AABB_CLEAR,AABB_CLEAR,0,0,1,L1_AABB
sobol_040,L01,L04,AABB_CLEAR,AABB_CLEAR,0,0,1,L1_AABB
sobol_040,L01,L05,AABB_CLEAR,AABB_CLEAR,0,0,1,L1_AABB
sobol_040,L01,L06,AABB_CLEAR,AABB_CLEAR,0,0,1,L1_AABB
sobol_040,L01,L07,AABB_CLEAR,AABB_CLEAR,0,0,1,L1_AABB
sobol_040,L01,L08,AABB_CLEAR,AABB_CLEAR,0,0,1,L1_AABB
sobol_040,L01,L09,AABB_CLEAR,AABB_CLEAR,0,0,1,L1_AABB
sobol_040,L01,L10,AABB_CLEAR,AABB_CLEAR,0,0,1,L1_AABB
sobol_040,L02,L03,EXPECTED_INTERFACE_CONTACT,EXPECTED_INTERFACE_CONTACT,0,0,1,L3_SELECTIVE_EXACT
sobol_040,L02,L04,AABB_CLEAR,AABB_CLEAR,0,0,1,L1_AABB
sobol_040,L02,L05,AABB_CLEAR,AABB_CLEAR,0,0,1,L1_AABB
sobol_040,L02,L06,AABB_CLEAR,AABB_CLEAR,0,0,1,L1_AABB
sobol_040,L02,L07,AABB_CLEAR,AABB_CLEAR,0,0,1,L1_AABB
sobol_040,L02,L08,AABB_CLEAR,AABB_CLEAR,0,0,1,L1_AABB
sobol_040,L02,L09,AABB_CLEAR,AABB_CLEAR,0,0,1,L1_AABB
sobol_040,L02,L10,AABB_CLEAR,AABB_CLEAR,0,0,1,L1_AABB
sobol_040,L03,L04,EXPECTED_INTERFACE_CONTACT,EXPECTED_INTERFACE_CONTACT,0,0,1,L3_SELECTIVE_EXACT
sobol_040,L03,L05,AABB_CLEAR,AABB_CLEAR,0,0,1,L1_AABB
sobol_040,L03,L06,AABB_CLEAR,AABB_CLEAR,0,0,1,L1_AABB
sobol_040,L03,L07,AABB_CLEAR,AABB_CLEAR,0,0,1,L1_AABB
sobol_040,L03,L08,AABB_CLEAR,AABB_CLEAR,0,0,1,L1_AABB
sobol_040,L03,L09,AABB_CLEAR,AABB_CLEAR,0,0,1,L1_AABB
sobol_040,L03,L10,AABB_CLEAR,AABB_CLEAR,0,0,1,L1_AABB
sobol_040,L04,L05,EXPECTED_INTERFACE_CONTACT,EXPECTED_INTERFACE_CONTACT,0,0,1,L0_FIXED_SAFE
sobol_040,L04,L06,EXPECTED_INTERFACE_CONTACT,EXPECTED_INTERFACE_CONTACT,0,0,1,L3_SELECTIVE_EXACT
sobol_040,L04,L07,EXPECTED_INTERFACE_CONTACT,EXPECTED_INTERFACE_CONTACT,0,0,1,L3_SELECTIVE_EXACT
sobol_040,L04,L08,AABB_CLEAR,AABB_CLEAR,0,0,1,L1_AABB
sobol_040,L04,L09,AABB_CLEAR,AABB_CLEAR,0,0,1,L1_AABB
sobol_040,L04,L10,AABB_CLEAR,AABB_CLEAR,0,0,1,L1_AABB
sobol_040,L05,L06,EXPECTED_INTERFACE_CONTACT,EXPECTED_INTERFACE_CONTACT,0,0,1,L3_SELECTIVE_EXACT
sobol_040,L05,L07,EXPECTED_INTERFACE_CONTACT,EXPECTED_INTERFACE_CONTACT,0,0,1,L0_FIXED_SAFE
sobol_040,L05,L08,EXPECTED_INTERFACE_CONTACT,EXPECTED_INTERFACE_CONTACT,0,0,1,L3_SELECTIVE_EXACT
sobol_040,L05,L09,EXPECTED_INTERFACE_CONTACT,EXPECTED_INTERFACE_CONTACT,0,0,1,L3_SELECTIVE_EXACT
sobol_040,L05,L10,EXPECTED_INTERFACE_CONTACT,EXPECTED_INTERFACE_CONTACT,0,0,1,L3_SELECTIVE_EXACT
sobol_040,L06,L07,EXPECTED_INTERFACE_CONTACT,EXPECTED_INTERFACE_CONTACT,0,0,1,L3_SELECTIVE_EXACT
sobol_040,L06,L08,EXPECTED_INTERFACE_CONTACT,EXPECTED_INTERFACE_CONTACT,0,0,1,L3_SELECTIVE_EXACT
sobol_040,L06,L09,AABB_FALSE_POSITIVE,MESH_CLEAR,0,0,1,L2_MESH_BVH
sobol_040,L06,L10,AABB_FALSE_POSITIVE,AABB_FALSE_POSITIVE,0,0,1,L3_SELECTIVE_EXACT
sobol_040,L07,L08,EXPECTED_INTERFACE_CONTACT,EXPECTED_INTERFACE_CONTACT,0,0,1,L0_FIXED_SAFE
sobol_040,L07,L09,AABB_CLEAR,AABB_CLEAR,0,0,1,L1_AABB
sobol_040,L07,L10,AABB_CLEAR,AABB_CLEAR,0,0,1,L1_AABB
sobol_040,L08,L09,EXPECTED_INTERFACE_CONTACT,EXPECTED_INTERFACE_CONTACT,0,0,1,L3_SELECTIVE_EXACT
sobol_040,L08,L10,EXPECTED_INTERFACE_CONTACT,EXPECTED_INTERFACE_CONTACT,0,0,1,L3_SELECTIVE_EXACT
sobol_040,L09,L10,AABB_CLEAR,AABB_CLEAR,0,0,1,L1_AABB
sobol_041,L00,L01,EXPECTED_INTERFACE_CONTACT,EXPECTED_INTERFACE_CONTACT,0,0,1,L3_SELECTIVE_EXACT
sobol_041,L00,L02,AABB_CLEAR,MESH_CLEAR,0,0,1,L2_MESH_BVH
sobol_041,L00,L03,AABB_CLEAR,AABB_CLEAR,0,0,1,L1_AABB
sobol_041,L00,L04,AABB_CLEAR,AABB_CLEAR,0,0,1,L1_AABB
sobol_041,L00,L05,AABB_CLEAR,AABB_CLEAR,0,0,1,L1_AABB
sobol_041,L00,L06,AABB_CLEAR,AABB_CLEAR,0,0,1,L1_AABB
sobol_041,L00,L07,AABB_CLEAR,AABB_CLEAR,0,0,1,L1_AABB
sobol_041,L00,L08,AABB_CLEAR,AABB_CLEAR,0,0,1,L1_AABB
sobol_041,L00,L09,AABB_CLEAR,AABB_CLEAR,0,0,1,L1_AABB
sobol_041,L00,L10,AABB_CLEAR,AABB_CLEAR,0,0,1,L1_AABB
sobol_041,L01,L02,EXPECTED_INTERFACE_CONTACT,EXPECTED_INTERFACE_CONTACT,0,0,1,L3_SELECTIVE_EXACT
sobol_041,L01,L03,AABB_CLEAR,AABB_CLEAR,0,0,1,L1_AABB
sobol_041,L01,L04,AABB_CLEAR,AABB_CLEAR,0,0,1,L1_AABB
sobol_041,L01,L05,AABB_CLEAR,AABB_CLEAR,0,0,1,L1_AABB
sobol_041,L01,L06,AABB_CLEAR,AABB_CLEAR,0,0,1,L1_AABB
sobol_041,L01,L07,AABB_CLEAR,AABB_CLEAR,0,0,1,L1_AABB
sobol_041,L01,L08,AABB_CLEAR,AABB_CLEAR,0,0,1,L1_AABB
sobol_041,L01,L09,AABB_CLEAR,AABB_CLEAR,0,0,1,L1_AABB
sobol_041,L01,L10,AABB_CLEAR,AABB_CLEAR,0,0,1,L1_AABB
sobol_041,L02,L03,EXPECTED_INTERFACE_CONTACT,EXPECTED_INTERFACE_CONTACT,0,0,1,L3_SELECTIVE_EXACT
sobol_041,L02,L04,AABB_CLEAR,AABB_CLEAR,0,0,1,L1_AABB
sobol_041,L02,L05,AABB_CLEAR,AABB_CLEAR,0,0,1,L1_AABB
sobol_041,L02,L06,AABB_CLEAR,AABB_CLEAR,0,0,1,L1_AABB
sobol_041,L02,L07,AABB_CLEAR,AABB_CLEAR,0,0,1,L1_AABB
sobol_041,L02,L08,AABB_CLEAR,AABB_CLEAR,0,0,1,L1_AABB
sobol_041,L02,L09,AABB_CLEAR,AABB_CLEAR,0,0,1,L1_AABB
sobol_041,L02,L10,AABB_CLEAR,AABB_CLEAR,0,0,1,L1_AABB
sobol_041,L03,L04,EXPECTED_INTERFACE_CONTACT,EXPECTED_INTERFACE_CONTACT,0,0,1,L3_SELECTIVE_EXACT
sobol_041,L03,L05,AABB_CLEAR,AABB_CLEAR,0,0,1,L1_AABB
sobol_041,L03,L06,AABB_CLEAR,AABB_CLEAR,0,0,1,L1_AABB
sobol_041,L03,L07,AABB_CLEAR,AABB_CLEAR,0,0,1,L1_AABB
sobol_041,L03,L08,AABB_CLEAR,AABB_CLEAR,0,0,1,L1_AABB
sobol_041,L03,L09,AABB_CLEAR,AABB_CLEAR,0,0,1,L1_AABB
sobol_041,L03,L10,AABB_CLEAR,AABB_CLEAR,0,0,1,L1_AABB
sobol_041,L04,L05,EXPECTED_INTERFACE_CONTACT,EXPECTED_INTERFACE_CONTACT,0,0,1,L0_FIXED_SAFE
sobol_041,L04,L06,EXPECTED_INTERFACE_CONTACT,EXPECTED_INTERFACE_CONTACT,0,0,1,L3_SELECTIVE_EXACT
sobol_041,L04,L07,EXPECTED_INTERFACE_CONTACT,EXPECTED_INTERFACE_CONTACT,0,0,1,L3_SELECTIVE_EXACT
sobol_041,L04,L08,AABB_CLEAR,AABB_CLEAR,0,0,1,L1_AABB
sobol_041,L04,L09,AABB_CLEAR,AABB_CLEAR,0,0,1,L1_AABB
sobol_041,L04,L10,AABB_CLEAR,AABB_CLEAR,0,0,1,L1_AABB
sobol_041,L05,L06,EXPECTED_INTERFACE_CONTACT,EXPECTED_INTERFACE_CONTACT,0,0,1,L3_SELECTIVE_EXACT
sobol_041,L05,L07,EXPECTED_INTERFACE_CONTACT,EXPECTED_INTERFACE_CONTACT,0,0,1,L0_FIXED_SAFE
sobol_041,L05,L08,EXPECTED_INTERFACE_CONTACT,EXPECTED_INTERFACE_CONTACT,0,0,1,L3_SELECTIVE_EXACT
sobol_041,L05,L09,AABB_CLEAR,MESH_CLEAR,0,0,1,L2_MESH_BVH
sobol_041,L05,L10,EXPECTED_INTERFACE_CONTACT,MESH_CLEAR,0,0,1,L2_MESH_BVH
sobol_041,L06,L07,EXPECTED_INTERFACE_CONTACT,EXPECTED_INTERFACE_CONTACT,0,0,1,L3_SELECTIVE_EXACT
sobol_041,L06,L08,EXPECTED_INTERFACE_CONTACT,EXPECTED_INTERFACE_CONTACT,0,0,1,L3_SELECTIVE_EXACT
sobol_041,L06,L09,AABB_CLEAR,MESH_CLEAR,0,0,1,L2_MESH_BVH
sobol_041,L06,L10,AABB_CLEAR,MESH_CLEAR,0,0,1,L2_MESH_BVH
sobol_041,L07,L08,EXPECTED_INTERFACE_CONTACT,EXPECTED_INTERFACE_CONTACT,0,0,1,L0_FIXED_SAFE
sobol_041,L07,L09,AABB_CLEAR,AABB_CLEAR,0,0,1,L1_AABB
sobol_041,L07,L10,AABB_CLEAR,MESH_CLEAR,0,0,1,L2_MESH_BVH
sobol_041,L08,L09,EXPECTED_INTERFACE_CONTACT,EXPECTED_INTERFACE_CONTACT,0,0,1,L3_SELECTIVE_EXACT
sobol_041,L08,L10,EXPECTED_INTERFACE_CONTACT,EXPECTED_INTERFACE_CONTACT,0,0,1,L3_SELECTIVE_EXACT
sobol_041,L09,L10,AABB_CLEAR,AABB_CLEAR,0,0,1,L1_AABB
sobol_042,L00,L01,EXPECTED_INTERFACE_CONTACT,EXPECTED_INTERFACE_CONTACT,0,0,1,L3_SELECTIVE_EXACT
sobol_042,L00,L02,AABB_CLEAR,MESH_CLEAR,0,0,1,L2_MESH_BVH
sobol_042,L00,L03,AABB_CLEAR,AABB_CLEAR,0,0,1,L1_AABB
sobol_042,L00,L04,AABB_CLEAR,AABB_CLEAR,0,0,1,L1_AABB
sobol_042,L00,L05,AABB_CLEAR,AABB_CLEAR,0,0,1,L1_AABB
sobol_042,L00,L06,AABB_CLEAR,AABB_CLEAR,0,0,1,L1_AABB
sobol_042,L00,L07,AABB_CLEAR,AABB_CLEAR,0,0,1,L1_AABB
sobol_042,L00,L08,AABB_CLEAR,AABB_CLEAR,0,0,1,L1_AABB
sobol_042,L00,L09,AABB_CLEAR,AABB_CLEAR,0,0,1,L1_AABB
sobol_042,L00,L10,AABB_CLEAR,AABB_CLEAR,0,0,1,L1_AABB
sobol_042,L01,L02,EXPECTED_INTERFACE_CONTACT,EXPECTED_INTERFACE_CONTACT,0,0,1,L3_SELECTIVE_EXACT
sobol_042,L01,L03,AABB_CLEAR,AABB_CLEAR,0,0,1,L1_AABB
sobol_042,L01,L04,AABB_CLEAR,AABB_CLEAR,0,0,1,L1_AABB
sobol_042,L01,L05,AABB_CLEAR,AABB_CLEAR,0,0,1,L1_AABB
sobol_042,L01,L06,AABB_CLEAR,AABB_CLEAR,0,0,1,L1_AABB
sobol_042,L01,L07,AABB_CLEAR,AABB_CLEAR,0,0,1,L1_AABB
sobol_042,L01,L08,AABB_CLEAR,AABB_CLEAR,0,0,1,L1_AABB
sobol_042,L01,L09,AABB_CLEAR,AABB_CLEAR,0,0,1,L1_AABB
sobol_042,L01,L10,AABB_CLEAR,AABB_CLEAR,0,0,1,L1_AABB
sobol_042,L02,L03,EXPECTED_INTERFACE_CONTACT,EXPECTED_INTERFACE_CONTACT,0,0,1,L3_SELECTIVE_EXACT
sobol_042,L02,L04,AABB_CLEAR,AABB_CLEAR,0,0,1,L1_AABB
sobol_042,L02,L05,AABB_CLEAR,AABB_CLEAR,0,0,1,L1_AABB
sobol_042,L02,L06,AABB_CLEAR,AABB_CLEAR,0,0,1,L1_AABB
sobol_042,L02,L07,AABB_CLEAR,AABB_CLEAR,0,0,1,L1_AABB
sobol_042,L02,L08,AABB_CLEAR,AABB_CLEAR,0,0,1,L1_AABB
sobol_042,L02,L09,AABB_CLEAR,AABB_CLEAR,0,0,1,L1_AABB
sobol_042,L02,L10,AABB_CLEAR,AABB_CLEAR,0,0,1,L1_AABB
sobol_042,L03,L04,EXPECTED_INTERFACE_CONTACT,EXPECTED_INTERFACE_CONTACT,0,0,1,L3_SELECTIVE_EXACT
sobol_042,L03,L05,AABB_CLEAR,AABB_CLEAR,0,0,1,L1_AABB
sobol_042,L03,L06,AABB_CLEAR,AABB_CLEAR,0,0,1,L1_AABB
sobol_042,L03,L07,AABB_CLEAR,AABB_CLEAR,0,0,1,L1_AABB
sobol_042,L03,L08,AABB_CLEAR,AABB_CLEAR,0,0,1,L1_AABB
sobol_042,L03,L09,AABB_CLEAR,AABB_CLEAR,0,0,1,L1_AABB
sobol_042,L03,L10,AABB_CLEAR,AABB_CLEAR,0,0,1,L1_AABB
sobol_042,L04,L05,EXPECTED_INTERFACE_CONTACT,EXPECTED_INTERFACE_CONTACT,0,0,1,L0_FIXED_SAFE
sobol_042,L04,L06,EXPECTED_INTERFACE_CONTACT,EXPECTED_INTERFACE_CONTACT,0,0,1,L3_SELECTIVE_EXACT
sobol_042,L04,L07,EXPECTED_INTERFACE_CONTACT,EXPECTED_INTERFACE_CONTACT,0,0,1,L3_SELECTIVE_EXACT
sobol_042,L04,L08,AABB_CLEAR,AABB_CLEAR,0,0,1,L1_AABB
sobol_042,L04,L09,AABB_CLEAR,AABB_CLEAR,0,0,1,L1_AABB
sobol_042,L04,L10,AABB_CLEAR,AABB_CLEAR,0,0,1,L1_AABB
sobol_042,L05,L06,EXPECTED_INTERFACE_CONTACT,EXPECTED_INTERFACE_CONTACT,0,0,1,L3_SELECTIVE_EXACT
sobol_042,L05,L07,EXPECTED_INTERFACE_CONTACT,EXPECTED_INTERFACE_CONTACT,0,0,1,L0_FIXED_SAFE
sobol_042,L05,L08,EXPECTED_INTERFACE_CONTACT,EXPECTED_INTERFACE_CONTACT,0,0,1,L3_SELECTIVE_EXACT
sobol_042,L05,L09,AABB_CLEAR,MESH_CLEAR,0,0,1,L2_MESH_BVH
sobol_042,L05,L10,EXPECTED_INTERFACE_CONTACT,EXPECTED_INTERFACE_CONTACT,0,0,1,L3_SELECTIVE_EXACT
sobol_042,L06,L07,EXPECTED_INTERFACE_CONTACT,EXPECTED_INTERFACE_CONTACT,0,0,1,L3_SELECTIVE_EXACT
sobol_042,L06,L08,EXPECTED_INTERFACE_CONTACT,EXPECTED_INTERFACE_CONTACT,0,0,1,L3_SELECTIVE_EXACT
sobol_042,L06,L09,AABB_CLEAR,AABB_CLEAR,0,0,1,L1_AABB
sobol_042,L06,L10,AABB_FALSE_POSITIVE,MESH_CLEAR,0,0,1,L2_MESH_BVH
sobol_042,L07,L08,EXPECTED_INTERFACE_CONTACT,EXPECTED_INTERFACE_CONTACT,0,0,1,L0_FIXED_SAFE
sobol_042,L07,L09,AABB_CLEAR,AABB_CLEAR,0,0,1,L1_AABB
sobol_042,L07,L10,EXPECTED_INTERFACE_CONTACT,MESH_CLEAR,0,0,1,L2_MESH_BVH
sobol_042,L08,L09,EXPECTED_INTERFACE_CONTACT,EXPECTED_INTERFACE_CONTACT,0,0,1,L3_SELECTIVE_EXACT
sobol_042,L08,L10,EXPECTED_INTERFACE_CONTACT,EXPECTED_INTERFACE_CONTACT,0,0,1,L3_SELECTIVE_EXACT
sobol_042,L09,L10,AABB_CLEAR,AABB_CLEAR,0,0,1,L1_AABB
sobol_043,L00,L01,EXPECTED_INTERFACE_CONTACT,EXPECTED_INTERFACE_CONTACT,0,0,1,L3_SELECTIVE_EXACT
sobol_043,L00,L02,AABB_CLEAR,AABB_CLEAR,0,0,1,L1_AABB
sobol_043,L00,L03,AABB_CLEAR,AABB_CLEAR,0,0,1,L1_AABB
sobol_043,L00,L04,AABB_CLEAR,AABB_CLEAR,0,0,1,L1_AABB
sobol_043,L00,L05,AABB_CLEAR,AABB_CLEAR,0,0,1,L1_AABB
sobol_043,L00,L06,AABB_CLEAR,AABB_CLEAR,0,0,1,L1_AABB
sobol_043,L00,L07,AABB_CLEAR,AABB_CLEAR,0,0,1,L1_AABB
sobol_043,L00,L08,AABB_CLEAR,AABB_CLEAR,0,0,1,L1_AABB
sobol_043,L00,L09,AABB_CLEAR,AABB_CLEAR,0,0,1,L1_AABB
sobol_043,L00,L10,AABB_CLEAR,AABB_CLEAR,0,0,1,L1_AABB
sobol_043,L01,L02,EXPECTED_INTERFACE_CONTACT,EXPECTED_INTERFACE_CONTACT,0,0,1,L3_SELECTIVE_EXACT
sobol_043,L01,L03,AABB_CLEAR,AABB_CLEAR,0,0,1,L1_AABB
sobol_043,L01,L04,AABB_CLEAR,AABB_CLEAR,0,0,1,L1_AABB
sobol_043,L01,L05,AABB_CLEAR,AABB_CLEAR,0,0,1,L1_AABB
sobol_043,L01,L06,AABB_CLEAR,AABB_CLEAR,0,0,1,L1_AABB
sobol_043,L01,L07,AABB_CLEAR,AABB_CLEAR,0,0,1,L1_AABB
sobol_043,L01,L08,AABB_CLEAR,AABB_CLEAR,0,0,1,L1_AABB
sobol_043,L01,L09,AABB_CLEAR,AABB_CLEAR,0,0,1,L1_AABB
sobol_043,L01,L10,AABB_CLEAR,AABB_CLEAR,0,0,1,L1_AABB
sobol_043,L02,L03,EXPECTED_INTERFACE_CONTACT,EXPECTED_INTERFACE_CONTACT,0,0,1,L3_SELECTIVE_EXACT
sobol_043,L02,L04,AABB_CLEAR,AABB_CLEAR,0,0,1,L1_AABB
sobol_043,L02,L05,AABB_CLEAR,AABB_CLEAR,0,0,1,L1_AABB
sobol_043,L02,L06,AABB_CLEAR,AABB_CLEAR,0,0,1,L1_AABB
sobol_043,L02,L07,AABB_CLEAR,AABB_CLEAR,0,0,1,L1_AABB
sobol_043,L02,L08,AABB_CLEAR,AABB_CLEAR,0,0,1,L1_AABB
sobol_043,L02,L09,AABB_CLEAR,AABB_CLEAR,0,0,1,L1_AABB
sobol_043,L02,L10,AABB_CLEAR,AABB_CLEAR,0,0,1,L1_AABB
sobol_043,L03,L04,EXPECTED_INTERFACE_CONTACT,EXPECTED_INTERFACE_CONTACT,0,0,1,L3_SELECTIVE_EXACT
sobol_043,L03,L05,AABB_CLEAR,AABB_CLEAR,0,0,1,L1_AABB
sobol_043,L03,L06,AABB_CLEAR,AABB_CLEAR,0,0,1,L1_AABB
sobol_043,L03,L07,AABB_CLEAR,AABB_CLEAR,0,0,1,L1_AABB
sobol_043,L03,L08,AABB_CLEAR,AABB_CLEAR,0,0,1,L1_AABB
sobol_043,L03,L09,AABB_CLEAR,AABB_CLEAR,0,0,1,L1_AABB
sobol_043,L03,L10,AABB_CLEAR,AABB_CLEAR,0,0,1,L1_AABB
sobol_043,L04,L05,EXPECTED_INTERFACE_CONTACT,EXPECTED_INTERFACE_CONTACT,0,0,1,L0_FIXED_SAFE
sobol_043,L04,L06,EXPECTED_INTERFACE_CONTACT,EXPECTED_INTERFACE_CONTACT,0,0,1,L3_SELECTIVE_EXACT
sobol_043,L04,L07,EXPECTED_INTERFACE_CONTACT,EXPECTED_INTERFACE_CONTACT,0,0,1,L3_SELECTIVE_EXACT
sobol_043,L04,L08,AABB_CLEAR,AABB_CLEAR,0,0,1,L1_AABB
sobol_043,L04,L09,AABB_CLEAR,AABB_CLEAR,0,0,1,L1_AABB
sobol_043,L04,L10,AABB_CLEAR,MESH_CLEAR,0,0,1,L2_MESH_BVH
sobol_043,L05,L06,EXPECTED_INTERFACE_CONTACT,EXPECTED_INTERFACE_CONTACT,0,0,1,L3_SELECTIVE_EXACT
sobol_043,L05,L07,EXPECTED_INTERFACE_CONTACT,EXPECTED_INTERFACE_CONTACT,0,0,1,L0_FIXED_SAFE
sobol_043,L05,L08,EXPECTED_INTERFACE_CONTACT,EXPECTED_INTERFACE_CONTACT,0,0,1,L3_SELECTIVE_EXACT
sobol_043,L05,L09,EXPECTED_INTERFACE_CONTACT,EXPECTED_INTERFACE_CONTACT,0,0,1,L3_SELECTIVE_EXACT
sobol_043,L05,L10,EXPECTED_INTERFACE_CONTACT,EXPECTED_INTERFACE_CONTACT,0,0,1,L3_SELECTIVE_EXACT
sobol_043,L06,L07,EXPECTED_INTERFACE_CONTACT,EXPECTED_INTERFACE_CONTACT,0,0,1,L3_SELECTIVE_EXACT
sobol_043,L06,L08,EXPECTED_INTERFACE_CONTACT,EXPECTED_INTERFACE_CONTACT,0,0,1,L3_SELECTIVE_EXACT
sobol_043,L06,L09,AABB_CLEAR,MESH_CLEAR,0,0,1,L2_MESH_BVH
sobol_043,L06,L10,AABB_FALSE_POSITIVE,AABB_FALSE_POSITIVE,0,0,1,L3_SELECTIVE_EXACT
sobol_043,L07,L08,EXPECTED_INTERFACE_CONTACT,EXPECTED_INTERFACE_CONTACT,0,0,1,L0_FIXED_SAFE
sobol_043,L07,L09,AABB_CLEAR,AABB_CLEAR,0,0,1,L1_AABB
sobol_043,L07,L10,EXPECTED_INTERFACE_CONTACT,MESH_CLEAR,0,0,1,L2_MESH_BVH
sobol_043,L08,L09,EXPECTED_INTERFACE_CONTACT,EXPECTED_INTERFACE_CONTACT,0,0,1,L3_SELECTIVE_EXACT
sobol_043,L08,L10,EXPECTED_INTERFACE_CONTACT,EXPECTED_INTERFACE_CONTACT,0,0,1,L3_SELECTIVE_EXACT
sobol_043,L09,L10,AABB_CLEAR,AABB_CLEAR,0,0,1,L1_AABB
sobol_044,L00,L01,EXPECTED_INTERFACE_CONTACT,EXPECTED_INTERFACE_CONTACT,0,0,1,L3_SELECTIVE_EXACT
sobol_044,L00,L02,AABB_CLEAR,AABB_CLEAR,0,0,1,L1_AABB
sobol_044,L00,L03,AABB_CLEAR,AABB_CLEAR,0,0,1,L1_AABB
sobol_044,L00,L04,AABB_CLEAR,AABB_CLEAR,0,0,1,L1_AABB
sobol_044,L00,L05,AABB_CLEAR,AABB_CLEAR,0,0,1,L1_AABB
sobol_044,L00,L06,AABB_CLEAR,AABB_CLEAR,0,0,1,L1_AABB
sobol_044,L00,L07,AABB_CLEAR,AABB_CLEAR,0,0,1,L1_AABB
sobol_044,L00,L08,AABB_CLEAR,AABB_CLEAR,0,0,1,L1_AABB
sobol_044,L00,L09,AABB_CLEAR,AABB_CLEAR,0,0,1,L1_AABB
sobol_044,L00,L10,AABB_CLEAR,AABB_CLEAR,0,0,1,L1_AABB
sobol_044,L01,L02,EXPECTED_INTERFACE_CONTACT,EXPECTED_INTERFACE_CONTACT,0,0,1,L3_SELECTIVE_EXACT
sobol_044,L01,L03,AABB_CLEAR,AABB_CLEAR,0,0,1,L1_AABB
sobol_044,L01,L04,AABB_CLEAR,AABB_CLEAR,0,0,1,L1_AABB
sobol_044,L01,L05,AABB_CLEAR,AABB_CLEAR,0,0,1,L1_AABB
sobol_044,L01,L06,AABB_CLEAR,AABB_CLEAR,0,0,1,L1_AABB
sobol_044,L01,L07,AABB_CLEAR,AABB_CLEAR,0,0,1,L1_AABB
sobol_044,L01,L08,AABB_CLEAR,AABB_CLEAR,0,0,1,L1_AABB
sobol_044,L01,L09,AABB_CLEAR,AABB_CLEAR,0,0,1,L1_AABB
sobol_044,L01,L10,AABB_CLEAR,AABB_CLEAR,0,0,1,L1_AABB
sobol_044,L02,L03,EXPECTED_INTERFACE_CONTACT,EXPECTED_INTERFACE_CONTACT,0,0,1,L3_SELECTIVE_EXACT
sobol_044,L02,L04,AABB_CLEAR,AABB_CLEAR,0,0,1,L1_AABB
sobol_044,L02,L05,AABB_CLEAR,AABB_CLEAR,0,0,1,L1_AABB
sobol_044,L02,L06,AABB_CLEAR,AABB_CLEAR,0,0,1,L1_AABB
sobol_044,L02,L07,AABB_CLEAR,AABB_CLEAR,0,0,1,L1_AABB
sobol_044,L02,L08,AABB_CLEAR,AABB_CLEAR,0,0,1,L1_AABB
sobol_044,L02,L09,AABB_CLEAR,AABB_CLEAR,0,0,1,L1_AABB
sobol_044,L02,L10,AABB_CLEAR,AABB_CLEAR,0,0,1,L1_AABB
sobol_044,L03,L04,EXPECTED_INTERFACE_CONTACT,EXPECTED_INTERFACE_CONTACT,0,0,1,L3_SELECTIVE_EXACT
sobol_044,L03,L05,AABB_CLEAR,AABB_CLEAR,0,0,1,L1_AABB
sobol_044,L03,L06,AABB_CLEAR,AABB_CLEAR,0,0,1,L1_AABB
sobol_044,L03,L07,AABB_CLEAR,AABB_CLEAR,0,0,1,L1_AABB
sobol_044,L03,L08,AABB_CLEAR,AABB_CLEAR,0,0,1,L1_AABB
sobol_044,L03,L09,AABB_CLEAR,AABB_CLEAR,0,0,1,L1_AABB
sobol_044,L03,L10,AABB_CLEAR,AABB_CLEAR,0,0,1,L1_AABB
sobol_044,L04,L05,EXPECTED_INTERFACE_CONTACT,EXPECTED_INTERFACE_CONTACT,0,0,1,L0_FIXED_SAFE
sobol_044,L04,L06,EXPECTED_INTERFACE_CONTACT,EXPECTED_INTERFACE_CONTACT,0,0,1,L3_SELECTIVE_EXACT
sobol_044,L04,L07,EXPECTED_INTERFACE_CONTACT,EXPECTED_INTERFACE_CONTACT,0,0,1,L3_SELECTIVE_EXACT
sobol_044,L04,L08,EXPECTED_INTERFACE_CONTACT,MESH_CLEAR,0,0,1,L2_MESH_BVH
sobol_044,L04,L09,AABB_CLEAR,AABB_CLEAR,0,0,1,L1_AABB
sobol_044,L04,L10,AABB_CLEAR,AABB_CLEAR,0,0,1,L1_AABB
sobol_044,L05,L06,EXPECTED_INTERFACE_CONTACT,EXPECTED_INTERFACE_CONTACT,0,0,1,L3_SELECTIVE_EXACT
sobol_044,L05,L07,EXPECTED_INTERFACE_CONTACT,EXPECTED_INTERFACE_CONTACT,0,0,1,L0_FIXED_SAFE
sobol_044,L05,L08,EXPECTED_INTERFACE_CONTACT,EXPECTED_INTERFACE_CONTACT,0,0,1,L3_SELECTIVE_EXACT
sobol_044,L05,L09,EXPECTED_INTERFACE_CONTACT,EXPECTED_INTERFACE_CONTACT,0,0,1,L3_SELECTIVE_EXACT
sobol_044,L05,L10,EXPECTED_INTERFACE_CONTACT,EXPECTED_INTERFACE_CONTACT,0,0,1,L3_SELECTIVE_EXACT
sobol_044,L06,L07,EXPECTED_INTERFACE_CONTACT,EXPECTED_INTERFACE_CONTACT,0,0,1,L3_SELECTIVE_EXACT
sobol_044,L06,L08,EXPECTED_INTERFACE_CONTACT,EXPECTED_INTERFACE_CONTACT,0,0,1,L3_SELECTIVE_EXACT
sobol_044,L06,L09,AABB_FALSE_POSITIVE,AABB_FALSE_POSITIVE,0,0,1,L3_SELECTIVE_EXACT
sobol_044,L06,L10,AABB_FALSE_POSITIVE,MESH_CLEAR,0,0,1,L2_MESH_BVH
sobol_044,L07,L08,EXPECTED_INTERFACE_CONTACT,EXPECTED_INTERFACE_CONTACT,0,0,1,L0_FIXED_SAFE
sobol_044,L07,L09,AABB_CLEAR,AABB_CLEAR,0,0,1,L1_AABB
sobol_044,L07,L10,EXPECTED_INTERFACE_CONTACT,MESH_CLEAR,0,0,1,L2_MESH_BVH
sobol_044,L08,L09,EXPECTED_INTERFACE_CONTACT,EXPECTED_INTERFACE_CONTACT,0,0,1,L3_SELECTIVE_EXACT
sobol_044,L08,L10,EXPECTED_INTERFACE_CONTACT,EXPECTED_INTERFACE_CONTACT,0,0,1,L3_SELECTIVE_EXACT
sobol_044,L09,L10,AABB_FALSE_POSITIVE,MESH_CLEAR,0,0,1,L2_MESH_BVH
sobol_045,L00,L01,EXPECTED_INTERFACE_CONTACT,EXPECTED_INTERFACE_CONTACT,0,0,1,L3_SELECTIVE_EXACT
sobol_045,L00,L02,AABB_CLEAR,MESH_CLEAR,0,0,1,L2_MESH_BVH
sobol_045,L00,L03,AABB_CLEAR,AABB_CLEAR,0,0,1,L1_AABB
sobol_045,L00,L04,AABB_CLEAR,AABB_CLEAR,0,0,1,L1_AABB
sobol_045,L00,L05,AABB_CLEAR,AABB_CLEAR,0,0,1,L1_AABB
sobol_045,L00,L06,AABB_CLEAR,AABB_CLEAR,0,0,1,L1_AABB
sobol_045,L00,L07,AABB_CLEAR,AABB_CLEAR,0,0,1,L1_AABB
sobol_045,L00,L08,AABB_CLEAR,AABB_CLEAR,0,0,1,L1_AABB
sobol_045,L00,L09,AABB_CLEAR,AABB_CLEAR,0,0,1,L1_AABB
sobol_045,L00,L10,AABB_CLEAR,AABB_CLEAR,0,0,1,L1_AABB
sobol_045,L01,L02,EXPECTED_INTERFACE_CONTACT,EXPECTED_INTERFACE_CONTACT,0,0,1,L3_SELECTIVE_EXACT
sobol_045,L01,L03,AABB_CLEAR,AABB_CLEAR,0,0,1,L1_AABB
sobol_045,L01,L04,AABB_CLEAR,AABB_CLEAR,0,0,1,L1_AABB
sobol_045,L01,L05,AABB_CLEAR,AABB_CLEAR,0,0,1,L1_AABB
sobol_045,L01,L06,AABB_CLEAR,AABB_CLEAR,0,0,1,L1_AABB
sobol_045,L01,L07,AABB_CLEAR,AABB_CLEAR,0,0,1,L1_AABB
sobol_045,L01,L08,AABB_CLEAR,AABB_CLEAR,0,0,1,L1_AABB
sobol_045,L01,L09,AABB_CLEAR,AABB_CLEAR,0,0,1,L1_AABB
sobol_045,L01,L10,AABB_CLEAR,AABB_CLEAR,0,0,1,L1_AABB
sobol_045,L02,L03,EXPECTED_INTERFACE_CONTACT,EXPECTED_INTERFACE_CONTACT,0,0,1,L3_SELECTIVE_EXACT
sobol_045,L02,L04,AABB_CLEAR,AABB_CLEAR,0,0,1,L1_AABB
sobol_045,L02,L05,AABB_CLEAR,AABB_CLEAR,0,0,1,L1_AABB
sobol_045,L02,L06,AABB_CLEAR,AABB_CLEAR,0,0,1,L1_AABB
sobol_045,L02,L07,AABB_CLEAR,AABB_CLEAR,0,0,1,L1_AABB
sobol_045,L02,L08,AABB_CLEAR,AABB_CLEAR,0,0,1,L1_AABB
sobol_045,L02,L09,AABB_CLEAR,AABB_CLEAR,0,0,1,L1_AABB
sobol_045,L02,L10,AABB_CLEAR,AABB_CLEAR,0,0,1,L1_AABB
sobol_045,L03,L04,EXPECTED_INTERFACE_CONTACT,EXPECTED_INTERFACE_CONTACT,0,0,1,L3_SELECTIVE_EXACT
sobol_045,L03,L05,AABB_CLEAR,AABB_CLEAR,0,0,1,L1_AABB
sobol_045,L03,L06,AABB_CLEAR,AABB_CLEAR,0,0,1,L1_AABB
sobol_045,L03,L07,AABB_CLEAR,AABB_CLEAR,0,0,1,L1_AABB
sobol_045,L03,L08,AABB_CLEAR,AABB_CLEAR,0,0,1,L1_AABB
sobol_045,L03,L09,AABB_CLEAR,AABB_CLEAR,0,0,1,L1_AABB
sobol_045,L03,L10,AABB_CLEAR,AABB_CLEAR,0,0,1,L1_AABB
sobol_045,L04,L05,EXPECTED_INTERFACE_CONTACT,EXPECTED_INTERFACE_CONTACT,0,0,1,L0_FIXED_SAFE
sobol_045,L04,L06,EXPECTED_INTERFACE_CONTACT,EXPECTED_INTERFACE_CONTACT,0,0,1,L3_SELECTIVE_EXACT
sobol_045,L04,L07,EXPECTED_INTERFACE_CONTACT,EXPECTED_INTERFACE_CONTACT,0,0,1,L3_SELECTIVE_EXACT
sobol_045,L04,L08,AABB_CLEAR,AABB_CLEAR,0,0,1,L1_AABB
sobol_045,L04,L09,AABB_CLEAR,AABB_CLEAR,0,0,1,L1_AABB
sobol_045,L04,L10,AABB_CLEAR,AABB_CLEAR,0,0,1,L1_AABB
sobol_045,L05,L06,EXPECTED_INTERFACE_CONTACT,EXPECTED_INTERFACE_CONTACT,0,0,1,L3_SELECTIVE_EXACT
sobol_045,L05,L07,EXPECTED_INTERFACE_CONTACT,EXPECTED_INTERFACE_CONTACT,0,0,1,L0_FIXED_SAFE
sobol_045,L05,L08,EXPECTED_INTERFACE_CONTACT,EXPECTED_INTERFACE_CONTACT,0,0,1,L3_SELECTIVE_EXACT
sobol_045,L05,L09,AABB_CLEAR,AABB_CLEAR,0,0,1,L1_AABB
sobol_045,L05,L10,AABB_CLEAR,AABB_CLEAR,0,0,1,L1_AABB
sobol_045,L06,L07,EXPECTED_INTERFACE_CONTACT,EXPECTED_INTERFACE_CONTACT,0,0,1,L3_SELECTIVE_EXACT
sobol_045,L06,L08,EXPECTED_INTERFACE_CONTACT,EXPECTED_INTERFACE_CONTACT,0,0,1,L3_SELECTIVE_EXACT
sobol_045,L06,L09,AABB_CLEAR,AABB_CLEAR,0,0,1,L1_AABB
sobol_045,L06,L10,AABB_CLEAR,AABB_CLEAR,0,0,1,L1_AABB
sobol_045,L07,L08,EXPECTED_INTERFACE_CONTACT,EXPECTED_INTERFACE_CONTACT,0,0,1,L0_FIXED_SAFE
sobol_045,L07,L09,AABB_CLEAR,AABB_CLEAR,0,0,1,L1_AABB
sobol_045,L07,L10,AABB_CLEAR,AABB_CLEAR,0,0,1,L1_AABB
sobol_045,L08,L09,EXPECTED_INTERFACE_CONTACT,EXPECTED_INTERFACE_CONTACT,0,0,1,L3_SELECTIVE_EXACT
sobol_045,L08,L10,EXPECTED_INTERFACE_CONTACT,EXPECTED_INTERFACE_CONTACT,0,0,1,L3_SELECTIVE_EXACT
sobol_045,L09,L10,AABB_CLEAR,AABB_CLEAR,0,0,1,L1_AABB
sobol_046,L00,L01,EXPECTED_INTERFACE_CONTACT,EXPECTED_INTERFACE_CONTACT,0,0,1,L3_SELECTIVE_EXACT
sobol_046,L00,L02,AABB_CLEAR,AABB_CLEAR,0,0,1,L1_AABB
sobol_046,L00,L03,AABB_CLEAR,AABB_CLEAR,0,0,1,L1_AABB
sobol_046,L00,L04,AABB_CLEAR,AABB_CLEAR,0,0,1,L1_AABB
sobol_046,L00,L05,AABB_CLEAR,AABB_CLEAR,0,0,1,L1_AABB
sobol_046,L00,L06,AABB_CLEAR,AABB_CLEAR,0,0,1,L1_AABB
sobol_046,L00,L07,AABB_CLEAR,AABB_CLEAR,0,0,1,L1_AABB
sobol_046,L00,L08,AABB_CLEAR,AABB_CLEAR,0,0,1,L1_AABB
sobol_046,L00,L09,AABB_CLEAR,AABB_CLEAR,0,0,1,L1_AABB
sobol_046,L00,L10,AABB_CLEAR,AABB_CLEAR,0,0,1,L1_AABB
sobol_046,L01,L02,EXPECTED_INTERFACE_CONTACT,EXPECTED_INTERFACE_CONTACT,0,0,1,L3_SELECTIVE_EXACT
sobol_046,L01,L03,AABB_CLEAR,AABB_CLEAR,0,0,1,L1_AABB
sobol_046,L01,L04,AABB_CLEAR,AABB_CLEAR,0,0,1,L1_AABB
sobol_046,L01,L05,AABB_CLEAR,AABB_CLEAR,0,0,1,L1_AABB
sobol_046,L01,L06,AABB_CLEAR,AABB_CLEAR,0,0,1,L1_AABB
sobol_046,L01,L07,AABB_CLEAR,AABB_CLEAR,0,0,1,L1_AABB
sobol_046,L01,L08,AABB_CLEAR,AABB_CLEAR,0,0,1,L1_AABB
sobol_046,L01,L09,AABB_CLEAR,AABB_CLEAR,0,0,1,L1_AABB
sobol_046,L01,L10,AABB_CLEAR,AABB_CLEAR,0,0,1,L1_AABB
sobol_046,L02,L03,EXPECTED_INTERFACE_CONTACT,EXPECTED_INTERFACE_CONTACT,0,0,1,L3_SELECTIVE_EXACT
sobol_046,L02,L04,AABB_CLEAR,AABB_CLEAR,0,0,1,L1_AABB
sobol_046,L02,L05,AABB_CLEAR,AABB_CLEAR,0,0,1,L1_AABB
sobol_046,L02,L06,AABB_CLEAR,AABB_CLEAR,0,0,1,L1_AABB
sobol_046,L02,L07,AABB_CLEAR,AABB_CLEAR,0,0,1,L1_AABB
sobol_046,L02,L08,AABB_CLEAR,AABB_CLEAR,0,0,1,L1_AABB
sobol_046,L02,L09,AABB_CLEAR,AABB_CLEAR,0,0,1,L1_AABB
sobol_046,L02,L10,AABB_CLEAR,AABB_CLEAR,0,0,1,L1_AABB
sobol_046,L03,L04,EXPECTED_INTERFACE_CONTACT,EXPECTED_INTERFACE_CONTACT,0,0,1,L3_SELECTIVE_EXACT
sobol_046,L03,L05,AABB_CLEAR,AABB_CLEAR,0,0,1,L1_AABB
sobol_046,L03,L06,AABB_CLEAR,AABB_CLEAR,0,0,1,L1_AABB
sobol_046,L03,L07,AABB_CLEAR,AABB_CLEAR,0,0,1,L1_AABB
sobol_046,L03,L08,AABB_CLEAR,AABB_CLEAR,0,0,1,L1_AABB
sobol_046,L03,L09,AABB_CLEAR,AABB_CLEAR,0,0,1,L1_AABB
sobol_046,L03,L10,AABB_CLEAR,AABB_CLEAR,0,0,1,L1_AABB
sobol_046,L04,L05,EXPECTED_INTERFACE_CONTACT,EXPECTED_INTERFACE_CONTACT,0,0,1,L0_FIXED_SAFE
sobol_046,L04,L06,EXPECTED_INTERFACE_CONTACT,EXPECTED_INTERFACE_CONTACT,0,0,1,L3_SELECTIVE_EXACT
sobol_046,L04,L07,EXPECTED_INTERFACE_CONTACT,EXPECTED_INTERFACE_CONTACT,0,0,1,L3_SELECTIVE_EXACT
sobol_046,L04,L08,AABB_CLEAR,AABB_CLEAR,0,0,1,L1_AABB
sobol_046,L04,L09,AABB_CLEAR,AABB_CLEAR,0,0,1,L1_AABB
sobol_046,L04,L10,AABB_CLEAR,AABB_CLEAR,0,0,1,L1_AABB
sobol_046,L05,L06,EXPECTED_INTERFACE_CONTACT,EXPECTED_INTERFACE_CONTACT,0,0,1,L3_SELECTIVE_EXACT
sobol_046,L05,L07,EXPECTED_INTERFACE_CONTACT,EXPECTED_INTERFACE_CONTACT,0,0,1,L0_FIXED_SAFE
sobol_046,L05,L08,EXPECTED_INTERFACE_CONTACT,EXPECTED_INTERFACE_CONTACT,0,0,1,L3_SELECTIVE_EXACT
sobol_046,L05,L09,AABB_CLEAR,AABB_CLEAR,0,0,1,L1_AABB
sobol_046,L05,L10,AABB_CLEAR,AABB_CLEAR,0,0,1,L1_AABB
sobol_046,L06,L07,EXPECTED_INTERFACE_CONTACT,EXPECTED_INTERFACE_CONTACT,0,0,1,L3_SELECTIVE_EXACT
sobol_046,L06,L08,EXPECTED_INTERFACE_CONTACT,EXPECTED_INTERFACE_CONTACT,0,0,1,L3_SELECTIVE_EXACT
sobol_046,L06,L09,AABB_CLEAR,AABB_CLEAR,0,0,1,L1_AABB
sobol_046,L06,L10,AABB_CLEAR,AABB_CLEAR,0,0,1,L1_AABB
sobol_046,L07,L08,EXPECTED_INTERFACE_CONTACT,EXPECTED_INTERFACE_CONTACT,0,0,1,L0_FIXED_SAFE
sobol_046,L07,L09,AABB_CLEAR,AABB_CLEAR,0,0,1,L1_AABB
sobol_046,L07,L10,AABB_CLEAR,AABB_CLEAR,0,0,1,L1_AABB
sobol_046,L08,L09,EXPECTED_INTERFACE_CONTACT,EXPECTED_INTERFACE_CONTACT,0,0,1,L3_SELECTIVE_EXACT
sobol_046,L08,L10,EXPECTED_INTERFACE_CONTACT,EXPECTED_INTERFACE_CONTACT,0,0,1,L3_SELECTIVE_EXACT
sobol_046,L09,L10,AABB_CLEAR,AABB_CLEAR,0,0,1,L1_AABB
sobol_047,L00,L01,EXPECTED_INTERFACE_CONTACT,EXPECTED_INTERFACE_CONTACT,0,0,1,L3_SELECTIVE_EXACT
sobol_047,L00,L02,AABB_FALSE_POSITIVE,AABB_FALSE_POSITIVE,0,0,1,L3_SELECTIVE_EXACT
sobol_047,L00,L03,NONADJACENT_COLLISION,NONADJACENT_COLLISION,1,1,1,L3_SELECTIVE_EXACT
sobol_047,L00,L04,NONADJACENT_COLLISION,NONADJACENT_COLLISION,1,1,1,L3_SELECTIVE_EXACT
sobol_047,L00,L05,AABB_CLEAR,AABB_CLEAR,0,0,1,L1_AABB
sobol_047,L00,L06,AABB_CLEAR,AABB_CLEAR,0,0,1,L1_AABB
sobol_047,L00,L07,AABB_CLEAR,AABB_CLEAR,0,0,1,L1_AABB
sobol_047,L00,L08,AABB_CLEAR,AABB_CLEAR,0,0,1,L1_AABB
sobol_047,L00,L09,AABB_CLEAR,AABB_CLEAR,0,0,1,L1_AABB
sobol_047,L00,L10,AABB_CLEAR,AABB_CLEAR,0,0,1,L1_AABB
sobol_047,L01,L02,EXPECTED_INTERFACE_CONTACT,EXPECTED_INTERFACE_CONTACT,0,0,1,L3_SELECTIVE_EXACT
sobol_047,L01,L03,AABB_FALSE_POSITIVE,AABB_FALSE_POSITIVE,0,0,1,L3_SELECTIVE_EXACT
sobol_047,L01,L04,NONADJACENT_COLLISION,NONADJACENT_COLLISION,1,1,1,L3_SELECTIVE_EXACT
sobol_047,L01,L05,NONADJACENT_COLLISION,NONADJACENT_COLLISION,1,1,1,L3_SELECTIVE_EXACT
sobol_047,L01,L06,NONADJACENT_COLLISION,NONADJACENT_COLLISION,1,1,1,L3_SELECTIVE_EXACT
sobol_047,L01,L07,AABB_FALSE_POSITIVE,AABB_FALSE_POSITIVE,0,0,1,L3_SELECTIVE_EXACT
sobol_047,L01,L08,NONADJACENT_COLLISION,NONADJACENT_COLLISION,1,1,1,L3_SELECTIVE_EXACT
sobol_047,L01,L09,AABB_CLEAR,AABB_CLEAR,0,0,1,L1_AABB
sobol_047,L01,L10,AABB_CLEAR,MESH_CLEAR,0,0,1,L2_MESH_BVH
sobol_047,L02,L03,EXPECTED_INTERFACE_CONTACT,EXPECTED_INTERFACE_CONTACT,0,0,1,L3_SELECTIVE_EXACT
sobol_047,L02,L04,AABB_FALSE_POSITIVE,AABB_FALSE_POSITIVE,0,0,1,L3_SELECTIVE_EXACT
sobol_047,L02,L05,NONADJACENT_COLLISION,NONADJACENT_COLLISION,1,1,1,L3_SELECTIVE_EXACT
sobol_047,L02,L06,NONADJACENT_COLLISION,NONADJACENT_COLLISION,1,1,1,L3_SELECTIVE_EXACT
sobol_047,L02,L07,AABB_FALSE_POSITIVE,AABB_FALSE_POSITIVE,0,0,1,L3_SELECTIVE_EXACT
sobol_047,L02,L08,AABB_FALSE_POSITIVE,AABB_FALSE_POSITIVE,0,0,1,L3_SELECTIVE_EXACT
sobol_047,L02,L09,AABB_CLEAR,AABB_CLEAR,0,0,1,L1_AABB
sobol_047,L02,L10,AABB_CLEAR,MESH_CLEAR,0,0,1,L2_MESH_BVH
sobol_047,L03,L04,EXPECTED_INTERFACE_CONTACT,EXPECTED_INTERFACE_CONTACT,0,0,1,L3_SELECTIVE_EXACT
sobol_047,L03,L05,AABB_CLEAR,AABB_CLEAR,0,0,1,L1_AABB
sobol_047,L03,L06,AABB_CLEAR,AABB_CLEAR,0,0,1,L1_AABB
sobol_047,L03,L07,AABB_CLEAR,AABB_CLEAR,0,0,1,L1_AABB
sobol_047,L03,L08,AABB_CLEAR,AABB_CLEAR,0,0,1,L1_AABB
sobol_047,L03,L09,AABB_CLEAR,AABB_CLEAR,0,0,1,L1_AABB
sobol_047,L03,L10,AABB_CLEAR,AABB_CLEAR,0,0,1,L1_AABB
sobol_047,L04,L05,EXPECTED_INTERFACE_CONTACT,EXPECTED_INTERFACE_CONTACT,0,0,1,L0_FIXED_SAFE
sobol_047,L04,L06,EXPECTED_INTERFACE_CONTACT,EXPECTED_INTERFACE_CONTACT,0,0,1,L3_SELECTIVE_EXACT
sobol_047,L04,L07,EXPECTED_INTERFACE_CONTACT,EXPECTED_INTERFACE_CONTACT,0,0,1,L3_SELECTIVE_EXACT
sobol_047,L04,L08,AABB_CLEAR,AABB_CLEAR,0,0,1,L1_AABB
sobol_047,L04,L09,AABB_CLEAR,AABB_CLEAR,0,0,1,L1_AABB
sobol_047,L04,L10,AABB_CLEAR,AABB_CLEAR,0,0,1,L1_AABB
sobol_047,L05,L06,EXPECTED_INTERFACE_CONTACT,EXPECTED_INTERFACE_CONTACT,0,0,1,L3_SELECTIVE_EXACT
sobol_047,L05,L07,EXPECTED_INTERFACE_CONTACT,EXPECTED_INTERFACE_CONTACT,0,0,1,L0_FIXED_SAFE
sobol_047,L05,L08,EXPECTED_INTERFACE_CONTACT,EXPECTED_INTERFACE_CONTACT,0,0,1,L3_SELECTIVE_EXACT
sobol_047,L05,L09,EXPECTED_INTERFACE_CONTACT,EXPECTED_INTERFACE_CONTACT,0,0,1,L3_SELECTIVE_EXACT
sobol_047,L05,L10,EXPECTED_INTERFACE_CONTACT,EXPECTED_INTERFACE_CONTACT,0,0,1,L3_SELECTIVE_EXACT
sobol_047,L06,L07,EXPECTED_INTERFACE_CONTACT,EXPECTED_INTERFACE_CONTACT,0,0,1,L3_SELECTIVE_EXACT
sobol_047,L06,L08,EXPECTED_INTERFACE_CONTACT,EXPECTED_INTERFACE_CONTACT,0,0,1,L3_SELECTIVE_EXACT
sobol_047,L06,L09,AABB_FALSE_POSITIVE,MESH_CLEAR,0,0,1,L2_MESH_BVH
sobol_047,L06,L10,AABB_FALSE_POSITIVE,MESH_CLEAR,0,0,1,L2_MESH_BVH
sobol_047,L07,L08,EXPECTED_INTERFACE_CONTACT,EXPECTED_INTERFACE_CONTACT,0,0,1,L0_FIXED_SAFE
sobol_047,L07,L09,AABB_CLEAR,MESH_CLEAR,0,0,1,L2_MESH_BVH
sobol_047,L07,L10,AABB_CLEAR,MESH_CLEAR,0,0,1,L2_MESH_BVH
sobol_047,L08,L09,EXPECTED_INTERFACE_CONTACT,EXPECTED_INTERFACE_CONTACT,0,0,1,L3_SELECTIVE_EXACT
sobol_047,L08,L10,EXPECTED_INTERFACE_CONTACT,EXPECTED_INTERFACE_CONTACT,0,0,1,L3_SELECTIVE_EXACT
sobol_047,L09,L10,AABB_CLEAR,AABB_CLEAR,0,0,1,L1_AABB
sobol_048,L00,L01,EXPECTED_INTERFACE_CONTACT,EXPECTED_INTERFACE_CONTACT,0,0,1,L3_SELECTIVE_EXACT
sobol_048,L00,L02,AABB_CLEAR,AABB_CLEAR,0,0,1,L1_AABB
sobol_048,L00,L03,AABB_CLEAR,AABB_CLEAR,0,0,1,L1_AABB
sobol_048,L00,L04,AABB_CLEAR,AABB_CLEAR,0,0,1,L1_AABB
sobol_048,L00,L05,AABB_CLEAR,AABB_CLEAR,0,0,1,L1_AABB
sobol_048,L00,L06,AABB_CLEAR,AABB_CLEAR,0,0,1,L1_AABB
sobol_048,L00,L07,AABB_CLEAR,AABB_CLEAR,0,0,1,L1_AABB
sobol_048,L00,L08,AABB_CLEAR,AABB_CLEAR,0,0,1,L1_AABB
sobol_048,L00,L09,AABB_CLEAR,AABB_CLEAR,0,0,1,L1_AABB
sobol_048,L00,L10,AABB_CLEAR,AABB_CLEAR,0,0,1,L1_AABB
sobol_048,L01,L02,EXPECTED_INTERFACE_CONTACT,EXPECTED_INTERFACE_CONTACT,0,0,1,L3_SELECTIVE_EXACT
sobol_048,L01,L03,AABB_CLEAR,AABB_CLEAR,0,0,1,L1_AABB
sobol_048,L01,L04,AABB_CLEAR,AABB_CLEAR,0,0,1,L1_AABB
sobol_048,L01,L05,AABB_CLEAR,AABB_CLEAR,0,0,1,L1_AABB
sobol_048,L01,L06,AABB_CLEAR,AABB_CLEAR,0,0,1,L1_AABB
sobol_048,L01,L07,AABB_CLEAR,AABB_CLEAR,0,0,1,L1_AABB
sobol_048,L01,L08,AABB_CLEAR,AABB_CLEAR,0,0,1,L1_AABB
sobol_048,L01,L09,AABB_CLEAR,AABB_CLEAR,0,0,1,L1_AABB
sobol_048,L01,L10,AABB_CLEAR,AABB_CLEAR,0,0,1,L1_AABB
sobol_048,L02,L03,EXPECTED_INTERFACE_CONTACT,EXPECTED_INTERFACE_CONTACT,0,0,1,L3_SELECTIVE_EXACT
sobol_048,L02,L04,AABB_CLEAR,AABB_CLEAR,0,0,1,L1_AABB
sobol_048,L02,L05,AABB_CLEAR,AABB_CLEAR,0,0,1,L1_AABB
sobol_048,L02,L06,AABB_CLEAR,AABB_CLEAR,0,0,1,L1_AABB
sobol_048,L02,L07,AABB_CLEAR,AABB_CLEAR,0,0,1,L1_AABB
sobol_048,L02,L08,AABB_CLEAR,AABB_CLEAR,0,0,1,L1_AABB
sobol_048,L02,L09,AABB_CLEAR,AABB_CLEAR,0,0,1,L1_AABB
sobol_048,L02,L10,AABB_CLEAR,AABB_CLEAR,0,0,1,L1_AABB
sobol_048,L03,L04,EXPECTED_INTERFACE_CONTACT,EXPECTED_INTERFACE_CONTACT,0,0,1,L3_SELECTIVE_EXACT
sobol_048,L03,L05,AABB_CLEAR,AABB_CLEAR,0,0,1,L1_AABB
sobol_048,L03,L06,AABB_CLEAR,AABB_CLEAR,0,0,1,L1_AABB
sobol_048,L03,L07,AABB_CLEAR,AABB_CLEAR,0,0,1,L1_AABB
sobol_048,L03,L08,AABB_CLEAR,AABB_CLEAR,0,0,1,L1_AABB
sobol_048,L03,L09,AABB_CLEAR,AABB_CLEAR,0,0,1,L1_AABB
sobol_048,L03,L10,AABB_CLEAR,AABB_CLEAR,0,0,1,L1_AABB
sobol_048,L04,L05,EXPECTED_INTERFACE_CONTACT,EXPECTED_INTERFACE_CONTACT,0,0,1,L0_FIXED_SAFE
sobol_048,L04,L06,EXPECTED_INTERFACE_CONTACT,EXPECTED_INTERFACE_CONTACT,0,0,1,L3_SELECTIVE_EXACT
sobol_048,L04,L07,EXPECTED_INTERFACE_CONTACT,EXPECTED_INTERFACE_CONTACT,0,0,1,L3_SELECTIVE_EXACT
sobol_048,L04,L08,AABB_CLEAR,AABB_CLEAR,0,0,1,L1_AABB
sobol_048,L04,L09,AABB_CLEAR,AABB_CLEAR,0,0,1,L1_AABB
sobol_048,L04,L10,AABB_CLEAR,AABB_CLEAR,0,0,1,L1_AABB
sobol_048,L05,L06,EXPECTED_INTERFACE_CONTACT,EXPECTED_INTERFACE_CONTACT,0,0,1,L3_SELECTIVE_EXACT
sobol_048,L05,L07,EXPECTED_INTERFACE_CONTACT,EXPECTED_INTERFACE_CONTACT,0,0,1,L0_FIXED_SAFE
sobol_048,L05,L08,EXPECTED_INTERFACE_CONTACT,EXPECTED_INTERFACE_CONTACT,0,0,1,L3_SELECTIVE_EXACT
sobol_048,L05,L09,AABB_CLEAR,MESH_CLEAR,0,0,1,L2_MESH_BVH
sobol_048,L05,L10,AABB_CLEAR,AABB_CLEAR,0,0,1,L1_AABB
sobol_048,L06,L07,EXPECTED_INTERFACE_CONTACT,EXPECTED_INTERFACE_CONTACT,0,0,1,L3_SELECTIVE_EXACT
sobol_048,L06,L08,EXPECTED_INTERFACE_CONTACT,EXPECTED_INTERFACE_CONTACT,0,0,1,L3_SELECTIVE_EXACT
sobol_048,L06,L09,AABB_CLEAR,MESH_CLEAR,0,0,1,L2_MESH_BVH
sobol_048,L06,L10,AABB_CLEAR,AABB_CLEAR,0,0,1,L1_AABB
sobol_048,L07,L08,EXPECTED_INTERFACE_CONTACT,EXPECTED_INTERFACE_CONTACT,0,0,1,L0_FIXED_SAFE
sobol_048,L07,L09,AABB_CLEAR,AABB_CLEAR,0,0,1,L1_AABB
sobol_048,L07,L10,AABB_CLEAR,AABB_CLEAR,0,0,1,L1_AABB
sobol_048,L08,L09,EXPECTED_INTERFACE_CONTACT,EXPECTED_INTERFACE_CONTACT,0,0,1,L3_SELECTIVE_EXACT
sobol_048,L08,L10,EXPECTED_INTERFACE_CONTACT,EXPECTED_INTERFACE_CONTACT,0,0,1,L3_SELECTIVE_EXACT
sobol_048,L09,L10,AABB_CLEAR,AABB_CLEAR,0,0,1,L1_AABB
sobol_049,L00,L01,EXPECTED_INTERFACE_CONTACT,EXPECTED_INTERFACE_CONTACT,0,0,1,L3_SELECTIVE_EXACT
sobol_049,L00,L02,AABB_FALSE_POSITIVE,AABB_FALSE_POSITIVE,0,0,1,L3_SELECTIVE_EXACT
sobol_049,L00,L03,AABB_CLEAR,MESH_CLEAR,0,0,1,L2_MESH_BVH
sobol_049,L00,L04,AABB_CLEAR,AABB_CLEAR,0,0,1,L1_AABB
sobol_049,L00,L05,AABB_CLEAR,AABB_CLEAR,0,0,1,L1_AABB
sobol_049,L00,L06,AABB_CLEAR,AABB_CLEAR,0,0,1,L1_AABB
sobol_049,L00,L07,AABB_CLEAR,AABB_CLEAR,0,0,1,L1_AABB
sobol_049,L00,L08,AABB_CLEAR,AABB_CLEAR,0,0,1,L1_AABB
sobol_049,L00,L09,AABB_CLEAR,AABB_CLEAR,0,0,1,L1_AABB
sobol_049,L00,L10,AABB_CLEAR,AABB_CLEAR,0,0,1,L1_AABB
sobol_049,L01,L02,EXPECTED_INTERFACE_CONTACT,EXPECTED_INTERFACE_CONTACT,0,0,1,L3_SELECTIVE_EXACT
sobol_049,L01,L03,AABB_FALSE_POSITIVE,MESH_CLEAR,0,0,1,L2_MESH_BVH
sobol_049,L01,L04,AABB_CLEAR,AABB_CLEAR,0,0,1,L1_AABB
sobol_049,L01,L05,AABB_CLEAR,AABB_CLEAR,0,0,1,L1_AABB
sobol_049,L01,L06,AABB_CLEAR,AABB_CLEAR,0,0,1,L1_AABB
sobol_049,L01,L07,AABB_CLEAR,AABB_CLEAR,0,0,1,L1_AABB
sobol_049,L01,L08,AABB_CLEAR,AABB_CLEAR,0,0,1,L1_AABB
sobol_049,L01,L09,AABB_CLEAR,AABB_CLEAR,0,0,1,L1_AABB
sobol_049,L01,L10,AABB_CLEAR,AABB_CLEAR,0,0,1,L1_AABB
sobol_049,L02,L03,EXPECTED_INTERFACE_CONTACT,EXPECTED_INTERFACE_CONTACT,0,0,1,L3_SELECTIVE_EXACT
sobol_049,L02,L04,AABB_CLEAR,AABB_CLEAR,0,0,1,L1_AABB
sobol_049,L02,L05,AABB_CLEAR,AABB_CLEAR,0,0,1,L1_AABB
sobol_049,L02,L06,AABB_CLEAR,AABB_CLEAR,0,0,1,L1_AABB
sobol_049,L02,L07,AABB_CLEAR,AABB_CLEAR,0,0,1,L1_AABB
sobol_049,L02,L08,AABB_CLEAR,AABB_CLEAR,0,0,1,L1_AABB
sobol_049,L02,L09,AABB_CLEAR,AABB_CLEAR,0,0,1,L1_AABB
sobol_049,L02,L10,AABB_CLEAR,AABB_CLEAR,0,0,1,L1_AABB
sobol_049,L03,L04,EXPECTED_INTERFACE_CONTACT,EXPECTED_INTERFACE_CONTACT,0,0,1,L3_SELECTIVE_EXACT
sobol_049,L03,L05,AABB_CLEAR,AABB_CLEAR,0,0,1,L1_AABB
sobol_049,L03,L06,AABB_CLEAR,AABB_CLEAR,0,0,1,L1_AABB
sobol_049,L03,L07,AABB_CLEAR,AABB_CLEAR,0,0,1,L1_AABB
sobol_049,L03,L08,AABB_CLEAR,AABB_CLEAR,0,0,1,L1_AABB
sobol_049,L03,L09,AABB_CLEAR,AABB_CLEAR,0,0,1,L1_AABB
sobol_049,L03,L10,AABB_CLEAR,AABB_CLEAR,0,0,1,L1_AABB
sobol_049,L04,L05,EXPECTED_INTERFACE_CONTACT,EXPECTED_INTERFACE_CONTACT,0,0,1,L0_FIXED_SAFE
sobol_049,L04,L06,EXPECTED_INTERFACE_CONTACT,EXPECTED_INTERFACE_CONTACT,0,0,1,L3_SELECTIVE_EXACT
sobol_049,L04,L07,EXPECTED_INTERFACE_CONTACT,EXPECTED_INTERFACE_CONTACT,0,0,1,L3_SELECTIVE_EXACT
sobol_049,L04,L08,AABB_CLEAR,MESH_CLEAR,0,0,1,L2_MESH_BVH
sobol_049,L04,L09,AABB_CLEAR,AABB_CLEAR,0,0,1,L1_AABB
sobol_049,L04,L10,AABB_CLEAR,AABB_CLEAR,0,0,1,L1_AABB
sobol_049,L05,L06,EXPECTED_INTERFACE_CONTACT,EXPECTED_INTERFACE_CONTACT,0,0,1,L3_SELECTIVE_EXACT
sobol_049,L05,L07,EXPECTED_INTERFACE_CONTACT,EXPECTED_INTERFACE_CONTACT,0,0,1,L0_FIXED_SAFE
sobol_049,L05,L08,EXPECTED_INTERFACE_CONTACT,EXPECTED_INTERFACE_CONTACT,0,0,1,L3_SELECTIVE_EXACT
sobol_049,L05,L09,EXPECTED_INTERFACE_CONTACT,EXPECTED_INTERFACE_CONTACT,0,0,1,L3_SELECTIVE_EXACT
sobol_049,L05,L10,EXPECTED_INTERFACE_CONTACT,EXPECTED_INTERFACE_CONTACT,0,0,1,L3_SELECTIVE_EXACT
sobol_049,L06,L07,EXPECTED_INTERFACE_CONTACT,EXPECTED_INTERFACE_CONTACT,0,0,1,L3_SELECTIVE_EXACT
sobol_049,L06,L08,EXPECTED_INTERFACE_CONTACT,EXPECTED_INTERFACE_CONTACT,0,0,1,L3_SELECTIVE_EXACT
sobol_049,L06,L09,AABB_CLEAR,MESH_CLEAR,0,0,1,L2_MESH_BVH
sobol_049,L06,L10,AABB_FALSE_POSITIVE,AABB_FALSE_POSITIVE,0,0,1,L3_SELECTIVE_EXACT
sobol_049,L07,L08,EXPECTED_INTERFACE_CONTACT,EXPECTED_INTERFACE_CONTACT,0,0,1,L0_FIXED_SAFE
sobol_049,L07,L09,AABB_CLEAR,AABB_CLEAR,0,0,1,L1_AABB
sobol_049,L07,L10,EXPECTED_INTERFACE_CONTACT,MESH_CLEAR,0,0,1,L2_MESH_BVH
sobol_049,L08,L09,EXPECTED_INTERFACE_CONTACT,EXPECTED_INTERFACE_CONTACT,0,0,1,L3_SELECTIVE_EXACT
sobol_049,L08,L10,EXPECTED_INTERFACE_CONTACT,EXPECTED_INTERFACE_CONTACT,0,0,1,L3_SELECTIVE_EXACT
sobol_049,L09,L10,AABB_CLEAR,AABB_CLEAR,0,0,1,L1_AABB
sobol_050,L00,L01,EXPECTED_INTERFACE_CONTACT,EXPECTED_INTERFACE_CONTACT,0,0,1,L3_SELECTIVE_EXACT
sobol_050,L00,L02,AABB_CLEAR,AABB_CLEAR,0,0,1,L1_AABB
sobol_050,L00,L03,AABB_CLEAR,AABB_CLEAR,0,0,1,L1_AABB
sobol_050,L00,L04,AABB_CLEAR,AABB_CLEAR,0,0,1,L1_AABB
sobol_050,L00,L05,AABB_CLEAR,AABB_CLEAR,0,0,1,L1_AABB
sobol_050,L00,L06,AABB_CLEAR,AABB_CLEAR,0,0,1,L1_AABB
sobol_050,L00,L07,AABB_CLEAR,AABB_CLEAR,0,0,1,L1_AABB
sobol_050,L00,L08,AABB_CLEAR,AABB_CLEAR,0,0,1,L1_AABB
sobol_050,L00,L09,AABB_CLEAR,AABB_CLEAR,0,0,1,L1_AABB
sobol_050,L00,L10,AABB_CLEAR,AABB_CLEAR,0,0,1,L1_AABB
sobol_050,L01,L02,EXPECTED_INTERFACE_CONTACT,EXPECTED_INTERFACE_CONTACT,0,0,1,L3_SELECTIVE_EXACT
sobol_050,L01,L03,AABB_CLEAR,AABB_CLEAR,0,0,1,L1_AABB
sobol_050,L01,L04,AABB_CLEAR,AABB_CLEAR,0,0,1,L1_AABB
sobol_050,L01,L05,AABB_CLEAR,AABB_CLEAR,0,0,1,L1_AABB
sobol_050,L01,L06,AABB_CLEAR,AABB_CLEAR,0,0,1,L1_AABB
sobol_050,L01,L07,AABB_CLEAR,AABB_CLEAR,0,0,1,L1_AABB
sobol_050,L01,L08,AABB_CLEAR,AABB_CLEAR,0,0,1,L1_AABB
sobol_050,L01,L09,AABB_CLEAR,AABB_CLEAR,0,0,1,L1_AABB
sobol_050,L01,L10,AABB_CLEAR,AABB_CLEAR,0,0,1,L1_AABB
sobol_050,L02,L03,EXPECTED_INTERFACE_CONTACT,EXPECTED_INTERFACE_CONTACT,0,0,1,L3_SELECTIVE_EXACT
sobol_050,L02,L04,AABB_CLEAR,AABB_CLEAR,0,0,1,L1_AABB
sobol_050,L02,L05,AABB_CLEAR,AABB_CLEAR,0,0,1,L1_AABB
sobol_050,L02,L06,AABB_CLEAR,AABB_CLEAR,0,0,1,L1_AABB
sobol_050,L02,L07,AABB_CLEAR,AABB_CLEAR,0,0,1,L1_AABB
sobol_050,L02,L08,AABB_CLEAR,AABB_CLEAR,0,0,1,L1_AABB
sobol_050,L02,L09,AABB_CLEAR,AABB_CLEAR,0,0,1,L1_AABB
sobol_050,L02,L10,AABB_CLEAR,AABB_CLEAR,0,0,1,L1_AABB
sobol_050,L03,L04,EXPECTED_INTERFACE_CONTACT,EXPECTED_INTERFACE_CONTACT,0,0,1,L3_SELECTIVE_EXACT
sobol_050,L03,L05,AABB_CLEAR,AABB_CLEAR,0,0,1,L1_AABB
sobol_050,L03,L06,AABB_CLEAR,AABB_CLEAR,0,0,1,L1_AABB
sobol_050,L03,L07,AABB_CLEAR,AABB_CLEAR,0,0,1,L1_AABB
sobol_050,L03,L08,AABB_CLEAR,AABB_CLEAR,0,0,1,L1_AABB
sobol_050,L03,L09,AABB_CLEAR,AABB_CLEAR,0,0,1,L1_AABB
sobol_050,L03,L10,AABB_CLEAR,AABB_CLEAR,0,0,1,L1_AABB
sobol_050,L04,L05,EXPECTED_INTERFACE_CONTACT,EXPECTED_INTERFACE_CONTACT,0,0,1,L0_FIXED_SAFE
sobol_050,L04,L06,EXPECTED_INTERFACE_CONTACT,EXPECTED_INTERFACE_CONTACT,0,0,1,L3_SELECTIVE_EXACT
sobol_050,L04,L07,EXPECTED_INTERFACE_CONTACT,EXPECTED_INTERFACE_CONTACT,0,0,1,L3_SELECTIVE_EXACT
sobol_050,L04,L08,AABB_CLEAR,AABB_CLEAR,0,0,1,L1_AABB
sobol_050,L04,L09,AABB_CLEAR,AABB_CLEAR,0,0,1,L1_AABB
sobol_050,L04,L10,AABB_CLEAR,AABB_CLEAR,0,0,1,L1_AABB
sobol_050,L05,L06,EXPECTED_INTERFACE_CONTACT,EXPECTED_INTERFACE_CONTACT,0,0,1,L3_SELECTIVE_EXACT
sobol_050,L05,L07,EXPECTED_INTERFACE_CONTACT,EXPECTED_INTERFACE_CONTACT,0,0,1,L0_FIXED_SAFE
sobol_050,L05,L08,EXPECTED_INTERFACE_CONTACT,EXPECTED_INTERFACE_CONTACT,0,0,1,L3_SELECTIVE_EXACT
sobol_050,L05,L09,AABB_CLEAR,AABB_CLEAR,0,0,1,L1_AABB
sobol_050,L05,L10,AABB_CLEAR,AABB_CLEAR,0,0,1,L1_AABB
sobol_050,L06,L07,EXPECTED_INTERFACE_CONTACT,EXPECTED_INTERFACE_CONTACT,0,0,1,L3_SELECTIVE_EXACT
sobol_050,L06,L08,EXPECTED_INTERFACE_CONTACT,EXPECTED_INTERFACE_CONTACT,0,0,1,L3_SELECTIVE_EXACT
sobol_050,L06,L09,AABB_CLEAR,AABB_CLEAR,0,0,1,L1_AABB
sobol_050,L06,L10,AABB_CLEAR,AABB_CLEAR,0,0,1,L1_AABB
sobol_050,L07,L08,EXPECTED_INTERFACE_CONTACT,EXPECTED_INTERFACE_CONTACT,0,0,1,L0_FIXED_SAFE
sobol_050,L07,L09,AABB_CLEAR,AABB_CLEAR,0,0,1,L1_AABB
sobol_050,L07,L10,AABB_CLEAR,AABB_CLEAR,0,0,1,L1_AABB
sobol_050,L08,L09,EXPECTED_INTERFACE_CONTACT,EXPECTED_INTERFACE_CONTACT,0,0,1,L3_SELECTIVE_EXACT
sobol_050,L08,L10,EXPECTED_INTERFACE_CONTACT,EXPECTED_INTERFACE_CONTACT,0,0,1,L3_SELECTIVE_EXACT
sobol_050,L09,L10,AABB_CLEAR,AABB_CLEAR,0,0,1,L1_AABB
sobol_051,L00,L01,EXPECTED_INTERFACE_CONTACT,EXPECTED_INTERFACE_CONTACT,0,0,1,L3_SELECTIVE_EXACT
sobol_051,L00,L02,AABB_CLEAR,MESH_CLEAR,0,0,1,L2_MESH_BVH
sobol_051,L00,L03,AABB_CLEAR,AABB_CLEAR,0,0,1,L1_AABB
sobol_051,L00,L04,AABB_CLEAR,AABB_CLEAR,0,0,1,L1_AABB
sobol_051,L00,L05,AABB_FALSE_POSITIVE,AABB_FALSE_POSITIVE,0,0,1,L3_SELECTIVE_EXACT
sobol_051,L00,L06,AABB_FALSE_POSITIVE,MESH_CLEAR,0,0,1,L2_MESH_BVH
sobol_051,L00,L07,AABB_FALSE_POSITIVE,MESH_CLEAR,0,0,1,L2_MESH_BVH
sobol_051,L00,L08,AABB_FALSE_POSITIVE,MESH_CLEAR,0,0,1,L2_MESH_BVH
sobol_051,L00,L09,AABB_FALSE_POSITIVE,AABB_FALSE_POSITIVE,0,0,1,L3_SELECTIVE_EXACT
sobol_051,L00,L10,AABB_FALSE_POSITIVE,AABB_FALSE_POSITIVE,0,0,1,L3_SELECTIVE_EXACT
sobol_051,L01,L02,EXPECTED_INTERFACE_CONTACT,EXPECTED_INTERFACE_CONTACT,0,0,1,L3_SELECTIVE_EXACT
sobol_051,L01,L03,AABB_CLEAR,AABB_CLEAR,0,0,1,L1_AABB
sobol_051,L01,L04,AABB_CLEAR,AABB_CLEAR,0,0,1,L1_AABB
sobol_051,L01,L05,AABB_FALSE_POSITIVE,MESH_CLEAR,0,0,1,L2_MESH_BVH
sobol_051,L01,L06,AABB_FALSE_POSITIVE,MESH_CLEAR,0,0,1,L2_MESH_BVH
sobol_051,L01,L07,AABB_CLEAR,AABB_CLEAR,0,0,1,L1_AABB
sobol_051,L01,L08,AABB_CLEAR,AABB_CLEAR,0,0,1,L1_AABB
sobol_051,L01,L09,AABB_CLEAR,AABB_CLEAR,0,0,1,L1_AABB
sobol_051,L01,L10,AABB_CLEAR,AABB_CLEAR,0,0,1,L1_AABB
sobol_051,L02,L03,EXPECTED_INTERFACE_CONTACT,EXPECTED_INTERFACE_CONTACT,0,0,1,L3_SELECTIVE_EXACT
sobol_051,L02,L04,AABB_CLEAR,MESH_CLEAR,0,0,1,L2_MESH_BVH
sobol_051,L02,L05,AABB_CLEAR,AABB_CLEAR,0,0,1,L1_AABB
sobol_051,L02,L06,AABB_CLEAR,AABB_CLEAR,0,0,1,L1_AABB
sobol_051,L02,L07,AABB_CLEAR,AABB_CLEAR,0,0,1,L1_AABB
sobol_051,L02,L08,AABB_CLEAR,AABB_CLEAR,0,0,1,L1_AABB
sobol_051,L02,L09,AABB_CLEAR,AABB_CLEAR,0,0,1,L1_AABB
sobol_051,L02,L10,AABB_CLEAR,AABB_CLEAR,0,0,1,L1_AABB
sobol_051,L03,L04,EXPECTED_INTERFACE_CONTACT,EXPECTED_INTERFACE_CONTACT,0,0,1,L3_SELECTIVE_EXACT
sobol_051,L03,L05,AABB_CLEAR,MESH_CLEAR,0,0,1,L2_MESH_BVH
sobol_051,L03,L06,AABB_CLEAR,MESH_CLEAR,0,0,1,L2_MESH_BVH
sobol_051,L03,L07,AABB_CLEAR,AABB_CLEAR,0,0,1,L1_AABB
sobol_051,L03,L08,AABB_CLEAR,AABB_CLEAR,0,0,1,L1_AABB
sobol_051,L03,L09,AABB_CLEAR,AABB_CLEAR,0,0,1,L1_AABB
sobol_051,L03,L10,AABB_CLEAR,AABB_CLEAR,0,0,1,L1_AABB
sobol_051,L04,L05,EXPECTED_INTERFACE_CONTACT,EXPECTED_INTERFACE_CONTACT,0,0,1,L0_FIXED_SAFE
sobol_051,L04,L06,EXPECTED_INTERFACE_CONTACT,EXPECTED_INTERFACE_CONTACT,0,0,1,L3_SELECTIVE_EXACT
sobol_051,L04,L07,EXPECTED_INTERFACE_CONTACT,EXPECTED_INTERFACE_CONTACT,0,0,1,L3_SELECTIVE_EXACT
sobol_051,L04,L08,EXPECTED_INTERFACE_CONTACT,MESH_CLEAR,0,0,1,L2_MESH_BVH
sobol_051,L04,L09,AABB_CLEAR,AABB_CLEAR,0,0,1,L1_AABB
sobol_051,L04,L10,AABB_CLEAR,AABB_CLEAR,0,0,1,L1_AABB
sobol_051,L05,L06,EXPECTED_INTERFACE_CONTACT,EXPECTED_INTERFACE_CONTACT,0,0,1,L3_SELECTIVE_EXACT
sobol_051,L05,L07,EXPECTED_INTERFACE_CONTACT,EXPECTED_INTERFACE_CONTACT,0,0,1,L0_FIXED_SAFE
sobol_051,L05,L08,EXPECTED_INTERFACE_CONTACT,EXPECTED_INTERFACE_CONTACT,0,0,1,L3_SELECTIVE_EXACT
sobol_051,L05,L09,AABB_CLEAR,MESH_CLEAR,0,0,1,L2_MESH_BVH
sobol_051,L05,L10,AABB_CLEAR,MESH_CLEAR,0,0,1,L2_MESH_BVH
sobol_051,L06,L07,EXPECTED_INTERFACE_CONTACT,EXPECTED_INTERFACE_CONTACT,0,0,1,L3_SELECTIVE_EXACT
sobol_051,L06,L08,EXPECTED_INTERFACE_CONTACT,EXPECTED_INTERFACE_CONTACT,0,0,1,L3_SELECTIVE_EXACT
sobol_051,L06,L09,AABB_CLEAR,MESH_CLEAR,0,0,1,L2_MESH_BVH
sobol_051,L06,L10,AABB_FALSE_POSITIVE,MESH_CLEAR,0,0,1,L2_MESH_BVH
sobol_051,L07,L08,EXPECTED_INTERFACE_CONTACT,EXPECTED_INTERFACE_CONTACT,0,0,1,L0_FIXED_SAFE
sobol_051,L07,L09,AABB_CLEAR,AABB_CLEAR,0,0,1,L1_AABB
sobol_051,L07,L10,AABB_CLEAR,AABB_CLEAR,0,0,1,L1_AABB
sobol_051,L08,L09,EXPECTED_INTERFACE_CONTACT,EXPECTED_INTERFACE_CONTACT,0,0,1,L3_SELECTIVE_EXACT
sobol_051,L08,L10,EXPECTED_INTERFACE_CONTACT,EXPECTED_INTERFACE_CONTACT,0,0,1,L3_SELECTIVE_EXACT
sobol_051,L09,L10,AABB_CLEAR,MESH_CLEAR,0,0,1,L2_MESH_BVH
sobol_052,L00,L01,EXPECTED_INTERFACE_CONTACT,EXPECTED_INTERFACE_CONTACT,0,0,1,L3_SELECTIVE_EXACT
sobol_052,L00,L02,AABB_CLEAR,AABB_CLEAR,0,0,1,L1_AABB
sobol_052,L00,L03,AABB_CLEAR,AABB_CLEAR,0,0,1,L1_AABB
sobol_052,L00,L04,AABB_CLEAR,AABB_CLEAR,0,0,1,L1_AABB
sobol_052,L00,L05,AABB_CLEAR,AABB_CLEAR,0,0,1,L1_AABB
sobol_052,L00,L06,AABB_CLEAR,AABB_CLEAR,0,0,1,L1_AABB
sobol_052,L00,L07,AABB_CLEAR,AABB_CLEAR,0,0,1,L1_AABB
sobol_052,L00,L08,AABB_CLEAR,AABB_CLEAR,0,0,1,L1_AABB
sobol_052,L00,L09,AABB_CLEAR,AABB_CLEAR,0,0,1,L1_AABB
sobol_052,L00,L10,AABB_CLEAR,AABB_CLEAR,0,0,1,L1_AABB
sobol_052,L01,L02,EXPECTED_INTERFACE_CONTACT,EXPECTED_INTERFACE_CONTACT,0,0,1,L3_SELECTIVE_EXACT
sobol_052,L01,L03,AABB_CLEAR,AABB_CLEAR,0,0,1,L1_AABB
sobol_052,L01,L04,AABB_CLEAR,AABB_CLEAR,0,0,1,L1_AABB
sobol_052,L01,L05,AABB_CLEAR,AABB_CLEAR,0,0,1,L1_AABB
sobol_052,L01,L06,AABB_CLEAR,AABB_CLEAR,0,0,1,L1_AABB
sobol_052,L01,L07,AABB_CLEAR,AABB_CLEAR,0,0,1,L1_AABB
sobol_052,L01,L08,AABB_CLEAR,AABB_CLEAR,0,0,1,L1_AABB
sobol_052,L01,L09,AABB_CLEAR,AABB_CLEAR,0,0,1,L1_AABB
sobol_052,L01,L10,AABB_CLEAR,AABB_CLEAR,0,0,1,L1_AABB
sobol_052,L02,L03,EXPECTED_INTERFACE_CONTACT,EXPECTED_INTERFACE_CONTACT,0,0,1,L3_SELECTIVE_EXACT
sobol_052,L02,L04,AABB_CLEAR,AABB_CLEAR,0,0,1,L1_AABB
sobol_052,L02,L05,AABB_CLEAR,AABB_CLEAR,0,0,1,L1_AABB
sobol_052,L02,L06,AABB_CLEAR,AABB_CLEAR,0,0,1,L1_AABB
sobol_052,L02,L07,AABB_CLEAR,AABB_CLEAR,0,0,1,L1_AABB
sobol_052,L02,L08,AABB_CLEAR,AABB_CLEAR,0,0,1,L1_AABB
sobol_052,L02,L09,AABB_CLEAR,AABB_CLEAR,0,0,1,L1_AABB
sobol_052,L02,L10,AABB_CLEAR,AABB_CLEAR,0,0,1,L1_AABB
sobol_052,L03,L04,EXPECTED_INTERFACE_CONTACT,EXPECTED_INTERFACE_CONTACT,0,0,1,L3_SELECTIVE_EXACT
sobol_052,L03,L05,AABB_CLEAR,MESH_CLEAR,0,0,1,L2_MESH_BVH
sobol_052,L03,L06,AABB_CLEAR,MESH_CLEAR,0,0,1,L2_MESH_BVH
sobol_052,L03,L07,AABB_CLEAR,AABB_CLEAR,0,0,1,L1_AABB
sobol_052,L03,L08,AABB_CLEAR,AABB_CLEAR,0,0,1,L1_AABB
sobol_052,L03,L09,AABB_CLEAR,AABB_CLEAR,0,0,1,L1_AABB
sobol_052,L03,L10,AABB_CLEAR,AABB_CLEAR,0,0,1,L1_AABB
sobol_052,L04,L05,EXPECTED_INTERFACE_CONTACT,EXPECTED_INTERFACE_CONTACT,0,0,1,L0_FIXED_SAFE
sobol_052,L04,L06,EXPECTED_INTERFACE_CONTACT,EXPECTED_INTERFACE_CONTACT,0,0,1,L3_SELECTIVE_EXACT
sobol_052,L04,L07,EXPECTED_INTERFACE_CONTACT,EXPECTED_INTERFACE_CONTACT,0,0,1,L3_SELECTIVE_EXACT
sobol_052,L04,L08,AABB_CLEAR,AABB_CLEAR,0,0,1,L1_AABB
sobol_052,L04,L09,AABB_CLEAR,AABB_CLEAR,0,0,1,L1_AABB
sobol_052,L04,L10,AABB_CLEAR,AABB_CLEAR,0,0,1,L1_AABB
sobol_052,L05,L06,EXPECTED_INTERFACE_CONTACT,EXPECTED_INTERFACE_CONTACT,0,0,1,L3_SELECTIVE_EXACT
sobol_052,L05,L07,EXPECTED_INTERFACE_CONTACT,EXPECTED_INTERFACE_CONTACT,0,0,1,L0_FIXED_SAFE
sobol_052,L05,L08,EXPECTED_INTERFACE_CONTACT,EXPECTED_INTERFACE_CONTACT,0,0,1,L3_SELECTIVE_EXACT
sobol_052,L05,L09,AABB_CLEAR,AABB_CLEAR,0,0,1,L1_AABB
sobol_052,L05,L10,AABB_CLEAR,AABB_CLEAR,0,0,1,L1_AABB
sobol_052,L06,L07,EXPECTED_INTERFACE_CONTACT,EXPECTED_INTERFACE_CONTACT,0,0,1,L3_SELECTIVE_EXACT
sobol_052,L06,L08,EXPECTED_INTERFACE_CONTACT,EXPECTED_INTERFACE_CONTACT,0,0,1,L3_SELECTIVE_EXACT
sobol_052,L06,L09,AABB_CLEAR,AABB_CLEAR,0,0,1,L1_AABB
sobol_052,L06,L10,AABB_CLEAR,AABB_CLEAR,0,0,1,L1_AABB
sobol_052,L07,L08,EXPECTED_INTERFACE_CONTACT,EXPECTED_INTERFACE_CONTACT,0,0,1,L0_FIXED_SAFE
sobol_052,L07,L09,AABB_CLEAR,AABB_CLEAR,0,0,1,L1_AABB
sobol_052,L07,L10,AABB_CLEAR,AABB_CLEAR,0,0,1,L1_AABB
sobol_052,L08,L09,EXPECTED_INTERFACE_CONTACT,EXPECTED_INTERFACE_CONTACT,0,0,1,L3_SELECTIVE_EXACT
sobol_052,L08,L10,EXPECTED_INTERFACE_CONTACT,EXPECTED_INTERFACE_CONTACT,0,0,1,L3_SELECTIVE_EXACT
sobol_052,L09,L10,AABB_CLEAR,AABB_CLEAR,0,0,1,L1_AABB
sobol_053,L00,L01,EXPECTED_INTERFACE_CONTACT,EXPECTED_INTERFACE_CONTACT,0,0,1,L3_SELECTIVE_EXACT
sobol_053,L00,L02,AABB_CLEAR,AABB_CLEAR,0,0,1,L1_AABB
sobol_053,L00,L03,AABB_CLEAR,AABB_CLEAR,0,0,1,L1_AABB
sobol_053,L00,L04,AABB_CLEAR,AABB_CLEAR,0,0,1,L1_AABB
sobol_053,L00,L05,AABB_CLEAR,AABB_CLEAR,0,0,1,L1_AABB
sobol_053,L00,L06,AABB_CLEAR,AABB_CLEAR,0,0,1,L1_AABB
sobol_053,L00,L07,AABB_CLEAR,AABB_CLEAR,0,0,1,L1_AABB
sobol_053,L00,L08,AABB_CLEAR,AABB_CLEAR,0,0,1,L1_AABB
sobol_053,L00,L09,AABB_CLEAR,AABB_CLEAR,0,0,1,L1_AABB
sobol_053,L00,L10,AABB_CLEAR,AABB_CLEAR,0,0,1,L1_AABB
sobol_053,L01,L02,EXPECTED_INTERFACE_CONTACT,EXPECTED_INTERFACE_CONTACT,0,0,1,L3_SELECTIVE_EXACT
sobol_053,L01,L03,AABB_CLEAR,AABB_CLEAR,0,0,1,L1_AABB
sobol_053,L01,L04,AABB_CLEAR,AABB_CLEAR,0,0,1,L1_AABB
sobol_053,L01,L05,AABB_CLEAR,AABB_CLEAR,0,0,1,L1_AABB
sobol_053,L01,L06,AABB_CLEAR,AABB_CLEAR,0,0,1,L1_AABB
sobol_053,L01,L07,AABB_CLEAR,AABB_CLEAR,0,0,1,L1_AABB
sobol_053,L01,L08,AABB_CLEAR,AABB_CLEAR,0,0,1,L1_AABB
sobol_053,L01,L09,AABB_CLEAR,AABB_CLEAR,0,0,1,L1_AABB
sobol_053,L01,L10,AABB_CLEAR,AABB_CLEAR,0,0,1,L1_AABB
sobol_053,L02,L03,EXPECTED_INTERFACE_CONTACT,EXPECTED_INTERFACE_CONTACT,0,0,1,L3_SELECTIVE_EXACT
sobol_053,L02,L04,AABB_CLEAR,AABB_CLEAR,0,0,1,L1_AABB
sobol_053,L02,L05,AABB_CLEAR,AABB_CLEAR,0,0,1,L1_AABB
sobol_053,L02,L06,AABB_CLEAR,AABB_CLEAR,0,0,1,L1_AABB
sobol_053,L02,L07,AABB_CLEAR,AABB_CLEAR,0,0,1,L1_AABB
sobol_053,L02,L08,AABB_CLEAR,AABB_CLEAR,0,0,1,L1_AABB
sobol_053,L02,L09,AABB_CLEAR,AABB_CLEAR,0,0,1,L1_AABB
sobol_053,L02,L10,AABB_CLEAR,AABB_CLEAR,0,0,1,L1_AABB
sobol_053,L03,L04,EXPECTED_INTERFACE_CONTACT,EXPECTED_INTERFACE_CONTACT,0,0,1,L3_SELECTIVE_EXACT
sobol_053,L03,L05,AABB_CLEAR,AABB_CLEAR,0,0,1,L1_AABB
sobol_053,L03,L06,AABB_CLEAR,AABB_CLEAR,0,0,1,L1_AABB
sobol_053,L03,L07,AABB_CLEAR,AABB_CLEAR,0,0,1,L1_AABB
sobol_053,L03,L08,AABB_CLEAR,AABB_CLEAR,0,0,1,L1_AABB
sobol_053,L03,L09,AABB_CLEAR,AABB_CLEAR,0,0,1,L1_AABB
sobol_053,L03,L10,AABB_CLEAR,AABB_CLEAR,0,0,1,L1_AABB
sobol_053,L04,L05,EXPECTED_INTERFACE_CONTACT,EXPECTED_INTERFACE_CONTACT,0,0,1,L0_FIXED_SAFE
sobol_053,L04,L06,EXPECTED_INTERFACE_CONTACT,EXPECTED_INTERFACE_CONTACT,0,0,1,L3_SELECTIVE_EXACT
sobol_053,L04,L07,EXPECTED_INTERFACE_CONTACT,EXPECTED_INTERFACE_CONTACT,0,0,1,L3_SELECTIVE_EXACT
sobol_053,L04,L08,EXPECTED_INTERFACE_CONTACT,MESH_CLEAR,0,0,1,L2_MESH_BVH
sobol_053,L04,L09,AABB_CLEAR,AABB_CLEAR,0,0,1,L1_AABB
sobol_053,L04,L10,AABB_CLEAR,AABB_CLEAR,0,0,1,L1_AABB
sobol_053,L05,L06,EXPECTED_INTERFACE_CONTACT,EXPECTED_INTERFACE_CONTACT,0,0,1,L3_SELECTIVE_EXACT
sobol_053,L05,L07,EXPECTED_INTERFACE_CONTACT,EXPECTED_INTERFACE_CONTACT,0,0,1,L0_FIXED_SAFE
sobol_053,L05,L08,EXPECTED_INTERFACE_CONTACT,EXPECTED_INTERFACE_CONTACT,0,0,1,L3_SELECTIVE_EXACT
sobol_053,L05,L09,EXPECTED_INTERFACE_CONTACT,EXPECTED_INTERFACE_CONTACT,0,0,1,L3_SELECTIVE_EXACT
sobol_053,L05,L10,EXPECTED_INTERFACE_CONTACT,EXPECTED_INTERFACE_CONTACT,0,0,1,L3_SELECTIVE_EXACT
sobol_053,L06,L07,EXPECTED_INTERFACE_CONTACT,EXPECTED_INTERFACE_CONTACT,0,0,1,L3_SELECTIVE_EXACT
sobol_053,L06,L08,EXPECTED_INTERFACE_CONTACT,EXPECTED_INTERFACE_CONTACT,0,0,1,L3_SELECTIVE_EXACT
sobol_053,L06,L09,AABB_FALSE_POSITIVE,AABB_FALSE_POSITIVE,0,0,1,L3_SELECTIVE_EXACT
sobol_053,L06,L10,AABB_FALSE_POSITIVE,AABB_FALSE_POSITIVE,0,0,1,L3_SELECTIVE_EXACT
sobol_053,L07,L08,EXPECTED_INTERFACE_CONTACT,EXPECTED_INTERFACE_CONTACT,0,0,1,L0_FIXED_SAFE
sobol_053,L07,L09,EXPECTED_INTERFACE_CONTACT,EXPECTED_INTERFACE_CONTACT,0,0,1,L3_SELECTIVE_EXACT
sobol_053,L07,L10,EXPECTED_INTERFACE_CONTACT,EXPECTED_INTERFACE_CONTACT,0,0,1,L3_SELECTIVE_EXACT
sobol_053,L08,L09,EXPECTED_INTERFACE_CONTACT,EXPECTED_INTERFACE_CONTACT,0,0,1,L3_SELECTIVE_EXACT
sobol_053,L08,L10,EXPECTED_INTERFACE_CONTACT,EXPECTED_INTERFACE_CONTACT,0,0,1,L3_SELECTIVE_EXACT
sobol_053,L09,L10,AABB_FALSE_POSITIVE,AABB_FALSE_POSITIVE,0,0,1,L3_SELECTIVE_EXACT
sobol_054,L00,L01,EXPECTED_INTERFACE_CONTACT,EXPECTED_INTERFACE_CONTACT,0,0,1,L3_SELECTIVE_EXACT
sobol_054,L00,L02,AABB_CLEAR,AABB_CLEAR,0,0,1,L1_AABB
sobol_054,L00,L03,AABB_CLEAR,AABB_CLEAR,0,0,1,L1_AABB
sobol_054,L00,L04,AABB_CLEAR,AABB_CLEAR,0,0,1,L1_AABB
sobol_054,L00,L05,AABB_CLEAR,AABB_CLEAR,0,0,1,L1_AABB
sobol_054,L00,L06,AABB_CLEAR,AABB_CLEAR,0,0,1,L1_AABB
sobol_054,L00,L07,AABB_CLEAR,AABB_CLEAR,0,0,1,L1_AABB
sobol_054,L00,L08,AABB_CLEAR,AABB_CLEAR,0,0,1,L1_AABB
sobol_054,L00,L09,AABB_CLEAR,AABB_CLEAR,0,0,1,L1_AABB
sobol_054,L00,L10,AABB_CLEAR,AABB_CLEAR,0,0,1,L1_AABB
sobol_054,L01,L02,EXPECTED_INTERFACE_CONTACT,EXPECTED_INTERFACE_CONTACT,0,0,1,L3_SELECTIVE_EXACT
sobol_054,L01,L03,AABB_CLEAR,AABB_CLEAR,0,0,1,L1_AABB
sobol_054,L01,L04,AABB_CLEAR,AABB_CLEAR,0,0,1,L1_AABB
sobol_054,L01,L05,AABB_CLEAR,MESH_CLEAR,0,0,1,L2_MESH_BVH
sobol_054,L01,L06,AABB_CLEAR,AABB_CLEAR,0,0,1,L1_AABB
sobol_054,L01,L07,AABB_CLEAR,AABB_CLEAR,0,0,1,L1_AABB
sobol_054,L01,L08,AABB_CLEAR,MESH_CLEAR,0,0,1,L2_MESH_BVH
sobol_054,L01,L09,AABB_CLEAR,AABB_CLEAR,0,0,1,L1_AABB
sobol_054,L01,L10,AABB_CLEAR,AABB_CLEAR,0,0,1,L1_AABB
sobol_054,L02,L03,EXPECTED_INTERFACE_CONTACT,EXPECTED_INTERFACE_CONTACT,0,0,1,L3_SELECTIVE_EXACT
sobol_054,L02,L04,AABB_CLEAR,AABB_CLEAR,0,0,1,L3_SELECTIVE_EXACT
sobol_054,L02,L05,AABB_CLEAR,MESH_CLEAR,0,0,1,L2_MESH_BVH
sobol_054,L02,L06,AABB_CLEAR,AABB_CLEAR,0,0,1,L1_AABB
sobol_054,L02,L07,AABB_CLEAR,AABB_CLEAR,0,0,1,L1_AABB
sobol_054,L02,L08,AABB_CLEAR,AABB_CLEAR,0,0,1,L1_AABB
sobol_054,L02,L09,AABB_CLEAR,AABB_CLEAR,0,0,1,L1_AABB
sobol_054,L02,L10,AABB_CLEAR,AABB_CLEAR,0,0,1,L1_AABB
sobol_054,L03,L04,EXPECTED_INTERFACE_CONTACT,EXPECTED_INTERFACE_CONTACT,0,0,1,L3_SELECTIVE_EXACT
sobol_054,L03,L05,AABB_CLEAR,AABB_CLEAR,0,0,1,L1_AABB
sobol_054,L03,L06,AABB_CLEAR,AABB_CLEAR,0,0,1,L1_AABB
sobol_054,L03,L07,AABB_CLEAR,AABB_CLEAR,0,0,1,L1_AABB
sobol_054,L03,L08,AABB_CLEAR,AABB_CLEAR,0,0,1,L1_AABB
sobol_054,L03,L09,AABB_CLEAR,AABB_CLEAR,0,0,1,L1_AABB
sobol_054,L03,L10,AABB_CLEAR,AABB_CLEAR,0,0,1,L1_AABB
sobol_054,L04,L05,EXPECTED_INTERFACE_CONTACT,EXPECTED_INTERFACE_CONTACT,0,0,1,L0_FIXED_SAFE
sobol_054,L04,L06,EXPECTED_INTERFACE_CONTACT,EXPECTED_INTERFACE_CONTACT,0,0,1,L3_SELECTIVE_EXACT
sobol_054,L04,L07,EXPECTED_INTERFACE_CONTACT,EXPECTED_INTERFACE_CONTACT,0,0,1,L3_SELECTIVE_EXACT
sobol_054,L04,L08,AABB_CLEAR,AABB_CLEAR,0,0,1,L1_AABB
sobol_054,L04,L09,AABB_CLEAR,AABB_CLEAR,0,0,1,L1_AABB
sobol_054,L04,L10,AABB_CLEAR,AABB_CLEAR,0,0,1,L1_AABB
sobol_054,L05,L06,EXPECTED_INTERFACE_CONTACT,EXPECTED_INTERFACE_CONTACT,0,0,1,L3_SELECTIVE_EXACT
sobol_054,L05,L07,EXPECTED_INTERFACE_CONTACT,EXPECTED_INTERFACE_CONTACT,0,0,1,L0_FIXED_SAFE
sobol_054,L05,L08,AABB_CLEAR,AABB_CLEAR,0,0,1,L1_AABB
sobol_054,L05,L09,EXPECTED_INTERFACE_CONTACT,EXPECTED_INTERFACE_CONTACT,0,0,1,L3_SELECTIVE_EXACT
sobol_054,L05,L10,EXPECTED_INTERFACE_CONTACT,EXPECTED_INTERFACE_CONTACT,0,0,1,L3_SELECTIVE_EXACT
sobol_054,L06,L07,EXPECTED_INTERFACE_CONTACT,EXPECTED_INTERFACE_CONTACT,0,0,1,L3_SELECTIVE_EXACT
sobol_054,L06,L08,EXPECTED_INTERFACE_CONTACT,EXPECTED_INTERFACE_CONTACT,0,0,1,L3_SELECTIVE_EXACT
sobol_054,L06,L09,AABB_CLEAR,AABB_CLEAR,0,0,1,L1_AABB
sobol_054,L06,L10,AABB_CLEAR,MESH_CLEAR,0,0,1,L2_MESH_BVH
sobol_054,L07,L08,EXPECTED_INTERFACE_CONTACT,EXPECTED_INTERFACE_CONTACT,0,0,1,L0_FIXED_SAFE
sobol_054,L07,L09,AABB_CLEAR,AABB_CLEAR,0,0,1,L1_AABB
sobol_054,L07,L10,AABB_CLEAR,AABB_CLEAR,0,0,1,L1_AABB
sobol_054,L08,L09,EXPECTED_INTERFACE_CONTACT,EXPECTED_INTERFACE_CONTACT,0,0,1,L3_SELECTIVE_EXACT
sobol_054,L08,L10,EXPECTED_INTERFACE_CONTACT,EXPECTED_INTERFACE_CONTACT,0,0,1,L3_SELECTIVE_EXACT
sobol_054,L09,L10,AABB_CLEAR,AABB_CLEAR,0,0,1,L1_AABB
sobol_055,L00,L01,EXPECTED_INTERFACE_CONTACT,EXPECTED_INTERFACE_CONTACT,0,0,1,L3_SELECTIVE_EXACT
sobol_055,L00,L02,AABB_CLEAR,AABB_CLEAR,0,0,1,L3_SELECTIVE_EXACT
sobol_055,L00,L03,AABB_CLEAR,AABB_CLEAR,0,0,1,L1_AABB
sobol_055,L00,L04,AABB_CLEAR,AABB_CLEAR,0,0,1,L1_AABB
sobol_055,L00,L05,AABB_CLEAR,AABB_CLEAR,0,0,1,L1_AABB
sobol_055,L00,L06,AABB_CLEAR,AABB_CLEAR,0,0,1,L1_AABB
sobol_055,L00,L07,AABB_CLEAR,AABB_CLEAR,0,0,1,L1_AABB
sobol_055,L00,L08,AABB_CLEAR,AABB_CLEAR,0,0,1,L1_AABB
sobol_055,L00,L09,AABB_CLEAR,AABB_CLEAR,0,0,1,L1_AABB
sobol_055,L00,L10,AABB_CLEAR,AABB_CLEAR,0,0,1,L1_AABB
sobol_055,L01,L02,EXPECTED_INTERFACE_CONTACT,EXPECTED_INTERFACE_CONTACT,0,0,1,L3_SELECTIVE_EXACT
sobol_055,L01,L03,AABB_CLEAR,AABB_CLEAR,0,0,1,L1_AABB
sobol_055,L01,L04,AABB_CLEAR,AABB_CLEAR,0,0,1,L1_AABB
sobol_055,L01,L05,AABB_CLEAR,AABB_CLEAR,0,0,1,L1_AABB
sobol_055,L01,L06,AABB_CLEAR,AABB_CLEAR,0,0,1,L1_AABB
sobol_055,L01,L07,AABB_CLEAR,AABB_CLEAR,0,0,1,L1_AABB
sobol_055,L01,L08,AABB_CLEAR,AABB_CLEAR,0,0,1,L1_AABB
sobol_055,L01,L09,AABB_CLEAR,AABB_CLEAR,0,0,1,L1_AABB
sobol_055,L01,L10,AABB_CLEAR,AABB_CLEAR,0,0,1,L1_AABB
sobol_055,L02,L03,EXPECTED_INTERFACE_CONTACT,EXPECTED_INTERFACE_CONTACT,0,0,1,L3_SELECTIVE_EXACT
sobol_055,L02,L04,AABB_CLEAR,AABB_CLEAR,0,0,1,L1_AABB
sobol_055,L02,L05,AABB_CLEAR,AABB_CLEAR,0,0,1,L1_AABB
sobol_055,L02,L06,AABB_CLEAR,AABB_CLEAR,0,0,1,L1_AABB
sobol_055,L02,L07,AABB_CLEAR,AABB_CLEAR,0,0,1,L1_AABB
sobol_055,L02,L08,AABB_CLEAR,AABB_CLEAR,0,0,1,L1_AABB
sobol_055,L02,L09,AABB_CLEAR,AABB_CLEAR,0,0,1,L1_AABB
sobol_055,L02,L10,AABB_CLEAR,AABB_CLEAR,0,0,1,L1_AABB
sobol_055,L03,L04,EXPECTED_INTERFACE_CONTACT,EXPECTED_INTERFACE_CONTACT,0,0,1,L3_SELECTIVE_EXACT
sobol_055,L03,L05,AABB_CLEAR,AABB_CLEAR,0,0,1,L1_AABB
sobol_055,L03,L06,AABB_CLEAR,AABB_CLEAR,0,0,1,L1_AABB
sobol_055,L03,L07,AABB_CLEAR,AABB_CLEAR,0,0,1,L1_AABB
sobol_055,L03,L08,AABB_CLEAR,AABB_CLEAR,0,0,1,L1_AABB
sobol_055,L03,L09,AABB_CLEAR,AABB_CLEAR,0,0,1,L1_AABB
sobol_055,L03,L10,AABB_CLEAR,AABB_CLEAR,0,0,1,L1_AABB
sobol_055,L04,L05,EXPECTED_INTERFACE_CONTACT,EXPECTED_INTERFACE_CONTACT,0,0,1,L0_FIXED_SAFE
sobol_055,L04,L06,EXPECTED_INTERFACE_CONTACT,EXPECTED_INTERFACE_CONTACT,0,0,1,L3_SELECTIVE_EXACT
sobol_055,L04,L07,EXPECTED_INTERFACE_CONTACT,EXPECTED_INTERFACE_CONTACT,0,0,1,L3_SELECTIVE_EXACT
sobol_055,L04,L08,EXPECTED_INTERFACE_CONTACT,MESH_CLEAR,0,0,1,L2_MESH_BVH
sobol_055,L04,L09,AABB_CLEAR,AABB_CLEAR,0,0,1,L1_AABB
sobol_055,L04,L10,AABB_CLEAR,AABB_CLEAR,0,0,1,L1_AABB
sobol_055,L05,L06,EXPECTED_INTERFACE_CONTACT,EXPECTED_INTERFACE_CONTACT,0,0,1,L3_SELECTIVE_EXACT
sobol_055,L05,L07,EXPECTED_INTERFACE_CONTACT,EXPECTED_INTERFACE_CONTACT,0,0,1,L0_FIXED_SAFE
sobol_055,L05,L08,EXPECTED_INTERFACE_CONTACT,EXPECTED_INTERFACE_CONTACT,0,0,1,L3_SELECTIVE_EXACT
sobol_055,L05,L09,AABB_CLEAR,AABB_CLEAR,0,0,1,L1_AABB
sobol_055,L05,L10,EXPECTED_INTERFACE_CONTACT,EXPECTED_INTERFACE_CONTACT,0,0,1,L3_SELECTIVE_EXACT
sobol_055,L06,L07,EXPECTED_INTERFACE_CONTACT,EXPECTED_INTERFACE_CONTACT,0,0,1,L3_SELECTIVE_EXACT
sobol_055,L06,L08,EXPECTED_INTERFACE_CONTACT,EXPECTED_INTERFACE_CONTACT,0,0,1,L3_SELECTIVE_EXACT
sobol_055,L06,L09,AABB_CLEAR,AABB_CLEAR,0,0,1,L1_AABB
sobol_055,L06,L10,AABB_FALSE_POSITIVE,MESH_CLEAR,0,0,1,L2_MESH_BVH
sobol_055,L07,L08,EXPECTED_INTERFACE_CONTACT,EXPECTED_INTERFACE_CONTACT,0,0,1,L0_FIXED_SAFE
sobol_055,L07,L09,AABB_CLEAR,AABB_CLEAR,0,0,1,L1_AABB
sobol_055,L07,L10,EXPECTED_INTERFACE_CONTACT,MESH_CLEAR,0,0,1,L2_MESH_BVH
sobol_055,L08,L09,EXPECTED_INTERFACE_CONTACT,EXPECTED_INTERFACE_CONTACT,0,0,1,L3_SELECTIVE_EXACT
sobol_055,L08,L10,EXPECTED_INTERFACE_CONTACT,EXPECTED_INTERFACE_CONTACT,0,0,1,L3_SELECTIVE_EXACT
sobol_055,L09,L10,AABB_CLEAR,AABB_CLEAR,0,0,1,L1_AABB
sobol_056,L00,L01,EXPECTED_INTERFACE_CONTACT,EXPECTED_INTERFACE_CONTACT,0,0,1,L3_SELECTIVE_EXACT
sobol_056,L00,L02,AABB_CLEAR,AABB_CLEAR,0,0,1,L1_AABB
sobol_056,L00,L03,AABB_CLEAR,AABB_CLEAR,0,0,1,L1_AABB
sobol_056,L00,L04,AABB_CLEAR,AABB_CLEAR,0,0,1,L1_AABB
sobol_056,L00,L05,AABB_CLEAR,AABB_CLEAR,0,0,1,L1_AABB
sobol_056,L00,L06,AABB_CLEAR,AABB_CLEAR,0,0,1,L1_AABB
sobol_056,L00,L07,AABB_CLEAR,AABB_CLEAR,0,0,1,L1_AABB
sobol_056,L00,L08,AABB_CLEAR,AABB_CLEAR,0,0,1,L1_AABB
sobol_056,L00,L09,AABB_CLEAR,AABB_CLEAR,0,0,1,L1_AABB
sobol_056,L00,L10,AABB_CLEAR,AABB_CLEAR,0,0,1,L1_AABB
sobol_056,L01,L02,EXPECTED_INTERFACE_CONTACT,EXPECTED_INTERFACE_CONTACT,0,0,1,L3_SELECTIVE_EXACT
sobol_056,L01,L03,AABB_CLEAR,MESH_CLEAR,0,0,1,L2_MESH_BVH
sobol_056,L01,L04,AABB_CLEAR,AABB_CLEAR,0,0,1,L1_AABB
sobol_056,L01,L05,AABB_CLEAR,AABB_CLEAR,0,0,1,L1_AABB
sobol_056,L01,L06,AABB_CLEAR,AABB_CLEAR,0,0,1,L1_AABB
sobol_056,L01,L07,AABB_CLEAR,AABB_CLEAR,0,0,1,L1_AABB
sobol_056,L01,L08,AABB_CLEAR,AABB_CLEAR,0,0,1,L1_AABB
sobol_056,L01,L09,AABB_CLEAR,AABB_CLEAR,0,0,1,L1_AABB
sobol_056,L01,L10,AABB_CLEAR,AABB_CLEAR,0,0,1,L1_AABB
sobol_056,L02,L03,EXPECTED_INTERFACE_CONTACT,EXPECTED_INTERFACE_CONTACT,0,0,1,L3_SELECTIVE_EXACT
sobol_056,L02,L04,AABB_FALSE_POSITIVE,AABB_FALSE_POSITIVE,0,0,1,L3_SELECTIVE_EXACT
sobol_056,L02,L05,AABB_CLEAR,MESH_CLEAR,0,0,1,L2_MESH_BVH
sobol_056,L02,L06,AABB_CLEAR,MESH_CLEAR,0,0,1,L2_MESH_BVH
sobol_056,L02,L07,AABB_CLEAR,MESH_CLEAR,0,0,1,L2_MESH_BVH
sobol_056,L02,L08,AABB_CLEAR,AABB_CLEAR,0,0,1,L1_AABB
sobol_056,L02,L09,AABB_CLEAR,AABB_CLEAR,0,0,1,L1_AABB
sobol_056,L02,L10,AABB_CLEAR,AABB_CLEAR,0,0,1,L1_AABB
sobol_056,L03,L04,EXPECTED_INTERFACE_CONTACT,EXPECTED_INTERFACE_CONTACT,0,0,1,L3_SELECTIVE_EXACT
sobol_056,L03,L05,EXPECTED_INTERFACE_CONTACT,MESH_CLEAR,0,0,1,L2_MESH_BVH
sobol_056,L03,L06,AABB_FALSE_POSITIVE,MESH_CLEAR,0,0,1,L2_MESH_BVH
sobol_056,L03,L07,EXPECTED_INTERFACE_CONTACT,MESH_CLEAR,0,0,1,L2_MESH_BVH
sobol_056,L03,L08,AABB_CLEAR,AABB_CLEAR,0,0,1,L1_AABB
sobol_056,L03,L09,AABB_CLEAR,AABB_CLEAR,0,0,1,L1_AABB
sobol_056,L03,L10,AABB_CLEAR,AABB_CLEAR,0,0,1,L1_AABB
sobol_056,L04,L05,EXPECTED_INTERFACE_CONTACT,EXPECTED_INTERFACE_CONTACT,0,0,1,L0_FIXED_SAFE
sobol_056,L04,L06,EXPECTED_INTERFACE_CONTACT,EXPECTED_INTERFACE_CONTACT,0,0,1,L3_SELECTIVE_EXACT
sobol_056,L04,L07,EXPECTED_INTERFACE_CONTACT,EXPECTED_INTERFACE_CONTACT,0,0,1,L3_SELECTIVE_EXACT
sobol_056,L04,L08,AABB_CLEAR,AABB_CLEAR,0,0,1,L1_AABB
sobol_056,L04,L09,AABB_CLEAR,AABB_CLEAR,0,0,1,L1_AABB
sobol_056,L04,L10,AABB_CLEAR,AABB_CLEAR,0,0,1,L1_AABB
sobol_056,L05,L06,EXPECTED_INTERFACE_CONTACT,EXPECTED_INTERFACE_CONTACT,0,0,1,L3_SELECTIVE_EXACT
sobol_056,L05,L07,EXPECTED_INTERFACE_CONTACT,EXPECTED_INTERFACE_CONTACT,0,0,1,L0_FIXED_SAFE
sobol_056,L05,L08,EXPECTED_INTERFACE_CONTACT,EXPECTED_INTERFACE_CONTACT,0,0,1,L3_SELECTIVE_EXACT
sobol_056,L05,L09,AABB_CLEAR,AABB_CLEAR,0,0,1,L3_SELECTIVE_EXACT
sobol_056,L05,L10,EXPECTED_INTERFACE_CONTACT,EXPECTED_INTERFACE_CONTACT,0,0,1,L3_SELECTIVE_EXACT
sobol_056,L06,L07,EXPECTED_INTERFACE_CONTACT,EXPECTED_INTERFACE_CONTACT,0,0,1,L3_SELECTIVE_EXACT
sobol_056,L06,L08,EXPECTED_INTERFACE_CONTACT,EXPECTED_INTERFACE_CONTACT,0,0,1,L3_SELECTIVE_EXACT
sobol_056,L06,L09,AABB_CLEAR,MESH_CLEAR,0,0,1,L2_MESH_BVH
sobol_056,L06,L10,AABB_FALSE_POSITIVE,MESH_CLEAR,0,0,1,L2_MESH_BVH
sobol_056,L07,L08,EXPECTED_INTERFACE_CONTACT,EXPECTED_INTERFACE_CONTACT,0,0,1,L0_FIXED_SAFE
sobol_056,L07,L09,AABB_CLEAR,AABB_CLEAR,0,0,1,L1_AABB
sobol_056,L07,L10,EXPECTED_INTERFACE_CONTACT,MESH_CLEAR,0,0,1,L2_MESH_BVH
sobol_056,L08,L09,EXPECTED_INTERFACE_CONTACT,EXPECTED_INTERFACE_CONTACT,0,0,1,L3_SELECTIVE_EXACT
sobol_056,L08,L10,EXPECTED_INTERFACE_CONTACT,EXPECTED_INTERFACE_CONTACT,0,0,1,L3_SELECTIVE_EXACT
sobol_056,L09,L10,AABB_CLEAR,AABB_CLEAR,0,0,1,L1_AABB
sobol_057,L00,L01,EXPECTED_INTERFACE_CONTACT,EXPECTED_INTERFACE_CONTACT,0,0,1,L3_SELECTIVE_EXACT
sobol_057,L00,L02,AABB_CLEAR,MESH_CLEAR,0,0,1,L2_MESH_BVH
sobol_057,L00,L03,AABB_CLEAR,AABB_CLEAR,0,0,1,L1_AABB
sobol_057,L00,L04,AABB_CLEAR,AABB_CLEAR,0,0,1,L1_AABB
sobol_057,L00,L05,AABB_CLEAR,AABB_CLEAR,0,0,1,L1_AABB
sobol_057,L00,L06,AABB_CLEAR,AABB_CLEAR,0,0,1,L1_AABB
sobol_057,L00,L07,AABB_CLEAR,AABB_CLEAR,0,0,1,L1_AABB
sobol_057,L00,L08,AABB_CLEAR,AABB_CLEAR,0,0,1,L1_AABB
sobol_057,L00,L09,AABB_CLEAR,AABB_CLEAR,0,0,1,L1_AABB
sobol_057,L00,L10,AABB_CLEAR,AABB_CLEAR,0,0,1,L1_AABB
sobol_057,L01,L02,EXPECTED_INTERFACE_CONTACT,EXPECTED_INTERFACE_CONTACT,0,0,1,L3_SELECTIVE_EXACT
sobol_057,L01,L03,AABB_CLEAR,AABB_CLEAR,0,0,1,L1_AABB
sobol_057,L01,L04,AABB_CLEAR,AABB_CLEAR,0,0,1,L1_AABB
sobol_057,L01,L05,AABB_CLEAR,AABB_CLEAR,0,0,1,L1_AABB
sobol_057,L01,L06,AABB_CLEAR,AABB_CLEAR,0,0,1,L1_AABB
sobol_057,L01,L07,AABB_CLEAR,AABB_CLEAR,0,0,1,L1_AABB
sobol_057,L01,L08,AABB_CLEAR,AABB_CLEAR,0,0,1,L1_AABB
sobol_057,L01,L09,AABB_CLEAR,AABB_CLEAR,0,0,1,L1_AABB
sobol_057,L01,L10,AABB_CLEAR,AABB_CLEAR,0,0,1,L1_AABB
sobol_057,L02,L03,EXPECTED_INTERFACE_CONTACT,EXPECTED_INTERFACE_CONTACT,0,0,1,L3_SELECTIVE_EXACT
sobol_057,L02,L04,AABB_CLEAR,AABB_CLEAR,0,0,1,L1_AABB
sobol_057,L02,L05,AABB_CLEAR,AABB_CLEAR,0,0,1,L1_AABB
sobol_057,L02,L06,AABB_CLEAR,AABB_CLEAR,0,0,1,L1_AABB
sobol_057,L02,L07,AABB_CLEAR,AABB_CLEAR,0,0,1,L1_AABB
sobol_057,L02,L08,AABB_CLEAR,AABB_CLEAR,0,0,1,L1_AABB
sobol_057,L02,L09,AABB_CLEAR,AABB_CLEAR,0,0,1,L1_AABB
sobol_057,L02,L10,AABB_CLEAR,AABB_CLEAR,0,0,1,L1_AABB
sobol_057,L03,L04,EXPECTED_INTERFACE_CONTACT,EXPECTED_INTERFACE_CONTACT,0,0,1,L3_SELECTIVE_EXACT
sobol_057,L03,L05,AABB_CLEAR,AABB_CLEAR,0,0,1,L1_AABB
sobol_057,L03,L06,AABB_CLEAR,AABB_CLEAR,0,0,1,L1_AABB
sobol_057,L03,L07,AABB_CLEAR,AABB_CLEAR,0,0,1,L1_AABB
sobol_057,L03,L08,AABB_CLEAR,AABB_CLEAR,0,0,1,L1_AABB
sobol_057,L03,L09,AABB_CLEAR,AABB_CLEAR,0,0,1,L1_AABB
sobol_057,L03,L10,AABB_CLEAR,AABB_CLEAR,0,0,1,L1_AABB
sobol_057,L04,L05,EXPECTED_INTERFACE_CONTACT,EXPECTED_INTERFACE_CONTACT,0,0,1,L0_FIXED_SAFE
sobol_057,L04,L06,EXPECTED_INTERFACE_CONTACT,EXPECTED_INTERFACE_CONTACT,0,0,1,L3_SELECTIVE_EXACT
sobol_057,L04,L07,EXPECTED_INTERFACE_CONTACT,EXPECTED_INTERFACE_CONTACT,0,0,1,L3_SELECTIVE_EXACT
sobol_057,L04,L08,AABB_CLEAR,AABB_CLEAR,0,0,1,L1_AABB
sobol_057,L04,L09,AABB_CLEAR,AABB_CLEAR,0,0,1,L1_AABB
sobol_057,L04,L10,AABB_CLEAR,AABB_CLEAR,0,0,1,L1_AABB
sobol_057,L05,L06,EXPECTED_INTERFACE_CONTACT,EXPECTED_INTERFACE_CONTACT,0,0,1,L3_SELECTIVE_EXACT
sobol_057,L05,L07,EXPECTED_INTERFACE_CONTACT,EXPECTED_INTERFACE_CONTACT,0,0,1,L0_FIXED_SAFE
sobol_057,L05,L08,EXPECTED_INTERFACE_CONTACT,EXPECTED_INTERFACE_CONTACT,0,0,1,L3_SELECTIVE_EXACT
sobol_057,L05,L09,AABB_CLEAR,MESH_CLEAR,0,0,1,L2_MESH_BVH
sobol_057,L05,L10,AABB_CLEAR,AABB_CLEAR,0,0,1,L1_AABB
sobol_057,L06,L07,EXPECTED_INTERFACE_CONTACT,EXPECTED_INTERFACE_CONTACT,0,0,1,L3_SELECTIVE_EXACT
sobol_057,L06,L08,EXPECTED_INTERFACE_CONTACT,EXPECTED_INTERFACE_CONTACT,0,0,1,L3_SELECTIVE_EXACT
sobol_057,L06,L09,AABB_CLEAR,AABB_CLEAR,0,0,1,L1_AABB
sobol_057,L06,L10,AABB_CLEAR,AABB_CLEAR,0,0,1,L1_AABB
sobol_057,L07,L08,EXPECTED_INTERFACE_CONTACT,EXPECTED_INTERFACE_CONTACT,0,0,1,L0_FIXED_SAFE
sobol_057,L07,L09,AABB_CLEAR,AABB_CLEAR,0,0,1,L1_AABB
sobol_057,L07,L10,AABB_CLEAR,AABB_CLEAR,0,0,1,L1_AABB
sobol_057,L08,L09,EXPECTED_INTERFACE_CONTACT,EXPECTED_INTERFACE_CONTACT,0,0,1,L3_SELECTIVE_EXACT
sobol_057,L08,L10,EXPECTED_INTERFACE_CONTACT,EXPECTED_INTERFACE_CONTACT,0,0,1,L3_SELECTIVE_EXACT
sobol_057,L09,L10,AABB_CLEAR,AABB_CLEAR,0,0,1,L1_AABB
sobol_058,L00,L01,EXPECTED_INTERFACE_CONTACT,EXPECTED_INTERFACE_CONTACT,0,0,1,L3_SELECTIVE_EXACT
sobol_058,L00,L02,AABB_CLEAR,AABB_CLEAR,0,0,1,L1_AABB
sobol_058,L00,L03,AABB_CLEAR,AABB_CLEAR,0,0,1,L1_AABB
sobol_058,L00,L04,AABB_CLEAR,AABB_CLEAR,0,0,1,L1_AABB
sobol_058,L00,L05,AABB_CLEAR,AABB_CLEAR,0,0,1,L1_AABB
sobol_058,L00,L06,AABB_CLEAR,AABB_CLEAR,0,0,1,L1_AABB
sobol_058,L00,L07,AABB_CLEAR,AABB_CLEAR,0,0,1,L1_AABB
sobol_058,L00,L08,AABB_CLEAR,AABB_CLEAR,0,0,1,L1_AABB
sobol_058,L00,L09,AABB_CLEAR,AABB_CLEAR,0,0,1,L1_AABB
sobol_058,L00,L10,AABB_CLEAR,AABB_CLEAR,0,0,1,L1_AABB
sobol_058,L01,L02,EXPECTED_INTERFACE_CONTACT,EXPECTED_INTERFACE_CONTACT,0,0,1,L3_SELECTIVE_EXACT
sobol_058,L01,L03,AABB_CLEAR,AABB_CLEAR,0,0,1,L1_AABB
sobol_058,L01,L04,AABB_CLEAR,AABB_CLEAR,0,0,1,L1_AABB
sobol_058,L01,L05,AABB_CLEAR,AABB_CLEAR,0,0,1,L1_AABB
sobol_058,L01,L06,AABB_CLEAR,AABB_CLEAR,0,0,1,L1_AABB
sobol_058,L01,L07,AABB_CLEAR,AABB_CLEAR,0,0,1,L1_AABB
sobol_058,L01,L08,AABB_CLEAR,AABB_CLEAR,0,0,1,L1_AABB
sobol_058,L01,L09,AABB_CLEAR,AABB_CLEAR,0,0,1,L1_AABB
sobol_058,L01,L10,AABB_CLEAR,AABB_CLEAR,0,0,1,L1_AABB
sobol_058,L02,L03,EXPECTED_INTERFACE_CONTACT,EXPECTED_INTERFACE_CONTACT,0,0,1,L3_SELECTIVE_EXACT
sobol_058,L02,L04,AABB_CLEAR,AABB_CLEAR,0,0,1,L1_AABB
sobol_058,L02,L05,AABB_CLEAR,AABB_CLEAR,0,0,1,L1_AABB
sobol_058,L02,L06,AABB_CLEAR,AABB_CLEAR,0,0,1,L1_AABB
sobol_058,L02,L07,AABB_CLEAR,AABB_CLEAR,0,0,1,L1_AABB
sobol_058,L02,L08,AABB_CLEAR,AABB_CLEAR,0,0,1,L1_AABB
sobol_058,L02,L09,AABB_CLEAR,AABB_CLEAR,0,0,1,L1_AABB
sobol_058,L02,L10,AABB_CLEAR,AABB_CLEAR,0,0,1,L1_AABB
sobol_058,L03,L04,EXPECTED_INTERFACE_CONTACT,EXPECTED_INTERFACE_CONTACT,0,0,1,L3_SELECTIVE_EXACT
sobol_058,L03,L05,AABB_CLEAR,AABB_CLEAR,0,0,1,L1_AABB
sobol_058,L03,L06,AABB_CLEAR,AABB_CLEAR,0,0,1,L1_AABB
sobol_058,L03,L07,AABB_CLEAR,AABB_CLEAR,0,0,1,L1_AABB
sobol_058,L03,L08,AABB_CLEAR,AABB_CLEAR,0,0,1,L1_AABB
sobol_058,L03,L09,AABB_CLEAR,AABB_CLEAR,0,0,1,L1_AABB
sobol_058,L03,L10,AABB_CLEAR,AABB_CLEAR,0,0,1,L1_AABB
sobol_058,L04,L05,EXPECTED_INTERFACE_CONTACT,EXPECTED_INTERFACE_CONTACT,0,0,1,L0_FIXED_SAFE
sobol_058,L04,L06,EXPECTED_INTERFACE_CONTACT,EXPECTED_INTERFACE_CONTACT,0,0,1,L3_SELECTIVE_EXACT
sobol_058,L04,L07,EXPECTED_INTERFACE_CONTACT,EXPECTED_INTERFACE_CONTACT,0,0,1,L3_SELECTIVE_EXACT
sobol_058,L04,L08,AABB_CLEAR,AABB_CLEAR,0,0,1,L1_AABB
sobol_058,L04,L09,AABB_CLEAR,AABB_CLEAR,0,0,1,L1_AABB
sobol_058,L04,L10,AABB_CLEAR,MESH_CLEAR,0,0,1,L2_MESH_BVH
sobol_058,L05,L06,EXPECTED_INTERFACE_CONTACT,EXPECTED_INTERFACE_CONTACT,0,0,1,L3_SELECTIVE_EXACT
sobol_058,L05,L07,EXPECTED_INTERFACE_CONTACT,EXPECTED_INTERFACE_CONTACT,0,0,1,L0_FIXED_SAFE
sobol_058,L05,L08,EXPECTED_INTERFACE_CONTACT,EXPECTED_INTERFACE_CONTACT,0,0,1,L3_SELECTIVE_EXACT
sobol_058,L05,L09,EXPECTED_INTERFACE_CONTACT,EXPECTED_INTERFACE_CONTACT,0,0,1,L3_SELECTIVE_EXACT
sobol_058,L05,L10,EXPECTED_INTERFACE_CONTACT,EXPECTED_INTERFACE_CONTACT,0,0,1,L3_SELECTIVE_EXACT
sobol_058,L06,L07,EXPECTED_INTERFACE_CONTACT,EXPECTED_INTERFACE_CONTACT,0,0,1,L3_SELECTIVE_EXACT
sobol_058,L06,L08,EXPECTED_INTERFACE_CONTACT,EXPECTED_INTERFACE_CONTACT,0,0,1,L3_SELECTIVE_EXACT
sobol_058,L06,L09,AABB_CLEAR,AABB_CLEAR,0,0,1,L3_SELECTIVE_EXACT
sobol_058,L06,L10,AABB_FALSE_POSITIVE,AABB_FALSE_POSITIVE,0,0,1,L3_SELECTIVE_EXACT
sobol_058,L07,L08,EXPECTED_INTERFACE_CONTACT,EXPECTED_INTERFACE_CONTACT,0,0,1,L0_FIXED_SAFE
sobol_058,L07,L09,AABB_CLEAR,MESH_CLEAR,0,0,1,L2_MESH_BVH
sobol_058,L07,L10,EXPECTED_INTERFACE_CONTACT,EXPECTED_INTERFACE_CONTACT,0,0,1,L3_SELECTIVE_EXACT
sobol_058,L08,L09,EXPECTED_INTERFACE_CONTACT,EXPECTED_INTERFACE_CONTACT,0,0,1,L3_SELECTIVE_EXACT
sobol_058,L08,L10,EXPECTED_INTERFACE_CONTACT,EXPECTED_INTERFACE_CONTACT,0,0,1,L3_SELECTIVE_EXACT
sobol_058,L09,L10,AABB_CLEAR,AABB_CLEAR,0,0,1,L1_AABB
sobol_059,L00,L01,EXPECTED_INTERFACE_CONTACT,EXPECTED_INTERFACE_CONTACT,0,0,1,L3_SELECTIVE_EXACT
sobol_059,L00,L02,AABB_FALSE_POSITIVE,AABB_FALSE_POSITIVE,0,0,1,L3_SELECTIVE_EXACT
sobol_059,L00,L03,AABB_CLEAR,AABB_CLEAR,0,0,1,L1_AABB
sobol_059,L00,L04,AABB_CLEAR,AABB_CLEAR,0,0,1,L1_AABB
sobol_059,L00,L05,AABB_CLEAR,AABB_CLEAR,0,0,1,L1_AABB
sobol_059,L00,L06,AABB_CLEAR,AABB_CLEAR,0,0,1,L1_AABB
sobol_059,L00,L07,AABB_CLEAR,AABB_CLEAR,0,0,1,L1_AABB
sobol_059,L00,L08,AABB_CLEAR,AABB_CLEAR,0,0,1,L1_AABB
sobol_059,L00,L09,AABB_CLEAR,AABB_CLEAR,0,0,1,L1_AABB
sobol_059,L00,L10,AABB_CLEAR,AABB_CLEAR,0,0,1,L1_AABB
sobol_059,L01,L02,EXPECTED_INTERFACE_CONTACT,EXPECTED_INTERFACE_CONTACT,0,0,1,L3_SELECTIVE_EXACT
sobol_059,L01,L03,AABB_CLEAR,AABB_CLEAR,0,0,1,L1_AABB
sobol_059,L01,L04,AABB_CLEAR,AABB_CLEAR,0,0,1,L1_AABB
sobol_059,L01,L05,AABB_CLEAR,AABB_CLEAR,0,0,1,L1_AABB
sobol_059,L01,L06,AABB_CLEAR,AABB_CLEAR,0,0,1,L1_AABB
sobol_059,L01,L07,AABB_CLEAR,AABB_CLEAR,0,0,1,L1_AABB
sobol_059,L01,L08,AABB_CLEAR,AABB_CLEAR,0,0,1,L1_AABB
sobol_059,L01,L09,AABB_CLEAR,AABB_CLEAR,0,0,1,L1_AABB
sobol_059,L01,L10,AABB_CLEAR,AABB_CLEAR,0,0,1,L1_AABB
sobol_059,L02,L03,EXPECTED_INTERFACE_CONTACT,EXPECTED_INTERFACE_CONTACT,0,0,1,L3_SELECTIVE_EXACT
sobol_059,L02,L04,AABB_CLEAR,AABB_CLEAR,0,0,1,L1_AABB
sobol_059,L02,L05,AABB_CLEAR,AABB_CLEAR,0,0,1,L1_AABB
sobol_059,L02,L06,AABB_CLEAR,AABB_CLEAR,0,0,1,L1_AABB
sobol_059,L02,L07,AABB_CLEAR,AABB_CLEAR,0,0,1,L1_AABB
sobol_059,L02,L08,AABB_CLEAR,AABB_CLEAR,0,0,1,L1_AABB
sobol_059,L02,L09,AABB_CLEAR,AABB_CLEAR,0,0,1,L1_AABB
sobol_059,L02,L10,AABB_CLEAR,AABB_CLEAR,0,0,1,L1_AABB
sobol_059,L03,L04,EXPECTED_INTERFACE_CONTACT,EXPECTED_INTERFACE_CONTACT,0,0,1,L3_SELECTIVE_EXACT
sobol_059,L03,L05,AABB_CLEAR,MESH_CLEAR,0,0,1,L2_MESH_BVH
sobol_059,L03,L06,AABB_CLEAR,AABB_CLEAR,0,0,1,L1_AABB
sobol_059,L03,L07,AABB_CLEAR,AABB_CLEAR,0,0,1,L1_AABB
sobol_059,L03,L08,AABB_CLEAR,AABB_CLEAR,0,0,1,L1_AABB
sobol_059,L03,L09,AABB_CLEAR,AABB_CLEAR,0,0,1,L1_AABB
sobol_059,L03,L10,AABB_CLEAR,AABB_CLEAR,0,0,1,L1_AABB
sobol_059,L04,L05,EXPECTED_INTERFACE_CONTACT,EXPECTED_INTERFACE_CONTACT,0,0,1,L0_FIXED_SAFE
sobol_059,L04,L06,EXPECTED_INTERFACE_CONTACT,EXPECTED_INTERFACE_CONTACT,0,0,1,L3_SELECTIVE_EXACT
sobol_059,L04,L07,EXPECTED_INTERFACE_CONTACT,EXPECTED_INTERFACE_CONTACT,0,0,1,L3_SELECTIVE_EXACT
sobol_059,L04,L08,AABB_CLEAR,MESH_CLEAR,0,0,1,L2_MESH_BVH
sobol_059,L04,L09,AABB_CLEAR,AABB_CLEAR,0,0,1,L1_AABB
sobol_059,L04,L10,AABB_CLEAR,AABB_CLEAR,0,0,1,L1_AABB
sobol_059,L05,L06,EXPECTED_INTERFACE_CONTACT,EXPECTED_INTERFACE_CONTACT,0,0,1,L3_SELECTIVE_EXACT
sobol_059,L05,L07,EXPECTED_INTERFACE_CONTACT,EXPECTED_INTERFACE_CONTACT,0,0,1,L0_FIXED_SAFE
sobol_059,L05,L08,EXPECTED_INTERFACE_CONTACT,EXPECTED_INTERFACE_CONTACT,0,0,1,L3_SELECTIVE_EXACT
sobol_059,L05,L09,AABB_CLEAR,AABB_CLEAR,0,0,1,L1_AABB
sobol_059,L05,L10,EXPECTED_INTERFACE_CONTACT,MESH_CLEAR,0,0,1,L2_MESH_BVH
sobol_059,L06,L07,EXPECTED_INTERFACE_CONTACT,EXPECTED_INTERFACE_CONTACT,0,0,1,L3_SELECTIVE_EXACT
sobol_059,L06,L08,EXPECTED_INTERFACE_CONTACT,EXPECTED_INTERFACE_CONTACT,0,0,1,L3_SELECTIVE_EXACT
sobol_059,L06,L09,AABB_CLEAR,AABB_CLEAR,0,0,1,L1_AABB
sobol_059,L06,L10,AABB_FALSE_POSITIVE,MESH_CLEAR,0,0,1,L2_MESH_BVH
sobol_059,L07,L08,EXPECTED_INTERFACE_CONTACT,EXPECTED_INTERFACE_CONTACT,0,0,1,L0_FIXED_SAFE
sobol_059,L07,L09,AABB_CLEAR,AABB_CLEAR,0,0,1,L1_AABB
sobol_059,L07,L10,EXPECTED_INTERFACE_CONTACT,MESH_CLEAR,0,0,1,L2_MESH_BVH
sobol_059,L08,L09,EXPECTED_INTERFACE_CONTACT,EXPECTED_INTERFACE_CONTACT,0,0,1,L3_SELECTIVE_EXACT
sobol_059,L08,L10,EXPECTED_INTERFACE_CONTACT,EXPECTED_INTERFACE_CONTACT,0,0,1,L3_SELECTIVE_EXACT
sobol_059,L09,L10,AABB_CLEAR,AABB_CLEAR,0,0,1,L1_AABB
sobol_060,L00,L01,EXPECTED_INTERFACE_CONTACT,EXPECTED_INTERFACE_CONTACT,0,0,1,L3_SELECTIVE_EXACT
sobol_060,L00,L02,AABB_CLEAR,AABB_CLEAR,0,0,1,L1_AABB
sobol_060,L00,L03,AABB_CLEAR,AABB_CLEAR,0,0,1,L1_AABB
sobol_060,L00,L04,AABB_CLEAR,AABB_CLEAR,0,0,1,L1_AABB
sobol_060,L00,L05,AABB_CLEAR,AABB_CLEAR,0,0,1,L1_AABB
sobol_060,L00,L06,AABB_CLEAR,AABB_CLEAR,0,0,1,L1_AABB
sobol_060,L00,L07,AABB_CLEAR,AABB_CLEAR,0,0,1,L1_AABB
sobol_060,L00,L08,AABB_CLEAR,AABB_CLEAR,0,0,1,L1_AABB
sobol_060,L00,L09,AABB_CLEAR,AABB_CLEAR,0,0,1,L1_AABB
sobol_060,L00,L10,AABB_CLEAR,AABB_CLEAR,0,0,1,L1_AABB
sobol_060,L01,L02,EXPECTED_INTERFACE_CONTACT,EXPECTED_INTERFACE_CONTACT,0,0,1,L3_SELECTIVE_EXACT
sobol_060,L01,L03,AABB_CLEAR,AABB_CLEAR,0,0,1,L1_AABB
sobol_060,L01,L04,AABB_CLEAR,AABB_CLEAR,0,0,1,L1_AABB
sobol_060,L01,L05,AABB_CLEAR,AABB_CLEAR,0,0,1,L1_AABB
sobol_060,L01,L06,AABB_CLEAR,AABB_CLEAR,0,0,1,L1_AABB
sobol_060,L01,L07,AABB_CLEAR,AABB_CLEAR,0,0,1,L1_AABB
sobol_060,L01,L08,AABB_CLEAR,AABB_CLEAR,0,0,1,L1_AABB
sobol_060,L01,L09,AABB_CLEAR,AABB_CLEAR,0,0,1,L1_AABB
sobol_060,L01,L10,AABB_CLEAR,AABB_CLEAR,0,0,1,L1_AABB
sobol_060,L02,L03,EXPECTED_INTERFACE_CONTACT,EXPECTED_INTERFACE_CONTACT,0,0,1,L3_SELECTIVE_EXACT
sobol_060,L02,L04,AABB_CLEAR,AABB_CLEAR,0,0,1,L1_AABB
sobol_060,L02,L05,AABB_CLEAR,AABB_CLEAR,0,0,1,L1_AABB
sobol_060,L02,L06,AABB_CLEAR,AABB_CLEAR,0,0,1,L1_AABB
sobol_060,L02,L07,AABB_CLEAR,AABB_CLEAR,0,0,1,L1_AABB
sobol_060,L02,L08,AABB_CLEAR,AABB_CLEAR,0,0,1,L1_AABB
sobol_060,L02,L09,AABB_CLEAR,AABB_CLEAR,0,0,1,L1_AABB
sobol_060,L02,L10,AABB_CLEAR,AABB_CLEAR,0,0,1,L1_AABB
sobol_060,L03,L04,EXPECTED_INTERFACE_CONTACT,EXPECTED_INTERFACE_CONTACT,0,0,1,L3_SELECTIVE_EXACT
sobol_060,L03,L05,AABB_CLEAR,AABB_CLEAR,0,0,1,L1_AABB
sobol_060,L03,L06,AABB_CLEAR,AABB_CLEAR,0,0,1,L1_AABB
sobol_060,L03,L07,AABB_CLEAR,AABB_CLEAR,0,0,1,L1_AABB
sobol_060,L03,L08,AABB_CLEAR,AABB_CLEAR,0,0,1,L1_AABB
sobol_060,L03,L09,AABB_CLEAR,AABB_CLEAR,0,0,1,L1_AABB
sobol_060,L03,L10,AABB_CLEAR,AABB_CLEAR,0,0,1,L1_AABB
sobol_060,L04,L05,EXPECTED_INTERFACE_CONTACT,EXPECTED_INTERFACE_CONTACT,0,0,1,L0_FIXED_SAFE
sobol_060,L04,L06,EXPECTED_INTERFACE_CONTACT,EXPECTED_INTERFACE_CONTACT,0,0,1,L3_SELECTIVE_EXACT
sobol_060,L04,L07,EXPECTED_INTERFACE_CONTACT,EXPECTED_INTERFACE_CONTACT,0,0,1,L3_SELECTIVE_EXACT
sobol_060,L04,L08,AABB_CLEAR,AABB_CLEAR,0,0,1,L1_AABB
sobol_060,L04,L09,AABB_CLEAR,AABB_CLEAR,0,0,1,L1_AABB
sobol_060,L04,L10,AABB_CLEAR,AABB_CLEAR,0,0,1,L1_AABB
sobol_060,L05,L06,EXPECTED_INTERFACE_CONTACT,EXPECTED_INTERFACE_CONTACT,0,0,1,L3_SELECTIVE_EXACT
sobol_060,L05,L07,EXPECTED_INTERFACE_CONTACT,EXPECTED_INTERFACE_CONTACT,0,0,1,L0_FIXED_SAFE
sobol_060,L05,L08,EXPECTED_INTERFACE_CONTACT,EXPECTED_INTERFACE_CONTACT,0,0,1,L3_SELECTIVE_EXACT
sobol_060,L05,L09,AABB_CLEAR,MESH_CLEAR,0,0,1,L2_MESH_BVH
sobol_060,L05,L10,AABB_CLEAR,MESH_CLEAR,0,0,1,L2_MESH_BVH
sobol_060,L06,L07,EXPECTED_INTERFACE_CONTACT,EXPECTED_INTERFACE_CONTACT,0,0,1,L3_SELECTIVE_EXACT
sobol_060,L06,L08,EXPECTED_INTERFACE_CONTACT,EXPECTED_INTERFACE_CONTACT,0,0,1,L3_SELECTIVE_EXACT
sobol_060,L06,L09,AABB_CLEAR,AABB_CLEAR,0,0,1,L1_AABB
sobol_060,L06,L10,AABB_CLEAR,MESH_CLEAR,0,0,1,L2_MESH_BVH
sobol_060,L07,L08,EXPECTED_INTERFACE_CONTACT,EXPECTED_INTERFACE_CONTACT,0,0,1,L0_FIXED_SAFE
sobol_060,L07,L09,AABB_CLEAR,AABB_CLEAR,0,0,1,L1_AABB
sobol_060,L07,L10,AABB_CLEAR,AABB_CLEAR,0,0,1,L1_AABB
sobol_060,L08,L09,EXPECTED_INTERFACE_CONTACT,EXPECTED_INTERFACE_CONTACT,0,0,1,L3_SELECTIVE_EXACT
sobol_060,L08,L10,EXPECTED_INTERFACE_CONTACT,EXPECTED_INTERFACE_CONTACT,0,0,1,L3_SELECTIVE_EXACT
sobol_060,L09,L10,AABB_CLEAR,AABB_CLEAR,0,0,1,L1_AABB
sobol_061,L00,L01,EXPECTED_INTERFACE_CONTACT,EXPECTED_INTERFACE_CONTACT,0,0,1,L3_SELECTIVE_EXACT
sobol_061,L00,L02,AABB_CLEAR,MESH_CLEAR,0,0,1,L2_MESH_BVH
sobol_061,L00,L03,AABB_CLEAR,AABB_CLEAR,0,0,1,L1_AABB
sobol_061,L00,L04,AABB_CLEAR,MESH_CLEAR,0,0,1,L2_MESH_BVH
sobol_061,L00,L05,AABB_CLEAR,AABB_CLEAR,0,0,1,L1_AABB
sobol_061,L00,L06,AABB_CLEAR,AABB_CLEAR,0,0,1,L1_AABB
sobol_061,L00,L07,AABB_CLEAR,AABB_CLEAR,0,0,1,L1_AABB
sobol_061,L00,L08,AABB_CLEAR,AABB_CLEAR,0,0,1,L1_AABB
sobol_061,L00,L09,AABB_CLEAR,AABB_CLEAR,0,0,1,L1_AABB
sobol_061,L00,L10,AABB_CLEAR,AABB_CLEAR,0,0,1,L1_AABB
sobol_061,L01,L02,EXPECTED_INTERFACE_CONTACT,EXPECTED_INTERFACE_CONTACT,0,0,1,L3_SELECTIVE_EXACT
sobol_061,L01,L03,AABB_CLEAR,MESH_CLEAR,0,0,1,L2_MESH_BVH
sobol_061,L01,L04,AABB_CLEAR,AABB_CLEAR,0,0,1,L1_AABB
sobol_061,L01,L05,AABB_CLEAR,AABB_CLEAR,0,0,1,L1_AABB
sobol_061,L01,L06,AABB_CLEAR,AABB_CLEAR,0,0,1,L1_AABB
sobol_061,L01,L07,AABB_CLEAR,AABB_CLEAR,0,0,1,L1_AABB
sobol_061,L01,L08,AABB_CLEAR,AABB_CLEAR,0,0,1,L1_AABB
sobol_061,L01,L09,AABB_CLEAR,AABB_CLEAR,0,0,1,L1_AABB
sobol_061,L01,L10,AABB_CLEAR,AABB_CLEAR,0,0,1,L1_AABB
sobol_061,L02,L03,EXPECTED_INTERFACE_CONTACT,EXPECTED_INTERFACE_CONTACT,0,0,1,L3_SELECTIVE_EXACT
sobol_061,L02,L04,AABB_CLEAR,AABB_CLEAR,0,0,1,L1_AABB
sobol_061,L02,L05,AABB_CLEAR,AABB_CLEAR,0,0,1,L1_AABB
sobol_061,L02,L06,AABB_CLEAR,AABB_CLEAR,0,0,1,L1_AABB
sobol_061,L02,L07,AABB_CLEAR,AABB_CLEAR,0,0,1,L1_AABB
sobol_061,L02,L08,AABB_CLEAR,AABB_CLEAR,0,0,1,L1_AABB
sobol_061,L02,L09,AABB_CLEAR,AABB_CLEAR,0,0,1,L1_AABB
sobol_061,L02,L10,AABB_CLEAR,AABB_CLEAR,0,0,1,L1_AABB
sobol_061,L03,L04,EXPECTED_INTERFACE_CONTACT,EXPECTED_INTERFACE_CONTACT,0,0,1,L3_SELECTIVE_EXACT
sobol_061,L03,L05,AABB_CLEAR,AABB_CLEAR,0,0,1,L1_AABB
sobol_061,L03,L06,AABB_CLEAR,AABB_CLEAR,0,0,1,L1_AABB
sobol_061,L03,L07,AABB_CLEAR,AABB_CLEAR,0,0,1,L1_AABB
sobol_061,L03,L08,AABB_CLEAR,AABB_CLEAR,0,0,1,L1_AABB
sobol_061,L03,L09,AABB_CLEAR,AABB_CLEAR,0,0,1,L1_AABB
sobol_061,L03,L10,AABB_CLEAR,AABB_CLEAR,0,0,1,L1_AABB
sobol_061,L04,L05,EXPECTED_INTERFACE_CONTACT,EXPECTED_INTERFACE_CONTACT,0,0,1,L0_FIXED_SAFE
sobol_061,L04,L06,EXPECTED_INTERFACE_CONTACT,EXPECTED_INTERFACE_CONTACT,0,0,1,L3_SELECTIVE_EXACT
sobol_061,L04,L07,EXPECTED_INTERFACE_CONTACT,EXPECTED_INTERFACE_CONTACT,0,0,1,L3_SELECTIVE_EXACT
sobol_061,L04,L08,AABB_CLEAR,AABB_CLEAR,0,0,1,L1_AABB
sobol_061,L04,L09,AABB_CLEAR,AABB_CLEAR,0,0,1,L1_AABB
sobol_061,L04,L10,AABB_CLEAR,AABB_CLEAR,0,0,1,L1_AABB
sobol_061,L05,L06,EXPECTED_INTERFACE_CONTACT,EXPECTED_INTERFACE_CONTACT,0,0,1,L3_SELECTIVE_EXACT
sobol_061,L05,L07,EXPECTED_INTERFACE_CONTACT,EXPECTED_INTERFACE_CONTACT,0,0,1,L0_FIXED_SAFE
sobol_061,L05,L08,EXPECTED_INTERFACE_CONTACT,EXPECTED_INTERFACE_CONTACT,0,0,1,L3_SELECTIVE_EXACT
sobol_061,L05,L09,EXPECTED_INTERFACE_CONTACT,EXPECTED_INTERFACE_CONTACT,0,0,1,L3_SELECTIVE_EXACT
sobol_061,L05,L10,EXPECTED_INTERFACE_CONTACT,EXPECTED_INTERFACE_CONTACT,0,0,1,L3_SELECTIVE_EXACT
sobol_061,L06,L07,EXPECTED_INTERFACE_CONTACT,EXPECTED_INTERFACE_CONTACT,0,0,1,L3_SELECTIVE_EXACT
sobol_061,L06,L08,EXPECTED_INTERFACE_CONTACT,EXPECTED_INTERFACE_CONTACT,0,0,1,L3_SELECTIVE_EXACT
sobol_061,L06,L09,AABB_CLEAR,MESH_CLEAR,0,0,1,L2_MESH_BVH
sobol_061,L06,L10,AABB_FALSE_POSITIVE,AABB_FALSE_POSITIVE,0,0,1,L3_SELECTIVE_EXACT
sobol_061,L07,L08,EXPECTED_INTERFACE_CONTACT,EXPECTED_INTERFACE_CONTACT,0,0,1,L0_FIXED_SAFE
sobol_061,L07,L09,AABB_CLEAR,AABB_CLEAR,0,0,1,L1_AABB
sobol_061,L07,L10,EXPECTED_INTERFACE_CONTACT,MESH_CLEAR,0,0,1,L2_MESH_BVH
sobol_061,L08,L09,EXPECTED_INTERFACE_CONTACT,EXPECTED_INTERFACE_CONTACT,0,0,1,L3_SELECTIVE_EXACT
sobol_061,L08,L10,EXPECTED_INTERFACE_CONTACT,EXPECTED_INTERFACE_CONTACT,0,0,1,L3_SELECTIVE_EXACT
sobol_061,L09,L10,AABB_CLEAR,AABB_CLEAR,0,0,1,L1_AABB
sobol_062,L00,L01,EXPECTED_INTERFACE_CONTACT,EXPECTED_INTERFACE_CONTACT,0,0,1,L3_SELECTIVE_EXACT
sobol_062,L00,L02,AABB_CLEAR,AABB_CLEAR,0,0,1,L1_AABB
sobol_062,L00,L03,AABB_CLEAR,AABB_CLEAR,0,0,1,L1_AABB
sobol_062,L00,L04,AABB_CLEAR,AABB_CLEAR,0,0,1,L1_AABB
sobol_062,L00,L05,AABB_CLEAR,AABB_CLEAR,0,0,1,L1_AABB
sobol_062,L00,L06,AABB_CLEAR,AABB_CLEAR,0,0,1,L1_AABB
sobol_062,L00,L07,AABB_CLEAR,AABB_CLEAR,0,0,1,L1_AABB
sobol_062,L00,L08,AABB_CLEAR,AABB_CLEAR,0,0,1,L1_AABB
sobol_062,L00,L09,AABB_CLEAR,AABB_CLEAR,0,0,1,L1_AABB
sobol_062,L00,L10,AABB_CLEAR,AABB_CLEAR,0,0,1,L1_AABB
sobol_062,L01,L02,EXPECTED_INTERFACE_CONTACT,EXPECTED_INTERFACE_CONTACT,0,0,1,L3_SELECTIVE_EXACT
sobol_062,L01,L03,AABB_CLEAR,AABB_CLEAR,0,0,1,L1_AABB
sobol_062,L01,L04,AABB_CLEAR,AABB_CLEAR,0,0,1,L1_AABB
sobol_062,L01,L05,AABB_CLEAR,AABB_CLEAR,0,0,1,L1_AABB
sobol_062,L01,L06,AABB_CLEAR,AABB_CLEAR,0,0,1,L1_AABB
sobol_062,L01,L07,AABB_CLEAR,AABB_CLEAR,0,0,1,L1_AABB
sobol_062,L01,L08,AABB_CLEAR,AABB_CLEAR,0,0,1,L1_AABB
sobol_062,L01,L09,AABB_CLEAR,AABB_CLEAR,0,0,1,L1_AABB
sobol_062,L01,L10,AABB_CLEAR,AABB_CLEAR,0,0,1,L1_AABB
sobol_062,L02,L03,EXPECTED_INTERFACE_CONTACT,EXPECTED_INTERFACE_CONTACT,0,0,1,L3_SELECTIVE_EXACT
sobol_062,L02,L04,AABB_CLEAR,AABB_CLEAR,0,0,1,L1_AABB
sobol_062,L02,L05,AABB_CLEAR,AABB_CLEAR,0,0,1,L1_AABB
sobol_062,L02,L06,AABB_CLEAR,AABB_CLEAR,0,0,1,L1_AABB
sobol_062,L02,L07,AABB_CLEAR,AABB_CLEAR,0,0,1,L1_AABB
sobol_062,L02,L08,AABB_CLEAR,AABB_CLEAR,0,0,1,L1_AABB
sobol_062,L02,L09,AABB_CLEAR,AABB_CLEAR,0,0,1,L1_AABB
sobol_062,L02,L10,AABB_CLEAR,AABB_CLEAR,0,0,1,L1_AABB
sobol_062,L03,L04,EXPECTED_INTERFACE_CONTACT,EXPECTED_INTERFACE_CONTACT,0,0,1,L3_SELECTIVE_EXACT
sobol_062,L03,L05,AABB_CLEAR,AABB_CLEAR,0,0,1,L1_AABB
sobol_062,L03,L06,AABB_CLEAR,AABB_CLEAR,0,0,1,L1_AABB
sobol_062,L03,L07,AABB_CLEAR,AABB_CLEAR,0,0,1,L1_AABB
sobol_062,L03,L08,AABB_CLEAR,AABB_CLEAR,0,0,1,L1_AABB
sobol_062,L03,L09,AABB_CLEAR,AABB_CLEAR,0,0,1,L1_AABB
sobol_062,L03,L10,AABB_CLEAR,AABB_CLEAR,0,0,1,L1_AABB
sobol_062,L04,L05,EXPECTED_INTERFACE_CONTACT,EXPECTED_INTERFACE_CONTACT,0,0,1,L0_FIXED_SAFE
sobol_062,L04,L06,EXPECTED_INTERFACE_CONTACT,EXPECTED_INTERFACE_CONTACT,0,0,1,L3_SELECTIVE_EXACT
sobol_062,L04,L07,EXPECTED_INTERFACE_CONTACT,EXPECTED_INTERFACE_CONTACT,0,0,1,L3_SELECTIVE_EXACT
sobol_062,L04,L08,AABB_CLEAR,AABB_CLEAR,0,0,1,L1_AABB
sobol_062,L04,L09,AABB_CLEAR,AABB_CLEAR,0,0,1,L1_AABB
sobol_062,L04,L10,AABB_CLEAR,AABB_CLEAR,0,0,1,L1_AABB
sobol_062,L05,L06,EXPECTED_INTERFACE_CONTACT,EXPECTED_INTERFACE_CONTACT,0,0,1,L3_SELECTIVE_EXACT
sobol_062,L05,L07,EXPECTED_INTERFACE_CONTACT,EXPECTED_INTERFACE_CONTACT,0,0,1,L0_FIXED_SAFE
sobol_062,L05,L08,EXPECTED_INTERFACE_CONTACT,EXPECTED_INTERFACE_CONTACT,0,0,1,L3_SELECTIVE_EXACT
sobol_062,L05,L09,EXPECTED_INTERFACE_CONTACT,EXPECTED_INTERFACE_CONTACT,0,0,1,L3_SELECTIVE_EXACT
sobol_062,L05,L10,EXPECTED_INTERFACE_CONTACT,EXPECTED_INTERFACE_CONTACT,0,0,1,L3_SELECTIVE_EXACT
sobol_062,L06,L07,EXPECTED_INTERFACE_CONTACT,EXPECTED_INTERFACE_CONTACT,0,0,1,L3_SELECTIVE_EXACT
sobol_062,L06,L08,EXPECTED_INTERFACE_CONTACT,EXPECTED_INTERFACE_CONTACT,0,0,1,L3_SELECTIVE_EXACT
sobol_062,L06,L09,AABB_FALSE_POSITIVE,AABB_FALSE_POSITIVE,0,0,1,L3_SELECTIVE_EXACT
sobol_062,L06,L10,AABB_FALSE_POSITIVE,AABB_FALSE_POSITIVE,0,0,1,L3_SELECTIVE_EXACT
sobol_062,L07,L08,EXPECTED_INTERFACE_CONTACT,EXPECTED_INTERFACE_CONTACT,0,0,1,L0_FIXED_SAFE
sobol_062,L07,L09,EXPECTED_INTERFACE_CONTACT,EXPECTED_INTERFACE_CONTACT,0,0,1,L3_SELECTIVE_EXACT
sobol_062,L07,L10,EXPECTED_INTERFACE_CONTACT,EXPECTED_INTERFACE_CONTACT,0,0,1,L3_SELECTIVE_EXACT
sobol_062,L08,L09,EXPECTED_INTERFACE_CONTACT,EXPECTED_INTERFACE_CONTACT,0,0,1,L3_SELECTIVE_EXACT
sobol_062,L08,L10,EXPECTED_INTERFACE_CONTACT,EXPECTED_INTERFACE_CONTACT,0,0,1,L3_SELECTIVE_EXACT
sobol_062,L09,L10,AABB_FALSE_POSITIVE,MESH_CLEAR,0,0,1,L2_MESH_BVH
sobol_063,L00,L01,EXPECTED_INTERFACE_CONTACT,EXPECTED_INTERFACE_CONTACT,0,0,1,L3_SELECTIVE_EXACT
sobol_063,L00,L02,AABB_CLEAR,AABB_CLEAR,0,0,1,L1_AABB
sobol_063,L00,L03,AABB_CLEAR,AABB_CLEAR,0,0,1,L1_AABB
sobol_063,L00,L04,AABB_CLEAR,AABB_CLEAR,0,0,1,L1_AABB
sobol_063,L00,L05,AABB_CLEAR,AABB_CLEAR,0,0,1,L1_AABB
sobol_063,L00,L06,AABB_CLEAR,AABB_CLEAR,0,0,1,L1_AABB
sobol_063,L00,L07,AABB_CLEAR,AABB_CLEAR,0,0,1,L1_AABB
sobol_063,L00,L08,AABB_CLEAR,AABB_CLEAR,0,0,1,L1_AABB
sobol_063,L00,L09,AABB_CLEAR,AABB_CLEAR,0,0,1,L1_AABB
sobol_063,L00,L10,AABB_CLEAR,AABB_CLEAR,0,0,1,L1_AABB
sobol_063,L01,L02,EXPECTED_INTERFACE_CONTACT,EXPECTED_INTERFACE_CONTACT,0,0,1,L3_SELECTIVE_EXACT
sobol_063,L01,L03,AABB_CLEAR,AABB_CLEAR,0,0,1,L1_AABB
sobol_063,L01,L04,AABB_CLEAR,AABB_CLEAR,0,0,1,L1_AABB
sobol_063,L01,L05,AABB_CLEAR,AABB_CLEAR,0,0,1,L1_AABB
sobol_063,L01,L06,AABB_CLEAR,AABB_CLEAR,0,0,1,L1_AABB
sobol_063,L01,L07,AABB_CLEAR,AABB_CLEAR,0,0,1,L1_AABB
sobol_063,L01,L08,AABB_CLEAR,AABB_CLEAR,0,0,1,L1_AABB
sobol_063,L01,L09,AABB_CLEAR,AABB_CLEAR,0,0,1,L1_AABB
sobol_063,L01,L10,AABB_CLEAR,AABB_CLEAR,0,0,1,L1_AABB
sobol_063,L02,L03,EXPECTED_INTERFACE_CONTACT,EXPECTED_INTERFACE_CONTACT,0,0,1,L3_SELECTIVE_EXACT
sobol_063,L02,L04,AABB_CLEAR,AABB_CLEAR,0,0,1,L1_AABB
sobol_063,L02,L05,AABB_CLEAR,AABB_CLEAR,0,0,1,L1_AABB
sobol_063,L02,L06,AABB_CLEAR,AABB_CLEAR,0,0,1,L1_AABB
sobol_063,L02,L07,AABB_CLEAR,AABB_CLEAR,0,0,1,L1_AABB
sobol_063,L02,L08,AABB_CLEAR,AABB_CLEAR,0,0,1,L1_AABB
sobol_063,L02,L09,AABB_CLEAR,AABB_CLEAR,0,0,1,L1_AABB
sobol_063,L02,L10,AABB_CLEAR,AABB_CLEAR,0,0,1,L1_AABB
sobol_063,L03,L04,EXPECTED_INTERFACE_CONTACT,EXPECTED_INTERFACE_CONTACT,0,0,1,L3_SELECTIVE_EXACT
sobol_063,L03,L05,AABB_CLEAR,AABB_CLEAR,0,0,1,L1_AABB
sobol_063,L03,L06,AABB_CLEAR,AABB_CLEAR,0,0,1,L1_AABB
sobol_063,L03,L07,AABB_CLEAR,AABB_CLEAR,0,0,1,L1_AABB
sobol_063,L03,L08,AABB_CLEAR,AABB_CLEAR,0,0,1,L1_AABB
sobol_063,L03,L09,AABB_CLEAR,AABB_CLEAR,0,0,1,L1_AABB
sobol_063,L03,L10,AABB_CLEAR,AABB_CLEAR,0,0,1,L1_AABB
sobol_063,L04,L05,EXPECTED_INTERFACE_CONTACT,EXPECTED_INTERFACE_CONTACT,0,0,1,L0_FIXED_SAFE
sobol_063,L04,L06,EXPECTED_INTERFACE_CONTACT,EXPECTED_INTERFACE_CONTACT,0,0,1,L3_SELECTIVE_EXACT
sobol_063,L04,L07,EXPECTED_INTERFACE_CONTACT,EXPECTED_INTERFACE_CONTACT,0,0,1,L3_SELECTIVE_EXACT
sobol_063,L04,L08,AABB_CLEAR,AABB_CLEAR,0,0,1,L1_AABB
sobol_063,L04,L09,AABB_CLEAR,AABB_CLEAR,0,0,1,L1_AABB
sobol_063,L04,L10,AABB_CLEAR,AABB_CLEAR,0,0,1,L1_AABB
sobol_063,L05,L06,EXPECTED_INTERFACE_CONTACT,EXPECTED_INTERFACE_CONTACT,0,0,1,L3_SELECTIVE_EXACT
sobol_063,L05,L07,EXPECTED_INTERFACE_CONTACT,EXPECTED_INTERFACE_CONTACT,0,0,1,L0_FIXED_SAFE
sobol_063,L05,L08,EXPECTED_INTERFACE_CONTACT,EXPECTED_INTERFACE_CONTACT,0,0,1,L3_SELECTIVE_EXACT
sobol_063,L05,L09,AABB_CLEAR,AABB_CLEAR,0,0,1,L1_AABB
sobol_063,L05,L10,AABB_CLEAR,AABB_CLEAR,0,0,1,L1_AABB
sobol_063,L06,L07,EXPECTED_INTERFACE_CONTACT,EXPECTED_INTERFACE_CONTACT,0,0,1,L3_SELECTIVE_EXACT
sobol_063,L06,L08,EXPECTED_INTERFACE_CONTACT,EXPECTED_INTERFACE_CONTACT,0,0,1,L3_SELECTIVE_EXACT
sobol_063,L06,L09,AABB_CLEAR,AABB_CLEAR,0,0,1,L1_AABB
sobol_063,L06,L10,AABB_CLEAR,AABB_CLEAR,0,0,1,L1_AABB
sobol_063,L07,L08,EXPECTED_INTERFACE_CONTACT,EXPECTED_INTERFACE_CONTACT,0,0,1,L0_FIXED_SAFE
sobol_063,L07,L09,AABB_CLEAR,AABB_CLEAR,0,0,1,L1_AABB
sobol_063,L07,L10,AABB_CLEAR,AABB_CLEAR,0,0,1,L1_AABB
sobol_063,L08,L09,EXPECTED_INTERFACE_CONTACT,EXPECTED_INTERFACE_CONTACT,0,0,1,L3_SELECTIVE_EXACT
sobol_063,L08,L10,EXPECTED_INTERFACE_CONTACT,EXPECTED_INTERFACE_CONTACT,0,0,1,L3_SELECTIVE_EXACT
sobol_063,L09,L10,AABB_CLEAR,AABB_CLEAR,0,0,1,L1_AABB
sobol_064,L00,L01,EXPECTED_INTERFACE_CONTACT,EXPECTED_INTERFACE_CONTACT,0,0,1,L3_SELECTIVE_EXACT
sobol_064,L00,L02,AABB_CLEAR,AABB_CLEAR,0,0,1,L1_AABB
sobol_064,L00,L03,AABB_CLEAR,AABB_CLEAR,0,0,1,L1_AABB
sobol_064,L00,L04,AABB_CLEAR,AABB_CLEAR,0,0,1,L1_AABB
sobol_064,L00,L05,AABB_CLEAR,AABB_CLEAR,0,0,1,L1_AABB
sobol_064,L00,L06,AABB_CLEAR,AABB_CLEAR,0,0,1,L1_AABB
sobol_064,L00,L07,AABB_CLEAR,AABB_CLEAR,0,0,1,L1_AABB
sobol_064,L00,L08,AABB_CLEAR,AABB_CLEAR,0,0,1,L1_AABB
sobol_064,L00,L09,AABB_CLEAR,AABB_CLEAR,0,0,1,L1_AABB
sobol_064,L00,L10,AABB_CLEAR,AABB_CLEAR,0,0,1,L1_AABB
sobol_064,L01,L02,EXPECTED_INTERFACE_CONTACT,EXPECTED_INTERFACE_CONTACT,0,0,1,L3_SELECTIVE_EXACT
sobol_064,L01,L03,AABB_CLEAR,AABB_CLEAR,0,0,1,L1_AABB
sobol_064,L01,L04,AABB_CLEAR,AABB_CLEAR,0,0,1,L1_AABB
sobol_064,L01,L05,AABB_CLEAR,AABB_CLEAR,0,0,1,L1_AABB
sobol_064,L01,L06,AABB_CLEAR,AABB_CLEAR,0,0,1,L1_AABB
sobol_064,L01,L07,AABB_CLEAR,AABB_CLEAR,0,0,1,L1_AABB
sobol_064,L01,L08,AABB_CLEAR,AABB_CLEAR,0,0,1,L1_AABB
sobol_064,L01,L09,AABB_CLEAR,AABB_CLEAR,0,0,1,L1_AABB
sobol_064,L01,L10,AABB_CLEAR,AABB_CLEAR,0,0,1,L1_AABB
sobol_064,L02,L03,EXPECTED_INTERFACE_CONTACT,EXPECTED_INTERFACE_CONTACT,0,0,1,L3_SELECTIVE_EXACT
sobol_064,L02,L04,AABB_CLEAR,AABB_CLEAR,0,0,1,L1_AABB
sobol_064,L02,L05,AABB_CLEAR,AABB_CLEAR,0,0,1,L1_AABB
sobol_064,L02,L06,AABB_CLEAR,AABB_CLEAR,0,0,1,L1_AABB
sobol_064,L02,L07,AABB_CLEAR,AABB_CLEAR,0,0,1,L1_AABB
sobol_064,L02,L08,AABB_CLEAR,AABB_CLEAR,0,0,1,L1_AABB
sobol_064,L02,L09,AABB_CLEAR,AABB_CLEAR,0,0,1,L1_AABB
sobol_064,L02,L10,AABB_CLEAR,AABB_CLEAR,0,0,1,L1_AABB
sobol_064,L03,L04,EXPECTED_INTERFACE_CONTACT,EXPECTED_INTERFACE_CONTACT,0,0,1,L3_SELECTIVE_EXACT
sobol_064,L03,L05,AABB_CLEAR,AABB_CLEAR,0,0,1,L1_AABB
sobol_064,L03,L06,AABB_CLEAR,AABB_CLEAR,0,0,1,L1_AABB
sobol_064,L03,L07,AABB_CLEAR,AABB_CLEAR,0,0,1,L1_AABB
sobol_064,L03,L08,AABB_CLEAR,AABB_CLEAR,0,0,1,L1_AABB
sobol_064,L03,L09,AABB_CLEAR,AABB_CLEAR,0,0,1,L1_AABB
sobol_064,L03,L10,AABB_CLEAR,AABB_CLEAR,0,0,1,L1_AABB
sobol_064,L04,L05,EXPECTED_INTERFACE_CONTACT,EXPECTED_INTERFACE_CONTACT,0,0,1,L0_FIXED_SAFE
sobol_064,L04,L06,EXPECTED_INTERFACE_CONTACT,EXPECTED_INTERFACE_CONTACT,0,0,1,L3_SELECTIVE_EXACT
sobol_064,L04,L07,EXPECTED_INTERFACE_CONTACT,EXPECTED_INTERFACE_CONTACT,0,0,1,L3_SELECTIVE_EXACT
sobol_064,L04,L08,AABB_CLEAR,AABB_CLEAR,0,0,1,L1_AABB
sobol_064,L04,L09,AABB_CLEAR,AABB_CLEAR,0,0,1,L1_AABB
sobol_064,L04,L10,AABB_CLEAR,AABB_CLEAR,0,0,1,L1_AABB
sobol_064,L05,L06,EXPECTED_INTERFACE_CONTACT,EXPECTED_INTERFACE_CONTACT,0,0,1,L3_SELECTIVE_EXACT
sobol_064,L05,L07,EXPECTED_INTERFACE_CONTACT,EXPECTED_INTERFACE_CONTACT,0,0,1,L0_FIXED_SAFE
sobol_064,L05,L08,EXPECTED_INTERFACE_CONTACT,EXPECTED_INTERFACE_CONTACT,0,0,1,L3_SELECTIVE_EXACT
sobol_064,L05,L09,AABB_CLEAR,AABB_CLEAR,0,0,1,L1_AABB
sobol_064,L05,L10,AABB_CLEAR,AABB_CLEAR,0,0,1,L1_AABB
sobol_064,L06,L07,EXPECTED_INTERFACE_CONTACT,EXPECTED_INTERFACE_CONTACT,0,0,1,L3_SELECTIVE_EXACT
sobol_064,L06,L08,EXPECTED_INTERFACE_CONTACT,EXPECTED_INTERFACE_CONTACT,0,0,1,L3_SELECTIVE_EXACT
sobol_064,L06,L09,AABB_CLEAR,AABB_CLEAR,0,0,1,L1_AABB
sobol_064,L06,L10,AABB_CLEAR,AABB_CLEAR,0,0,1,L1_AABB
sobol_064,L07,L08,EXPECTED_INTERFACE_CONTACT,EXPECTED_INTERFACE_CONTACT,0,0,1,L0_FIXED_SAFE
sobol_064,L07,L09,AABB_CLEAR,AABB_CLEAR,0,0,1,L1_AABB
sobol_064,L07,L10,AABB_CLEAR,AABB_CLEAR,0,0,1,L1_AABB
sobol_064,L08,L09,EXPECTED_INTERFACE_CONTACT,EXPECTED_INTERFACE_CONTACT,0,0,1,L3_SELECTIVE_EXACT
sobol_064,L08,L10,EXPECTED_INTERFACE_CONTACT,EXPECTED_INTERFACE_CONTACT,0,0,1,L3_SELECTIVE_EXACT
sobol_064,L09,L10,AABB_CLEAR,AABB_CLEAR,0,0,1,L1_AABB
sobol_065,L00,L01,EXPECTED_INTERFACE_CONTACT,EXPECTED_INTERFACE_CONTACT,0,0,1,L3_SELECTIVE_EXACT
sobol_065,L00,L02,AABB_CLEAR,MESH_CLEAR,0,0,1,L2_MESH_BVH
sobol_065,L00,L03,AABB_CLEAR,AABB_CLEAR,0,0,1,L1_AABB
sobol_065,L00,L04,AABB_CLEAR,AABB_CLEAR,0,0,1,L1_AABB
sobol_065,L00,L05,AABB_CLEAR,AABB_CLEAR,0,0,1,L1_AABB
sobol_065,L00,L06,AABB_CLEAR,AABB_CLEAR,0,0,1,L1_AABB
sobol_065,L00,L07,AABB_CLEAR,AABB_CLEAR,0,0,1,L1_AABB
sobol_065,L00,L08,AABB_CLEAR,AABB_CLEAR,0,0,1,L1_AABB
sobol_065,L00,L09,AABB_CLEAR,AABB_CLEAR,0,0,1,L1_AABB
sobol_065,L00,L10,AABB_CLEAR,AABB_CLEAR,0,0,1,L1_AABB
sobol_065,L01,L02,EXPECTED_INTERFACE_CONTACT,EXPECTED_INTERFACE_CONTACT,0,0,1,L3_SELECTIVE_EXACT
sobol_065,L01,L03,AABB_CLEAR,AABB_CLEAR,0,0,1,L1_AABB
sobol_065,L01,L04,AABB_CLEAR,AABB_CLEAR,0,0,1,L1_AABB
sobol_065,L01,L05,AABB_CLEAR,AABB_CLEAR,0,0,1,L1_AABB
sobol_065,L01,L06,AABB_CLEAR,AABB_CLEAR,0,0,1,L1_AABB
sobol_065,L01,L07,AABB_CLEAR,AABB_CLEAR,0,0,1,L1_AABB
sobol_065,L01,L08,AABB_CLEAR,AABB_CLEAR,0,0,1,L1_AABB
sobol_065,L01,L09,AABB_CLEAR,AABB_CLEAR,0,0,1,L1_AABB
sobol_065,L01,L10,AABB_CLEAR,AABB_CLEAR,0,0,1,L1_AABB
sobol_065,L02,L03,EXPECTED_INTERFACE_CONTACT,EXPECTED_INTERFACE_CONTACT,0,0,1,L3_SELECTIVE_EXACT
sobol_065,L02,L04,AABB_CLEAR,AABB_CLEAR,0,0,1,L1_AABB
sobol_065,L02,L05,AABB_CLEAR,AABB_CLEAR,0,0,1,L1_AABB
sobol_065,L02,L06,AABB_CLEAR,AABB_CLEAR,0,0,1,L1_AABB
sobol_065,L02,L07,AABB_CLEAR,AABB_CLEAR,0,0,1,L1_AABB
sobol_065,L02,L08,AABB_CLEAR,AABB_CLEAR,0,0,1,L1_AABB
sobol_065,L02,L09,AABB_CLEAR,AABB_CLEAR,0,0,1,L1_AABB
sobol_065,L02,L10,AABB_CLEAR,AABB_CLEAR,0,0,1,L1_AABB
sobol_065,L03,L04,EXPECTED_INTERFACE_CONTACT,EXPECTED_INTERFACE_CONTACT,0,0,1,L3_SELECTIVE_EXACT
sobol_065,L03,L05,AABB_CLEAR,AABB_CLEAR,0,0,1,L1_AABB
sobol_065,L03,L06,AABB_CLEAR,AABB_CLEAR,0,0,1,L1_AABB
sobol_065,L03,L07,AABB_CLEAR,AABB_CLEAR,0,0,1,L1_AABB
sobol_065,L03,L08,AABB_CLEAR,AABB_CLEAR,0,0,1,L1_AABB
sobol_065,L03,L09,AABB_CLEAR,AABB_CLEAR,0,0,1,L1_AABB
sobol_065,L03,L10,AABB_CLEAR,AABB_CLEAR,0,0,1,L1_AABB
sobol_065,L04,L05,EXPECTED_INTERFACE_CONTACT,EXPECTED_INTERFACE_CONTACT,0,0,1,L0_FIXED_SAFE
sobol_065,L04,L06,EXPECTED_INTERFACE_CONTACT,EXPECTED_INTERFACE_CONTACT,0,0,1,L3_SELECTIVE_EXACT
sobol_065,L04,L07,EXPECTED_INTERFACE_CONTACT,EXPECTED_INTERFACE_CONTACT,0,0,1,L3_SELECTIVE_EXACT
sobol_065,L04,L08,EXPECTED_INTERFACE_CONTACT,MESH_CLEAR,0,0,1,L2_MESH_BVH
sobol_065,L04,L09,AABB_CLEAR,AABB_CLEAR,0,0,1,L1_AABB
sobol_065,L04,L10,AABB_CLEAR,AABB_CLEAR,0,0,1,L1_AABB
sobol_065,L05,L06,EXPECTED_INTERFACE_CONTACT,EXPECTED_INTERFACE_CONTACT,0,0,1,L3_SELECTIVE_EXACT
sobol_065,L05,L07,EXPECTED_INTERFACE_CONTACT,EXPECTED_INTERFACE_CONTACT,0,0,1,L0_FIXED_SAFE
sobol_065,L05,L08,EXPECTED_INTERFACE_CONTACT,EXPECTED_INTERFACE_CONTACT,0,0,1,L3_SELECTIVE_EXACT
sobol_065,L05,L09,AABB_CLEAR,AABB_CLEAR,0,0,1,L1_AABB
sobol_065,L05,L10,AABB_CLEAR,AABB_CLEAR,0,0,1,L1_AABB
sobol_065,L06,L07,EXPECTED_INTERFACE_CONTACT,EXPECTED_INTERFACE_CONTACT,0,0,1,L3_SELECTIVE_EXACT
sobol_065,L06,L08,EXPECTED_INTERFACE_CONTACT,EXPECTED_INTERFACE_CONTACT,0,0,1,L3_SELECTIVE_EXACT
sobol_065,L06,L09,AABB_FALSE_POSITIVE,MESH_CLEAR,0,0,1,L2_MESH_BVH
sobol_065,L06,L10,AABB_FALSE_POSITIVE,AABB_FALSE_POSITIVE,0,0,1,L3_SELECTIVE_EXACT
sobol_065,L07,L08,EXPECTED_INTERFACE_CONTACT,EXPECTED_INTERFACE_CONTACT,0,0,1,L0_FIXED_SAFE
sobol_065,L07,L09,AABB_CLEAR,AABB_CLEAR,0,0,1,L1_AABB
sobol_065,L07,L10,AABB_CLEAR,AABB_CLEAR,0,0,1,L1_AABB
sobol_065,L08,L09,EXPECTED_INTERFACE_CONTACT,EXPECTED_INTERFACE_CONTACT,0,0,1,L3_SELECTIVE_EXACT
sobol_065,L08,L10,EXPECTED_INTERFACE_CONTACT,EXPECTED_INTERFACE_CONTACT,0,0,1,L3_SELECTIVE_EXACT
sobol_065,L09,L10,AABB_FALSE_POSITIVE,AABB_FALSE_POSITIVE,0,0,1,L3_SELECTIVE_EXACT
sobol_066,L00,L01,EXPECTED_INTERFACE_CONTACT,EXPECTED_INTERFACE_CONTACT,0,0,1,L3_SELECTIVE_EXACT
sobol_066,L00,L02,AABB_CLEAR,AABB_CLEAR,0,0,1,L1_AABB
sobol_066,L00,L03,AABB_CLEAR,AABB_CLEAR,0,0,1,L1_AABB
sobol_066,L00,L04,AABB_CLEAR,AABB_CLEAR,0,0,1,L1_AABB
sobol_066,L00,L05,AABB_CLEAR,AABB_CLEAR,0,0,1,L1_AABB
sobol_066,L00,L06,AABB_CLEAR,AABB_CLEAR,0,0,1,L1_AABB
sobol_066,L00,L07,AABB_CLEAR,AABB_CLEAR,0,0,1,L1_AABB
sobol_066,L00,L08,AABB_CLEAR,AABB_CLEAR,0,0,1,L1_AABB
sobol_066,L00,L09,AABB_CLEAR,AABB_CLEAR,0,0,1,L1_AABB
sobol_066,L00,L10,AABB_CLEAR,AABB_CLEAR,0,0,1,L1_AABB
sobol_066,L01,L02,EXPECTED_INTERFACE_CONTACT,EXPECTED_INTERFACE_CONTACT,0,0,1,L3_SELECTIVE_EXACT
sobol_066,L01,L03,AABB_CLEAR,AABB_CLEAR,0,0,1,L1_AABB
sobol_066,L01,L04,AABB_CLEAR,AABB_CLEAR,0,0,1,L1_AABB
sobol_066,L01,L05,AABB_CLEAR,AABB_CLEAR,0,0,1,L1_AABB
sobol_066,L01,L06,AABB_CLEAR,AABB_CLEAR,0,0,1,L1_AABB
sobol_066,L01,L07,AABB_CLEAR,AABB_CLEAR,0,0,1,L1_AABB
sobol_066,L01,L08,AABB_CLEAR,AABB_CLEAR,0,0,1,L1_AABB
sobol_066,L01,L09,AABB_CLEAR,AABB_CLEAR,0,0,1,L1_AABB
sobol_066,L01,L10,AABB_CLEAR,AABB_CLEAR,0,0,1,L1_AABB
sobol_066,L02,L03,EXPECTED_INTERFACE_CONTACT,EXPECTED_INTERFACE_CONTACT,0,0,1,L3_SELECTIVE_EXACT
sobol_066,L02,L04,AABB_CLEAR,AABB_CLEAR,0,0,1,L1_AABB
sobol_066,L02,L05,AABB_CLEAR,AABB_CLEAR,0,0,1,L1_AABB
sobol_066,L02,L06,AABB_CLEAR,AABB_CLEAR,0,0,1,L1_AABB
sobol_066,L02,L07,AABB_CLEAR,AABB_CLEAR,0,0,1,L1_AABB
sobol_066,L02,L08,AABB_CLEAR,AABB_CLEAR,0,0,1,L1_AABB
sobol_066,L02,L09,AABB_CLEAR,AABB_CLEAR,0,0,1,L1_AABB
sobol_066,L02,L10,AABB_CLEAR,AABB_CLEAR,0,0,1,L1_AABB
sobol_066,L03,L04,EXPECTED_INTERFACE_CONTACT,EXPECTED_INTERFACE_CONTACT,0,0,1,L3_SELECTIVE_EXACT
sobol_066,L03,L05,AABB_CLEAR,AABB_CLEAR,0,0,1,L1_AABB
sobol_066,L03,L06,AABB_CLEAR,AABB_CLEAR,0,0,1,L1_AABB
sobol_066,L03,L07,AABB_CLEAR,AABB_CLEAR,0,0,1,L1_AABB
sobol_066,L03,L08,AABB_CLEAR,AABB_CLEAR,0,0,1,L1_AABB
sobol_066,L03,L09,AABB_CLEAR,AABB_CLEAR,0,0,1,L1_AABB
sobol_066,L03,L10,AABB_CLEAR,AABB_CLEAR,0,0,1,L1_AABB
sobol_066,L04,L05,EXPECTED_INTERFACE_CONTACT,EXPECTED_INTERFACE_CONTACT,0,0,1,L0_FIXED_SAFE
sobol_066,L04,L06,EXPECTED_INTERFACE_CONTACT,EXPECTED_INTERFACE_CONTACT,0,0,1,L3_SELECTIVE_EXACT
sobol_066,L04,L07,EXPECTED_INTERFACE_CONTACT,EXPECTED_INTERFACE_CONTACT,0,0,1,L3_SELECTIVE_EXACT
sobol_066,L04,L08,EXPECTED_INTERFACE_CONTACT,MESH_CLEAR,0,0,1,L2_MESH_BVH
sobol_066,L04,L09,AABB_CLEAR,AABB_CLEAR,0,0,1,L1_AABB
sobol_066,L04,L10,AABB_CLEAR,AABB_CLEAR,0,0,1,L1_AABB
sobol_066,L05,L06,EXPECTED_INTERFACE_CONTACT,EXPECTED_INTERFACE_CONTACT,0,0,1,L3_SELECTIVE_EXACT
sobol_066,L05,L07,EXPECTED_INTERFACE_CONTACT,EXPECTED_INTERFACE_CONTACT,0,0,1,L0_FIXED_SAFE
sobol_066,L05,L08,EXPECTED_INTERFACE_CONTACT,EXPECTED_INTERFACE_CONTACT,0,0,1,L3_SELECTIVE_EXACT
sobol_066,L05,L09,EXPECTED_INTERFACE_CONTACT,EXPECTED_INTERFACE_CONTACT,0,0,1,L3_SELECTIVE_EXACT
sobol_066,L05,L10,EXPECTED_INTERFACE_CONTACT,EXPECTED_INTERFACE_CONTACT,0,0,1,L3_SELECTIVE_EXACT
sobol_066,L06,L07,EXPECTED_INTERFACE_CONTACT,EXPECTED_INTERFACE_CONTACT,0,0,1,L3_SELECTIVE_EXACT
sobol_066,L06,L08,EXPECTED_INTERFACE_CONTACT,EXPECTED_INTERFACE_CONTACT,0,0,1,L3_SELECTIVE_EXACT
sobol_066,L06,L09,AABB_FALSE_POSITIVE,AABB_FALSE_POSITIVE,0,0,1,L3_SELECTIVE_EXACT
sobol_066,L06,L10,AABB_FALSE_POSITIVE,AABB_FALSE_POSITIVE,0,0,1,L3_SELECTIVE_EXACT
sobol_066,L07,L08,EXPECTED_INTERFACE_CONTACT,EXPECTED_INTERFACE_CONTACT,0,0,1,L0_FIXED_SAFE
sobol_066,L07,L09,EXPECTED_INTERFACE_CONTACT,EXPECTED_INTERFACE_CONTACT,0,0,1,L3_SELECTIVE_EXACT
sobol_066,L07,L10,EXPECTED_INTERFACE_CONTACT,EXPECTED_INTERFACE_CONTACT,0,0,1,L3_SELECTIVE_EXACT
sobol_066,L08,L09,EXPECTED_INTERFACE_CONTACT,EXPECTED_INTERFACE_CONTACT,0,0,1,L3_SELECTIVE_EXACT
sobol_066,L08,L10,EXPECTED_INTERFACE_CONTACT,EXPECTED_INTERFACE_CONTACT,0,0,1,L3_SELECTIVE_EXACT
sobol_066,L09,L10,AABB_FALSE_POSITIVE,AABB_FALSE_POSITIVE,0,0,1,L3_SELECTIVE_EXACT
sobol_067,L00,L01,EXPECTED_INTERFACE_CONTACT,EXPECTED_INTERFACE_CONTACT,0,0,1,L3_SELECTIVE_EXACT
sobol_067,L00,L02,AABB_FALSE_POSITIVE,AABB_FALSE_POSITIVE,0,0,1,L3_SELECTIVE_EXACT
sobol_067,L00,L03,AABB_FALSE_POSITIVE,MESH_CLEAR,0,0,1,L2_MESH_BVH
sobol_067,L00,L04,AABB_FALSE_POSITIVE,MESH_CLEAR,0,0,1,L2_MESH_BVH
sobol_067,L00,L05,AABB_CLEAR,AABB_CLEAR,0,0,1,L1_AABB
sobol_067,L00,L06,AABB_CLEAR,AABB_CLEAR,0,0,1,L1_AABB
sobol_067,L00,L07,AABB_CLEAR,AABB_CLEAR,0,0,1,L1_AABB
sobol_067,L00,L08,AABB_CLEAR,AABB_CLEAR,0,0,1,L1_AABB
sobol_067,L00,L09,AABB_CLEAR,AABB_CLEAR,0,0,1,L1_AABB
sobol_067,L00,L10,AABB_CLEAR,AABB_CLEAR,0,0,1,L1_AABB
sobol_067,L01,L02,EXPECTED_INTERFACE_CONTACT,EXPECTED_INTERFACE_CONTACT,0,0,1,L3_SELECTIVE_EXACT
sobol_067,L01,L03,AABB_FALSE_POSITIVE,MESH_CLEAR,0,0,1,L2_MESH_BVH
sobol_067,L01,L04,AABB_CLEAR,AABB_CLEAR,0,0,1,L1_AABB
sobol_067,L01,L05,AABB_CLEAR,AABB_CLEAR,0,0,1,L1_AABB
sobol_067,L01,L06,AABB_CLEAR,AABB_CLEAR,0,0,1,L1_AABB
sobol_067,L01,L07,AABB_CLEAR,AABB_CLEAR,0,0,1,L1_AABB
sobol_067,L01,L08,AABB_CLEAR,AABB_CLEAR,0,0,1,L1_AABB
sobol_067,L01,L09,AABB_CLEAR,AABB_CLEAR,0,0,1,L1_AABB
sobol_067,L01,L10,AABB_CLEAR,AABB_CLEAR,0,0,1,L1_AABB
sobol_067,L02,L03,EXPECTED_INTERFACE_CONTACT,EXPECTED_INTERFACE_CONTACT,0,0,1,L3_SELECTIVE_EXACT
sobol_067,L02,L04,AABB_CLEAR,AABB_CLEAR,0,0,1,L1_AABB
sobol_067,L02,L05,AABB_CLEAR,AABB_CLEAR,0,0,1,L1_AABB
sobol_067,L02,L06,AABB_CLEAR,AABB_CLEAR,0,0,1,L1_AABB
sobol_067,L02,L07,AABB_CLEAR,AABB_CLEAR,0,0,1,L1_AABB
sobol_067,L02,L08,AABB_CLEAR,AABB_CLEAR,0,0,1,L1_AABB
sobol_067,L02,L09,AABB_CLEAR,AABB_CLEAR,0,0,1,L1_AABB
sobol_067,L02,L10,AABB_CLEAR,AABB_CLEAR,0,0,1,L1_AABB
sobol_067,L03,L04,EXPECTED_INTERFACE_CONTACT,EXPECTED_INTERFACE_CONTACT,0,0,1,L3_SELECTIVE_EXACT
sobol_067,L03,L05,AABB_CLEAR,AABB_CLEAR,0,0,1,L1_AABB
sobol_067,L03,L06,AABB_CLEAR,AABB_CLEAR,0,0,1,L1_AABB
sobol_067,L03,L07,AABB_CLEAR,AABB_CLEAR,0,0,1,L1_AABB
sobol_067,L03,L08,AABB_CLEAR,AABB_CLEAR,0,0,1,L1_AABB
sobol_067,L03,L09,AABB_CLEAR,AABB_CLEAR,0,0,1,L1_AABB
sobol_067,L03,L10,AABB_CLEAR,AABB_CLEAR,0,0,1,L1_AABB
sobol_067,L04,L05,EXPECTED_INTERFACE_CONTACT,EXPECTED_INTERFACE_CONTACT,0,0,1,L0_FIXED_SAFE
sobol_067,L04,L06,EXPECTED_INTERFACE_CONTACT,EXPECTED_INTERFACE_CONTACT,0,0,1,L3_SELECTIVE_EXACT
sobol_067,L04,L07,EXPECTED_INTERFACE_CONTACT,EXPECTED_INTERFACE_CONTACT,0,0,1,L3_SELECTIVE_EXACT
sobol_067,L04,L08,AABB_CLEAR,AABB_CLEAR,0,0,1,L1_AABB
sobol_067,L04,L09,AABB_CLEAR,AABB_CLEAR,0,0,1,L1_AABB
sobol_067,L04,L10,AABB_CLEAR,AABB_CLEAR,0,0,1,L1_AABB
sobol_067,L05,L06,EXPECTED_INTERFACE_CONTACT,EXPECTED_INTERFACE_CONTACT,0,0,1,L3_SELECTIVE_EXACT
sobol_067,L05,L07,EXPECTED_INTERFACE_CONTACT,EXPECTED_INTERFACE_CONTACT,0,0,1,L0_FIXED_SAFE
sobol_067,L05,L08,EXPECTED_INTERFACE_CONTACT,EXPECTED_INTERFACE_CONTACT,0,0,1,L3_SELECTIVE_EXACT
sobol_067,L05,L09,AABB_CLEAR,AABB_CLEAR,0,0,1,L1_AABB
sobol_067,L05,L10,AABB_CLEAR,MESH_CLEAR,0,0,1,L2_MESH_BVH
sobol_067,L06,L07,EXPECTED_INTERFACE_CONTACT,EXPECTED_INTERFACE_CONTACT,0,0,1,L3_SELECTIVE_EXACT
sobol_067,L06,L08,EXPECTED_INTERFACE_CONTACT,EXPECTED_INTERFACE_CONTACT,0,0,1,L3_SELECTIVE_EXACT
sobol_067,L06,L09,AABB_CLEAR,AABB_CLEAR,0,0,1,L1_AABB
sobol_067,L06,L10,AABB_CLEAR,AABB_CLEAR,0,0,1,L1_AABB
sobol_067,L07,L08,EXPECTED_INTERFACE_CONTACT,EXPECTED_INTERFACE_CONTACT,0,0,1,L0_FIXED_SAFE
sobol_067,L07,L09,AABB_CLEAR,AABB_CLEAR,0,0,1,L1_AABB
sobol_067,L07,L10,AABB_CLEAR,AABB_CLEAR,0,0,1,L1_AABB
sobol_067,L08,L09,EXPECTED_INTERFACE_CONTACT,EXPECTED_INTERFACE_CONTACT,0,0,1,L3_SELECTIVE_EXACT
sobol_067,L08,L10,EXPECTED_INTERFACE_CONTACT,EXPECTED_INTERFACE_CONTACT,0,0,1,L3_SELECTIVE_EXACT
sobol_067,L09,L10,AABB_CLEAR,AABB_CLEAR,0,0,1,L1_AABB
sobol_068,L00,L01,EXPECTED_INTERFACE_CONTACT,EXPECTED_INTERFACE_CONTACT,0,0,1,L3_SELECTIVE_EXACT
sobol_068,L00,L02,AABB_CLEAR,AABB_CLEAR,0,0,1,L1_AABB
sobol_068,L00,L03,AABB_CLEAR,AABB_CLEAR,0,0,1,L1_AABB
sobol_068,L00,L04,AABB_CLEAR,AABB_CLEAR,0,0,1,L1_AABB
sobol_068,L00,L05,AABB_CLEAR,AABB_CLEAR,0,0,1,L1_AABB
sobol_068,L00,L06,AABB_CLEAR,AABB_CLEAR,0,0,1,L1_AABB
sobol_068,L00,L07,AABB_CLEAR,AABB_CLEAR,0,0,1,L1_AABB
sobol_068,L00,L08,AABB_CLEAR,AABB_CLEAR,0,0,1,L1_AABB
sobol_068,L00,L09,AABB_CLEAR,AABB_CLEAR,0,0,1,L1_AABB
sobol_068,L00,L10,AABB_CLEAR,AABB_CLEAR,0,0,1,L1_AABB
sobol_068,L01,L02,EXPECTED_INTERFACE_CONTACT,EXPECTED_INTERFACE_CONTACT,0,0,1,L3_SELECTIVE_EXACT
sobol_068,L01,L03,AABB_CLEAR,AABB_CLEAR,0,0,1,L1_AABB
sobol_068,L01,L04,AABB_CLEAR,AABB_CLEAR,0,0,1,L1_AABB
sobol_068,L01,L05,AABB_CLEAR,AABB_CLEAR,0,0,1,L1_AABB
sobol_068,L01,L06,AABB_CLEAR,AABB_CLEAR,0,0,1,L1_AABB
sobol_068,L01,L07,AABB_CLEAR,AABB_CLEAR,0,0,1,L1_AABB
sobol_068,L01,L08,AABB_CLEAR,AABB_CLEAR,0,0,1,L1_AABB
sobol_068,L01,L09,AABB_CLEAR,AABB_CLEAR,0,0,1,L1_AABB
sobol_068,L01,L10,AABB_CLEAR,AABB_CLEAR,0,0,1,L1_AABB
sobol_068,L02,L03,EXPECTED_INTERFACE_CONTACT,EXPECTED_INTERFACE_CONTACT,0,0,1,L3_SELECTIVE_EXACT
sobol_068,L02,L04,AABB_CLEAR,AABB_CLEAR,0,0,1,L1_AABB
sobol_068,L02,L05,AABB_CLEAR,AABB_CLEAR,0,0,1,L1_AABB
sobol_068,L02,L06,AABB_CLEAR,AABB_CLEAR,0,0,1,L1_AABB
sobol_068,L02,L07,AABB_CLEAR,AABB_CLEAR,0,0,1,L1_AABB
sobol_068,L02,L08,AABB_CLEAR,AABB_CLEAR,0,0,1,L1_AABB
sobol_068,L02,L09,AABB_CLEAR,AABB_CLEAR,0,0,1,L1_AABB
sobol_068,L02,L10,AABB_CLEAR,AABB_CLEAR,0,0,1,L1_AABB
sobol_068,L03,L04,EXPECTED_INTERFACE_CONTACT,EXPECTED_INTERFACE_CONTACT,0,0,1,L3_SELECTIVE_EXACT
sobol_068,L03,L05,AABB_CLEAR,AABB_CLEAR,0,0,1,L1_AABB
sobol_068,L03,L06,AABB_CLEAR,AABB_CLEAR,0,0,1,L1_AABB
sobol_068,L03,L07,AABB_CLEAR,AABB_CLEAR,0,0,1,L1_AABB
sobol_068,L03,L08,AABB_CLEAR,AABB_CLEAR,0,0,1,L1_AABB
sobol_068,L03,L09,AABB_CLEAR,AABB_CLEAR,0,0,1,L1_AABB
sobol_068,L03,L10,AABB_CLEAR,AABB_CLEAR,0,0,1,L1_AABB
sobol_068,L04,L05,EXPECTED_INTERFACE_CONTACT,EXPECTED_INTERFACE_CONTACT,0,0,1,L0_FIXED_SAFE
sobol_068,L04,L06,EXPECTED_INTERFACE_CONTACT,EXPECTED_INTERFACE_CONTACT,0,0,1,L3_SELECTIVE_EXACT
sobol_068,L04,L07,EXPECTED_INTERFACE_CONTACT,EXPECTED_INTERFACE_CONTACT,0,0,1,L3_SELECTIVE_EXACT
sobol_068,L04,L08,AABB_CLEAR,AABB_CLEAR,0,0,1,L1_AABB
sobol_068,L04,L09,AABB_CLEAR,AABB_CLEAR,0,0,1,L1_AABB
sobol_068,L04,L10,AABB_CLEAR,AABB_CLEAR,0,0,1,L1_AABB
sobol_068,L05,L06,EXPECTED_INTERFACE_CONTACT,EXPECTED_INTERFACE_CONTACT,0,0,1,L3_SELECTIVE_EXACT
sobol_068,L05,L07,EXPECTED_INTERFACE_CONTACT,EXPECTED_INTERFACE_CONTACT,0,0,1,L0_FIXED_SAFE
sobol_068,L05,L08,EXPECTED_INTERFACE_CONTACT,EXPECTED_INTERFACE_CONTACT,0,0,1,L3_SELECTIVE_EXACT
sobol_068,L05,L09,AABB_CLEAR,AABB_CLEAR,0,0,1,L1_AABB
sobol_068,L05,L10,EXPECTED_INTERFACE_CONTACT,MESH_CLEAR,0,0,1,L2_MESH_BVH
sobol_068,L06,L07,EXPECTED_INTERFACE_CONTACT,EXPECTED_INTERFACE_CONTACT,0,0,1,L3_SELECTIVE_EXACT
sobol_068,L06,L08,EXPECTED_INTERFACE_CONTACT,EXPECTED_INTERFACE_CONTACT,0,0,1,L3_SELECTIVE_EXACT
sobol_068,L06,L09,AABB_CLEAR,AABB_CLEAR,0,0,1,L1_AABB
sobol_068,L06,L10,AABB_FALSE_POSITIVE,MESH_CLEAR,0,0,1,L2_MESH_BVH
sobol_068,L07,L08,EXPECTED_INTERFACE_CONTACT,EXPECTED_INTERFACE_CONTACT,0,0,1,L0_FIXED_SAFE
sobol_068,L07,L09,AABB_CLEAR,AABB_CLEAR,0,0,1,L1_AABB
sobol_068,L07,L10,EXPECTED_INTERFACE_CONTACT,MESH_CLEAR,0,0,1,L2_MESH_BVH
sobol_068,L08,L09,EXPECTED_INTERFACE_CONTACT,EXPECTED_INTERFACE_CONTACT,0,0,1,L3_SELECTIVE_EXACT
sobol_068,L08,L10,EXPECTED_INTERFACE_CONTACT,EXPECTED_INTERFACE_CONTACT,0,0,1,L3_SELECTIVE_EXACT
sobol_068,L09,L10,AABB_CLEAR,AABB_CLEAR,0,0,1,L1_AABB
sobol_069,L00,L01,EXPECTED_INTERFACE_CONTACT,EXPECTED_INTERFACE_CONTACT,0,0,1,L3_SELECTIVE_EXACT
sobol_069,L00,L02,AABB_CLEAR,MESH_CLEAR,0,0,1,L2_MESH_BVH
sobol_069,L00,L03,AABB_CLEAR,AABB_CLEAR,0,0,1,L1_AABB
sobol_069,L00,L04,AABB_CLEAR,AABB_CLEAR,0,0,1,L1_AABB
sobol_069,L00,L05,AABB_CLEAR,AABB_CLEAR,0,0,1,L1_AABB
sobol_069,L00,L06,AABB_CLEAR,AABB_CLEAR,0,0,1,L1_AABB
sobol_069,L00,L07,AABB_CLEAR,AABB_CLEAR,0,0,1,L1_AABB
sobol_069,L00,L08,AABB_CLEAR,AABB_CLEAR,0,0,1,L1_AABB
sobol_069,L00,L09,AABB_CLEAR,AABB_CLEAR,0,0,1,L1_AABB
sobol_069,L00,L10,AABB_CLEAR,AABB_CLEAR,0,0,1,L1_AABB
sobol_069,L01,L02,EXPECTED_INTERFACE_CONTACT,EXPECTED_INTERFACE_CONTACT,0,0,1,L3_SELECTIVE_EXACT
sobol_069,L01,L03,AABB_CLEAR,AABB_CLEAR,0,0,1,L1_AABB
sobol_069,L01,L04,AABB_CLEAR,AABB_CLEAR,0,0,1,L1_AABB
sobol_069,L01,L05,AABB_CLEAR,AABB_CLEAR,0,0,1,L1_AABB
sobol_069,L01,L06,AABB_CLEAR,AABB_CLEAR,0,0,1,L1_AABB
sobol_069,L01,L07,AABB_CLEAR,AABB_CLEAR,0,0,1,L1_AABB
sobol_069,L01,L08,AABB_CLEAR,AABB_CLEAR,0,0,1,L1_AABB
sobol_069,L01,L09,AABB_CLEAR,AABB_CLEAR,0,0,1,L1_AABB
sobol_069,L01,L10,AABB_CLEAR,AABB_CLEAR,0,0,1,L1_AABB
sobol_069,L02,L03,EXPECTED_INTERFACE_CONTACT,EXPECTED_INTERFACE_CONTACT,0,0,1,L3_SELECTIVE_EXACT
sobol_069,L02,L04,AABB_CLEAR,AABB_CLEAR,0,0,1,L1_AABB
sobol_069,L02,L05,AABB_CLEAR,AABB_CLEAR,0,0,1,L1_AABB
sobol_069,L02,L06,AABB_CLEAR,AABB_CLEAR,0,0,1,L1_AABB
sobol_069,L02,L07,AABB_CLEAR,AABB_CLEAR,0,0,1,L1_AABB
sobol_069,L02,L08,AABB_CLEAR,AABB_CLEAR,0,0,1,L1_AABB
sobol_069,L02,L09,AABB_CLEAR,AABB_CLEAR,0,0,1,L1_AABB
sobol_069,L02,L10,AABB_CLEAR,AABB_CLEAR,0,0,1,L1_AABB
sobol_069,L03,L04,EXPECTED_INTERFACE_CONTACT,EXPECTED_INTERFACE_CONTACT,0,0,1,L3_SELECTIVE_EXACT
sobol_069,L03,L05,AABB_CLEAR,AABB_CLEAR,0,0,1,L1_AABB
sobol_069,L03,L06,AABB_CLEAR,AABB_CLEAR,0,0,1,L1_AABB
sobol_069,L03,L07,AABB_CLEAR,AABB_CLEAR,0,0,1,L1_AABB
sobol_069,L03,L08,AABB_CLEAR,AABB_CLEAR,0,0,1,L1_AABB
sobol_069,L03,L09,AABB_CLEAR,AABB_CLEAR,0,0,1,L1_AABB
sobol_069,L03,L10,AABB_CLEAR,AABB_CLEAR,0,0,1,L1_AABB
sobol_069,L04,L05,EXPECTED_INTERFACE_CONTACT,EXPECTED_INTERFACE_CONTACT,0,0,1,L0_FIXED_SAFE
sobol_069,L04,L06,EXPECTED_INTERFACE_CONTACT,EXPECTED_INTERFACE_CONTACT,0,0,1,L3_SELECTIVE_EXACT
sobol_069,L04,L07,EXPECTED_INTERFACE_CONTACT,EXPECTED_INTERFACE_CONTACT,0,0,1,L3_SELECTIVE_EXACT
sobol_069,L04,L08,AABB_CLEAR,AABB_CLEAR,0,0,1,L1_AABB
sobol_069,L04,L09,AABB_CLEAR,AABB_CLEAR,0,0,1,L1_AABB
sobol_069,L04,L10,AABB_CLEAR,MESH_CLEAR,0,0,1,L2_MESH_BVH
sobol_069,L05,L06,EXPECTED_INTERFACE_CONTACT,EXPECTED_INTERFACE_CONTACT,0,0,1,L3_SELECTIVE_EXACT
sobol_069,L05,L07,EXPECTED_INTERFACE_CONTACT,EXPECTED_INTERFACE_CONTACT,0,0,1,L0_FIXED_SAFE
sobol_069,L05,L08,EXPECTED_INTERFACE_CONTACT,EXPECTED_INTERFACE_CONTACT,0,0,1,L3_SELECTIVE_EXACT
sobol_069,L05,L09,AABB_CLEAR,MESH_CLEAR,0,0,1,L2_MESH_BVH
sobol_069,L05,L10,EXPECTED_INTERFACE_CONTACT,EXPECTED_INTERFACE_CONTACT,0,0,1,L3_SELECTIVE_EXACT
sobol_069,L06,L07,EXPECTED_INTERFACE_CONTACT,EXPECTED_INTERFACE_CONTACT,0,0,1,L3_SELECTIVE_EXACT
sobol_069,L06,L08,EXPECTED_INTERFACE_CONTACT,EXPECTED_INTERFACE_CONTACT,0,0,1,L3_SELECTIVE_EXACT
sobol_069,L06,L09,AABB_CLEAR,MESH_CLEAR,0,0,1,L2_MESH_BVH
sobol_069,L06,L10,AABB_FALSE_POSITIVE,MESH_CLEAR,0,0,1,L2_MESH_BVH
sobol_069,L07,L08,EXPECTED_INTERFACE_CONTACT,EXPECTED_INTERFACE_CONTACT,0,0,1,L0_FIXED_SAFE
sobol_069,L07,L09,AABB_CLEAR,AABB_CLEAR,0,0,1,L1_AABB
sobol_069,L07,L10,EXPECTED_INTERFACE_CONTACT,MESH_CLEAR,0,0,1,L2_MESH_BVH
sobol_069,L08,L09,EXPECTED_INTERFACE_CONTACT,EXPECTED_INTERFACE_CONTACT,0,0,1,L3_SELECTIVE_EXACT
sobol_069,L08,L10,EXPECTED_INTERFACE_CONTACT,EXPECTED_INTERFACE_CONTACT,0,0,1,L3_SELECTIVE_EXACT
sobol_069,L09,L10,AABB_CLEAR,AABB_CLEAR,0,0,1,L1_AABB
sobol_070,L00,L01,EXPECTED_INTERFACE_CONTACT,EXPECTED_INTERFACE_CONTACT,0,0,1,L3_SELECTIVE_EXACT
sobol_070,L00,L02,AABB_CLEAR,AABB_CLEAR,0,0,1,L1_AABB
sobol_070,L00,L03,AABB_CLEAR,AABB_CLEAR,0,0,1,L1_AABB
sobol_070,L00,L04,AABB_CLEAR,AABB_CLEAR,0,0,1,L1_AABB
sobol_070,L00,L05,AABB_CLEAR,AABB_CLEAR,0,0,1,L1_AABB
sobol_070,L00,L06,AABB_CLEAR,AABB_CLEAR,0,0,1,L1_AABB
sobol_070,L00,L07,AABB_CLEAR,AABB_CLEAR,0,0,1,L1_AABB
sobol_070,L00,L08,AABB_CLEAR,AABB_CLEAR,0,0,1,L1_AABB
sobol_070,L00,L09,AABB_CLEAR,AABB_CLEAR,0,0,1,L1_AABB
sobol_070,L00,L10,AABB_CLEAR,AABB_CLEAR,0,0,1,L1_AABB
sobol_070,L01,L02,EXPECTED_INTERFACE_CONTACT,EXPECTED_INTERFACE_CONTACT,0,0,1,L3_SELECTIVE_EXACT
sobol_070,L01,L03,AABB_CLEAR,MESH_CLEAR,0,0,1,L2_MESH_BVH
sobol_070,L01,L04,AABB_CLEAR,AABB_CLEAR,0,0,1,L1_AABB
sobol_070,L01,L05,AABB_CLEAR,AABB_CLEAR,0,0,1,L1_AABB
sobol_070,L01,L06,AABB_CLEAR,AABB_CLEAR,0,0,1,L1_AABB
sobol_070,L01,L07,AABB_CLEAR,AABB_CLEAR,0,0,1,L1_AABB
sobol_070,L01,L08,AABB_CLEAR,AABB_CLEAR,0,0,1,L1_AABB
sobol_070,L01,L09,AABB_CLEAR,AABB_CLEAR,0,0,1,L1_AABB
sobol_070,L01,L10,AABB_CLEAR,AABB_CLEAR,0,0,1,L1_AABB
sobol_070,L02,L03,EXPECTED_INTERFACE_CONTACT,EXPECTED_INTERFACE_CONTACT,0,0,1,L3_SELECTIVE_EXACT
sobol_070,L02,L04,AABB_FALSE_POSITIVE,MESH_CLEAR,0,0,1,L2_MESH_BVH
sobol_070,L02,L05,AABB_CLEAR,AABB_CLEAR,0,0,1,L1_AABB
sobol_070,L02,L06,AABB_CLEAR,AABB_CLEAR,0,0,1,L1_AABB
sobol_070,L02,L07,AABB_CLEAR,AABB_CLEAR,0,0,1,L1_AABB
sobol_070,L02,L08,AABB_CLEAR,AABB_CLEAR,0,0,1,L1_AABB
sobol_070,L02,L09,AABB_CLEAR,AABB_CLEAR,0,0,1,L1_AABB
sobol_070,L02,L10,AABB_CLEAR,AABB_CLEAR,0,0,1,L1_AABB
sobol_070,L03,L04,EXPECTED_INTERFACE_CONTACT,EXPECTED_INTERFACE_CONTACT,0,0,1,L3_SELECTIVE_EXACT
sobol_070,L03,L05,AABB_CLEAR,AABB_CLEAR,0,0,1,L1_AABB
sobol_070,L03,L06,AABB_CLEAR,AABB_CLEAR,0,0,1,L1_AABB
sobol_070,L03,L07,AABB_CLEAR,AABB_CLEAR,0,0,1,L1_AABB
sobol_070,L03,L08,AABB_CLEAR,AABB_CLEAR,0,0,1,L1_AABB
sobol_070,L03,L09,AABB_CLEAR,AABB_CLEAR,0,0,1,L1_AABB
sobol_070,L03,L10,AABB_CLEAR,AABB_CLEAR,0,0,1,L1_AABB
sobol_070,L04,L05,EXPECTED_INTERFACE_CONTACT,EXPECTED_INTERFACE_CONTACT,0,0,1,L0_FIXED_SAFE
sobol_070,L04,L06,EXPECTED_INTERFACE_CONTACT,EXPECTED_INTERFACE_CONTACT,0,0,1,L3_SELECTIVE_EXACT
sobol_070,L04,L07,EXPECTED_INTERFACE_CONTACT,EXPECTED_INTERFACE_CONTACT,0,0,1,L3_SELECTIVE_EXACT
sobol_070,L04,L08,AABB_CLEAR,AABB_CLEAR,0,0,1,L1_AABB
sobol_070,L04,L09,AABB_CLEAR,AABB_CLEAR,0,0,1,L1_AABB
sobol_070,L04,L10,AABB_CLEAR,AABB_CLEAR,0,0,1,L1_AABB
sobol_070,L05,L06,EXPECTED_INTERFACE_CONTACT,EXPECTED_INTERFACE_CONTACT,0,0,1,L3_SELECTIVE_EXACT
sobol_070,L05,L07,EXPECTED_INTERFACE_CONTACT,EXPECTED_INTERFACE_CONTACT,0,0,1,L0_FIXED_SAFE
sobol_070,L05,L08,EXPECTED_INTERFACE_CONTACT,EXPECTED_INTERFACE_CONTACT,0,0,1,L3_SELECTIVE_EXACT
sobol_070,L05,L09,EXPECTED_INTERFACE_CONTACT,EXPECTED_INTERFACE_CONTACT,0,0,1,L3_SELECTIVE_EXACT
sobol_070,L05,L10,EXPECTED_INTERFACE_CONTACT,EXPECTED_INTERFACE_CONTACT,0,0,1,L3_SELECTIVE_EXACT
sobol_070,L06,L07,EXPECTED_INTERFACE_CONTACT,EXPECTED_INTERFACE_CONTACT,0,0,1,L3_SELECTIVE_EXACT
sobol_070,L06,L08,EXPECTED_INTERFACE_CONTACT,EXPECTED_INTERFACE_CONTACT,0,0,1,L3_SELECTIVE_EXACT
sobol_070,L06,L09,AABB_CLEAR,MESH_CLEAR,0,0,1,L2_MESH_BVH
sobol_070,L06,L10,AABB_FALSE_POSITIVE,AABB_FALSE_POSITIVE,0,0,1,L3_SELECTIVE_EXACT
sobol_070,L07,L08,EXPECTED_INTERFACE_CONTACT,EXPECTED_INTERFACE_CONTACT,0,0,1,L0_FIXED_SAFE
sobol_070,L07,L09,AABB_CLEAR,AABB_CLEAR,0,0,1,L1_AABB
sobol_070,L07,L10,EXPECTED_INTERFACE_CONTACT,MESH_CLEAR,0,0,1,L2_MESH_BVH
sobol_070,L08,L09,EXPECTED_INTERFACE_CONTACT,EXPECTED_INTERFACE_CONTACT,0,0,1,L3_SELECTIVE_EXACT
sobol_070,L08,L10,EXPECTED_INTERFACE_CONTACT,EXPECTED_INTERFACE_CONTACT,0,0,1,L3_SELECTIVE_EXACT
sobol_070,L09,L10,AABB_CLEAR,AABB_CLEAR,0,0,1,L1_AABB
sobol_071,L00,L01,EXPECTED_INTERFACE_CONTACT,EXPECTED_INTERFACE_CONTACT,0,0,1,L3_SELECTIVE_EXACT
sobol_071,L00,L02,AABB_CLEAR,AABB_CLEAR,0,0,1,L1_AABB
sobol_071,L00,L03,AABB_CLEAR,AABB_CLEAR,0,0,1,L1_AABB
sobol_071,L00,L04,AABB_CLEAR,AABB_CLEAR,0,0,1,L1_AABB
sobol_071,L00,L05,AABB_CLEAR,AABB_CLEAR,0,0,1,L1_AABB
sobol_071,L00,L06,AABB_CLEAR,AABB_CLEAR,0,0,1,L1_AABB
sobol_071,L00,L07,AABB_CLEAR,AABB_CLEAR,0,0,1,L1_AABB
sobol_071,L00,L08,AABB_CLEAR,AABB_CLEAR,0,0,1,L1_AABB
sobol_071,L00,L09,AABB_CLEAR,AABB_CLEAR,0,0,1,L1_AABB
sobol_071,L00,L10,AABB_CLEAR,AABB_CLEAR,0,0,1,L1_AABB
sobol_071,L01,L02,EXPECTED_INTERFACE_CONTACT,EXPECTED_INTERFACE_CONTACT,0,0,1,L3_SELECTIVE_EXACT
sobol_071,L01,L03,AABB_CLEAR,AABB_CLEAR,0,0,1,L1_AABB
sobol_071,L01,L04,AABB_CLEAR,AABB_CLEAR,0,0,1,L1_AABB
sobol_071,L01,L05,AABB_CLEAR,AABB_CLEAR,0,0,1,L1_AABB
sobol_071,L01,L06,AABB_CLEAR,AABB_CLEAR,0,0,1,L1_AABB
sobol_071,L01,L07,AABB_CLEAR,AABB_CLEAR,0,0,1,L1_AABB
sobol_071,L01,L08,AABB_CLEAR,AABB_CLEAR,0,0,1,L1_AABB
sobol_071,L01,L09,AABB_CLEAR,AABB_CLEAR,0,0,1,L1_AABB
sobol_071,L01,L10,AABB_CLEAR,AABB_CLEAR,0,0,1,L1_AABB
sobol_071,L02,L03,EXPECTED_INTERFACE_CONTACT,EXPECTED_INTERFACE_CONTACT,0,0,1,L3_SELECTIVE_EXACT
sobol_071,L02,L04,AABB_CLEAR,AABB_CLEAR,0,0,1,L1_AABB
sobol_071,L02,L05,AABB_CLEAR,AABB_CLEAR,0,0,1,L1_AABB
sobol_071,L02,L06,AABB_CLEAR,AABB_CLEAR,0,0,1,L1_AABB
sobol_071,L02,L07,AABB_CLEAR,AABB_CLEAR,0,0,1,L1_AABB
sobol_071,L02,L08,AABB_CLEAR,AABB_CLEAR,0,0,1,L1_AABB
sobol_071,L02,L09,AABB_CLEAR,AABB_CLEAR,0,0,1,L1_AABB
sobol_071,L02,L10,AABB_CLEAR,AABB_CLEAR,0,0,1,L1_AABB
sobol_071,L03,L04,EXPECTED_INTERFACE_CONTACT,EXPECTED_INTERFACE_CONTACT,0,0,1,L3_SELECTIVE_EXACT
sobol_071,L03,L05,AABB_CLEAR,AABB_CLEAR,0,0,1,L1_AABB
sobol_071,L03,L06,AABB_CLEAR,AABB_CLEAR,0,0,1,L1_AABB
sobol_071,L03,L07,AABB_CLEAR,AABB_CLEAR,0,0,1,L1_AABB
sobol_071,L03,L08,AABB_CLEAR,AABB_CLEAR,0,0,1,L1_AABB
sobol_071,L03,L09,AABB_CLEAR,AABB_CLEAR,0,0,1,L1_AABB
sobol_071,L03,L10,AABB_CLEAR,AABB_CLEAR,0,0,1,L1_AABB
sobol_071,L04,L05,EXPECTED_INTERFACE_CONTACT,EXPECTED_INTERFACE_CONTACT,0,0,1,L0_FIXED_SAFE
sobol_071,L04,L06,EXPECTED_INTERFACE_CONTACT,EXPECTED_INTERFACE_CONTACT,0,0,1,L3_SELECTIVE_EXACT
sobol_071,L04,L07,EXPECTED_INTERFACE_CONTACT,EXPECTED_INTERFACE_CONTACT,0,0,1,L3_SELECTIVE_EXACT
sobol_071,L04,L08,AABB_CLEAR,AABB_CLEAR,0,0,1,L1_AABB
sobol_071,L04,L09,AABB_CLEAR,AABB_CLEAR,0,0,1,L1_AABB
sobol_071,L04,L10,AABB_CLEAR,AABB_CLEAR,0,0,1,L1_AABB
sobol_071,L05,L06,EXPECTED_INTERFACE_CONTACT,EXPECTED_INTERFACE_CONTACT,0,0,1,L3_SELECTIVE_EXACT
sobol_071,L05,L07,EXPECTED_INTERFACE_CONTACT,EXPECTED_INTERFACE_CONTACT,0,0,1,L0_FIXED_SAFE
sobol_071,L05,L08,EXPECTED_INTERFACE_CONTACT,EXPECTED_INTERFACE_CONTACT,0,0,1,L3_SELECTIVE_EXACT
sobol_071,L05,L09,AABB_CLEAR,MESH_CLEAR,0,0,1,L2_MESH_BVH
sobol_071,L05,L10,AABB_CLEAR,MESH_CLEAR,0,0,1,L2_MESH_BVH
sobol_071,L06,L07,EXPECTED_INTERFACE_CONTACT,EXPECTED_INTERFACE_CONTACT,0,0,1,L3_SELECTIVE_EXACT
sobol_071,L06,L08,EXPECTED_INTERFACE_CONTACT,EXPECTED_INTERFACE_CONTACT,0,0,1,L3_SELECTIVE_EXACT
sobol_071,L06,L09,AABB_CLEAR,AABB_CLEAR,0,0,1,L1_AABB
sobol_071,L06,L10,AABB_CLEAR,MESH_CLEAR,0,0,1,L2_MESH_BVH
sobol_071,L07,L08,EXPECTED_INTERFACE_CONTACT,EXPECTED_INTERFACE_CONTACT,0,0,1,L0_FIXED_SAFE
sobol_071,L07,L09,AABB_CLEAR,AABB_CLEAR,0,0,1,L1_AABB
sobol_071,L07,L10,AABB_CLEAR,AABB_CLEAR,0,0,1,L1_AABB
sobol_071,L08,L09,EXPECTED_INTERFACE_CONTACT,EXPECTED_INTERFACE_CONTACT,0,0,1,L3_SELECTIVE_EXACT
sobol_071,L08,L10,EXPECTED_INTERFACE_CONTACT,EXPECTED_INTERFACE_CONTACT,0,0,1,L3_SELECTIVE_EXACT
sobol_071,L09,L10,AABB_CLEAR,AABB_CLEAR,0,0,1,L1_AABB
sobol_072,L00,L01,EXPECTED_INTERFACE_CONTACT,EXPECTED_INTERFACE_CONTACT,0,0,1,L3_SELECTIVE_EXACT
sobol_072,L00,L02,AABB_CLEAR,AABB_CLEAR,0,0,1,L1_AABB
sobol_072,L00,L03,AABB_CLEAR,AABB_CLEAR,0,0,1,L1_AABB
sobol_072,L00,L04,AABB_CLEAR,AABB_CLEAR,0,0,1,L1_AABB
sobol_072,L00,L05,AABB_CLEAR,AABB_CLEAR,0,0,1,L1_AABB
sobol_072,L00,L06,AABB_CLEAR,AABB_CLEAR,0,0,1,L1_AABB
sobol_072,L00,L07,AABB_CLEAR,AABB_CLEAR,0,0,1,L1_AABB
sobol_072,L00,L08,AABB_CLEAR,AABB_CLEAR,0,0,1,L1_AABB
sobol_072,L00,L09,AABB_CLEAR,AABB_CLEAR,0,0,1,L1_AABB
sobol_072,L00,L10,AABB_CLEAR,AABB_CLEAR,0,0,1,L1_AABB
sobol_072,L01,L02,EXPECTED_INTERFACE_CONTACT,EXPECTED_INTERFACE_CONTACT,0,0,1,L3_SELECTIVE_EXACT
sobol_072,L01,L03,AABB_FALSE_POSITIVE,MESH_CLEAR,0,0,1,L2_MESH_BVH
sobol_072,L01,L04,AABB_CLEAR,AABB_CLEAR,0,0,1,L1_AABB
sobol_072,L01,L05,AABB_CLEAR,AABB_CLEAR,0,0,1,L1_AABB
sobol_072,L01,L06,AABB_CLEAR,AABB_CLEAR,0,0,1,L1_AABB
sobol_072,L01,L07,AABB_CLEAR,AABB_CLEAR,0,0,1,L1_AABB
sobol_072,L01,L08,AABB_CLEAR,AABB_CLEAR,0,0,1,L1_AABB
sobol_072,L01,L09,AABB_CLEAR,AABB_CLEAR,0,0,1,L1_AABB
sobol_072,L01,L10,AABB_CLEAR,AABB_CLEAR,0,0,1,L1_AABB
sobol_072,L02,L03,EXPECTED_INTERFACE_CONTACT,EXPECTED_INTERFACE_CONTACT,0,0,1,L3_SELECTIVE_EXACT
sobol_072,L02,L04,AABB_CLEAR,MESH_CLEAR,0,0,1,L2_MESH_BVH
sobol_072,L02,L05,AABB_CLEAR,AABB_CLEAR,0,0,1,L1_AABB
sobol_072,L02,L06,AABB_CLEAR,AABB_CLEAR,0,0,1,L1_AABB
sobol_072,L02,L07,AABB_CLEAR,AABB_CLEAR,0,0,1,L1_AABB
sobol_072,L02,L08,AABB_CLEAR,AABB_CLEAR,0,0,1,L1_AABB
sobol_072,L02,L09,AABB_CLEAR,AABB_CLEAR,0,0,1,L1_AABB
sobol_072,L02,L10,AABB_CLEAR,AABB_CLEAR,0,0,1,L1_AABB
sobol_072,L03,L04,EXPECTED_INTERFACE_CONTACT,EXPECTED_INTERFACE_CONTACT,0,0,1,L3_SELECTIVE_EXACT
sobol_072,L03,L05,AABB_CLEAR,AABB_CLEAR,0,0,1,L1_AABB
sobol_072,L03,L06,AABB_CLEAR,AABB_CLEAR,0,0,1,L1_AABB
sobol_072,L03,L07,AABB_CLEAR,AABB_CLEAR,0,0,1,L1_AABB
sobol_072,L03,L08,AABB_CLEAR,AABB_CLEAR,0,0,1,L1_AABB
sobol_072,L03,L09,AABB_CLEAR,AABB_CLEAR,0,0,1,L1_AABB
sobol_072,L03,L10,AABB_CLEAR,AABB_CLEAR,0,0,1,L1_AABB
sobol_072,L04,L05,EXPECTED_INTERFACE_CONTACT,EXPECTED_INTERFACE_CONTACT,0,0,1,L0_FIXED_SAFE
sobol_072,L04,L06,EXPECTED_INTERFACE_CONTACT,EXPECTED_INTERFACE_CONTACT,0,0,1,L3_SELECTIVE_EXACT
sobol_072,L04,L07,EXPECTED_INTERFACE_CONTACT,EXPECTED_INTERFACE_CONTACT,0,0,1,L3_SELECTIVE_EXACT
sobol_072,L04,L08,AABB_CLEAR,AABB_CLEAR,0,0,1,L1_AABB
sobol_072,L04,L09,AABB_CLEAR,AABB_CLEAR,0,0,1,L1_AABB
sobol_072,L04,L10,AABB_CLEAR,AABB_CLEAR,0,0,1,L1_AABB
sobol_072,L05,L06,EXPECTED_INTERFACE_CONTACT,EXPECTED_INTERFACE_CONTACT,0,0,1,L3_SELECTIVE_EXACT
sobol_072,L05,L07,EXPECTED_INTERFACE_CONTACT,EXPECTED_INTERFACE_CONTACT,0,0,1,L0_FIXED_SAFE
sobol_072,L05,L08,EXPECTED_INTERFACE_CONTACT,EXPECTED_INTERFACE_CONTACT,0,0,1,L3_SELECTIVE_EXACT
sobol_072,L05,L09,AABB_CLEAR,MESH_CLEAR,0,0,1,L2_MESH_BVH
sobol_072,L05,L10,AABB_CLEAR,AABB_CLEAR,0,0,1,L1_AABB
sobol_072,L06,L07,EXPECTED_INTERFACE_CONTACT,EXPECTED_INTERFACE_CONTACT,0,0,1,L3_SELECTIVE_EXACT
sobol_072,L06,L08,EXPECTED_INTERFACE_CONTACT,EXPECTED_INTERFACE_CONTACT,0,0,1,L3_SELECTIVE_EXACT
sobol_072,L06,L09,AABB_CLEAR,AABB_CLEAR,0,0,1,L1_AABB
sobol_072,L06,L10,AABB_CLEAR,AABB_CLEAR,0,0,1,L1_AABB
sobol_072,L07,L08,EXPECTED_INTERFACE_CONTACT,EXPECTED_INTERFACE_CONTACT,0,0,1,L0_FIXED_SAFE
sobol_072,L07,L09,AABB_CLEAR,AABB_CLEAR,0,0,1,L1_AABB
sobol_072,L07,L10,AABB_CLEAR,AABB_CLEAR,0,0,1,L1_AABB
sobol_072,L08,L09,EXPECTED_INTERFACE_CONTACT,EXPECTED_INTERFACE_CONTACT,0,0,1,L3_SELECTIVE_EXACT
sobol_072,L08,L10,EXPECTED_INTERFACE_CONTACT,EXPECTED_INTERFACE_CONTACT,0,0,1,L3_SELECTIVE_EXACT
sobol_072,L09,L10,AABB_CLEAR,AABB_CLEAR,0,0,1,L1_AABB
sobol_073,L00,L01,EXPECTED_INTERFACE_CONTACT,EXPECTED_INTERFACE_CONTACT,0,0,1,L3_SELECTIVE_EXACT
sobol_073,L00,L02,AABB_FALSE_POSITIVE,AABB_FALSE_POSITIVE,0,0,1,L3_SELECTIVE_EXACT
sobol_073,L00,L03,AABB_CLEAR,AABB_CLEAR,0,0,1,L1_AABB
sobol_073,L00,L04,AABB_CLEAR,AABB_CLEAR,0,0,1,L1_AABB
sobol_073,L00,L05,AABB_CLEAR,AABB_CLEAR,0,0,1,L1_AABB
sobol_073,L00,L06,AABB_CLEAR,AABB_CLEAR,0,0,1,L1_AABB
sobol_073,L00,L07,AABB_CLEAR,AABB_CLEAR,0,0,1,L1_AABB
sobol_073,L00,L08,AABB_CLEAR,AABB_CLEAR,0,0,1,L1_AABB
sobol_073,L00,L09,AABB_CLEAR,AABB_CLEAR,0,0,1,L1_AABB
sobol_073,L00,L10,AABB_CLEAR,AABB_CLEAR,0,0,1,L1_AABB
sobol_073,L01,L02,EXPECTED_INTERFACE_CONTACT,EXPECTED_INTERFACE_CONTACT,0,0,1,L3_SELECTIVE_EXACT
sobol_073,L01,L03,AABB_CLEAR,AABB_CLEAR,0,0,1,L1_AABB
sobol_073,L01,L04,AABB_CLEAR,AABB_CLEAR,0,0,1,L1_AABB
sobol_073,L01,L05,AABB_CLEAR,AABB_CLEAR,0,0,1,L1_AABB
sobol_073,L01,L06,AABB_CLEAR,AABB_CLEAR,0,0,1,L1_AABB
sobol_073,L01,L07,AABB_CLEAR,AABB_CLEAR,0,0,1,L1_AABB
sobol_073,L01,L08,AABB_CLEAR,AABB_CLEAR,0,0,1,L1_AABB
sobol_073,L01,L09,AABB_CLEAR,AABB_CLEAR,0,0,1,L1_AABB
sobol_073,L01,L10,AABB_CLEAR,AABB_CLEAR,0,0,1,L1_AABB
sobol_073,L02,L03,EXPECTED_INTERFACE_CONTACT,EXPECTED_INTERFACE_CONTACT,0,0,1,L3_SELECTIVE_EXACT
sobol_073,L02,L04,AABB_CLEAR,AABB_CLEAR,0,0,1,L1_AABB
sobol_073,L02,L05,AABB_CLEAR,AABB_CLEAR,0,0,1,L1_AABB
sobol_073,L02,L06,AABB_CLEAR,AABB_CLEAR,0,0,1,L1_AABB
sobol_073,L02,L07,AABB_CLEAR,AABB_CLEAR,0,0,1,L1_AABB
sobol_073,L02,L08,AABB_CLEAR,AABB_CLEAR,0,0,1,L1_AABB
sobol_073,L02,L09,AABB_CLEAR,AABB_CLEAR,0,0,1,L1_AABB
sobol_073,L02,L10,AABB_CLEAR,AABB_CLEAR,0,0,1,L1_AABB
sobol_073,L03,L04,EXPECTED_INTERFACE_CONTACT,EXPECTED_INTERFACE_CONTACT,0,0,1,L3_SELECTIVE_EXACT
sobol_073,L03,L05,AABB_CLEAR,AABB_CLEAR,0,0,1,L1_AABB
sobol_073,L03,L06,AABB_CLEAR,AABB_CLEAR,0,0,1,L1_AABB
sobol_073,L03,L07,AABB_CLEAR,AABB_CLEAR,0,0,1,L1_AABB
sobol_073,L03,L08,AABB_CLEAR,AABB_CLEAR,0,0,1,L1_AABB
sobol_073,L03,L09,AABB_CLEAR,AABB_CLEAR,0,0,1,L1_AABB
sobol_073,L03,L10,AABB_CLEAR,AABB_CLEAR,0,0,1,L1_AABB
sobol_073,L04,L05,EXPECTED_INTERFACE_CONTACT,EXPECTED_INTERFACE_CONTACT,0,0,1,L0_FIXED_SAFE
sobol_073,L04,L06,EXPECTED_INTERFACE_CONTACT,EXPECTED_INTERFACE_CONTACT,0,0,1,L3_SELECTIVE_EXACT
sobol_073,L04,L07,EXPECTED_INTERFACE_CONTACT,EXPECTED_INTERFACE_CONTACT,0,0,1,L3_SELECTIVE_EXACT
sobol_073,L04,L08,AABB_CLEAR,AABB_CLEAR,0,0,1,L1_AABB
sobol_073,L04,L09,AABB_CLEAR,AABB_CLEAR,0,0,1,L1_AABB
sobol_073,L04,L10,AABB_CLEAR,AABB_CLEAR,0,0,1,L1_AABB
sobol_073,L05,L06,EXPECTED_INTERFACE_CONTACT,EXPECTED_INTERFACE_CONTACT,0,0,1,L3_SELECTIVE_EXACT
sobol_073,L05,L07,EXPECTED_INTERFACE_CONTACT,EXPECTED_INTERFACE_CONTACT,0,0,1,L0_FIXED_SAFE
sobol_073,L05,L08,AABB_CLEAR,AABB_CLEAR,0,0,1,L1_AABB
sobol_073,L05,L09,EXPECTED_INTERFACE_CONTACT,EXPECTED_INTERFACE_CONTACT,0,0,1,L3_SELECTIVE_EXACT
sobol_073,L05,L10,EXPECTED_INTERFACE_CONTACT,EXPECTED_INTERFACE_CONTACT,0,0,1,L3_SELECTIVE_EXACT
sobol_073,L06,L07,EXPECTED_INTERFACE_CONTACT,EXPECTED_INTERFACE_CONTACT,0,0,1,L3_SELECTIVE_EXACT
sobol_073,L06,L08,EXPECTED_INTERFACE_CONTACT,EXPECTED_INTERFACE_CONTACT,0,0,1,L3_SELECTIVE_EXACT
sobol_073,L06,L09,AABB_FALSE_POSITIVE,MESH_CLEAR,0,0,1,L2_MESH_BVH
sobol_073,L06,L10,AABB_FALSE_POSITIVE,MESH_CLEAR,0,0,1,L2_MESH_BVH
sobol_073,L07,L08,EXPECTED_INTERFACE_CONTACT,EXPECTED_INTERFACE_CONTACT,0,0,1,L0_FIXED_SAFE
sobol_073,L07,L09,EXPECTED_INTERFACE_CONTACT,EXPECTED_INTERFACE_CONTACT,0,0,1,L3_SELECTIVE_EXACT
sobol_073,L07,L10,EXPECTED_INTERFACE_CONTACT,EXPECTED_INTERFACE_CONTACT,0,0,1,L3_SELECTIVE_EXACT
sobol_073,L08,L09,EXPECTED_INTERFACE_CONTACT,EXPECTED_INTERFACE_CONTACT,0,0,1,L3_SELECTIVE_EXACT
sobol_073,L08,L10,EXPECTED_INTERFACE_CONTACT,EXPECTED_INTERFACE_CONTACT,0,0,1,L3_SELECTIVE_EXACT
sobol_073,L09,L10,AABB_CLEAR,AABB_CLEAR,0,0,1,L1_AABB
sobol_074,L00,L01,EXPECTED_INTERFACE_CONTACT,EXPECTED_INTERFACE_CONTACT,0,0,1,L3_SELECTIVE_EXACT
sobol_074,L00,L02,AABB_CLEAR,AABB_CLEAR,0,0,1,L1_AABB
sobol_074,L00,L03,AABB_CLEAR,AABB_CLEAR,0,0,1,L1_AABB
sobol_074,L00,L04,AABB_CLEAR,AABB_CLEAR,0,0,1,L1_AABB
sobol_074,L00,L05,AABB_CLEAR,AABB_CLEAR,0,0,1,L1_AABB
sobol_074,L00,L06,AABB_CLEAR,AABB_CLEAR,0,0,1,L1_AABB
sobol_074,L00,L07,AABB_CLEAR,AABB_CLEAR,0,0,1,L1_AABB
sobol_074,L00,L08,AABB_CLEAR,AABB_CLEAR,0,0,1,L1_AABB
sobol_074,L00,L09,AABB_CLEAR,AABB_CLEAR,0,0,1,L1_AABB
sobol_074,L00,L10,AABB_CLEAR,AABB_CLEAR,0,0,1,L1_AABB
sobol_074,L01,L02,EXPECTED_INTERFACE_CONTACT,EXPECTED_INTERFACE_CONTACT,0,0,1,L3_SELECTIVE_EXACT
sobol_074,L01,L03,AABB_CLEAR,AABB_CLEAR,0,0,1,L1_AABB
sobol_074,L01,L04,AABB_CLEAR,AABB_CLEAR,0,0,1,L1_AABB
sobol_074,L01,L05,AABB_CLEAR,AABB_CLEAR,0,0,1,L1_AABB
sobol_074,L01,L06,AABB_CLEAR,AABB_CLEAR,0,0,1,L1_AABB
sobol_074,L01,L07,AABB_CLEAR,AABB_CLEAR,0,0,1,L1_AABB
sobol_074,L01,L08,AABB_CLEAR,AABB_CLEAR,0,0,1,L1_AABB
sobol_074,L01,L09,AABB_CLEAR,AABB_CLEAR,0,0,1,L1_AABB
sobol_074,L01,L10,AABB_CLEAR,AABB_CLEAR,0,0,1,L1_AABB
sobol_074,L02,L03,EXPECTED_INTERFACE_CONTACT,EXPECTED_INTERFACE_CONTACT,0,0,1,L3_SELECTIVE_EXACT
sobol_074,L02,L04,AABB_CLEAR,AABB_CLEAR,0,0,1,L1_AABB
sobol_074,L02,L05,AABB_CLEAR,AABB_CLEAR,0,0,1,L1_AABB
sobol_074,L02,L06,AABB_CLEAR,AABB_CLEAR,0,0,1,L1_AABB
sobol_074,L02,L07,AABB_CLEAR,AABB_CLEAR,0,0,1,L1_AABB
sobol_074,L02,L08,AABB_CLEAR,AABB_CLEAR,0,0,1,L1_AABB
sobol_074,L02,L09,AABB_CLEAR,AABB_CLEAR,0,0,1,L1_AABB
sobol_074,L02,L10,AABB_CLEAR,AABB_CLEAR,0,0,1,L1_AABB
sobol_074,L03,L04,EXPECTED_INTERFACE_CONTACT,EXPECTED_INTERFACE_CONTACT,0,0,1,L3_SELECTIVE_EXACT
sobol_074,L03,L05,AABB_CLEAR,AABB_CLEAR,0,0,1,L1_AABB
sobol_074,L03,L06,AABB_CLEAR,AABB_CLEAR,0,0,1,L1_AABB
sobol_074,L03,L07,AABB_CLEAR,AABB_CLEAR,0,0,1,L1_AABB
sobol_074,L03,L08,AABB_CLEAR,AABB_CLEAR,0,0,1,L1_AABB
sobol_074,L03,L09,AABB_CLEAR,AABB_CLEAR,0,0,1,L1_AABB
sobol_074,L03,L10,AABB_CLEAR,AABB_CLEAR,0,0,1,L1_AABB
sobol_074,L04,L05,EXPECTED_INTERFACE_CONTACT,EXPECTED_INTERFACE_CONTACT,0,0,1,L0_FIXED_SAFE
sobol_074,L04,L06,EXPECTED_INTERFACE_CONTACT,EXPECTED_INTERFACE_CONTACT,0,0,1,L3_SELECTIVE_EXACT
sobol_074,L04,L07,EXPECTED_INTERFACE_CONTACT,EXPECTED_INTERFACE_CONTACT,0,0,1,L3_SELECTIVE_EXACT
sobol_074,L04,L08,EXPECTED_INTERFACE_CONTACT,MESH_CLEAR,0,0,1,L2_MESH_BVH
sobol_074,L04,L09,AABB_CLEAR,AABB_CLEAR,0,0,1,L1_AABB
sobol_074,L04,L10,AABB_CLEAR,AABB_CLEAR,0,0,1,L1_AABB
sobol_074,L05,L06,EXPECTED_INTERFACE_CONTACT,EXPECTED_INTERFACE_CONTACT,0,0,1,L3_SELECTIVE_EXACT
sobol_074,L05,L07,EXPECTED_INTERFACE_CONTACT,EXPECTED_INTERFACE_CONTACT,0,0,1,L0_FIXED_SAFE
sobol_074,L05,L08,EXPECTED_INTERFACE_CONTACT,EXPECTED_INTERFACE_CONTACT,0,0,1,L3_SELECTIVE_EXACT
sobol_074,L05,L09,EXPECTED_INTERFACE_CONTACT,EXPECTED_INTERFACE_CONTACT,0,0,1,L3_SELECTIVE_EXACT
sobol_074,L05,L10,EXPECTED_INTERFACE_CONTACT,EXPECTED_INTERFACE_CONTACT,0,0,1,L3_SELECTIVE_EXACT
sobol_074,L06,L07,EXPECTED_INTERFACE_CONTACT,EXPECTED_INTERFACE_CONTACT,0,0,1,L3_SELECTIVE_EXACT
sobol_074,L06,L08,EXPECTED_INTERFACE_CONTACT,EXPECTED_INTERFACE_CONTACT,0,0,1,L3_SELECTIVE_EXACT
sobol_074,L06,L09,AABB_FALSE_POSITIVE,AABB_FALSE_POSITIVE,0,0,1,L3_SELECTIVE_EXACT
sobol_074,L06,L10,AABB_FALSE_POSITIVE,MESH_CLEAR,0,0,1,L2_MESH_BVH
sobol_074,L07,L08,EXPECTED_INTERFACE_CONTACT,EXPECTED_INTERFACE_CONTACT,0,0,1,L0_FIXED_SAFE
sobol_074,L07,L09,AABB_CLEAR,AABB_CLEAR,0,0,1,L1_AABB
sobol_074,L07,L10,EXPECTED_INTERFACE_CONTACT,MESH_CLEAR,0,0,1,L2_MESH_BVH
sobol_074,L08,L09,EXPECTED_INTERFACE_CONTACT,EXPECTED_INTERFACE_CONTACT,0,0,1,L3_SELECTIVE_EXACT
sobol_074,L08,L10,EXPECTED_INTERFACE_CONTACT,EXPECTED_INTERFACE_CONTACT,0,0,1,L3_SELECTIVE_EXACT
sobol_074,L09,L10,AABB_FALSE_POSITIVE,MESH_CLEAR,0,0,1,L2_MESH_BVH
sobol_075,L00,L01,EXPECTED_INTERFACE_CONTACT,EXPECTED_INTERFACE_CONTACT,0,0,1,L3_SELECTIVE_EXACT
sobol_075,L00,L02,AABB_CLEAR,MESH_CLEAR,0,0,1,L2_MESH_BVH
sobol_075,L00,L03,AABB_CLEAR,AABB_CLEAR,0,0,1,L1_AABB
sobol_075,L00,L04,AABB_CLEAR,AABB_CLEAR,0,0,1,L1_AABB
sobol_075,L00,L05,AABB_CLEAR,AABB_CLEAR,0,0,1,L1_AABB
sobol_075,L00,L06,AABB_CLEAR,AABB_CLEAR,0,0,1,L1_AABB
sobol_075,L00,L07,AABB_CLEAR,AABB_CLEAR,0,0,1,L1_AABB
sobol_075,L00,L08,AABB_CLEAR,AABB_CLEAR,0,0,1,L1_AABB
sobol_075,L00,L09,AABB_CLEAR,AABB_CLEAR,0,0,1,L1_AABB
sobol_075,L00,L10,AABB_CLEAR,AABB_CLEAR,0,0,1,L1_AABB
sobol_075,L01,L02,EXPECTED_INTERFACE_CONTACT,EXPECTED_INTERFACE_CONTACT,0,0,1,L3_SELECTIVE_EXACT
sobol_075,L01,L03,AABB_CLEAR,AABB_CLEAR,0,0,1,L1_AABB
sobol_075,L01,L04,AABB_CLEAR,AABB_CLEAR,0,0,1,L1_AABB
sobol_075,L01,L05,AABB_CLEAR,AABB_CLEAR,0,0,1,L1_AABB
sobol_075,L01,L06,AABB_CLEAR,AABB_CLEAR,0,0,1,L1_AABB
sobol_075,L01,L07,AABB_CLEAR,AABB_CLEAR,0,0,1,L1_AABB
sobol_075,L01,L08,AABB_CLEAR,AABB_CLEAR,0,0,1,L1_AABB
sobol_075,L01,L09,AABB_CLEAR,AABB_CLEAR,0,0,1,L1_AABB
sobol_075,L01,L10,AABB_CLEAR,AABB_CLEAR,0,0,1,L1_AABB
sobol_075,L02,L03,EXPECTED_INTERFACE_CONTACT,EXPECTED_INTERFACE_CONTACT,0,0,1,L3_SELECTIVE_EXACT
sobol_075,L02,L04,AABB_CLEAR,AABB_CLEAR,0,0,1,L1_AABB
sobol_075,L02,L05,AABB_CLEAR,AABB_CLEAR,0,0,1,L1_AABB
sobol_075,L02,L06,AABB_CLEAR,AABB_CLEAR,0,0,1,L1_AABB
sobol_075,L02,L07,AABB_CLEAR,AABB_CLEAR,0,0,1,L1_AABB
sobol_075,L02,L08,AABB_CLEAR,AABB_CLEAR,0,0,1,L1_AABB
sobol_075,L02,L09,AABB_CLEAR,AABB_CLEAR,0,0,1,L1_AABB
sobol_075,L02,L10,AABB_CLEAR,AABB_CLEAR,0,0,1,L1_AABB
sobol_075,L03,L04,EXPECTED_INTERFACE_CONTACT,EXPECTED_INTERFACE_CONTACT,0,0,1,L3_SELECTIVE_EXACT
sobol_075,L03,L05,AABB_CLEAR,AABB_CLEAR,0,0,1,L1_AABB
sobol_075,L03,L06,AABB_CLEAR,AABB_CLEAR,0,0,1,L1_AABB
sobol_075,L03,L07,AABB_CLEAR,AABB_CLEAR,0,0,1,L1_AABB
sobol_075,L03,L08,AABB_CLEAR,AABB_CLEAR,0,0,1,L1_AABB
sobol_075,L03,L09,AABB_CLEAR,AABB_CLEAR,0,0,1,L1_AABB
sobol_075,L03,L10,AABB_CLEAR,AABB_CLEAR,0,0,1,L1_AABB
sobol_075,L04,L05,EXPECTED_INTERFACE_CONTACT,EXPECTED_INTERFACE_CONTACT,0,0,1,L0_FIXED_SAFE
sobol_075,L04,L06,EXPECTED_INTERFACE_CONTACT,EXPECTED_INTERFACE_CONTACT,0,0,1,L3_SELECTIVE_EXACT
sobol_075,L04,L07,EXPECTED_INTERFACE_CONTACT,EXPECTED_INTERFACE_CONTACT,0,0,1,L3_SELECTIVE_EXACT
sobol_075,L04,L08,AABB_CLEAR,AABB_CLEAR,0,0,1,L1_AABB
sobol_075,L04,L09,AABB_CLEAR,MESH_CLEAR,0,0,1,L2_MESH_BVH
sobol_075,L04,L10,AABB_CLEAR,AABB_CLEAR,0,0,1,L1_AABB
sobol_075,L05,L06,EXPECTED_INTERFACE_CONTACT,EXPECTED_INTERFACE_CONTACT,0,0,1,L3_SELECTIVE_EXACT
sobol_075,L05,L07,EXPECTED_INTERFACE_CONTACT,EXPECTED_INTERFACE_CONTACT,0,0,1,L0_FIXED_SAFE
sobol_075,L05,L08,EXPECTED_INTERFACE_CONTACT,EXPECTED_INTERFACE_CONTACT,0,0,1,L3_SELECTIVE_EXACT
sobol_075,L05,L09,EXPECTED_INTERFACE_CONTACT,MESH_CLEAR,0,0,1,L2_MESH_BVH
sobol_075,L05,L10,AABB_CLEAR,AABB_CLEAR,0,0,1,L1_AABB
sobol_075,L06,L07,EXPECTED_INTERFACE_CONTACT,EXPECTED_INTERFACE_CONTACT,0,0,1,L3_SELECTIVE_EXACT
sobol_075,L06,L08,EXPECTED_INTERFACE_CONTACT,EXPECTED_INTERFACE_CONTACT,0,0,1,L3_SELECTIVE_EXACT
sobol_075,L06,L09,AABB_CLEAR,MESH_CLEAR,0,0,1,L2_MESH_BVH
sobol_075,L06,L10,AABB_CLEAR,AABB_CLEAR,0,0,1,L1_AABB
sobol_075,L07,L08,EXPECTED_INTERFACE_CONTACT,EXPECTED_INTERFACE_CONTACT,0,0,1,L0_FIXED_SAFE
sobol_075,L07,L09,AABB_CLEAR,AABB_CLEAR,0,0,1,L1_AABB
sobol_075,L07,L10,AABB_CLEAR,AABB_CLEAR,0,0,1,L1_AABB
sobol_075,L08,L09,EXPECTED_INTERFACE_CONTACT,EXPECTED_INTERFACE_CONTACT,0,0,1,L3_SELECTIVE_EXACT
sobol_075,L08,L10,EXPECTED_INTERFACE_CONTACT,EXPECTED_INTERFACE_CONTACT,0,0,1,L3_SELECTIVE_EXACT
sobol_075,L09,L10,AABB_CLEAR,AABB_CLEAR,0,0,1,L1_AABB
sobol_076,L00,L01,EXPECTED_INTERFACE_CONTACT,EXPECTED_INTERFACE_CONTACT,0,0,1,L3_SELECTIVE_EXACT
sobol_076,L00,L02,AABB_CLEAR,MESH_CLEAR,0,0,1,L2_MESH_BVH
sobol_076,L00,L03,AABB_CLEAR,AABB_CLEAR,0,0,1,L1_AABB
sobol_076,L00,L04,AABB_CLEAR,AABB_CLEAR,0,0,1,L1_AABB
sobol_076,L00,L05,AABB_CLEAR,AABB_CLEAR,0,0,1,L1_AABB
sobol_076,L00,L06,AABB_CLEAR,AABB_CLEAR,0,0,1,L1_AABB
sobol_076,L00,L07,AABB_CLEAR,AABB_CLEAR,0,0,1,L1_AABB
sobol_076,L00,L08,AABB_CLEAR,AABB_CLEAR,0,0,1,L1_AABB
sobol_076,L00,L09,AABB_CLEAR,AABB_CLEAR,0,0,1,L1_AABB
sobol_076,L00,L10,AABB_CLEAR,AABB_CLEAR,0,0,1,L1_AABB
sobol_076,L01,L02,EXPECTED_INTERFACE_CONTACT,EXPECTED_INTERFACE_CONTACT,0,0,1,L3_SELECTIVE_EXACT
sobol_076,L01,L03,AABB_CLEAR,AABB_CLEAR,0,0,1,L1_AABB
sobol_076,L01,L04,AABB_CLEAR,AABB_CLEAR,0,0,1,L1_AABB
sobol_076,L01,L05,AABB_CLEAR,AABB_CLEAR,0,0,1,L1_AABB
sobol_076,L01,L06,AABB_CLEAR,AABB_CLEAR,0,0,1,L1_AABB
sobol_076,L01,L07,AABB_CLEAR,AABB_CLEAR,0,0,1,L1_AABB
sobol_076,L01,L08,AABB_CLEAR,AABB_CLEAR,0,0,1,L1_AABB
sobol_076,L01,L09,AABB_CLEAR,AABB_CLEAR,0,0,1,L1_AABB
sobol_076,L01,L10,AABB_CLEAR,AABB_CLEAR,0,0,1,L1_AABB
sobol_076,L02,L03,EXPECTED_INTERFACE_CONTACT,EXPECTED_INTERFACE_CONTACT,0,0,1,L3_SELECTIVE_EXACT
sobol_076,L02,L04,AABB_CLEAR,AABB_CLEAR,0,0,1,L1_AABB
sobol_076,L02,L05,AABB_CLEAR,AABB_CLEAR,0,0,1,L1_AABB
sobol_076,L02,L06,AABB_CLEAR,AABB_CLEAR,0,0,1,L1_AABB
sobol_076,L02,L07,AABB_CLEAR,AABB_CLEAR,0,0,1,L1_AABB
sobol_076,L02,L08,AABB_CLEAR,AABB_CLEAR,0,0,1,L1_AABB
sobol_076,L02,L09,AABB_CLEAR,AABB_CLEAR,0,0,1,L1_AABB
sobol_076,L02,L10,AABB_CLEAR,AABB_CLEAR,0,0,1,L1_AABB
sobol_076,L03,L04,EXPECTED_INTERFACE_CONTACT,EXPECTED_INTERFACE_CONTACT,0,0,1,L3_SELECTIVE_EXACT
sobol_076,L03,L05,EXPECTED_INTERFACE_CONTACT,MESH_CLEAR,0,0,1,L2_MESH_BVH
sobol_076,L03,L06,AABB_FALSE_POSITIVE,MESH_CLEAR,0,0,1,L2_MESH_BVH
sobol_076,L03,L07,AABB_CLEAR,MESH_CLEAR,0,0,1,L2_MESH_BVH
sobol_076,L03,L08,EXPECTED_INTERFACE_CONTACT,MESH_CLEAR,0,0,1,L2_MESH_BVH
sobol_076,L03,L09,AABB_CLEAR,AABB_CLEAR,0,0,1,L1_AABB
sobol_076,L03,L10,AABB_CLEAR,AABB_CLEAR,0,0,1,L1_AABB
sobol_076,L04,L05,EXPECTED_INTERFACE_CONTACT,EXPECTED_INTERFACE_CONTACT,0,0,1,L0_FIXED_SAFE
sobol_076,L04,L06,EXPECTED_INTERFACE_CONTACT,EXPECTED_INTERFACE_CONTACT,0,0,1,L3_SELECTIVE_EXACT
sobol_076,L04,L07,EXPECTED_INTERFACE_CONTACT,EXPECTED_INTERFACE_CONTACT,0,0,1,L3_SELECTIVE_EXACT
sobol_076,L04,L08,AABB_CLEAR,AABB_CLEAR,0,0,1,L1_AABB
sobol_076,L04,L09,AABB_CLEAR,AABB_CLEAR,0,0,1,L1_AABB
sobol_076,L04,L10,AABB_CLEAR,AABB_CLEAR,0,0,1,L1_AABB
sobol_076,L05,L06,EXPECTED_INTERFACE_CONTACT,EXPECTED_INTERFACE_CONTACT,0,0,1,L3_SELECTIVE_EXACT
sobol_076,L05,L07,EXPECTED_INTERFACE_CONTACT,EXPECTED_INTERFACE_CONTACT,0,0,1,L0_FIXED_SAFE
sobol_076,L05,L08,EXPECTED_INTERFACE_CONTACT,EXPECTED_INTERFACE_CONTACT,0,0,1,L3_SELECTIVE_EXACT
sobol_076,L05,L09,AABB_CLEAR,MESH_CLEAR,0,0,1,L2_MESH_BVH
sobol_076,L05,L10,AABB_CLEAR,MESH_CLEAR,0,0,1,L2_MESH_BVH
sobol_076,L06,L07,EXPECTED_INTERFACE_CONTACT,EXPECTED_INTERFACE_CONTACT,0,0,1,L3_SELECTIVE_EXACT
sobol_076,L06,L08,EXPECTED_INTERFACE_CONTACT,EXPECTED_INTERFACE_CONTACT,0,0,1,L3_SELECTIVE_EXACT
sobol_076,L06,L09,AABB_CLEAR,MESH_CLEAR,0,0,1,L2_MESH_BVH
sobol_076,L06,L10,AABB_CLEAR,MESH_CLEAR,0,0,1,L2_MESH_BVH
sobol_076,L07,L08,EXPECTED_INTERFACE_CONTACT,EXPECTED_INTERFACE_CONTACT,0,0,1,L0_FIXED_SAFE
sobol_076,L07,L09,AABB_CLEAR,AABB_CLEAR,0,0,1,L1_AABB
sobol_076,L07,L10,AABB_CLEAR,AABB_CLEAR,0,0,1,L1_AABB
sobol_076,L08,L09,EXPECTED_INTERFACE_CONTACT,EXPECTED_INTERFACE_CONTACT,0,0,1,L3_SELECTIVE_EXACT
sobol_076,L08,L10,EXPECTED_INTERFACE_CONTACT,EXPECTED_INTERFACE_CONTACT,0,0,1,L3_SELECTIVE_EXACT
sobol_076,L09,L10,AABB_CLEAR,AABB_CLEAR,0,0,1,L1_AABB
sobol_077,L00,L01,EXPECTED_INTERFACE_CONTACT,EXPECTED_INTERFACE_CONTACT,0,0,1,L3_SELECTIVE_EXACT
sobol_077,L00,L02,AABB_CLEAR,AABB_CLEAR,0,0,1,L1_AABB
sobol_077,L00,L03,AABB_CLEAR,AABB_CLEAR,0,0,1,L1_AABB
sobol_077,L00,L04,AABB_CLEAR,AABB_CLEAR,0,0,1,L1_AABB
sobol_077,L00,L05,AABB_CLEAR,AABB_CLEAR,0,0,1,L1_AABB
sobol_077,L00,L06,AABB_CLEAR,AABB_CLEAR,0,0,1,L1_AABB
sobol_077,L00,L07,AABB_CLEAR,AABB_CLEAR,0,0,1,L1_AABB
sobol_077,L00,L08,AABB_CLEAR,AABB_CLEAR,0,0,1,L1_AABB
sobol_077,L00,L09,AABB_CLEAR,AABB_CLEAR,0,0,1,L1_AABB
sobol_077,L00,L10,AABB_CLEAR,AABB_CLEAR,0,0,1,L1_AABB
sobol_077,L01,L02,EXPECTED_INTERFACE_CONTACT,EXPECTED_INTERFACE_CONTACT,0,0,1,L3_SELECTIVE_EXACT
sobol_077,L01,L03,AABB_CLEAR,AABB_CLEAR,0,0,1,L1_AABB
sobol_077,L01,L04,AABB_CLEAR,AABB_CLEAR,0,0,1,L1_AABB
sobol_077,L01,L05,AABB_CLEAR,AABB_CLEAR,0,0,1,L1_AABB
sobol_077,L01,L06,AABB_FALSE_POSITIVE,AABB_FALSE_POSITIVE,0,0,1,L3_SELECTIVE_EXACT
sobol_077,L01,L07,AABB_CLEAR,AABB_CLEAR,0,0,1,L1_AABB
sobol_077,L01,L08,AABB_FALSE_POSITIVE,AABB_FALSE_POSITIVE,0,0,1,L3_SELECTIVE_EXACT
sobol_077,L01,L09,AABB_FALSE_POSITIVE,AABB_FALSE_POSITIVE,0,0,1,L3_SELECTIVE_EXACT
sobol_077,L01,L10,NONADJACENT_COLLISION,NONADJACENT_COLLISION,1,1,1,L3_SELECTIVE_EXACT
sobol_077,L02,L03,EXPECTED_INTERFACE_CONTACT,EXPECTED_INTERFACE_CONTACT,0,0,1,L3_SELECTIVE_EXACT
sobol_077,L02,L04,AABB_FALSE_POSITIVE,AABB_FALSE_POSITIVE,0,0,1,L3_SELECTIVE_EXACT
sobol_077,L02,L05,AABB_FALSE_POSITIVE,AABB_FALSE_POSITIVE,0,0,1,L3_SELECTIVE_EXACT
sobol_077,L02,L06,AABB_FALSE_POSITIVE,AABB_FALSE_POSITIVE,0,0,1,L3_SELECTIVE_EXACT
sobol_077,L02,L07,AABB_FALSE_POSITIVE,AABB_FALSE_POSITIVE,0,0,1,L3_SELECTIVE_EXACT
sobol_077,L02,L08,AABB_FALSE_POSITIVE,MESH_CLEAR,0,0,1,L2_MESH_BVH
sobol_077,L02,L09,AABB_CLEAR,MESH_CLEAR,0,0,1,L2_MESH_BVH
sobol_077,L02,L10,AABB_FALSE_POSITIVE,MESH_CLEAR,0,0,1,L2_MESH_BVH
sobol_077,L03,L04,EXPECTED_INTERFACE_CONTACT,EXPECTED_INTERFACE_CONTACT,0,0,1,L3_SELECTIVE_EXACT
sobol_077,L03,L05,EXPECTED_INTERFACE_CONTACT,MESH_CLEAR,0,0,1,L2_MESH_BVH
sobol_077,L03,L06,AABB_FALSE_POSITIVE,MESH_CLEAR,0,0,1,L2_MESH_BVH
sobol_077,L03,L07,EXPECTED_INTERFACE_CONTACT,MESH_CLEAR,0,0,1,L2_MESH_BVH
sobol_077,L03,L08,AABB_CLEAR,MESH_CLEAR,0,0,1,L2_MESH_BVH
sobol_077,L03,L09,AABB_CLEAR,MESH_CLEAR,0,0,1,L2_MESH_BVH
sobol_077,L03,L10,AABB_CLEAR,MESH_CLEAR,0,0,1,L2_MESH_BVH
sobol_077,L04,L05,EXPECTED_INTERFACE_CONTACT,EXPECTED_INTERFACE_CONTACT,0,0,1,L0_FIXED_SAFE
sobol_077,L04,L06,EXPECTED_INTERFACE_CONTACT,EXPECTED_INTERFACE_CONTACT,0,0,1,L3_SELECTIVE_EXACT
sobol_077,L04,L07,EXPECTED_INTERFACE_CONTACT,EXPECTED_INTERFACE_CONTACT,0,0,1,L3_SELECTIVE_EXACT
sobol_077,L04,L08,AABB_CLEAR,AABB_CLEAR,0,0,1,L1_AABB
sobol_077,L04,L09,AABB_CLEAR,AABB_CLEAR,0,0,1,L1_AABB
sobol_077,L04,L10,AABB_CLEAR,AABB_CLEAR,0,0,1,L1_AABB
sobol_077,L05,L06,EXPECTED_INTERFACE_CONTACT,EXPECTED_INTERFACE_CONTACT,0,0,1,L3_SELECTIVE_EXACT
sobol_077,L05,L07,EXPECTED_INTERFACE_CONTACT,EXPECTED_INTERFACE_CONTACT,0,0,1,L0_FIXED_SAFE
sobol_077,L05,L08,EXPECTED_INTERFACE_CONTACT,EXPECTED_INTERFACE_CONTACT,0,0,1,L3_SELECTIVE_EXACT
sobol_077,L05,L09,EXPECTED_INTERFACE_CONTACT,EXPECTED_INTERFACE_CONTACT,0,0,1,L3_SELECTIVE_EXACT
sobol_077,L05,L10,EXPECTED_INTERFACE_CONTACT,EXPECTED_INTERFACE_CONTACT,0,0,1,L3_SELECTIVE_EXACT
sobol_077,L06,L07,EXPECTED_INTERFACE_CONTACT,EXPECTED_INTERFACE_CONTACT,0,0,1,L3_SELECTIVE_EXACT
sobol_077,L06,L08,EXPECTED_INTERFACE_CONTACT,EXPECTED_INTERFACE_CONTACT,0,0,1,L3_SELECTIVE_EXACT
sobol_077,L06,L09,AABB_CLEAR,MESH_CLEAR,0,0,1,L2_MESH_BVH
sobol_077,L06,L10,AABB_FALSE_POSITIVE,MESH_CLEAR,0,0,1,L2_MESH_BVH
sobol_077,L07,L08,EXPECTED_INTERFACE_CONTACT,EXPECTED_INTERFACE_CONTACT,0,0,1,L0_FIXED_SAFE
sobol_077,L07,L09,AABB_CLEAR,AABB_CLEAR,0,0,1,L1_AABB
sobol_077,L07,L10,EXPECTED_INTERFACE_CONTACT,MESH_CLEAR,0,0,1,L2_MESH_BVH
sobol_077,L08,L09,EXPECTED_INTERFACE_CONTACT,EXPECTED_INTERFACE_CONTACT,0,0,1,L3_SELECTIVE_EXACT
sobol_077,L08,L10,EXPECTED_INTERFACE_CONTACT,EXPECTED_INTERFACE_CONTACT,0,0,1,L3_SELECTIVE_EXACT
sobol_077,L09,L10,AABB_CLEAR,AABB_CLEAR,0,0,1,L1_AABB
sobol_078,L00,L01,EXPECTED_INTERFACE_CONTACT,EXPECTED_INTERFACE_CONTACT,0,0,1,L3_SELECTIVE_EXACT
sobol_078,L00,L02,AABB_CLEAR,AABB_CLEAR,0,0,1,L1_AABB
sobol_078,L00,L03,AABB_CLEAR,AABB_CLEAR,0,0,1,L1_AABB
sobol_078,L00,L04,AABB_CLEAR,AABB_CLEAR,0,0,1,L1_AABB
sobol_078,L00,L05,AABB_CLEAR,AABB_CLEAR,0,0,1,L1_AABB
sobol_078,L00,L06,AABB_CLEAR,AABB_CLEAR,0,0,1,L1_AABB
sobol_078,L00,L07,AABB_CLEAR,AABB_CLEAR,0,0,1,L1_AABB
sobol_078,L00,L08,AABB_CLEAR,AABB_CLEAR,0,0,1,L1_AABB
sobol_078,L00,L09,AABB_CLEAR,AABB_CLEAR,0,0,1,L1_AABB
sobol_078,L00,L10,AABB_CLEAR,AABB_CLEAR,0,0,1,L1_AABB
sobol_078,L01,L02,EXPECTED_INTERFACE_CONTACT,EXPECTED_INTERFACE_CONTACT,0,0,1,L3_SELECTIVE_EXACT
sobol_078,L01,L03,AABB_CLEAR,AABB_CLEAR,0,0,1,L1_AABB
sobol_078,L01,L04,AABB_CLEAR,AABB_CLEAR,0,0,1,L1_AABB
sobol_078,L01,L05,AABB_CLEAR,AABB_CLEAR,0,0,1,L1_AABB
sobol_078,L01,L06,AABB_CLEAR,AABB_CLEAR,0,0,1,L1_AABB
sobol_078,L01,L07,AABB_CLEAR,AABB_CLEAR,0,0,1,L1_AABB
sobol_078,L01,L08,AABB_CLEAR,AABB_CLEAR,0,0,1,L1_AABB
sobol_078,L01,L09,AABB_CLEAR,AABB_CLEAR,0,0,1,L1_AABB
sobol_078,L01,L10,AABB_CLEAR,AABB_CLEAR,0,0,1,L1_AABB
sobol_078,L02,L03,EXPECTED_INTERFACE_CONTACT,EXPECTED_INTERFACE_CONTACT,0,0,1,L3_SELECTIVE_EXACT
sobol_078,L02,L04,AABB_CLEAR,AABB_CLEAR,0,0,1,L1_AABB
sobol_078,L02,L05,AABB_CLEAR,AABB_CLEAR,0,0,1,L1_AABB
sobol_078,L02,L06,AABB_CLEAR,AABB_CLEAR,0,0,1,L1_AABB
sobol_078,L02,L07,AABB_CLEAR,AABB_CLEAR,0,0,1,L1_AABB
sobol_078,L02,L08,AABB_CLEAR,AABB_CLEAR,0,0,1,L1_AABB
sobol_078,L02,L09,AABB_CLEAR,AABB_CLEAR,0,0,1,L1_AABB
sobol_078,L02,L10,AABB_CLEAR,AABB_CLEAR,0,0,1,L1_AABB
sobol_078,L03,L04,EXPECTED_INTERFACE_CONTACT,EXPECTED_INTERFACE_CONTACT,0,0,1,L3_SELECTIVE_EXACT
sobol_078,L03,L05,AABB_CLEAR,AABB_CLEAR,0,0,1,L1_AABB
sobol_078,L03,L06,AABB_CLEAR,AABB_CLEAR,0,0,1,L1_AABB
sobol_078,L03,L07,AABB_CLEAR,AABB_CLEAR,0,0,1,L1_AABB
sobol_078,L03,L08,AABB_CLEAR,AABB_CLEAR,0,0,1,L1_AABB
sobol_078,L03,L09,AABB_CLEAR,AABB_CLEAR,0,0,1,L1_AABB
sobol_078,L03,L10,AABB_CLEAR,AABB_CLEAR,0,0,1,L1_AABB
sobol_078,L04,L05,EXPECTED_INTERFACE_CONTACT,EXPECTED_INTERFACE_CONTACT,0,0,1,L0_FIXED_SAFE
sobol_078,L04,L06,EXPECTED_INTERFACE_CONTACT,EXPECTED_INTERFACE_CONTACT,0,0,1,L3_SELECTIVE_EXACT
sobol_078,L04,L07,EXPECTED_INTERFACE_CONTACT,EXPECTED_INTERFACE_CONTACT,0,0,1,L3_SELECTIVE_EXACT
sobol_078,L04,L08,EXPECTED_INTERFACE_CONTACT,MESH_CLEAR,0,0,1,L2_MESH_BVH
sobol_078,L04,L09,AABB_CLEAR,AABB_CLEAR,0,0,1,L1_AABB
sobol_078,L04,L10,AABB_CLEAR,AABB_CLEAR,0,0,1,L1_AABB
sobol_078,L05,L06,EXPECTED_INTERFACE_CONTACT,EXPECTED_INTERFACE_CONTACT,0,0,1,L3_SELECTIVE_EXACT
sobol_078,L05,L07,EXPECTED_INTERFACE_CONTACT,EXPECTED_INTERFACE_CONTACT,0,0,1,L0_FIXED_SAFE
sobol_078,L05,L08,EXPECTED_INTERFACE_CONTACT,EXPECTED_INTERFACE_CONTACT,0,0,1,L3_SELECTIVE_EXACT
sobol_078,L05,L09,AABB_CLEAR,MESH_CLEAR,0,0,1,L2_MESH_BVH
sobol_078,L05,L10,EXPECTED_INTERFACE_CONTACT,EXPECTED_INTERFACE_CONTACT,0,0,1,L3_SELECTIVE_EXACT
sobol_078,L06,L07,EXPECTED_INTERFACE_CONTACT,EXPECTED_INTERFACE_CONTACT,0,0,1,L3_SELECTIVE_EXACT
sobol_078,L06,L08,EXPECTED_INTERFACE_CONTACT,EXPECTED_INTERFACE_CONTACT,0,0,1,L3_SELECTIVE_EXACT
sobol_078,L06,L09,AABB_CLEAR,MESH_CLEAR,0,0,1,L2_MESH_BVH
sobol_078,L06,L10,AABB_FALSE_POSITIVE,MESH_CLEAR,0,0,1,L2_MESH_BVH
sobol_078,L07,L08,EXPECTED_INTERFACE_CONTACT,EXPECTED_INTERFACE_CONTACT,0,0,1,L0_FIXED_SAFE
sobol_078,L07,L09,AABB_CLEAR,AABB_CLEAR,0,0,1,L1_AABB
sobol_078,L07,L10,EXPECTED_INTERFACE_CONTACT,MESH_CLEAR,0,0,1,L2_MESH_BVH
sobol_078,L08,L09,EXPECTED_INTERFACE_CONTACT,EXPECTED_INTERFACE_CONTACT,0,0,1,L3_SELECTIVE_EXACT
sobol_078,L08,L10,EXPECTED_INTERFACE_CONTACT,EXPECTED_INTERFACE_CONTACT,0,0,1,L3_SELECTIVE_EXACT
sobol_078,L09,L10,AABB_CLEAR,AABB_CLEAR,0,0,1,L1_AABB
sobol_079,L00,L01,EXPECTED_INTERFACE_CONTACT,EXPECTED_INTERFACE_CONTACT,0,0,1,L3_SELECTIVE_EXACT
sobol_079,L00,L02,AABB_CLEAR,MESH_CLEAR,0,0,1,L2_MESH_BVH
sobol_079,L00,L03,AABB_CLEAR,AABB_CLEAR,0,0,1,L1_AABB
sobol_079,L00,L04,AABB_CLEAR,AABB_CLEAR,0,0,1,L1_AABB
sobol_079,L00,L05,AABB_CLEAR,AABB_CLEAR,0,0,1,L1_AABB
sobol_079,L00,L06,AABB_CLEAR,AABB_CLEAR,0,0,1,L1_AABB
sobol_079,L00,L07,AABB_CLEAR,AABB_CLEAR,0,0,1,L1_AABB
sobol_079,L00,L08,AABB_CLEAR,AABB_CLEAR,0,0,1,L1_AABB
sobol_079,L00,L09,AABB_CLEAR,AABB_CLEAR,0,0,1,L1_AABB
sobol_079,L00,L10,AABB_CLEAR,AABB_CLEAR,0,0,1,L1_AABB
sobol_079,L01,L02,EXPECTED_INTERFACE_CONTACT,EXPECTED_INTERFACE_CONTACT,0,0,1,L3_SELECTIVE_EXACT
sobol_079,L01,L03,AABB_CLEAR,AABB_CLEAR,0,0,1,L1_AABB
sobol_079,L01,L04,AABB_CLEAR,AABB_CLEAR,0,0,1,L1_AABB
sobol_079,L01,L05,AABB_CLEAR,AABB_CLEAR,0,0,1,L1_AABB
sobol_079,L01,L06,AABB_CLEAR,AABB_CLEAR,0,0,1,L1_AABB
sobol_079,L01,L07,AABB_CLEAR,AABB_CLEAR,0,0,1,L1_AABB
sobol_079,L01,L08,AABB_CLEAR,AABB_CLEAR,0,0,1,L1_AABB
sobol_079,L01,L09,AABB_CLEAR,AABB_CLEAR,0,0,1,L1_AABB
sobol_079,L01,L10,AABB_CLEAR,AABB_CLEAR,0,0,1,L1_AABB
sobol_079,L02,L03,EXPECTED_INTERFACE_CONTACT,EXPECTED_INTERFACE_CONTACT,0,0,1,L3_SELECTIVE_EXACT
sobol_079,L02,L04,AABB_CLEAR,AABB_CLEAR,0,0,1,L1_AABB
sobol_079,L02,L05,AABB_CLEAR,AABB_CLEAR,0,0,1,L1_AABB
sobol_079,L02,L06,AABB_CLEAR,AABB_CLEAR,0,0,1,L1_AABB
sobol_079,L02,L07,AABB_CLEAR,AABB_CLEAR,0,0,1,L1_AABB
sobol_079,L02,L08,AABB_CLEAR,AABB_CLEAR,0,0,1,L1_AABB
sobol_079,L02,L09,AABB_CLEAR,AABB_CLEAR,0,0,1,L1_AABB
sobol_079,L02,L10,AABB_CLEAR,AABB_CLEAR,0,0,1,L1_AABB
sobol_079,L03,L04,EXPECTED_INTERFACE_CONTACT,EXPECTED_INTERFACE_CONTACT,0,0,1,L3_SELECTIVE_EXACT
sobol_079,L03,L05,AABB_CLEAR,AABB_CLEAR,0,0,1,L1_AABB
sobol_079,L03,L06,AABB_CLEAR,AABB_CLEAR,0,0,1,L1_AABB
sobol_079,L03,L07,AABB_CLEAR,AABB_CLEAR,0,0,1,L1_AABB
sobol_079,L03,L08,AABB_CLEAR,AABB_CLEAR,0,0,1,L1_AABB
sobol_079,L03,L09,AABB_CLEAR,AABB_CLEAR,0,0,1,L1_AABB
sobol_079,L03,L10,AABB_CLEAR,AABB_CLEAR,0,0,1,L1_AABB
sobol_079,L04,L05,EXPECTED_INTERFACE_CONTACT,EXPECTED_INTERFACE_CONTACT,0,0,1,L0_FIXED_SAFE
sobol_079,L04,L06,EXPECTED_INTERFACE_CONTACT,EXPECTED_INTERFACE_CONTACT,0,0,1,L3_SELECTIVE_EXACT
sobol_079,L04,L07,EXPECTED_INTERFACE_CONTACT,EXPECTED_INTERFACE_CONTACT,0,0,1,L3_SELECTIVE_EXACT
sobol_079,L04,L08,AABB_CLEAR,AABB_CLEAR,0,0,1,L1_AABB
sobol_079,L04,L09,AABB_CLEAR,AABB_CLEAR,0,0,1,L1_AABB
sobol_079,L04,L10,AABB_CLEAR,AABB_CLEAR,0,0,1,L1_AABB
sobol_079,L05,L06,EXPECTED_INTERFACE_CONTACT,EXPECTED_INTERFACE_CONTACT,0,0,1,L3_SELECTIVE_EXACT
sobol_079,L05,L07,EXPECTED_INTERFACE_CONTACT,EXPECTED_INTERFACE_CONTACT,0,0,1,L0_FIXED_SAFE
sobol_079,L05,L08,EXPECTED_INTERFACE_CONTACT,EXPECTED_INTERFACE_CONTACT,0,0,1,L3_SELECTIVE_EXACT
sobol_079,L05,L09,AABB_CLEAR,MESH_CLEAR,0,0,1,L2_MESH_BVH
sobol_079,L05,L10,EXPECTED_INTERFACE_CONTACT,EXPECTED_INTERFACE_CONTACT,0,0,1,L3_SELECTIVE_EXACT
sobol_079,L06,L07,EXPECTED_INTERFACE_CONTACT,EXPECTED_INTERFACE_CONTACT,0,0,1,L3_SELECTIVE_EXACT
sobol_079,L06,L08,EXPECTED_INTERFACE_CONTACT,EXPECTED_INTERFACE_CONTACT,0,0,1,L3_SELECTIVE_EXACT
sobol_079,L06,L09,AABB_CLEAR,AABB_CLEAR,0,0,1,L1_AABB
sobol_079,L06,L10,AABB_FALSE_POSITIVE,MESH_CLEAR,0,0,1,L2_MESH_BVH
sobol_079,L07,L08,EXPECTED_INTERFACE_CONTACT,EXPECTED_INTERFACE_CONTACT,0,0,1,L0_FIXED_SAFE
sobol_079,L07,L09,AABB_CLEAR,AABB_CLEAR,0,0,1,L1_AABB
sobol_079,L07,L10,EXPECTED_INTERFACE_CONTACT,MESH_CLEAR,0,0,1,L2_MESH_BVH
sobol_079,L08,L09,EXPECTED_INTERFACE_CONTACT,EXPECTED_INTERFACE_CONTACT,0,0,1,L3_SELECTIVE_EXACT
sobol_079,L08,L10,EXPECTED_INTERFACE_CONTACT,EXPECTED_INTERFACE_CONTACT,0,0,1,L3_SELECTIVE_EXACT
sobol_079,L09,L10,AABB_CLEAR,AABB_CLEAR,0,0,1,L1_AABB
sobol_080,L00,L01,EXPECTED_INTERFACE_CONTACT,EXPECTED_INTERFACE_CONTACT,0,0,1,L3_SELECTIVE_EXACT
sobol_080,L00,L02,AABB_CLEAR,AABB_CLEAR,0,0,1,L1_AABB
sobol_080,L00,L03,AABB_CLEAR,AABB_CLEAR,0,0,1,L1_AABB
sobol_080,L00,L04,AABB_CLEAR,AABB_CLEAR,0,0,1,L1_AABB
sobol_080,L00,L05,AABB_CLEAR,AABB_CLEAR,0,0,1,L1_AABB
sobol_080,L00,L06,AABB_CLEAR,AABB_CLEAR,0,0,1,L1_AABB
sobol_080,L00,L07,AABB_CLEAR,AABB_CLEAR,0,0,1,L1_AABB
sobol_080,L00,L08,AABB_CLEAR,AABB_CLEAR,0,0,1,L1_AABB
sobol_080,L00,L09,AABB_CLEAR,AABB_CLEAR,0,0,1,L1_AABB
sobol_080,L00,L10,AABB_CLEAR,AABB_CLEAR,0,0,1,L1_AABB
sobol_080,L01,L02,EXPECTED_INTERFACE_CONTACT,EXPECTED_INTERFACE_CONTACT,0,0,1,L3_SELECTIVE_EXACT
sobol_080,L01,L03,AABB_CLEAR,AABB_CLEAR,0,0,1,L1_AABB
sobol_080,L01,L04,AABB_CLEAR,AABB_CLEAR,0,0,1,L1_AABB
sobol_080,L01,L05,AABB_CLEAR,AABB_CLEAR,0,0,1,L1_AABB
sobol_080,L01,L06,AABB_CLEAR,AABB_CLEAR,0,0,1,L1_AABB
sobol_080,L01,L07,AABB_CLEAR,AABB_CLEAR,0,0,1,L1_AABB
sobol_080,L01,L08,AABB_CLEAR,AABB_CLEAR,0,0,1,L1_AABB
sobol_080,L01,L09,AABB_CLEAR,AABB_CLEAR,0,0,1,L1_AABB
sobol_080,L01,L10,AABB_CLEAR,AABB_CLEAR,0,0,1,L1_AABB
sobol_080,L02,L03,EXPECTED_INTERFACE_CONTACT,EXPECTED_INTERFACE_CONTACT,0,0,1,L3_SELECTIVE_EXACT
sobol_080,L02,L04,AABB_CLEAR,AABB_CLEAR,0,0,1,L1_AABB
sobol_080,L02,L05,AABB_CLEAR,AABB_CLEAR,0,0,1,L1_AABB
sobol_080,L02,L06,AABB_CLEAR,AABB_CLEAR,0,0,1,L1_AABB
sobol_080,L02,L07,AABB_CLEAR,AABB_CLEAR,0,0,1,L1_AABB
sobol_080,L02,L08,AABB_CLEAR,AABB_CLEAR,0,0,1,L1_AABB
sobol_080,L02,L09,AABB_CLEAR,AABB_CLEAR,0,0,1,L1_AABB
sobol_080,L02,L10,AABB_CLEAR,AABB_CLEAR,0,0,1,L1_AABB
sobol_080,L03,L04,EXPECTED_INTERFACE_CONTACT,EXPECTED_INTERFACE_CONTACT,0,0,1,L3_SELECTIVE_EXACT
sobol_080,L03,L05,AABB_CLEAR,AABB_CLEAR,0,0,1,L1_AABB
sobol_080,L03,L06,AABB_CLEAR,AABB_CLEAR,0,0,1,L1_AABB
sobol_080,L03,L07,AABB_CLEAR,AABB_CLEAR,0,0,1,L1_AABB
sobol_080,L03,L08,AABB_CLEAR,AABB_CLEAR,0,0,1,L1_AABB
sobol_080,L03,L09,AABB_CLEAR,AABB_CLEAR,0,0,1,L1_AABB
sobol_080,L03,L10,AABB_CLEAR,AABB_CLEAR,0,0,1,L1_AABB
sobol_080,L04,L05,EXPECTED_INTERFACE_CONTACT,EXPECTED_INTERFACE_CONTACT,0,0,1,L0_FIXED_SAFE
sobol_080,L04,L06,EXPECTED_INTERFACE_CONTACT,EXPECTED_INTERFACE_CONTACT,0,0,1,L3_SELECTIVE_EXACT
sobol_080,L04,L07,EXPECTED_INTERFACE_CONTACT,EXPECTED_INTERFACE_CONTACT,0,0,1,L3_SELECTIVE_EXACT
sobol_080,L04,L08,AABB_CLEAR,AABB_CLEAR,0,0,1,L1_AABB
sobol_080,L04,L09,AABB_CLEAR,AABB_CLEAR,0,0,1,L1_AABB
sobol_080,L04,L10,AABB_CLEAR,AABB_CLEAR,0,0,1,L1_AABB
sobol_080,L05,L06,EXPECTED_INTERFACE_CONTACT,EXPECTED_INTERFACE_CONTACT,0,0,1,L3_SELECTIVE_EXACT
sobol_080,L05,L07,EXPECTED_INTERFACE_CONTACT,EXPECTED_INTERFACE_CONTACT,0,0,1,L0_FIXED_SAFE
sobol_080,L05,L08,EXPECTED_INTERFACE_CONTACT,EXPECTED_INTERFACE_CONTACT,0,0,1,L3_SELECTIVE_EXACT
sobol_080,L05,L09,EXPECTED_INTERFACE_CONTACT,EXPECTED_INTERFACE_CONTACT,0,0,1,L3_SELECTIVE_EXACT
sobol_080,L05,L10,EXPECTED_INTERFACE_CONTACT,EXPECTED_INTERFACE_CONTACT,0,0,1,L3_SELECTIVE_EXACT
sobol_080,L06,L07,EXPECTED_INTERFACE_CONTACT,EXPECTED_INTERFACE_CONTACT,0,0,1,L3_SELECTIVE_EXACT
sobol_080,L06,L08,EXPECTED_INTERFACE_CONTACT,EXPECTED_INTERFACE_CONTACT,0,0,1,L3_SELECTIVE_EXACT
sobol_080,L06,L09,AABB_FALSE_POSITIVE,AABB_FALSE_POSITIVE,0,0,1,L3_SELECTIVE_EXACT
sobol_080,L06,L10,AABB_FALSE_POSITIVE,AABB_FALSE_POSITIVE,0,0,1,L3_SELECTIVE_EXACT
sobol_080,L07,L08,EXPECTED_INTERFACE_CONTACT,EXPECTED_INTERFACE_CONTACT,0,0,1,L0_FIXED_SAFE
sobol_080,L07,L09,EXPECTED_INTERFACE_CONTACT,EXPECTED_INTERFACE_CONTACT,0,0,1,L3_SELECTIVE_EXACT
sobol_080,L07,L10,EXPECTED_INTERFACE_CONTACT,EXPECTED_INTERFACE_CONTACT,0,0,1,L3_SELECTIVE_EXACT
sobol_080,L08,L09,EXPECTED_INTERFACE_CONTACT,EXPECTED_INTERFACE_CONTACT,0,0,1,L3_SELECTIVE_EXACT
sobol_080,L08,L10,EXPECTED_INTERFACE_CONTACT,EXPECTED_INTERFACE_CONTACT,0,0,1,L3_SELECTIVE_EXACT
sobol_080,L09,L10,AABB_FALSE_POSITIVE,MESH_CLEAR,0,0,1,L2_MESH_BVH
sobol_081,L00,L01,EXPECTED_INTERFACE_CONTACT,EXPECTED_INTERFACE_CONTACT,0,0,1,L3_SELECTIVE_EXACT
sobol_081,L00,L02,AABB_CLEAR,AABB_CLEAR,0,0,1,L3_SELECTIVE_EXACT
sobol_081,L00,L03,NONADJACENT_COLLISION,NONADJACENT_COLLISION,1,1,1,L3_SELECTIVE_EXACT
sobol_081,L00,L04,NONADJACENT_COLLISION,NONADJACENT_COLLISION,1,1,1,L3_SELECTIVE_EXACT
sobol_081,L00,L05,AABB_CLEAR,AABB_CLEAR,0,0,1,L1_AABB
sobol_081,L00,L06,AABB_CLEAR,AABB_CLEAR,0,0,1,L1_AABB
sobol_081,L00,L07,AABB_CLEAR,AABB_CLEAR,0,0,1,L1_AABB
sobol_081,L00,L08,AABB_CLEAR,AABB_CLEAR,0,0,1,L1_AABB
sobol_081,L00,L09,AABB_CLEAR,AABB_CLEAR,0,0,1,L1_AABB
sobol_081,L00,L10,AABB_CLEAR,AABB_CLEAR,0,0,1,L1_AABB
sobol_081,L01,L02,EXPECTED_INTERFACE_CONTACT,EXPECTED_INTERFACE_CONTACT,0,0,1,L3_SELECTIVE_EXACT
sobol_081,L01,L03,NONADJACENT_COLLISION,NONADJACENT_COLLISION,1,1,1,L3_SELECTIVE_EXACT
sobol_081,L01,L04,NONADJACENT_COLLISION,NONADJACENT_COLLISION,1,1,1,L3_SELECTIVE_EXACT
sobol_081,L01,L05,NONADJACENT_COLLISION,NONADJACENT_COLLISION,1,1,1,L3_SELECTIVE_EXACT
sobol_081,L01,L06,NONADJACENT_COLLISION,NONADJACENT_COLLISION,1,1,1,L3_SELECTIVE_EXACT
sobol_081,L01,L07,AABB_FALSE_POSITIVE,AABB_FALSE_POSITIVE,0,0,1,L3_SELECTIVE_EXACT
sobol_081,L01,L08,AABB_CLEAR,AABB_CLEAR,0,0,1,L1_AABB
sobol_081,L01,L09,AABB_CLEAR,AABB_CLEAR,0,0,1,L1_AABB
sobol_081,L01,L10,AABB_CLEAR,AABB_CLEAR,0,0,1,L1_AABB
sobol_081,L02,L03,EXPECTED_INTERFACE_CONTACT,EXPECTED_INTERFACE_CONTACT,0,0,1,L3_SELECTIVE_EXACT
sobol_081,L02,L04,NONADJACENT_COLLISION,NONADJACENT_COLLISION,1,1,1,L3_SELECTIVE_EXACT
sobol_081,L02,L05,NONADJACENT_COLLISION,NONADJACENT_COLLISION,1,1,1,L3_SELECTIVE_EXACT
sobol_081,L02,L06,NONADJACENT_COLLISION,NONADJACENT_COLLISION,1,1,1,L3_SELECTIVE_EXACT
sobol_081,L02,L07,NONADJACENT_COLLISION,NONADJACENT_COLLISION,1,1,1,L3_SELECTIVE_EXACT
sobol_081,L02,L08,AABB_CLEAR,AABB_CLEAR,0,0,1,L1_AABB
sobol_081,L02,L09,AABB_CLEAR,AABB_CLEAR,0,0,1,L1_AABB
sobol_081,L02,L10,AABB_CLEAR,AABB_CLEAR,0,0,1,L1_AABB
sobol_081,L03,L04,EXPECTED_INTERFACE_CONTACT,EXPECTED_INTERFACE_CONTACT,0,0,1,L3_SELECTIVE_EXACT
sobol_081,L03,L05,AABB_CLEAR,MESH_CLEAR,0,0,1,L2_MESH_BVH
sobol_081,L03,L06,AABB_CLEAR,MESH_CLEAR,0,0,1,L2_MESH_BVH
sobol_081,L03,L07,AABB_CLEAR,AABB_CLEAR,0,0,1,L1_AABB
sobol_081,L03,L08,AABB_CLEAR,AABB_CLEAR,0,0,1,L1_AABB
sobol_081,L03,L09,AABB_CLEAR,AABB_CLEAR,0,0,1,L1_AABB
sobol_081,L03,L10,AABB_CLEAR,AABB_CLEAR,0,0,1,L1_AABB
sobol_081,L04,L05,EXPECTED_INTERFACE_CONTACT,EXPECTED_INTERFACE_CONTACT,0,0,1,L0_FIXED_SAFE
sobol_081,L04,L06,EXPECTED_INTERFACE_CONTACT,EXPECTED_INTERFACE_CONTACT,0,0,1,L3_SELECTIVE_EXACT
sobol_081,L04,L07,EXPECTED_INTERFACE_CONTACT,EXPECTED_INTERFACE_CONTACT,0,0,1,L3_SELECTIVE_EXACT
sobol_081,L04,L08,AABB_CLEAR,AABB_CLEAR,0,0,1,L1_AABB
sobol_081,L04,L09,AABB_CLEAR,AABB_CLEAR,0,0,1,L1_AABB
sobol_081,L04,L10,AABB_CLEAR,AABB_CLEAR,0,0,1,L1_AABB
sobol_081,L05,L06,EXPECTED_INTERFACE_CONTACT,EXPECTED_INTERFACE_CONTACT,0,0,1,L3_SELECTIVE_EXACT
sobol_081,L05,L07,EXPECTED_INTERFACE_CONTACT,EXPECTED_INTERFACE_CONTACT,0,0,1,L0_FIXED_SAFE
sobol_081,L05,L08,EXPECTED_INTERFACE_CONTACT,EXPECTED_INTERFACE_CONTACT,0,0,1,L3_SELECTIVE_EXACT
sobol_081,L05,L09,AABB_CLEAR,AABB_CLEAR,0,0,1,L1_AABB
sobol_081,L05,L10,AABB_CLEAR,AABB_CLEAR,0,0,1,L1_AABB
sobol_081,L06,L07,EXPECTED_INTERFACE_CONTACT,EXPECTED_INTERFACE_CONTACT,0,0,1,L3_SELECTIVE_EXACT
sobol_081,L06,L08,EXPECTED_INTERFACE_CONTACT,EXPECTED_INTERFACE_CONTACT,0,0,1,L3_SELECTIVE_EXACT
sobol_081,L06,L09,AABB_CLEAR,AABB_CLEAR,0,0,1,L1_AABB
sobol_081,L06,L10,AABB_CLEAR,AABB_CLEAR,0,0,1,L1_AABB
sobol_081,L07,L08,EXPECTED_INTERFACE_CONTACT,EXPECTED_INTERFACE_CONTACT,0,0,1,L0_FIXED_SAFE
sobol_081,L07,L09,AABB_CLEAR,AABB_CLEAR,0,0,1,L1_AABB
sobol_081,L07,L10,AABB_CLEAR,AABB_CLEAR,0,0,1,L1_AABB
sobol_081,L08,L09,EXPECTED_INTERFACE_CONTACT,EXPECTED_INTERFACE_CONTACT,0,0,1,L3_SELECTIVE_EXACT
sobol_081,L08,L10,EXPECTED_INTERFACE_CONTACT,EXPECTED_INTERFACE_CONTACT,0,0,1,L3_SELECTIVE_EXACT
sobol_081,L09,L10,AABB_CLEAR,AABB_CLEAR,0,0,1,L1_AABB
sobol_082,L00,L01,EXPECTED_INTERFACE_CONTACT,EXPECTED_INTERFACE_CONTACT,0,0,1,L3_SELECTIVE_EXACT
sobol_082,L00,L02,AABB_CLEAR,AABB_CLEAR,0,0,1,L1_AABB
sobol_082,L00,L03,AABB_CLEAR,AABB_CLEAR,0,0,1,L1_AABB
sobol_082,L00,L04,AABB_CLEAR,AABB_CLEAR,0,0,1,L1_AABB
sobol_082,L00,L05,AABB_CLEAR,AABB_CLEAR,0,0,1,L1_AABB
sobol_082,L00,L06,AABB_CLEAR,AABB_CLEAR,0,0,1,L1_AABB
sobol_082,L00,L07,AABB_CLEAR,AABB_CLEAR,0,0,1,L1_AABB
sobol_082,L00,L08,AABB_CLEAR,AABB_CLEAR,0,0,1,L1_AABB
sobol_082,L00,L09,AABB_CLEAR,AABB_CLEAR,0,0,1,L1_AABB
sobol_082,L00,L10,AABB_CLEAR,AABB_CLEAR,0,0,1,L1_AABB
sobol_082,L01,L02,EXPECTED_INTERFACE_CONTACT,EXPECTED_INTERFACE_CONTACT,0,0,1,L3_SELECTIVE_EXACT
sobol_082,L01,L03,AABB_CLEAR,AABB_CLEAR,0,0,1,L1_AABB
sobol_082,L01,L04,AABB_CLEAR,AABB_CLEAR,0,0,1,L1_AABB
sobol_082,L01,L05,AABB_CLEAR,AABB_CLEAR,0,0,1,L1_AABB
sobol_082,L01,L06,AABB_CLEAR,AABB_CLEAR,0,0,1,L1_AABB
sobol_082,L01,L07,AABB_CLEAR,AABB_CLEAR,0,0,1,L1_AABB
sobol_082,L01,L08,AABB_CLEAR,AABB_CLEAR,0,0,1,L1_AABB
sobol_082,L01,L09,AABB_CLEAR,AABB_CLEAR,0,0,1,L1_AABB
sobol_082,L01,L10,AABB_CLEAR,AABB_CLEAR,0,0,1,L1_AABB
sobol_082,L02,L03,EXPECTED_INTERFACE_CONTACT,EXPECTED_INTERFACE_CONTACT,0,0,1,L3_SELECTIVE_EXACT
sobol_082,L02,L04,AABB_CLEAR,AABB_CLEAR,0,0,1,L1_AABB
sobol_082,L02,L05,AABB_CLEAR,AABB_CLEAR,0,0,1,L1_AABB
sobol_082,L02,L06,AABB_CLEAR,AABB_CLEAR,0,0,1,L1_AABB
sobol_082,L02,L07,AABB_CLEAR,AABB_CLEAR,0,0,1,L1_AABB
sobol_082,L02,L08,AABB_CLEAR,AABB_CLEAR,0,0,1,L1_AABB
sobol_082,L02,L09,AABB_CLEAR,AABB_CLEAR,0,0,1,L1_AABB
sobol_082,L02,L10,AABB_CLEAR,AABB_CLEAR,0,0,1,L1_AABB
sobol_082,L03,L04,EXPECTED_INTERFACE_CONTACT,EXPECTED_INTERFACE_CONTACT,0,0,1,L3_SELECTIVE_EXACT
sobol_082,L03,L05,AABB_CLEAR,AABB_CLEAR,0,0,1,L1_AABB
sobol_082,L03,L06,AABB_CLEAR,AABB_CLEAR,0,0,1,L1_AABB
sobol_082,L03,L07,AABB_CLEAR,AABB_CLEAR,0,0,1,L1_AABB
sobol_082,L03,L08,AABB_CLEAR,AABB_CLEAR,0,0,1,L1_AABB
sobol_082,L03,L09,AABB_CLEAR,AABB_CLEAR,0,0,1,L1_AABB
sobol_082,L03,L10,AABB_CLEAR,AABB_CLEAR,0,0,1,L1_AABB
sobol_082,L04,L05,EXPECTED_INTERFACE_CONTACT,EXPECTED_INTERFACE_CONTACT,0,0,1,L0_FIXED_SAFE
sobol_082,L04,L06,EXPECTED_INTERFACE_CONTACT,EXPECTED_INTERFACE_CONTACT,0,0,1,L3_SELECTIVE_EXACT
sobol_082,L04,L07,EXPECTED_INTERFACE_CONTACT,EXPECTED_INTERFACE_CONTACT,0,0,1,L3_SELECTIVE_EXACT
sobol_082,L04,L08,AABB_CLEAR,MESH_CLEAR,0,0,1,L2_MESH_BVH
sobol_082,L04,L09,AABB_CLEAR,AABB_CLEAR,0,0,1,L1_AABB
sobol_082,L04,L10,AABB_CLEAR,AABB_CLEAR,0,0,1,L1_AABB
sobol_082,L05,L06,EXPECTED_INTERFACE_CONTACT,EXPECTED_INTERFACE_CONTACT,0,0,1,L3_SELECTIVE_EXACT
sobol_082,L05,L07,EXPECTED_INTERFACE_CONTACT,EXPECTED_INTERFACE_CONTACT,0,0,1,L0_FIXED_SAFE
sobol_082,L05,L08,EXPECTED_INTERFACE_CONTACT,EXPECTED_INTERFACE_CONTACT,0,0,1,L3_SELECTIVE_EXACT
sobol_082,L05,L09,AABB_CLEAR,AABB_CLEAR,0,0,1,L1_AABB
sobol_082,L05,L10,EXPECTED_INTERFACE_CONTACT,MESH_CLEAR,0,0,1,L2_MESH_BVH
sobol_082,L06,L07,EXPECTED_INTERFACE_CONTACT,EXPECTED_INTERFACE_CONTACT,0,0,1,L3_SELECTIVE_EXACT
sobol_082,L06,L08,EXPECTED_INTERFACE_CONTACT,EXPECTED_INTERFACE_CONTACT,0,0,1,L3_SELECTIVE_EXACT
sobol_082,L06,L09,AABB_CLEAR,AABB_CLEAR,0,0,1,L1_AABB
sobol_082,L06,L10,AABB_FALSE_POSITIVE,MESH_CLEAR,0,0,1,L2_MESH_BVH
sobol_082,L07,L08,EXPECTED_INTERFACE_CONTACT,EXPECTED_INTERFACE_CONTACT,0,0,1,L0_FIXED_SAFE
sobol_082,L07,L09,AABB_CLEAR,AABB_CLEAR,0,0,1,L1_AABB
sobol_082,L07,L10,EXPECTED_INTERFACE_CONTACT,MESH_CLEAR,0,0,1,L2_MESH_BVH
sobol_082,L08,L09,EXPECTED_INTERFACE_CONTACT,EXPECTED_INTERFACE_CONTACT,0,0,1,L3_SELECTIVE_EXACT
sobol_082,L08,L10,EXPECTED_INTERFACE_CONTACT,EXPECTED_INTERFACE_CONTACT,0,0,1,L3_SELECTIVE_EXACT
sobol_082,L09,L10,AABB_CLEAR,AABB_CLEAR,0,0,1,L1_AABB
sobol_083,L00,L01,EXPECTED_INTERFACE_CONTACT,EXPECTED_INTERFACE_CONTACT,0,0,1,L3_SELECTIVE_EXACT
sobol_083,L00,L02,AABB_CLEAR,AABB_CLEAR,0,0,1,L1_AABB
sobol_083,L00,L03,AABB_CLEAR,AABB_CLEAR,0,0,1,L1_AABB
sobol_083,L00,L04,AABB_CLEAR,AABB_CLEAR,0,0,1,L1_AABB
sobol_083,L00,L05,AABB_CLEAR,AABB_CLEAR,0,0,1,L1_AABB
sobol_083,L00,L06,AABB_CLEAR,AABB_CLEAR,0,0,1,L1_AABB
sobol_083,L00,L07,AABB_CLEAR,AABB_CLEAR,0,0,1,L1_AABB
sobol_083,L00,L08,AABB_CLEAR,AABB_CLEAR,0,0,1,L1_AABB
sobol_083,L00,L09,AABB_CLEAR,AABB_CLEAR,0,0,1,L1_AABB
sobol_083,L00,L10,AABB_CLEAR,AABB_CLEAR,0,0,1,L1_AABB
sobol_083,L01,L02,EXPECTED_INTERFACE_CONTACT,EXPECTED_INTERFACE_CONTACT,0,0,1,L3_SELECTIVE_EXACT
sobol_083,L01,L03,AABB_CLEAR,AABB_CLEAR,0,0,1,L1_AABB
sobol_083,L01,L04,AABB_CLEAR,AABB_CLEAR,0,0,1,L1_AABB
sobol_083,L01,L05,AABB_CLEAR,AABB_CLEAR,0,0,1,L1_AABB
sobol_083,L01,L06,AABB_CLEAR,AABB_CLEAR,0,0,1,L1_AABB
sobol_083,L01,L07,AABB_CLEAR,AABB_CLEAR,0,0,1,L1_AABB
sobol_083,L01,L08,AABB_CLEAR,AABB_CLEAR,0,0,1,L1_AABB
sobol_083,L01,L09,AABB_CLEAR,AABB_CLEAR,0,0,1,L1_AABB
sobol_083,L01,L10,AABB_CLEAR,AABB_CLEAR,0,0,1,L1_AABB
sobol_083,L02,L03,EXPECTED_INTERFACE_CONTACT,EXPECTED_INTERFACE_CONTACT,0,0,1,L3_SELECTIVE_EXACT
sobol_083,L02,L04,AABB_CLEAR,AABB_CLEAR,0,0,1,L1_AABB
sobol_083,L02,L05,AABB_CLEAR,AABB_CLEAR,0,0,1,L1_AABB
sobol_083,L02,L06,AABB_CLEAR,AABB_CLEAR,0,0,1,L1_AABB
sobol_083,L02,L07,AABB_CLEAR,AABB_CLEAR,0,0,1,L1_AABB
sobol_083,L02,L08,AABB_CLEAR,AABB_CLEAR,0,0,1,L1_AABB
sobol_083,L02,L09,AABB_CLEAR,AABB_CLEAR,0,0,1,L1_AABB
sobol_083,L02,L10,AABB_CLEAR,AABB_CLEAR,0,0,1,L1_AABB
sobol_083,L03,L04,EXPECTED_INTERFACE_CONTACT,EXPECTED_INTERFACE_CONTACT,0,0,1,L3_SELECTIVE_EXACT
sobol_083,L03,L05,AABB_CLEAR,AABB_CLEAR,0,0,1,L1_AABB
sobol_083,L03,L06,AABB_CLEAR,AABB_CLEAR,0,0,1,L1_AABB
sobol_083,L03,L07,AABB_CLEAR,AABB_CLEAR,0,0,1,L1_AABB
sobol_083,L03,L08,AABB_CLEAR,AABB_CLEAR,0,0,1,L1_AABB
sobol_083,L03,L09,AABB_CLEAR,AABB_CLEAR,0,0,1,L1_AABB
sobol_083,L03,L10,AABB_CLEAR,AABB_CLEAR,0,0,1,L1_AABB
sobol_083,L04,L05,EXPECTED_INTERFACE_CONTACT,EXPECTED_INTERFACE_CONTACT,0,0,1,L0_FIXED_SAFE
sobol_083,L04,L06,EXPECTED_INTERFACE_CONTACT,EXPECTED_INTERFACE_CONTACT,0,0,1,L3_SELECTIVE_EXACT
sobol_083,L04,L07,EXPECTED_INTERFACE_CONTACT,EXPECTED_INTERFACE_CONTACT,0,0,1,L3_SELECTIVE_EXACT
sobol_083,L04,L08,EXPECTED_INTERFACE_CONTACT,MESH_CLEAR,0,0,1,L2_MESH_BVH
sobol_083,L04,L09,AABB_CLEAR,AABB_CLEAR,0,0,1,L1_AABB
sobol_083,L04,L10,AABB_CLEAR,AABB_CLEAR,0,0,1,L1_AABB
sobol_083,L05,L06,EXPECTED_INTERFACE_CONTACT,EXPECTED_INTERFACE_CONTACT,0,0,1,L3_SELECTIVE_EXACT
sobol_083,L05,L07,EXPECTED_INTERFACE_CONTACT,EXPECTED_INTERFACE_CONTACT,0,0,1,L0_FIXED_SAFE
sobol_083,L05,L08,EXPECTED_INTERFACE_CONTACT,EXPECTED_INTERFACE_CONTACT,0,0,1,L3_SELECTIVE_EXACT
sobol_083,L05,L09,AABB_CLEAR,AABB_CLEAR,0,0,1,L3_SELECTIVE_EXACT
sobol_083,L05,L10,AABB_CLEAR,AABB_CLEAR,0,0,1,L1_AABB
sobol_083,L06,L07,EXPECTED_INTERFACE_CONTACT,EXPECTED_INTERFACE_CONTACT,0,0,1,L3_SELECTIVE_EXACT
sobol_083,L06,L08,EXPECTED_INTERFACE_CONTACT,EXPECTED_INTERFACE_CONTACT,0,0,1,L3_SELECTIVE_EXACT
sobol_083,L06,L09,AABB_FALSE_POSITIVE,MESH_CLEAR,0,0,1,L2_MESH_BVH
sobol_083,L06,L10,AABB_CLEAR,MESH_CLEAR,0,0,1,L2_MESH_BVH
sobol_083,L07,L08,EXPECTED_INTERFACE_CONTACT,EXPECTED_INTERFACE_CONTACT,0,0,1,L0_FIXED_SAFE
sobol_083,L07,L09,EXPECTED_INTERFACE_CONTACT,MESH_CLEAR,0,0,1,L2_MESH_BVH
sobol_083,L07,L10,AABB_CLEAR,AABB_CLEAR,0,0,1,L1_AABB
sobol_083,L08,L09,EXPECTED_INTERFACE_CONTACT,EXPECTED_INTERFACE_CONTACT,0,0,1,L3_SELECTIVE_EXACT
sobol_083,L08,L10,EXPECTED_INTERFACE_CONTACT,EXPECTED_INTERFACE_CONTACT,0,0,1,L3_SELECTIVE_EXACT
sobol_083,L09,L10,AABB_FALSE_POSITIVE,MESH_CLEAR,0,0,1,L2_MESH_BVH
sobol_084,L00,L01,EXPECTED_INTERFACE_CONTACT,EXPECTED_INTERFACE_CONTACT,0,0,1,L3_SELECTIVE_EXACT
sobol_084,L00,L02,AABB_CLEAR,AABB_CLEAR,0,0,1,L1_AABB
sobol_084,L00,L03,AABB_CLEAR,AABB_CLEAR,0,0,1,L1_AABB
sobol_084,L00,L04,AABB_CLEAR,AABB_CLEAR,0,0,1,L1_AABB
sobol_084,L00,L05,AABB_CLEAR,AABB_CLEAR,0,0,1,L1_AABB
sobol_084,L00,L06,AABB_CLEAR,AABB_CLEAR,0,0,1,L1_AABB
sobol_084,L00,L07,AABB_CLEAR,AABB_CLEAR,0,0,1,L1_AABB
sobol_084,L00,L08,AABB_CLEAR,AABB_CLEAR,0,0,1,L1_AABB
sobol_084,L00,L09,AABB_CLEAR,AABB_CLEAR,0,0,1,L1_AABB
sobol_084,L00,L10,AABB_CLEAR,AABB_CLEAR,0,0,1,L1_AABB
sobol_084,L01,L02,EXPECTED_INTERFACE_CONTACT,EXPECTED_INTERFACE_CONTACT,0,0,1,L3_SELECTIVE_EXACT
sobol_084,L01,L03,AABB_CLEAR,AABB_CLEAR,0,0,1,L1_AABB
sobol_084,L01,L04,AABB_CLEAR,AABB_CLEAR,0,0,1,L1_AABB
sobol_084,L01,L05,AABB_CLEAR,AABB_CLEAR,0,0,1,L1_AABB
sobol_084,L01,L06,AABB_CLEAR,AABB_CLEAR,0,0,1,L1_AABB
sobol_084,L01,L07,AABB_CLEAR,AABB_CLEAR,0,0,1,L1_AABB
sobol_084,L01,L08,AABB_CLEAR,AABB_CLEAR,0,0,1,L1_AABB
sobol_084,L01,L09,AABB_CLEAR,AABB_CLEAR,0,0,1,L1_AABB
sobol_084,L01,L10,AABB_CLEAR,AABB_CLEAR,0,0,1,L1_AABB
sobol_084,L02,L03,EXPECTED_INTERFACE_CONTACT,EXPECTED_INTERFACE_CONTACT,0,0,1,L3_SELECTIVE_EXACT
sobol_084,L02,L04,AABB_FALSE_POSITIVE,MESH_CLEAR,0,0,1,L2_MESH_BVH
sobol_084,L02,L05,AABB_CLEAR,MESH_CLEAR,0,0,1,L2_MESH_BVH
sobol_084,L02,L06,AABB_CLEAR,AABB_CLEAR,0,0,1,L1_AABB
sobol_084,L02,L07,AABB_CLEAR,AABB_CLEAR,0,0,1,L1_AABB
sobol_084,L02,L08,AABB_CLEAR,AABB_CLEAR,0,0,1,L1_AABB
sobol_084,L02,L09,AABB_CLEAR,AABB_CLEAR,0,0,1,L1_AABB
sobol_084,L02,L10,AABB_CLEAR,AABB_CLEAR,0,0,1,L1_AABB
sobol_084,L03,L04,EXPECTED_INTERFACE_CONTACT,EXPECTED_INTERFACE_CONTACT,0,0,1,L3_SELECTIVE_EXACT
sobol_084,L03,L05,AABB_CLEAR,AABB_CLEAR,0,0,1,L1_AABB
sobol_084,L03,L06,AABB_CLEAR,AABB_CLEAR,0,0,1,L1_AABB
sobol_084,L03,L07,AABB_CLEAR,AABB_CLEAR,0,0,1,L1_AABB
sobol_084,L03,L08,AABB_CLEAR,AABB_CLEAR,0,0,1,L1_AABB
sobol_084,L03,L09,AABB_CLEAR,AABB_CLEAR,0,0,1,L1_AABB
sobol_084,L03,L10,AABB_CLEAR,AABB_CLEAR,0,0,1,L1_AABB
sobol_084,L04,L05,EXPECTED_INTERFACE_CONTACT,EXPECTED_INTERFACE_CONTACT,0,0,1,L0_FIXED_SAFE
sobol_084,L04,L06,EXPECTED_INTERFACE_CONTACT,EXPECTED_INTERFACE_CONTACT,0,0,1,L3_SELECTIVE_EXACT
sobol_084,L04,L07,EXPECTED_INTERFACE_CONTACT,EXPECTED_INTERFACE_CONTACT,0,0,1,L3_SELECTIVE_EXACT
sobol_084,L04,L08,AABB_CLEAR,MESH_CLEAR,0,0,1,L2_MESH_BVH
sobol_084,L04,L09,AABB_CLEAR,AABB_CLEAR,0,0,1,L1_AABB
sobol_084,L04,L10,AABB_CLEAR,AABB_CLEAR,0,0,1,L1_AABB
sobol_084,L05,L06,EXPECTED_INTERFACE_CONTACT,EXPECTED_INTERFACE_CONTACT,0,0,1,L3_SELECTIVE_EXACT
sobol_084,L05,L07,EXPECTED_INTERFACE_CONTACT,EXPECTED_INTERFACE_CONTACT,0,0,1,L0_FIXED_SAFE
sobol_084,L05,L08,EXPECTED_INTERFACE_CONTACT,EXPECTED_INTERFACE_CONTACT,0,0,1,L3_SELECTIVE_EXACT
sobol_084,L05,L09,EXPECTED_INTERFACE_CONTACT,EXPECTED_INTERFACE_CONTACT,0,0,1,L3_SELECTIVE_EXACT
sobol_084,L05,L10,EXPECTED_INTERFACE_CONTACT,EXPECTED_INTERFACE_CONTACT,0,0,1,L3_SELECTIVE_EXACT
sobol_084,L06,L07,EXPECTED_INTERFACE_CONTACT,EXPECTED_INTERFACE_CONTACT,0,0,1,L3_SELECTIVE_EXACT
sobol_084,L06,L08,EXPECTED_INTERFACE_CONTACT,EXPECTED_INTERFACE_CONTACT,0,0,1,L3_SELECTIVE_EXACT
sobol_084,L06,L09,AABB_FALSE_POSITIVE,AABB_FALSE_POSITIVE,0,0,1,L3_SELECTIVE_EXACT
sobol_084,L06,L10,AABB_FALSE_POSITIVE,AABB_FALSE_POSITIVE,0,0,1,L3_SELECTIVE_EXACT
sobol_084,L07,L08,EXPECTED_INTERFACE_CONTACT,EXPECTED_INTERFACE_CONTACT,0,0,1,L0_FIXED_SAFE
sobol_084,L07,L09,EXPECTED_INTERFACE_CONTACT,EXPECTED_INTERFACE_CONTACT,0,0,1,L3_SELECTIVE_EXACT
sobol_084,L07,L10,EXPECTED_INTERFACE_CONTACT,EXPECTED_INTERFACE_CONTACT,0,0,1,L3_SELECTIVE_EXACT
sobol_084,L08,L09,EXPECTED_INTERFACE_CONTACT,EXPECTED_INTERFACE_CONTACT,0,0,1,L3_SELECTIVE_EXACT
sobol_084,L08,L10,EXPECTED_INTERFACE_CONTACT,EXPECTED_INTERFACE_CONTACT,0,0,1,L3_SELECTIVE_EXACT
sobol_084,L09,L10,AABB_CLEAR,AABB_CLEAR,0,0,1,L1_AABB
sobol_085,L00,L01,EXPECTED_INTERFACE_CONTACT,EXPECTED_INTERFACE_CONTACT,0,0,1,L3_SELECTIVE_EXACT
sobol_085,L00,L02,AABB_CLEAR,MESH_CLEAR,0,0,1,L2_MESH_BVH
sobol_085,L00,L03,AABB_CLEAR,AABB_CLEAR,0,0,1,L1_AABB
sobol_085,L00,L04,AABB_CLEAR,AABB_CLEAR,0,0,1,L1_AABB
sobol_085,L00,L05,AABB_CLEAR,AABB_CLEAR,0,0,1,L1_AABB
sobol_085,L00,L06,AABB_CLEAR,AABB_CLEAR,0,0,1,L1_AABB
sobol_085,L00,L07,AABB_CLEAR,AABB_CLEAR,0,0,1,L1_AABB
sobol_085,L00,L08,AABB_CLEAR,AABB_CLEAR,0,0,1,L1_AABB
sobol_085,L00,L09,AABB_CLEAR,AABB_CLEAR,0,0,1,L1_AABB
sobol_085,L00,L10,AABB_CLEAR,AABB_CLEAR,0,0,1,L1_AABB
sobol_085,L01,L02,EXPECTED_INTERFACE_CONTACT,EXPECTED_INTERFACE_CONTACT,0,0,1,L3_SELECTIVE_EXACT
sobol_085,L01,L03,AABB_CLEAR,AABB_CLEAR,0,0,1,L1_AABB
sobol_085,L01,L04,AABB_CLEAR,AABB_CLEAR,0,0,1,L1_AABB
sobol_085,L01,L05,AABB_CLEAR,AABB_CLEAR,0,0,1,L1_AABB
sobol_085,L01,L06,AABB_CLEAR,AABB_CLEAR,0,0,1,L1_AABB
sobol_085,L01,L07,AABB_CLEAR,AABB_CLEAR,0,0,1,L1_AABB
sobol_085,L01,L08,AABB_CLEAR,AABB_CLEAR,0,0,1,L1_AABB
sobol_085,L01,L09,AABB_CLEAR,AABB_CLEAR,0,0,1,L1_AABB
sobol_085,L01,L10,AABB_CLEAR,AABB_CLEAR,0,0,1,L1_AABB
sobol_085,L02,L03,EXPECTED_INTERFACE_CONTACT,EXPECTED_INTERFACE_CONTACT,0,0,1,L3_SELECTIVE_EXACT
sobol_085,L02,L04,AABB_CLEAR,AABB_CLEAR,0,0,1,L1_AABB
sobol_085,L02,L05,AABB_CLEAR,AABB_CLEAR,0,0,1,L1_AABB
sobol_085,L02,L06,AABB_CLEAR,AABB_CLEAR,0,0,1,L1_AABB
sobol_085,L02,L07,AABB_CLEAR,AABB_CLEAR,0,0,1,L1_AABB
sobol_085,L02,L08,AABB_CLEAR,AABB_CLEAR,0,0,1,L1_AABB
sobol_085,L02,L09,AABB_CLEAR,AABB_CLEAR,0,0,1,L1_AABB
sobol_085,L02,L10,AABB_CLEAR,AABB_CLEAR,0,0,1,L1_AABB
sobol_085,L03,L04,EXPECTED_INTERFACE_CONTACT,EXPECTED_INTERFACE_CONTACT,0,0,1,L3_SELECTIVE_EXACT
sobol_085,L03,L05,AABB_CLEAR,AABB_CLEAR,0,0,1,L1_AABB
sobol_085,L03,L06,AABB_CLEAR,AABB_CLEAR,0,0,1,L1_AABB
sobol_085,L03,L07,AABB_CLEAR,AABB_CLEAR,0,0,1,L1_AABB
sobol_085,L03,L08,AABB_CLEAR,AABB_CLEAR,0,0,1,L1_AABB
sobol_085,L03,L09,AABB_CLEAR,AABB_CLEAR,0,0,1,L1_AABB
sobol_085,L03,L10,AABB_CLEAR,AABB_CLEAR,0,0,1,L1_AABB
sobol_085,L04,L05,EXPECTED_INTERFACE_CONTACT,EXPECTED_INTERFACE_CONTACT,0,0,1,L0_FIXED_SAFE
sobol_085,L04,L06,EXPECTED_INTERFACE_CONTACT,EXPECTED_INTERFACE_CONTACT,0,0,1,L3_SELECTIVE_EXACT
sobol_085,L04,L07,EXPECTED_INTERFACE_CONTACT,EXPECTED_INTERFACE_CONTACT,0,0,1,L3_SELECTIVE_EXACT
sobol_085,L04,L08,AABB_CLEAR,MESH_CLEAR,0,0,1,L2_MESH_BVH
sobol_085,L04,L09,AABB_CLEAR,AABB_CLEAR,0,0,1,L1_AABB
sobol_085,L04,L10,AABB_CLEAR,AABB_CLEAR,0,0,1,L1_AABB
sobol_085,L05,L06,EXPECTED_INTERFACE_CONTACT,EXPECTED_INTERFACE_CONTACT,0,0,1,L3_SELECTIVE_EXACT
sobol_085,L05,L07,EXPECTED_INTERFACE_CONTACT,EXPECTED_INTERFACE_CONTACT,0,0,1,L0_FIXED_SAFE
sobol_085,L05,L08,EXPECTED_INTERFACE_CONTACT,EXPECTED_INTERFACE_CONTACT,0,0,1,L3_SELECTIVE_EXACT
sobol_085,L05,L09,AABB_CLEAR,AABB_CLEAR,0,0,1,L1_AABB
sobol_085,L05,L10,EXPECTED_INTERFACE_CONTACT,MESH_CLEAR,0,0,1,L2_MESH_BVH
sobol_085,L06,L07,EXPECTED_INTERFACE_CONTACT,EXPECTED_INTERFACE_CONTACT,0,0,1,L3_SELECTIVE_EXACT
sobol_085,L06,L08,EXPECTED_INTERFACE_CONTACT,EXPECTED_INTERFACE_CONTACT,0,0,1,L3_SELECTIVE_EXACT
sobol_085,L06,L09,AABB_CLEAR,AABB_CLEAR,0,0,1,L1_AABB
sobol_085,L06,L10,AABB_FALSE_POSITIVE,MESH_CLEAR,0,0,1,L2_MESH_BVH
sobol_085,L07,L08,EXPECTED_INTERFACE_CONTACT,EXPECTED_INTERFACE_CONTACT,0,0,1,L0_FIXED_SAFE
sobol_085,L07,L09,AABB_CLEAR,AABB_CLEAR,0,0,1,L1_AABB
sobol_085,L07,L10,EXPECTED_INTERFACE_CONTACT,MESH_CLEAR,0,0,1,L2_MESH_BVH
sobol_085,L08,L09,EXPECTED_INTERFACE_CONTACT,EXPECTED_INTERFACE_CONTACT,0,0,1,L3_SELECTIVE_EXACT
sobol_085,L08,L10,EXPECTED_INTERFACE_CONTACT,EXPECTED_INTERFACE_CONTACT,0,0,1,L3_SELECTIVE_EXACT
sobol_085,L09,L10,AABB_CLEAR,AABB_CLEAR,0,0,1,L1_AABB
sobol_086,L00,L01,EXPECTED_INTERFACE_CONTACT,EXPECTED_INTERFACE_CONTACT,0,0,1,L3_SELECTIVE_EXACT
sobol_086,L00,L02,AABB_CLEAR,AABB_CLEAR,0,0,1,L1_AABB
sobol_086,L00,L03,AABB_CLEAR,AABB_CLEAR,0,0,1,L1_AABB
sobol_086,L00,L04,AABB_CLEAR,AABB_CLEAR,0,0,1,L1_AABB
sobol_086,L00,L05,AABB_CLEAR,AABB_CLEAR,0,0,1,L1_AABB
sobol_086,L00,L06,AABB_CLEAR,AABB_CLEAR,0,0,1,L1_AABB
sobol_086,L00,L07,AABB_CLEAR,AABB_CLEAR,0,0,1,L1_AABB
sobol_086,L00,L08,AABB_CLEAR,AABB_CLEAR,0,0,1,L1_AABB
sobol_086,L00,L09,AABB_CLEAR,AABB_CLEAR,0,0,1,L1_AABB
sobol_086,L00,L10,AABB_CLEAR,AABB_CLEAR,0,0,1,L1_AABB
sobol_086,L01,L02,EXPECTED_INTERFACE_CONTACT,EXPECTED_INTERFACE_CONTACT,0,0,1,L3_SELECTIVE_EXACT
sobol_086,L01,L03,AABB_CLEAR,AABB_CLEAR,0,0,1,L1_AABB
sobol_086,L01,L04,AABB_CLEAR,AABB_CLEAR,0,0,1,L1_AABB
sobol_086,L01,L05,AABB_CLEAR,AABB_CLEAR,0,0,1,L1_AABB
sobol_086,L01,L06,AABB_CLEAR,AABB_CLEAR,0,0,1,L1_AABB
sobol_086,L01,L07,AABB_CLEAR,AABB_CLEAR,0,0,1,L1_AABB
sobol_086,L01,L08,AABB_CLEAR,AABB_CLEAR,0,0,1,L1_AABB
sobol_086,L01,L09,AABB_CLEAR,AABB_CLEAR,0,0,1,L1_AABB
sobol_086,L01,L10,AABB_CLEAR,AABB_CLEAR,0,0,1,L1_AABB
sobol_086,L02,L03,EXPECTED_INTERFACE_CONTACT,EXPECTED_INTERFACE_CONTACT,0,0,1,L3_SELECTIVE_EXACT
sobol_086,L02,L04,AABB_CLEAR,AABB_CLEAR,0,0,1,L1_AABB
sobol_086,L02,L05,AABB_CLEAR,MESH_CLEAR,0,0,1,L2_MESH_BVH
sobol_086,L02,L06,AABB_CLEAR,AABB_CLEAR,0,0,1,L1_AABB
sobol_086,L02,L07,AABB_CLEAR,AABB_CLEAR,0,0,1,L1_AABB
sobol_086,L02,L08,AABB_CLEAR,MESH_CLEAR,0,0,1,L2_MESH_BVH
sobol_086,L02,L09,AABB_CLEAR,AABB_CLEAR,0,0,1,L1_AABB
sobol_086,L02,L10,AABB_CLEAR,AABB_CLEAR,0,0,1,L1_AABB
sobol_086,L03,L04,EXPECTED_INTERFACE_CONTACT,EXPECTED_INTERFACE_CONTACT,0,0,1,L3_SELECTIVE_EXACT
sobol_086,L03,L05,AABB_CLEAR,AABB_CLEAR,0,0,1,L1_AABB
sobol_086,L03,L06,AABB_CLEAR,AABB_CLEAR,0,0,1,L1_AABB
sobol_086,L03,L07,AABB_CLEAR,AABB_CLEAR,0,0,1,L1_AABB
sobol_086,L03,L08,AABB_CLEAR,AABB_CLEAR,0,0,1,L1_AABB
sobol_086,L03,L09,AABB_CLEAR,AABB_CLEAR,0,0,1,L1_AABB
sobol_086,L03,L10,AABB_CLEAR,AABB_CLEAR,0,0,1,L1_AABB
sobol_086,L04,L05,EXPECTED_INTERFACE_CONTACT,EXPECTED_INTERFACE_CONTACT,0,0,1,L0_FIXED_SAFE
sobol_086,L04,L06,EXPECTED_INTERFACE_CONTACT,EXPECTED_INTERFACE_CONTACT,0,0,1,L3_SELECTIVE_EXACT
sobol_086,L04,L07,EXPECTED_INTERFACE_CONTACT,EXPECTED_INTERFACE_CONTACT,0,0,1,L3_SELECTIVE_EXACT
sobol_086,L04,L08,AABB_CLEAR,AABB_CLEAR,0,0,1,L1_AABB
sobol_086,L04,L09,AABB_CLEAR,AABB_CLEAR,0,0,1,L1_AABB
sobol_086,L04,L10,AABB_CLEAR,AABB_CLEAR,0,0,1,L1_AABB
sobol_086,L05,L06,EXPECTED_INTERFACE_CONTACT,EXPECTED_INTERFACE_CONTACT,0,0,1,L3_SELECTIVE_EXACT
sobol_086,L05,L07,EXPECTED_INTERFACE_CONTACT,EXPECTED_INTERFACE_CONTACT,0,0,1,L0_FIXED_SAFE
sobol_086,L05,L08,EXPECTED_INTERFACE_CONTACT,EXPECTED_INTERFACE_CONTACT,0,0,1,L3_SELECTIVE_EXACT
sobol_086,L05,L09,EXPECTED_INTERFACE_CONTACT,EXPECTED_INTERFACE_CONTACT,0,0,1,L3_SELECTIVE_EXACT
sobol_086,L05,L10,EXPECTED_INTERFACE_CONTACT,EXPECTED_INTERFACE_CONTACT,0,0,1,L3_SELECTIVE_EXACT
sobol_086,L06,L07,EXPECTED_INTERFACE_CONTACT,EXPECTED_INTERFACE_CONTACT,0,0,1,L3_SELECTIVE_EXACT
sobol_086,L06,L08,EXPECTED_INTERFACE_CONTACT,EXPECTED_INTERFACE_CONTACT,0,0,1,L3_SELECTIVE_EXACT
sobol_086,L06,L09,AABB_FALSE_POSITIVE,MESH_CLEAR,0,0,1,L2_MESH_BVH
sobol_086,L06,L10,AABB_CLEAR,MESH_CLEAR,0,0,1,L2_MESH_BVH
sobol_086,L07,L08,EXPECTED_INTERFACE_CONTACT,EXPECTED_INTERFACE_CONTACT,0,0,1,L0_FIXED_SAFE
sobol_086,L07,L09,AABB_CLEAR,MESH_CLEAR,0,0,1,L2_MESH_BVH
sobol_086,L07,L10,AABB_CLEAR,AABB_CLEAR,0,0,1,L1_AABB
sobol_086,L08,L09,EXPECTED_INTERFACE_CONTACT,EXPECTED_INTERFACE_CONTACT,0,0,1,L3_SELECTIVE_EXACT
sobol_086,L08,L10,EXPECTED_INTERFACE_CONTACT,EXPECTED_INTERFACE_CONTACT,0,0,1,L3_SELECTIVE_EXACT
sobol_086,L09,L10,AABB_CLEAR,AABB_CLEAR,0,0,1,L1_AABB
sobol_087,L00,L01,EXPECTED_INTERFACE_CONTACT,EXPECTED_INTERFACE_CONTACT,0,0,1,L3_SELECTIVE_EXACT
sobol_087,L00,L02,AABB_FALSE_POSITIVE,AABB_FALSE_POSITIVE,0,0,1,L3_SELECTIVE_EXACT
sobol_087,L00,L03,AABB_CLEAR,AABB_CLEAR,0,0,1,L1_AABB
sobol_087,L00,L04,AABB_CLEAR,AABB_CLEAR,0,0,1,L1_AABB
sobol_087,L00,L05,AABB_CLEAR,AABB_CLEAR,0,0,1,L1_AABB
sobol_087,L00,L06,AABB_CLEAR,AABB_CLEAR,0,0,1,L1_AABB
sobol_087,L00,L07,AABB_CLEAR,AABB_CLEAR,0,0,1,L1_AABB
sobol_087,L00,L08,AABB_CLEAR,AABB_CLEAR,0,0,1,L1_AABB
sobol_087,L00,L09,AABB_CLEAR,AABB_CLEAR,0,0,1,L1_AABB
sobol_087,L00,L10,AABB_CLEAR,AABB_CLEAR,0,0,1,L1_AABB
sobol_087,L01,L02,EXPECTED_INTERFACE_CONTACT,EXPECTED_INTERFACE_CONTACT,0,0,1,L3_SELECTIVE_EXACT
sobol_087,L01,L03,AABB_CLEAR,AABB_CLEAR,0,0,1,L1_AABB
sobol_087,L01,L04,AABB_CLEAR,AABB_CLEAR,0,0,1,L1_AABB
sobol_087,L01,L05,AABB_CLEAR,AABB_CLEAR,0,0,1,L1_AABB
sobol_087,L01,L06,AABB_CLEAR,AABB_CLEAR,0,0,1,L1_AABB
sobol_087,L01,L07,AABB_CLEAR,AABB_CLEAR,0,0,1,L1_AABB
sobol_087,L01,L08,AABB_CLEAR,AABB_CLEAR,0,0,1,L1_AABB
sobol_087,L01,L09,AABB_CLEAR,AABB_CLEAR,0,0,1,L1_AABB
sobol_087,L01,L10,AABB_CLEAR,AABB_CLEAR,0,0,1,L1_AABB
sobol_087,L02,L03,EXPECTED_INTERFACE_CONTACT,EXPECTED_INTERFACE_CONTACT,0,0,1,L3_SELECTIVE_EXACT
sobol_087,L02,L04,AABB_CLEAR,AABB_CLEAR,0,0,1,L1_AABB
sobol_087,L02,L05,AABB_CLEAR,AABB_CLEAR,0,0,1,L1_AABB
sobol_087,L02,L06,AABB_CLEAR,AABB_CLEAR,0,0,1,L1_AABB
sobol_087,L02,L07,AABB_CLEAR,AABB_CLEAR,0,0,1,L1_AABB
sobol_087,L02,L08,AABB_CLEAR,AABB_CLEAR,0,0,1,L1_AABB
sobol_087,L02,L09,AABB_CLEAR,AABB_CLEAR,0,0,1,L1_AABB
sobol_087,L02,L10,AABB_CLEAR,AABB_CLEAR,0,0,1,L1_AABB
sobol_087,L03,L04,EXPECTED_INTERFACE_CONTACT,EXPECTED_INTERFACE_CONTACT,0,0,1,L3_SELECTIVE_EXACT
sobol_087,L03,L05,EXPECTED_INTERFACE_CONTACT,MESH_CLEAR,0,0,1,L2_MESH_BVH
sobol_087,L03,L06,AABB_FALSE_POSITIVE,MESH_CLEAR,0,0,1,L2_MESH_BVH
sobol_087,L03,L07,AABB_CLEAR,MESH_CLEAR,0,0,1,L2_MESH_BVH
sobol_087,L03,L08,AABB_CLEAR,MESH_CLEAR,0,0,1,L2_MESH_BVH
sobol_087,L03,L09,AABB_CLEAR,AABB_CLEAR,0,0,1,L1_AABB
sobol_087,L03,L10,AABB_CLEAR,AABB_CLEAR,0,0,1,L1_AABB
sobol_087,L04,L05,EXPECTED_INTERFACE_CONTACT,EXPECTED_INTERFACE_CONTACT,0,0,1,L0_FIXED_SAFE
sobol_087,L04,L06,EXPECTED_INTERFACE_CONTACT,EXPECTED_INTERFACE_CONTACT,0,0,1,L3_SELECTIVE_EXACT
sobol_087,L04,L07,EXPECTED_INTERFACE_CONTACT,EXPECTED_INTERFACE_CONTACT,0,0,1,L3_SELECTIVE_EXACT
sobol_087,L04,L08,AABB_CLEAR,AABB_CLEAR,0,0,1,L1_AABB
sobol_087,L04,L09,AABB_CLEAR,AABB_CLEAR,0,0,1,L1_AABB
sobol_087,L04,L10,AABB_CLEAR,AABB_CLEAR,0,0,1,L1_AABB
sobol_087,L05,L06,EXPECTED_INTERFACE_CONTACT,EXPECTED_INTERFACE_CONTACT,0,0,1,L3_SELECTIVE_EXACT
sobol_087,L05,L07,EXPECTED_INTERFACE_CONTACT,EXPECTED_INTERFACE_CONTACT,0,0,1,L0_FIXED_SAFE
sobol_087,L05,L08,EXPECTED_INTERFACE_CONTACT,EXPECTED_INTERFACE_CONTACT,0,0,1,L3_SELECTIVE_EXACT
sobol_087,L05,L09,EXPECTED_INTERFACE_CONTACT,EXPECTED_INTERFACE_CONTACT,0,0,1,L3_SELECTIVE_EXACT
sobol_087,L05,L10,EXPECTED_INTERFACE_CONTACT,EXPECTED_INTERFACE_CONTACT,0,0,1,L3_SELECTIVE_EXACT
sobol_087,L06,L07,EXPECTED_INTERFACE_CONTACT,EXPECTED_INTERFACE_CONTACT,0,0,1,L3_SELECTIVE_EXACT
sobol_087,L06,L08,EXPECTED_INTERFACE_CONTACT,EXPECTED_INTERFACE_CONTACT,0,0,1,L3_SELECTIVE_EXACT
sobol_087,L06,L09,AABB_CLEAR,MESH_CLEAR,0,0,1,L2_MESH_BVH
sobol_087,L06,L10,AABB_FALSE_POSITIVE,AABB_FALSE_POSITIVE,0,0,1,L3_SELECTIVE_EXACT
sobol_087,L07,L08,EXPECTED_INTERFACE_CONTACT,EXPECTED_INTERFACE_CONTACT,0,0,1,L0_FIXED_SAFE
sobol_087,L07,L09,AABB_CLEAR,AABB_CLEAR,0,0,1,L1_AABB
sobol_087,L07,L10,AABB_CLEAR,MESH_CLEAR,0,0,1,L2_MESH_BVH
sobol_087,L08,L09,EXPECTED_INTERFACE_CONTACT,EXPECTED_INTERFACE_CONTACT,0,0,1,L3_SELECTIVE_EXACT
sobol_087,L08,L10,EXPECTED_INTERFACE_CONTACT,EXPECTED_INTERFACE_CONTACT,0,0,1,L3_SELECTIVE_EXACT
sobol_087,L09,L10,AABB_CLEAR,AABB_CLEAR,0,0,1,L1_AABB
sobol_088,L00,L01,EXPECTED_INTERFACE_CONTACT,EXPECTED_INTERFACE_CONTACT,0,0,1,L3_SELECTIVE_EXACT
sobol_088,L00,L02,AABB_CLEAR,AABB_CLEAR,0,0,1,L1_AABB
sobol_088,L00,L03,AABB_CLEAR,AABB_CLEAR,0,0,1,L1_AABB
sobol_088,L00,L04,AABB_CLEAR,AABB_CLEAR,0,0,1,L1_AABB
sobol_088,L00,L05,AABB_CLEAR,AABB_CLEAR,0,0,1,L1_AABB
sobol_088,L00,L06,AABB_CLEAR,AABB_CLEAR,0,0,1,L1_AABB
sobol_088,L00,L07,AABB_CLEAR,AABB_CLEAR,0,0,1,L1_AABB
sobol_088,L00,L08,AABB_CLEAR,AABB_CLEAR,0,0,1,L1_AABB
sobol_088,L00,L09,AABB_CLEAR,AABB_CLEAR,0,0,1,L1_AABB
sobol_088,L00,L10,AABB_CLEAR,AABB_CLEAR,0,0,1,L1_AABB
sobol_088,L01,L02,EXPECTED_INTERFACE_CONTACT,EXPECTED_INTERFACE_CONTACT,0,0,1,L3_SELECTIVE_EXACT
sobol_088,L01,L03,AABB_CLEAR,AABB_CLEAR,0,0,1,L1_AABB
sobol_088,L01,L04,AABB_CLEAR,AABB_CLEAR,0,0,1,L1_AABB
sobol_088,L01,L05,AABB_CLEAR,AABB_CLEAR,0,0,1,L1_AABB
sobol_088,L01,L06,AABB_CLEAR,AABB_CLEAR,0,0,1,L1_AABB
sobol_088,L01,L07,AABB_CLEAR,AABB_CLEAR,0,0,1,L1_AABB
sobol_088,L01,L08,AABB_CLEAR,AABB_CLEAR,0,0,1,L1_AABB
sobol_088,L01,L09,AABB_CLEAR,AABB_CLEAR,0,0,1,L1_AABB
sobol_088,L01,L10,AABB_CLEAR,AABB_CLEAR,0,0,1,L1_AABB
sobol_088,L02,L03,EXPECTED_INTERFACE_CONTACT,EXPECTED_INTERFACE_CONTACT,0,0,1,L3_SELECTIVE_EXACT
sobol_088,L02,L04,AABB_CLEAR,AABB_CLEAR,0,0,1,L1_AABB
sobol_088,L02,L05,AABB_CLEAR,AABB_CLEAR,0,0,1,L1_AABB
sobol_088,L02,L06,AABB_CLEAR,AABB_CLEAR,0,0,1,L1_AABB
sobol_088,L02,L07,AABB_CLEAR,AABB_CLEAR,0,0,1,L1_AABB
sobol_088,L02,L08,AABB_CLEAR,AABB_CLEAR,0,0,1,L1_AABB
sobol_088,L02,L09,AABB_CLEAR,AABB_CLEAR,0,0,1,L1_AABB
sobol_088,L02,L10,AABB_CLEAR,AABB_CLEAR,0,0,1,L1_AABB
sobol_088,L03,L04,EXPECTED_INTERFACE_CONTACT,EXPECTED_INTERFACE_CONTACT,0,0,1,L3_SELECTIVE_EXACT
sobol_088,L03,L05,AABB_CLEAR,AABB_CLEAR,0,0,1,L1_AABB
sobol_088,L03,L06,AABB_CLEAR,AABB_CLEAR,0,0,1,L1_AABB
sobol_088,L03,L07,AABB_CLEAR,AABB_CLEAR,0,0,1,L1_AABB
sobol_088,L03,L08,AABB_CLEAR,AABB_CLEAR,0,0,1,L1_AABB
sobol_088,L03,L09,AABB_CLEAR,AABB_CLEAR,0,0,1,L1_AABB
sobol_088,L03,L10,AABB_CLEAR,AABB_CLEAR,0,0,1,L1_AABB
sobol_088,L04,L05,EXPECTED_INTERFACE_CONTACT,EXPECTED_INTERFACE_CONTACT,0,0,1,L0_FIXED_SAFE
sobol_088,L04,L06,EXPECTED_INTERFACE_CONTACT,EXPECTED_INTERFACE_CONTACT,0,0,1,L3_SELECTIVE_EXACT
sobol_088,L04,L07,EXPECTED_INTERFACE_CONTACT,EXPECTED_INTERFACE_CONTACT,0,0,1,L3_SELECTIVE_EXACT
sobol_088,L04,L08,AABB_CLEAR,AABB_CLEAR,0,0,1,L1_AABB
sobol_088,L04,L09,AABB_CLEAR,AABB_CLEAR,0,0,1,L1_AABB
sobol_088,L04,L10,AABB_CLEAR,AABB_CLEAR,0,0,1,L1_AABB
sobol_088,L05,L06,EXPECTED_INTERFACE_CONTACT,EXPECTED_INTERFACE_CONTACT,0,0,1,L3_SELECTIVE_EXACT
sobol_088,L05,L07,EXPECTED_INTERFACE_CONTACT,EXPECTED_INTERFACE_CONTACT,0,0,1,L0_FIXED_SAFE
sobol_088,L05,L08,EXPECTED_INTERFACE_CONTACT,EXPECTED_INTERFACE_CONTACT,0,0,1,L3_SELECTIVE_EXACT
sobol_088,L05,L09,EXPECTED_INTERFACE_CONTACT,EXPECTED_INTERFACE_CONTACT,0,0,1,L3_SELECTIVE_EXACT
sobol_088,L05,L10,EXPECTED_INTERFACE_CONTACT,EXPECTED_INTERFACE_CONTACT,0,0,1,L3_SELECTIVE_EXACT
sobol_088,L06,L07,EXPECTED_INTERFACE_CONTACT,EXPECTED_INTERFACE_CONTACT,0,0,1,L3_SELECTIVE_EXACT
sobol_088,L06,L08,EXPECTED_INTERFACE_CONTACT,EXPECTED_INTERFACE_CONTACT,0,0,1,L3_SELECTIVE_EXACT
sobol_088,L06,L09,AABB_CLEAR,MESH_CLEAR,0,0,1,L2_MESH_BVH
sobol_088,L06,L10,AABB_CLEAR,MESH_CLEAR,0,0,1,L2_MESH_BVH
sobol_088,L07,L08,EXPECTED_INTERFACE_CONTACT,EXPECTED_INTERFACE_CONTACT,0,0,1,L0_FIXED_SAFE
sobol_088,L07,L09,AABB_CLEAR,MESH_CLEAR,0,0,1,L2_MESH_BVH
sobol_088,L07,L10,AABB_CLEAR,AABB_CLEAR,0,0,1,L1_AABB
sobol_088,L08,L09,EXPECTED_INTERFACE_CONTACT,EXPECTED_INTERFACE_CONTACT,0,0,1,L3_SELECTIVE_EXACT
sobol_088,L08,L10,EXPECTED_INTERFACE_CONTACT,EXPECTED_INTERFACE_CONTACT,0,0,1,L3_SELECTIVE_EXACT
sobol_088,L09,L10,AABB_CLEAR,AABB_CLEAR,0,0,1,L1_AABB
sobol_089,L00,L01,EXPECTED_INTERFACE_CONTACT,EXPECTED_INTERFACE_CONTACT,0,0,1,L3_SELECTIVE_EXACT
sobol_089,L00,L02,AABB_CLEAR,AABB_CLEAR,0,0,1,L1_AABB
sobol_089,L00,L03,AABB_CLEAR,AABB_CLEAR,0,0,1,L1_AABB
sobol_089,L00,L04,AABB_CLEAR,AABB_CLEAR,0,0,1,L1_AABB
sobol_089,L00,L05,AABB_CLEAR,AABB_CLEAR,0,0,1,L1_AABB
sobol_089,L00,L06,AABB_CLEAR,AABB_CLEAR,0,0,1,L1_AABB
sobol_089,L00,L07,AABB_CLEAR,AABB_CLEAR,0,0,1,L1_AABB
sobol_089,L00,L08,AABB_CLEAR,AABB_CLEAR,0,0,1,L1_AABB
sobol_089,L00,L09,AABB_CLEAR,AABB_CLEAR,0,0,1,L1_AABB
sobol_089,L00,L10,AABB_CLEAR,AABB_CLEAR,0,0,1,L1_AABB
sobol_089,L01,L02,EXPECTED_INTERFACE_CONTACT,EXPECTED_INTERFACE_CONTACT,0,0,1,L3_SELECTIVE_EXACT
sobol_089,L01,L03,AABB_CLEAR,AABB_CLEAR,0,0,1,L1_AABB
sobol_089,L01,L04,AABB_CLEAR,AABB_CLEAR,0,0,1,L1_AABB
sobol_089,L01,L05,AABB_CLEAR,AABB_CLEAR,0,0,1,L1_AABB
sobol_089,L01,L06,AABB_CLEAR,AABB_CLEAR,0,0,1,L1_AABB
sobol_089,L01,L07,AABB_CLEAR,AABB_CLEAR,0,0,1,L1_AABB
sobol_089,L01,L08,AABB_CLEAR,AABB_CLEAR,0,0,1,L1_AABB
sobol_089,L01,L09,AABB_CLEAR,AABB_CLEAR,0,0,1,L1_AABB
sobol_089,L01,L10,AABB_CLEAR,AABB_CLEAR,0,0,1,L1_AABB
sobol_089,L02,L03,EXPECTED_INTERFACE_CONTACT,EXPECTED_INTERFACE_CONTACT,0,0,1,L3_SELECTIVE_EXACT
sobol_089,L02,L04,AABB_CLEAR,AABB_CLEAR,0,0,1,L1_AABB
sobol_089,L02,L05,AABB_CLEAR,AABB_CLEAR,0,0,1,L1_AABB
sobol_089,L02,L06,AABB_CLEAR,AABB_CLEAR,0,0,1,L1_AABB
sobol_089,L02,L07,AABB_CLEAR,AABB_CLEAR,0,0,1,L1_AABB
sobol_089,L02,L08,AABB_CLEAR,AABB_CLEAR,0,0,1,L1_AABB
sobol_089,L02,L09,AABB_CLEAR,AABB_CLEAR,0,0,1,L1_AABB
sobol_089,L02,L10,AABB_CLEAR,AABB_CLEAR,0,0,1,L1_AABB
sobol_089,L03,L04,EXPECTED_INTERFACE_CONTACT,EXPECTED_INTERFACE_CONTACT,0,0,1,L3_SELECTIVE_EXACT
sobol_089,L03,L05,AABB_CLEAR,AABB_CLEAR,0,0,1,L1_AABB
sobol_089,L03,L06,AABB_CLEAR,AABB_CLEAR,0,0,1,L1_AABB
sobol_089,L03,L07,AABB_CLEAR,AABB_CLEAR,0,0,1,L1_AABB
sobol_089,L03,L08,AABB_CLEAR,AABB_CLEAR,0,0,1,L1_AABB
sobol_089,L03,L09,AABB_CLEAR,AABB_CLEAR,0,0,1,L1_AABB
sobol_089,L03,L10,AABB_CLEAR,AABB_CLEAR,0,0,1,L1_AABB
sobol_089,L04,L05,EXPECTED_INTERFACE_CONTACT,EXPECTED_INTERFACE_CONTACT,0,0,1,L0_FIXED_SAFE
sobol_089,L04,L06,EXPECTED_INTERFACE_CONTACT,EXPECTED_INTERFACE_CONTACT,0,0,1,L3_SELECTIVE_EXACT
sobol_089,L04,L07,EXPECTED_INTERFACE_CONTACT,EXPECTED_INTERFACE_CONTACT,0,0,1,L3_SELECTIVE_EXACT
sobol_089,L04,L08,EXPECTED_INTERFACE_CONTACT,MESH_CLEAR,0,0,1,L2_MESH_BVH
sobol_089,L04,L09,AABB_CLEAR,AABB_CLEAR,0,0,1,L1_AABB
sobol_089,L04,L10,AABB_CLEAR,AABB_CLEAR,0,0,1,L1_AABB
sobol_089,L05,L06,EXPECTED_INTERFACE_CONTACT,EXPECTED_INTERFACE_CONTACT,0,0,1,L3_SELECTIVE_EXACT
sobol_089,L05,L07,EXPECTED_INTERFACE_CONTACT,EXPECTED_INTERFACE_CONTACT,0,0,1,L0_FIXED_SAFE
sobol_089,L05,L08,EXPECTED_INTERFACE_CONTACT,EXPECTED_INTERFACE_CONTACT,0,0,1,L3_SELECTIVE_EXACT
sobol_089,L05,L09,AABB_CLEAR,AABB_CLEAR,0,0,1,L1_AABB
sobol_089,L05,L10,EXPECTED_INTERFACE_CONTACT,MESH_CLEAR,0,0,1,L2_MESH_BVH
sobol_089,L06,L07,EXPECTED_INTERFACE_CONTACT,EXPECTED_INTERFACE_CONTACT,0,0,1,L3_SELECTIVE_EXACT
sobol_089,L06,L08,EXPECTED_INTERFACE_CONTACT,EXPECTED_INTERFACE_CONTACT,0,0,1,L3_SELECTIVE_EXACT
sobol_089,L06,L09,AABB_CLEAR,AABB_CLEAR,0,0,1,L1_AABB
sobol_089,L06,L10,AABB_FALSE_POSITIVE,MESH_CLEAR,0,0,1,L2_MESH_BVH
sobol_089,L07,L08,EXPECTED_INTERFACE_CONTACT,EXPECTED_INTERFACE_CONTACT,0,0,1,L0_FIXED_SAFE
sobol_089,L07,L09,AABB_CLEAR,AABB_CLEAR,0,0,1,L1_AABB
sobol_089,L07,L10,EXPECTED_INTERFACE_CONTACT,MESH_CLEAR,0,0,1,L2_MESH_BVH
sobol_089,L08,L09,EXPECTED_INTERFACE_CONTACT,EXPECTED_INTERFACE_CONTACT,0,0,1,L3_SELECTIVE_EXACT
sobol_089,L08,L10,EXPECTED_INTERFACE_CONTACT,EXPECTED_INTERFACE_CONTACT,0,0,1,L3_SELECTIVE_EXACT
sobol_089,L09,L10,AABB_CLEAR,AABB_CLEAR,0,0,1,L1_AABB
sobol_090,L00,L01,EXPECTED_INTERFACE_CONTACT,EXPECTED_INTERFACE_CONTACT,0,0,1,L3_SELECTIVE_EXACT
sobol_090,L00,L02,AABB_CLEAR,AABB_CLEAR,0,0,1,L1_AABB
sobol_090,L00,L03,AABB_CLEAR,AABB_CLEAR,0,0,1,L1_AABB
sobol_090,L00,L04,AABB_CLEAR,AABB_CLEAR,0,0,1,L1_AABB
sobol_090,L00,L05,AABB_CLEAR,AABB_CLEAR,0,0,1,L1_AABB
sobol_090,L00,L06,AABB_CLEAR,AABB_CLEAR,0,0,1,L1_AABB
sobol_090,L00,L07,AABB_CLEAR,AABB_CLEAR,0,0,1,L1_AABB
sobol_090,L00,L08,AABB_CLEAR,AABB_CLEAR,0,0,1,L1_AABB
sobol_090,L00,L09,AABB_CLEAR,AABB_CLEAR,0,0,1,L1_AABB
sobol_090,L00,L10,AABB_CLEAR,AABB_CLEAR,0,0,1,L1_AABB
sobol_090,L01,L02,EXPECTED_INTERFACE_CONTACT,EXPECTED_INTERFACE_CONTACT,0,0,1,L3_SELECTIVE_EXACT
sobol_090,L01,L03,AABB_CLEAR,AABB_CLEAR,0,0,1,L1_AABB
sobol_090,L01,L04,AABB_CLEAR,AABB_CLEAR,0,0,1,L1_AABB
sobol_090,L01,L05,AABB_CLEAR,AABB_CLEAR,0,0,1,L1_AABB
sobol_090,L01,L06,AABB_CLEAR,AABB_CLEAR,0,0,1,L1_AABB
sobol_090,L01,L07,AABB_CLEAR,AABB_CLEAR,0,0,1,L1_AABB
sobol_090,L01,L08,AABB_CLEAR,AABB_CLEAR,0,0,1,L1_AABB
sobol_090,L01,L09,AABB_CLEAR,AABB_CLEAR,0,0,1,L1_AABB
sobol_090,L01,L10,AABB_CLEAR,AABB_CLEAR,0,0,1,L1_AABB
sobol_090,L02,L03,EXPECTED_INTERFACE_CONTACT,EXPECTED_INTERFACE_CONTACT,0,0,1,L3_SELECTIVE_EXACT
sobol_090,L02,L04,AABB_CLEAR,MESH_CLEAR,0,0,1,L2_MESH_BVH
sobol_090,L02,L05,AABB_CLEAR,AABB_CLEAR,0,0,1,L1_AABB
sobol_090,L02,L06,AABB_CLEAR,AABB_CLEAR,0,0,1,L1_AABB
sobol_090,L02,L07,AABB_CLEAR,AABB_CLEAR,0,0,1,L1_AABB
sobol_090,L02,L08,AABB_CLEAR,AABB_CLEAR,0,0,1,L1_AABB
sobol_090,L02,L09,AABB_CLEAR,AABB_CLEAR,0,0,1,L1_AABB
sobol_090,L02,L10,AABB_CLEAR,AABB_CLEAR,0,0,1,L1_AABB
sobol_090,L03,L04,EXPECTED_INTERFACE_CONTACT,EXPECTED_INTERFACE_CONTACT,0,0,1,L3_SELECTIVE_EXACT
sobol_090,L03,L05,AABB_CLEAR,AABB_CLEAR,0,0,1,L1_AABB
sobol_090,L03,L06,AABB_CLEAR,AABB_CLEAR,0,0,1,L1_AABB
sobol_090,L03,L07,AABB_CLEAR,AABB_CLEAR,0,0,1,L1_AABB
sobol_090,L03,L08,AABB_CLEAR,AABB_CLEAR,0,0,1,L1_AABB
sobol_090,L03,L09,AABB_CLEAR,AABB_CLEAR,0,0,1,L1_AABB
sobol_090,L03,L10,AABB_CLEAR,AABB_CLEAR,0,0,1,L1_AABB
sobol_090,L04,L05,EXPECTED_INTERFACE_CONTACT,EXPECTED_INTERFACE_CONTACT,0,0,1,L0_FIXED_SAFE
sobol_090,L04,L06,EXPECTED_INTERFACE_CONTACT,EXPECTED_INTERFACE_CONTACT,0,0,1,L3_SELECTIVE_EXACT
sobol_090,L04,L07,EXPECTED_INTERFACE_CONTACT,EXPECTED_INTERFACE_CONTACT,0,0,1,L3_SELECTIVE_EXACT
sobol_090,L04,L08,AABB_CLEAR,AABB_CLEAR,0,0,1,L1_AABB
sobol_090,L04,L09,AABB_CLEAR,AABB_CLEAR,0,0,1,L1_AABB
sobol_090,L04,L10,AABB_CLEAR,AABB_CLEAR,0,0,1,L1_AABB
sobol_090,L05,L06,EXPECTED_INTERFACE_CONTACT,EXPECTED_INTERFACE_CONTACT,0,0,1,L3_SELECTIVE_EXACT
sobol_090,L05,L07,EXPECTED_INTERFACE_CONTACT,EXPECTED_INTERFACE_CONTACT,0,0,1,L0_FIXED_SAFE
sobol_090,L05,L08,EXPECTED_INTERFACE_CONTACT,EXPECTED_INTERFACE_CONTACT,0,0,1,L3_SELECTIVE_EXACT
sobol_090,L05,L09,AABB_CLEAR,AABB_CLEAR,0,0,1,L1_AABB
sobol_090,L05,L10,AABB_CLEAR,AABB_CLEAR,0,0,1,L1_AABB
sobol_090,L06,L07,EXPECTED_INTERFACE_CONTACT,EXPECTED_INTERFACE_CONTACT,0,0,1,L3_SELECTIVE_EXACT
sobol_090,L06,L08,EXPECTED_INTERFACE_CONTACT,EXPECTED_INTERFACE_CONTACT,0,0,1,L3_SELECTIVE_EXACT
sobol_090,L06,L09,AABB_CLEAR,AABB_CLEAR,0,0,1,L1_AABB
sobol_090,L06,L10,AABB_CLEAR,AABB_CLEAR,0,0,1,L1_AABB
sobol_090,L07,L08,EXPECTED_INTERFACE_CONTACT,EXPECTED_INTERFACE_CONTACT,0,0,1,L0_FIXED_SAFE
sobol_090,L07,L09,AABB_CLEAR,AABB_CLEAR,0,0,1,L1_AABB
sobol_090,L07,L10,AABB_CLEAR,AABB_CLEAR,0,0,1,L1_AABB
sobol_090,L08,L09,EXPECTED_INTERFACE_CONTACT,EXPECTED_INTERFACE_CONTACT,0,0,1,L3_SELECTIVE_EXACT
sobol_090,L08,L10,EXPECTED_INTERFACE_CONTACT,EXPECTED_INTERFACE_CONTACT,0,0,1,L3_SELECTIVE_EXACT
sobol_090,L09,L10,AABB_CLEAR,AABB_CLEAR,0,0,1,L1_AABB
sobol_091,L00,L01,EXPECTED_INTERFACE_CONTACT,EXPECTED_INTERFACE_CONTACT,0,0,1,L3_SELECTIVE_EXACT
sobol_091,L00,L02,AABB_CLEAR,MESH_CLEAR,0,0,1,L2_MESH_BVH
sobol_091,L00,L03,AABB_CLEAR,AABB_CLEAR,0,0,1,L1_AABB
sobol_091,L00,L04,AABB_CLEAR,AABB_CLEAR,0,0,1,L1_AABB
sobol_091,L00,L05,AABB_CLEAR,AABB_CLEAR,0,0,1,L1_AABB
sobol_091,L00,L06,AABB_CLEAR,AABB_CLEAR,0,0,1,L1_AABB
sobol_091,L00,L07,AABB_CLEAR,AABB_CLEAR,0,0,1,L1_AABB
sobol_091,L00,L08,AABB_CLEAR,AABB_CLEAR,0,0,1,L1_AABB
sobol_091,L00,L09,AABB_CLEAR,AABB_CLEAR,0,0,1,L1_AABB
sobol_091,L00,L10,AABB_CLEAR,AABB_CLEAR,0,0,1,L1_AABB
sobol_091,L01,L02,EXPECTED_INTERFACE_CONTACT,EXPECTED_INTERFACE_CONTACT,0,0,1,L3_SELECTIVE_EXACT
sobol_091,L01,L03,AABB_CLEAR,AABB_CLEAR,0,0,1,L1_AABB
sobol_091,L01,L04,AABB_CLEAR,AABB_CLEAR,0,0,1,L1_AABB
sobol_091,L01,L05,AABB_CLEAR,AABB_CLEAR,0,0,1,L1_AABB
sobol_091,L01,L06,AABB_CLEAR,AABB_CLEAR,0,0,1,L1_AABB
sobol_091,L01,L07,AABB_CLEAR,AABB_CLEAR,0,0,1,L1_AABB
sobol_091,L01,L08,AABB_CLEAR,AABB_CLEAR,0,0,1,L1_AABB
sobol_091,L01,L09,AABB_CLEAR,AABB_CLEAR,0,0,1,L1_AABB
sobol_091,L01,L10,AABB_CLEAR,AABB_CLEAR,0,0,1,L1_AABB
sobol_091,L02,L03,EXPECTED_INTERFACE_CONTACT,EXPECTED_INTERFACE_CONTACT,0,0,1,L3_SELECTIVE_EXACT
sobol_091,L02,L04,AABB_CLEAR,AABB_CLEAR,0,0,1,L1_AABB
sobol_091,L02,L05,AABB_CLEAR,MESH_CLEAR,0,0,1,L2_MESH_BVH
sobol_091,L02,L06,AABB_CLEAR,MESH_CLEAR,0,0,1,L2_MESH_BVH
sobol_091,L02,L07,AABB_CLEAR,AABB_CLEAR,0,0,1,L1_AABB
sobol_091,L02,L08,AABB_CLEAR,AABB_CLEAR,0,0,1,L1_AABB
sobol_091,L02,L09,AABB_CLEAR,AABB_CLEAR,0,0,1,L1_AABB
sobol_091,L02,L10,AABB_CLEAR,MESH_CLEAR,0,0,1,L2_MESH_BVH
sobol_091,L03,L04,EXPECTED_INTERFACE_CONTACT,EXPECTED_INTERFACE_CONTACT,0,0,1,L3_SELECTIVE_EXACT
sobol_091,L03,L05,AABB_CLEAR,AABB_CLEAR,0,0,1,L1_AABB
sobol_091,L03,L06,AABB_CLEAR,AABB_CLEAR,0,0,1,L1_AABB
sobol_091,L03,L07,AABB_CLEAR,AABB_CLEAR,0,0,1,L1_AABB
sobol_091,L03,L08,AABB_CLEAR,AABB_CLEAR,0,0,1,L1_AABB
sobol_091,L03,L09,AABB_CLEAR,AABB_CLEAR,0,0,1,L1_AABB
sobol_091,L03,L10,AABB_CLEAR,AABB_CLEAR,0,0,1,L1_AABB
sobol_091,L04,L05,EXPECTED_INTERFACE_CONTACT,EXPECTED_INTERFACE_CONTACT,0,0,1,L0_FIXED_SAFE
sobol_091,L04,L06,EXPECTED_INTERFACE_CONTACT,EXPECTED_INTERFACE_CONTACT,0,0,1,L3_SELECTIVE_EXACT
sobol_091,L04,L07,EXPECTED_INTERFACE_CONTACT,EXPECTED_INTERFACE_CONTACT,0,0,1,L3_SELECTIVE_EXACT
sobol_091,L04,L08,AABB_CLEAR,AABB_CLEAR,0,0,1,L1_AABB
sobol_091,L04,L09,AABB_CLEAR,AABB_CLEAR,0,0,1,L1_AABB
sobol_091,L04,L10,AABB_CLEAR,AABB_CLEAR,0,0,1,L1_AABB
sobol_091,L05,L06,EXPECTED_INTERFACE_CONTACT,EXPECTED_INTERFACE_CONTACT,0,0,1,L3_SELECTIVE_EXACT
sobol_091,L05,L07,EXPECTED_INTERFACE_CONTACT,EXPECTED_INTERFACE_CONTACT,0,0,1,L0_FIXED_SAFE
sobol_091,L05,L08,EXPECTED_INTERFACE_CONTACT,EXPECTED_INTERFACE_CONTACT,0,0,1,L3_SELECTIVE_EXACT
sobol_091,L05,L09,EXPECTED_INTERFACE_CONTACT,EXPECTED_INTERFACE_CONTACT,0,0,1,L3_SELECTIVE_EXACT
sobol_091,L05,L10,EXPECTED_INTERFACE_CONTACT,EXPECTED_INTERFACE_CONTACT,0,0,1,L3_SELECTIVE_EXACT
sobol_091,L06,L07,EXPECTED_INTERFACE_CONTACT,EXPECTED_INTERFACE_CONTACT,0,0,1,L3_SELECTIVE_EXACT
sobol_091,L06,L08,EXPECTED_INTERFACE_CONTACT,EXPECTED_INTERFACE_CONTACT,0,0,1,L3_SELECTIVE_EXACT
sobol_091,L06,L09,AABB_FALSE_POSITIVE,AABB_FALSE_POSITIVE,0,0,1,L3_SELECTIVE_EXACT
sobol_091,L06,L10,AABB_FALSE_POSITIVE,AABB_FALSE_POSITIVE,0,0,1,L3_SELECTIVE_EXACT
sobol_091,L07,L08,EXPECTED_INTERFACE_CONTACT,EXPECTED_INTERFACE_CONTACT,0,0,1,L0_FIXED_SAFE
sobol_091,L07,L09,EXPECTED_INTERFACE_CONTACT,EXPECTED_INTERFACE_CONTACT,0,0,1,L3_SELECTIVE_EXACT
sobol_091,L07,L10,EXPECTED_INTERFACE_CONTACT,EXPECTED_INTERFACE_CONTACT,0,0,1,L3_SELECTIVE_EXACT
sobol_091,L08,L09,EXPECTED_INTERFACE_CONTACT,EXPECTED_INTERFACE_CONTACT,0,0,1,L3_SELECTIVE_EXACT
sobol_091,L08,L10,EXPECTED_INTERFACE_CONTACT,EXPECTED_INTERFACE_CONTACT,0,0,1,L3_SELECTIVE_EXACT
sobol_091,L09,L10,AABB_CLEAR,MESH_CLEAR,0,0,1,L2_MESH_BVH
sobol_092,L00,L01,EXPECTED_INTERFACE_CONTACT,EXPECTED_INTERFACE_CONTACT,0,0,1,L3_SELECTIVE_EXACT
sobol_092,L00,L02,AABB_CLEAR,AABB_CLEAR,0,0,1,L1_AABB
sobol_092,L00,L03,AABB_CLEAR,AABB_CLEAR,0,0,1,L1_AABB
sobol_092,L00,L04,AABB_CLEAR,AABB_CLEAR,0,0,1,L1_AABB
sobol_092,L00,L05,AABB_CLEAR,AABB_CLEAR,0,0,1,L1_AABB
sobol_092,L00,L06,AABB_CLEAR,AABB_CLEAR,0,0,1,L1_AABB
sobol_092,L00,L07,AABB_CLEAR,AABB_CLEAR,0,0,1,L1_AABB
sobol_092,L00,L08,AABB_CLEAR,AABB_CLEAR,0,0,1,L1_AABB
sobol_092,L00,L09,AABB_CLEAR,AABB_CLEAR,0,0,1,L1_AABB
sobol_092,L00,L10,AABB_CLEAR,AABB_CLEAR,0,0,1,L1_AABB
sobol_092,L01,L02,EXPECTED_INTERFACE_CONTACT,EXPECTED_INTERFACE_CONTACT,0,0,1,L3_SELECTIVE_EXACT
sobol_092,L01,L03,AABB_CLEAR,AABB_CLEAR,0,0,1,L1_AABB
sobol_092,L01,L04,AABB_CLEAR,AABB_CLEAR,0,0,1,L1_AABB
sobol_092,L01,L05,AABB_CLEAR,AABB_CLEAR,0,0,1,L1_AABB
sobol_092,L01,L06,AABB_CLEAR,AABB_CLEAR,0,0,1,L1_AABB
sobol_092,L01,L07,AABB_CLEAR,AABB_CLEAR,0,0,1,L1_AABB
sobol_092,L01,L08,AABB_CLEAR,AABB_CLEAR,0,0,1,L1_AABB
sobol_092,L01,L09,AABB_CLEAR,AABB_CLEAR,0,0,1,L1_AABB
sobol_092,L01,L10,AABB_CLEAR,AABB_CLEAR,0,0,1,L1_AABB
sobol_092,L02,L03,EXPECTED_INTERFACE_CONTACT,EXPECTED_INTERFACE_CONTACT,0,0,1,L3_SELECTIVE_EXACT
sobol_092,L02,L04,AABB_CLEAR,AABB_CLEAR,0,0,1,L1_AABB
sobol_092,L02,L05,AABB_CLEAR,AABB_CLEAR,0,0,1,L1_AABB
sobol_092,L02,L06,AABB_CLEAR,AABB_CLEAR,0,0,1,L1_AABB
sobol_092,L02,L07,AABB_CLEAR,AABB_CLEAR,0,0,1,L1_AABB
sobol_092,L02,L08,AABB_CLEAR,AABB_CLEAR,0,0,1,L1_AABB
sobol_092,L02,L09,AABB_CLEAR,AABB_CLEAR,0,0,1,L1_AABB
sobol_092,L02,L10,AABB_CLEAR,AABB_CLEAR,0,0,1,L1_AABB
sobol_092,L03,L04,EXPECTED_INTERFACE_CONTACT,EXPECTED_INTERFACE_CONTACT,0,0,1,L3_SELECTIVE_EXACT
sobol_092,L03,L05,AABB_CLEAR,AABB_CLEAR,0,0,1,L1_AABB
sobol_092,L03,L06,AABB_CLEAR,AABB_CLEAR,0,0,1,L1_AABB
sobol_092,L03,L07,AABB_CLEAR,AABB_CLEAR,0,0,1,L1_AABB
sobol_092,L03,L08,AABB_CLEAR,AABB_CLEAR,0,0,1,L1_AABB
sobol_092,L03,L09,AABB_CLEAR,AABB_CLEAR,0,0,1,L1_AABB
sobol_092,L03,L10,AABB_CLEAR,AABB_CLEAR,0,0,1,L1_AABB
sobol_092,L04,L05,EXPECTED_INTERFACE_CONTACT,EXPECTED_INTERFACE_CONTACT,0,0,1,L0_FIXED_SAFE
sobol_092,L04,L06,EXPECTED_INTERFACE_CONTACT,EXPECTED_INTERFACE_CONTACT,0,0,1,L3_SELECTIVE_EXACT
sobol_092,L04,L07,EXPECTED_INTERFACE_CONTACT,EXPECTED_INTERFACE_CONTACT,0,0,1,L3_SELECTIVE_EXACT
sobol_092,L04,L08,AABB_CLEAR,AABB_CLEAR,0,0,1,L1_AABB
sobol_092,L04,L09,AABB_CLEAR,AABB_CLEAR,0,0,1,L1_AABB
sobol_092,L04,L10,AABB_CLEAR,AABB_CLEAR,0,0,1,L1_AABB
sobol_092,L05,L06,EXPECTED_INTERFACE_CONTACT,EXPECTED_INTERFACE_CONTACT,0,0,1,L3_SELECTIVE_EXACT
sobol_092,L05,L07,EXPECTED_INTERFACE_CONTACT,EXPECTED_INTERFACE_CONTACT,0,0,1,L0_FIXED_SAFE
sobol_092,L05,L08,EXPECTED_INTERFACE_CONTACT,EXPECTED_INTERFACE_CONTACT,0,0,1,L3_SELECTIVE_EXACT
sobol_092,L05,L09,EXPECTED_INTERFACE_CONTACT,EXPECTED_INTERFACE_CONTACT,0,0,1,L3_SELECTIVE_EXACT
sobol_092,L05,L10,AABB_CLEAR,MESH_CLEAR,0,0,1,L2_MESH_BVH
sobol_092,L06,L07,EXPECTED_INTERFACE_CONTACT,EXPECTED_INTERFACE_CONTACT,0,0,1,L3_SELECTIVE_EXACT
sobol_092,L06,L08,EXPECTED_INTERFACE_CONTACT,EXPECTED_INTERFACE_CONTACT,0,0,1,L3_SELECTIVE_EXACT
sobol_092,L06,L09,AABB_CLEAR,MESH_CLEAR,0,0,1,L2_MESH_BVH
sobol_092,L06,L10,AABB_CLEAR,MESH_CLEAR,0,0,1,L2_MESH_BVH
sobol_092,L07,L08,EXPECTED_INTERFACE_CONTACT,EXPECTED_INTERFACE_CONTACT,0,0,1,L0_FIXED_SAFE
sobol_092,L07,L09,AABB_CLEAR,AABB_CLEAR,0,0,1,L1_AABB
sobol_092,L07,L10,AABB_CLEAR,AABB_CLEAR,0,0,1,L1_AABB
sobol_092,L08,L09,EXPECTED_INTERFACE_CONTACT,EXPECTED_INTERFACE_CONTACT,0,0,1,L3_SELECTIVE_EXACT
sobol_092,L08,L10,EXPECTED_INTERFACE_CONTACT,EXPECTED_INTERFACE_CONTACT,0,0,1,L3_SELECTIVE_EXACT
sobol_092,L09,L10,AABB_CLEAR,AABB_CLEAR,0,0,1,L1_AABB
sobol_093,L00,L01,EXPECTED_INTERFACE_CONTACT,EXPECTED_INTERFACE_CONTACT,0,0,1,L3_SELECTIVE_EXACT
sobol_093,L00,L02,AABB_FALSE_POSITIVE,AABB_FALSE_POSITIVE,0,0,1,L3_SELECTIVE_EXACT
sobol_093,L00,L03,AABB_CLEAR,AABB_CLEAR,0,0,1,L1_AABB
sobol_093,L00,L04,AABB_CLEAR,AABB_CLEAR,0,0,1,L1_AABB
sobol_093,L00,L05,AABB_CLEAR,AABB_CLEAR,0,0,1,L1_AABB
sobol_093,L00,L06,AABB_CLEAR,AABB_CLEAR,0,0,1,L1_AABB
sobol_093,L00,L07,AABB_CLEAR,AABB_CLEAR,0,0,1,L1_AABB
sobol_093,L00,L08,AABB_CLEAR,AABB_CLEAR,0,0,1,L1_AABB
sobol_093,L00,L09,AABB_CLEAR,AABB_CLEAR,0,0,1,L1_AABB
sobol_093,L00,L10,AABB_CLEAR,AABB_CLEAR,0,0,1,L1_AABB
sobol_093,L01,L02,EXPECTED_INTERFACE_CONTACT,EXPECTED_INTERFACE_CONTACT,0,0,1,L3_SELECTIVE_EXACT
sobol_093,L01,L03,AABB_CLEAR,AABB_CLEAR,0,0,1,L1_AABB
sobol_093,L01,L04,AABB_CLEAR,AABB_CLEAR,0,0,1,L1_AABB
sobol_093,L01,L05,AABB_CLEAR,AABB_CLEAR,0,0,1,L1_AABB
sobol_093,L01,L06,AABB_CLEAR,AABB_CLEAR,0,0,1,L1_AABB
sobol_093,L01,L07,AABB_CLEAR,AABB_CLEAR,0,0,1,L1_AABB
sobol_093,L01,L08,AABB_CLEAR,AABB_CLEAR,0,0,1,L1_AABB
sobol_093,L01,L09,AABB_CLEAR,AABB_CLEAR,0,0,1,L1_AABB
sobol_093,L01,L10,AABB_CLEAR,AABB_CLEAR,0,0,1,L1_AABB
sobol_093,L02,L03,EXPECTED_INTERFACE_CONTACT,EXPECTED_INTERFACE_CONTACT,0,0,1,L3_SELECTIVE_EXACT
sobol_093,L02,L04,AABB_CLEAR,AABB_CLEAR,0,0,1,L1_AABB
sobol_093,L02,L05,AABB_CLEAR,AABB_CLEAR,0,0,1,L1_AABB
sobol_093,L02,L06,AABB_CLEAR,AABB_CLEAR,0,0,1,L1_AABB
sobol_093,L02,L07,AABB_CLEAR,AABB_CLEAR,0,0,1,L1_AABB
sobol_093,L02,L08,AABB_CLEAR,AABB_CLEAR,0,0,1,L1_AABB
sobol_093,L02,L09,AABB_CLEAR,AABB_CLEAR,0,0,1,L1_AABB
sobol_093,L02,L10,AABB_CLEAR,AABB_CLEAR,0,0,1,L1_AABB
sobol_093,L03,L04,EXPECTED_INTERFACE_CONTACT,EXPECTED_INTERFACE_CONTACT,0,0,1,L3_SELECTIVE_EXACT
sobol_093,L03,L05,AABB_CLEAR,MESH_CLEAR,0,0,1,L2_MESH_BVH
sobol_093,L03,L06,AABB_CLEAR,MESH_CLEAR,0,0,1,L2_MESH_BVH
sobol_093,L03,L07,AABB_CLEAR,AABB_CLEAR,0,0,1,L1_AABB
sobol_093,L03,L08,AABB_CLEAR,AABB_CLEAR,0,0,1,L1_AABB
sobol_093,L03,L09,AABB_CLEAR,AABB_CLEAR,0,0,1,L1_AABB
sobol_093,L03,L10,AABB_CLEAR,AABB_CLEAR,0,0,1,L1_AABB
sobol_093,L04,L05,EXPECTED_INTERFACE_CONTACT,EXPECTED_INTERFACE_CONTACT,0,0,1,L0_FIXED_SAFE
sobol_093,L04,L06,EXPECTED_INTERFACE_CONTACT,EXPECTED_INTERFACE_CONTACT,0,0,1,L3_SELECTIVE_EXACT
sobol_093,L04,L07,EXPECTED_INTERFACE_CONTACT,EXPECTED_INTERFACE_CONTACT,0,0,1,L3_SELECTIVE_EXACT
sobol_093,L04,L08,EXPECTED_INTERFACE_CONTACT,MESH_CLEAR,0,0,1,L2_MESH_BVH
sobol_093,L04,L09,AABB_CLEAR,AABB_CLEAR,0,0,1,L1_AABB
sobol_093,L04,L10,AABB_CLEAR,AABB_CLEAR,0,0,1,L1_AABB
sobol_093,L05,L06,EXPECTED_INTERFACE_CONTACT,EXPECTED_INTERFACE_CONTACT,0,0,1,L3_SELECTIVE_EXACT
sobol_093,L05,L07,EXPECTED_INTERFACE_CONTACT,EXPECTED_INTERFACE_CONTACT,0,0,1,L0_FIXED_SAFE
sobol_093,L05,L08,EXPECTED_INTERFACE_CONTACT,EXPECTED_INTERFACE_CONTACT,0,0,1,L3_SELECTIVE_EXACT
sobol_093,L05,L09,AABB_CLEAR,AABB_CLEAR,0,0,1,L3_SELECTIVE_EXACT
sobol_093,L05,L10,AABB_CLEAR,AABB_CLEAR,0,0,1,L3_SELECTIVE_EXACT
sobol_093,L06,L07,EXPECTED_INTERFACE_CONTACT,EXPECTED_INTERFACE_CONTACT,0,0,1,L3_SELECTIVE_EXACT
sobol_093,L06,L08,EXPECTED_INTERFACE_CONTACT,EXPECTED_INTERFACE_CONTACT,0,0,1,L3_SELECTIVE_EXACT
sobol_093,L06,L09,AABB_FALSE_POSITIVE,MESH_CLEAR,0,0,1,L2_MESH_BVH
sobol_093,L06,L10,AABB_CLEAR,MESH_CLEAR,0,0,1,L2_MESH_BVH
sobol_093,L07,L08,EXPECTED_INTERFACE_CONTACT,EXPECTED_INTERFACE_CONTACT,0,0,1,L0_FIXED_SAFE
sobol_093,L07,L09,AABB_CLEAR,AABB_CLEAR,0,0,1,L1_AABB
sobol_093,L07,L10,AABB_CLEAR,AABB_CLEAR,0,0,1,L1_AABB
sobol_093,L08,L09,EXPECTED_INTERFACE_CONTACT,EXPECTED_INTERFACE_CONTACT,0,0,1,L3_SELECTIVE_EXACT
sobol_093,L08,L10,EXPECTED_INTERFACE_CONTACT,EXPECTED_INTERFACE_CONTACT,0,0,1,L3_SELECTIVE_EXACT
sobol_093,L09,L10,AABB_FALSE_POSITIVE,MESH_CLEAR,0,0,1,L2_MESH_BVH
sobol_094,L00,L01,EXPECTED_INTERFACE_CONTACT,EXPECTED_INTERFACE_CONTACT,0,0,1,L3_SELECTIVE_EXACT
sobol_094,L00,L02,AABB_CLEAR,AABB_CLEAR,0,0,1,L1_AABB
sobol_094,L00,L03,AABB_CLEAR,AABB_CLEAR,0,0,1,L1_AABB
sobol_094,L00,L04,AABB_CLEAR,AABB_CLEAR,0,0,1,L1_AABB
sobol_094,L00,L05,AABB_CLEAR,AABB_CLEAR,0,0,1,L1_AABB
sobol_094,L00,L06,AABB_CLEAR,AABB_CLEAR,0,0,1,L1_AABB
sobol_094,L00,L07,AABB_CLEAR,AABB_CLEAR,0,0,1,L1_AABB
sobol_094,L00,L08,AABB_CLEAR,AABB_CLEAR,0,0,1,L1_AABB
sobol_094,L00,L09,AABB_CLEAR,AABB_CLEAR,0,0,1,L1_AABB
sobol_094,L00,L10,AABB_CLEAR,AABB_CLEAR,0,0,1,L1_AABB
sobol_094,L01,L02,EXPECTED_INTERFACE_CONTACT,EXPECTED_INTERFACE_CONTACT,0,0,1,L3_SELECTIVE_EXACT
sobol_094,L01,L03,AABB_CLEAR,AABB_CLEAR,0,0,1,L1_AABB
sobol_094,L01,L04,AABB_CLEAR,AABB_CLEAR,0,0,1,L1_AABB
sobol_094,L01,L05,AABB_CLEAR,AABB_CLEAR,0,0,1,L1_AABB
sobol_094,L01,L06,AABB_CLEAR,AABB_CLEAR,0,0,1,L1_AABB
sobol_094,L01,L07,AABB_CLEAR,AABB_CLEAR,0,0,1,L1_AABB
sobol_094,L01,L08,AABB_CLEAR,AABB_CLEAR,0,0,1,L1_AABB
sobol_094,L01,L09,AABB_CLEAR,AABB_CLEAR,0,0,1,L1_AABB
sobol_094,L01,L10,AABB_CLEAR,AABB_CLEAR,0,0,1,L1_AABB
sobol_094,L02,L03,EXPECTED_INTERFACE_CONTACT,EXPECTED_INTERFACE_CONTACT,0,0,1,L3_SELECTIVE_EXACT
sobol_094,L02,L04,AABB_CLEAR,AABB_CLEAR,0,0,1,L1_AABB
sobol_094,L02,L05,AABB_CLEAR,AABB_CLEAR,0,0,1,L1_AABB
sobol_094,L02,L06,AABB_CLEAR,AABB_CLEAR,0,0,1,L1_AABB
sobol_094,L02,L07,AABB_CLEAR,AABB_CLEAR,0,0,1,L1_AABB
sobol_094,L02,L08,AABB_CLEAR,AABB_CLEAR,0,0,1,L1_AABB
sobol_094,L02,L09,AABB_CLEAR,AABB_CLEAR,0,0,1,L1_AABB
sobol_094,L02,L10,AABB_CLEAR,AABB_CLEAR,0,0,1,L1_AABB
sobol_094,L03,L04,EXPECTED_INTERFACE_CONTACT,EXPECTED_INTERFACE_CONTACT,0,0,1,L3_SELECTIVE_EXACT
sobol_094,L03,L05,AABB_CLEAR,AABB_CLEAR,0,0,1,L1_AABB
sobol_094,L03,L06,AABB_CLEAR,AABB_CLEAR,0,0,1,L1_AABB
sobol_094,L03,L07,AABB_CLEAR,AABB_CLEAR,0,0,1,L1_AABB
sobol_094,L03,L08,AABB_CLEAR,AABB_CLEAR,0,0,1,L1_AABB
sobol_094,L03,L09,AABB_CLEAR,AABB_CLEAR,0,0,1,L1_AABB
sobol_094,L03,L10,AABB_CLEAR,AABB_CLEAR,0,0,1,L1_AABB
sobol_094,L04,L05,EXPECTED_INTERFACE_CONTACT,EXPECTED_INTERFACE_CONTACT,0,0,1,L0_FIXED_SAFE
sobol_094,L04,L06,EXPECTED_INTERFACE_CONTACT,EXPECTED_INTERFACE_CONTACT,0,0,1,L3_SELECTIVE_EXACT
sobol_094,L04,L07,EXPECTED_INTERFACE_CONTACT,EXPECTED_INTERFACE_CONTACT,0,0,1,L3_SELECTIVE_EXACT
sobol_094,L04,L08,AABB_CLEAR,AABB_CLEAR,0,0,1,L1_AABB
sobol_094,L04,L09,AABB_CLEAR,AABB_CLEAR,0,0,1,L1_AABB
sobol_094,L04,L10,AABB_CLEAR,AABB_CLEAR,0,0,1,L1_AABB
sobol_094,L05,L06,EXPECTED_INTERFACE_CONTACT,EXPECTED_INTERFACE_CONTACT,0,0,1,L3_SELECTIVE_EXACT
sobol_094,L05,L07,EXPECTED_INTERFACE_CONTACT,EXPECTED_INTERFACE_CONTACT,0,0,1,L0_FIXED_SAFE
sobol_094,L05,L08,EXPECTED_INTERFACE_CONTACT,EXPECTED_INTERFACE_CONTACT,0,0,1,L3_SELECTIVE_EXACT
sobol_094,L05,L09,EXPECTED_INTERFACE_CONTACT,MESH_CLEAR,0,0,1,L2_MESH_BVH
sobol_094,L05,L10,AABB_CLEAR,AABB_CLEAR,0,0,1,L1_AABB
sobol_094,L06,L07,EXPECTED_INTERFACE_CONTACT,EXPECTED_INTERFACE_CONTACT,0,0,1,L3_SELECTIVE_EXACT
sobol_094,L06,L08,EXPECTED_INTERFACE_CONTACT,EXPECTED_INTERFACE_CONTACT,0,0,1,L3_SELECTIVE_EXACT
sobol_094,L06,L09,AABB_FALSE_POSITIVE,MESH_CLEAR,0,0,1,L2_MESH_BVH
sobol_094,L06,L10,AABB_CLEAR,AABB_CLEAR,0,0,1,L1_AABB
sobol_094,L07,L08,EXPECTED_INTERFACE_CONTACT,EXPECTED_INTERFACE_CONTACT,0,0,1,L0_FIXED_SAFE
sobol_094,L07,L09,AABB_CLEAR,MESH_CLEAR,0,0,1,L2_MESH_BVH
sobol_094,L07,L10,AABB_CLEAR,AABB_CLEAR,0,0,1,L1_AABB
sobol_094,L08,L09,EXPECTED_INTERFACE_CONTACT,EXPECTED_INTERFACE_CONTACT,0,0,1,L3_SELECTIVE_EXACT
sobol_094,L08,L10,EXPECTED_INTERFACE_CONTACT,EXPECTED_INTERFACE_CONTACT,0,0,1,L3_SELECTIVE_EXACT
sobol_094,L09,L10,AABB_CLEAR,AABB_CLEAR,0,0,1,L1_AABB
sobol_095,L00,L01,EXPECTED_INTERFACE_CONTACT,EXPECTED_INTERFACE_CONTACT,0,0,1,L3_SELECTIVE_EXACT
sobol_095,L00,L02,AABB_CLEAR,MESH_CLEAR,0,0,1,L2_MESH_BVH
sobol_095,L00,L03,NONADJACENT_COLLISION,NONADJACENT_COLLISION,1,1,1,L3_SELECTIVE_EXACT
sobol_095,L00,L04,NONADJACENT_COLLISION,NONADJACENT_COLLISION,1,1,1,L3_SELECTIVE_EXACT
sobol_095,L00,L05,AABB_FALSE_POSITIVE,AABB_FALSE_POSITIVE,0,0,1,L3_SELECTIVE_EXACT
sobol_095,L00,L06,AABB_FALSE_POSITIVE,AABB_FALSE_POSITIVE,0,0,1,L3_SELECTIVE_EXACT
sobol_095,L00,L07,AABB_FALSE_POSITIVE,AABB_FALSE_POSITIVE,0,0,1,L3_SELECTIVE_EXACT
sobol_095,L00,L08,AABB_CLEAR,AABB_CLEAR,0,0,1,L1_AABB
sobol_095,L00,L09,AABB_CLEAR,AABB_CLEAR,0,0,1,L1_AABB
sobol_095,L00,L10,AABB_CLEAR,AABB_CLEAR,0,0,1,L1_AABB
sobol_095,L01,L02,EXPECTED_INTERFACE_CONTACT,EXPECTED_INTERFACE_CONTACT,0,0,1,L3_SELECTIVE_EXACT
sobol_095,L01,L03,AABB_FALSE_POSITIVE,AABB_FALSE_POSITIVE,0,0,1,L3_SELECTIVE_EXACT
sobol_095,L01,L04,NONADJACENT_COLLISION,NONADJACENT_COLLISION,1,1,1,L3_SELECTIVE_EXACT
sobol_095,L01,L05,AABB_CLEAR,MESH_CLEAR,0,0,1,L2_MESH_BVH
sobol_095,L01,L06,AABB_CLEAR,AABB_CLEAR,0,0,1,L1_AABB
sobol_095,L01,L07,AABB_CLEAR,AABB_CLEAR,0,0,1,L1_AABB
sobol_095,L01,L08,AABB_CLEAR,AABB_CLEAR,0,0,1,L1_AABB
sobol_095,L01,L09,AABB_CLEAR,AABB_CLEAR,0,0,1,L1_AABB
sobol_095,L01,L10,AABB_CLEAR,AABB_CLEAR,0,0,1,L1_AABB
sobol_095,L02,L03,EXPECTED_INTERFACE_CONTACT,EXPECTED_INTERFACE_CONTACT,0,0,1,L3_SELECTIVE_EXACT
sobol_095,L02,L04,AABB_CLEAR,AABB_CLEAR,0,0,1,L3_SELECTIVE_EXACT
sobol_095,L02,L05,AABB_CLEAR,AABB_CLEAR,0,0,1,L1_AABB
sobol_095,L02,L06,AABB_CLEAR,AABB_CLEAR,0,0,1,L1_AABB
sobol_095,L02,L07,AABB_CLEAR,AABB_CLEAR,0,0,1,L1_AABB
sobol_095,L02,L08,AABB_CLEAR,AABB_CLEAR,0,0,1,L1_AABB
sobol_095,L02,L09,AABB_CLEAR,AABB_CLEAR,0,0,1,L1_AABB
sobol_095,L02,L10,AABB_CLEAR,AABB_CLEAR,0,0,1,L1_AABB
sobol_095,L03,L04,EXPECTED_INTERFACE_CONTACT,EXPECTED_INTERFACE_CONTACT,0,0,1,L3_SELECTIVE_EXACT
sobol_095,L03,L05,AABB_CLEAR,AABB_CLEAR,0,0,1,L1_AABB
sobol_095,L03,L06,AABB_CLEAR,AABB_CLEAR,0,0,1,L1_AABB
sobol_095,L03,L07,AABB_CLEAR,AABB_CLEAR,0,0,1,L1_AABB
sobol_095,L03,L08,AABB_CLEAR,AABB_CLEAR,0,0,1,L1_AABB
sobol_095,L03,L09,AABB_CLEAR,AABB_CLEAR,0,0,1,L1_AABB
sobol_095,L03,L10,AABB_CLEAR,AABB_CLEAR,0,0,1,L1_AABB
sobol_095,L04,L05,EXPECTED_INTERFACE_CONTACT,EXPECTED_INTERFACE_CONTACT,0,0,1,L0_FIXED_SAFE
sobol_095,L04,L06,EXPECTED_INTERFACE_CONTACT,EXPECTED_INTERFACE_CONTACT,0,0,1,L3_SELECTIVE_EXACT
sobol_095,L04,L07,EXPECTED_INTERFACE_CONTACT,EXPECTED_INTERFACE_CONTACT,0,0,1,L3_SELECTIVE_EXACT
sobol_095,L04,L08,AABB_CLEAR,MESH_CLEAR,0,0,1,L2_MESH_BVH
sobol_095,L04,L09,AABB_CLEAR,AABB_CLEAR,0,0,1,L1_AABB
sobol_095,L04,L10,AABB_CLEAR,MESH_CLEAR,0,0,1,L2_MESH_BVH
sobol_095,L05,L06,EXPECTED_INTERFACE_CONTACT,EXPECTED_INTERFACE_CONTACT,0,0,1,L3_SELECTIVE_EXACT
sobol_095,L05,L07,EXPECTED_INTERFACE_CONTACT,EXPECTED_INTERFACE_CONTACT,0,0,1,L0_FIXED_SAFE
sobol_095,L05,L08,EXPECTED_INTERFACE_CONTACT,EXPECTED_INTERFACE_CONTACT,0,0,1,L3_SELECTIVE_EXACT
sobol_095,L05,L09,EXPECTED_INTERFACE_CONTACT,EXPECTED_INTERFACE_CONTACT,0,0,1,L3_SELECTIVE_EXACT
sobol_095,L05,L10,EXPECTED_INTERFACE_CONTACT,EXPECTED_INTERFACE_CONTACT,0,0,1,L3_SELECTIVE_EXACT
sobol_095,L06,L07,EXPECTED_INTERFACE_CONTACT,EXPECTED_INTERFACE_CONTACT,0,0,1,L3_SELECTIVE_EXACT
sobol_095,L06,L08,EXPECTED_INTERFACE_CONTACT,EXPECTED_INTERFACE_CONTACT,0,0,1,L3_SELECTIVE_EXACT
sobol_095,L06,L09,AABB_CLEAR,AABB_CLEAR,0,0,1,L3_SELECTIVE_EXACT
sobol_095,L06,L10,AABB_FALSE_POSITIVE,AABB_FALSE_POSITIVE,0,0,1,L3_SELECTIVE_EXACT
sobol_095,L07,L08,EXPECTED_INTERFACE_CONTACT,EXPECTED_INTERFACE_CONTACT,0,0,1,L0_FIXED_SAFE
sobol_095,L07,L09,AABB_CLEAR,AABB_CLEAR,0,0,1,L1_AABB
sobol_095,L07,L10,EXPECTED_INTERFACE_CONTACT,MESH_CLEAR,0,0,1,L2_MESH_BVH
sobol_095,L08,L09,EXPECTED_INTERFACE_CONTACT,EXPECTED_INTERFACE_CONTACT,0,0,1,L3_SELECTIVE_EXACT
sobol_095,L08,L10,EXPECTED_INTERFACE_CONTACT,EXPECTED_INTERFACE_CONTACT,0,0,1,L3_SELECTIVE_EXACT
sobol_095,L09,L10,AABB_CLEAR,AABB_CLEAR,0,0,1,L1_AABB
sobol_096,L00,L01,EXPECTED_INTERFACE_CONTACT,EXPECTED_INTERFACE_CONTACT,0,0,1,L3_SELECTIVE_EXACT
sobol_096,L00,L02,AABB_CLEAR,AABB_CLEAR,0,0,1,L1_AABB
sobol_096,L00,L03,AABB_CLEAR,AABB_CLEAR,0,0,1,L1_AABB
sobol_096,L00,L04,AABB_CLEAR,AABB_CLEAR,0,0,1,L1_AABB
sobol_096,L00,L05,AABB_CLEAR,AABB_CLEAR,0,0,1,L1_AABB
sobol_096,L00,L06,AABB_CLEAR,AABB_CLEAR,0,0,1,L1_AABB
sobol_096,L00,L07,AABB_CLEAR,AABB_CLEAR,0,0,1,L1_AABB
sobol_096,L00,L08,AABB_CLEAR,AABB_CLEAR,0,0,1,L1_AABB
sobol_096,L00,L09,AABB_CLEAR,AABB_CLEAR,0,0,1,L1_AABB
sobol_096,L00,L10,AABB_CLEAR,AABB_CLEAR,0,0,1,L1_AABB
sobol_096,L01,L02,EXPECTED_INTERFACE_CONTACT,EXPECTED_INTERFACE_CONTACT,0,0,1,L3_SELECTIVE_EXACT
sobol_096,L01,L03,AABB_CLEAR,AABB_CLEAR,0,0,1,L1_AABB
sobol_096,L01,L04,AABB_CLEAR,AABB_CLEAR,0,0,1,L1_AABB
sobol_096,L01,L05,AABB_CLEAR,AABB_CLEAR,0,0,1,L1_AABB
sobol_096,L01,L06,AABB_CLEAR,AABB_CLEAR,0,0,1,L1_AABB
sobol_096,L01,L07,AABB_CLEAR,AABB_CLEAR,0,0,1,L1_AABB
sobol_096,L01,L08,AABB_CLEAR,AABB_CLEAR,0,0,1,L1_AABB
sobol_096,L01,L09,AABB_CLEAR,AABB_CLEAR,0,0,1,L1_AABB
sobol_096,L01,L10,AABB_CLEAR,AABB_CLEAR,0,0,1,L1_AABB
sobol_096,L02,L03,EXPECTED_INTERFACE_CONTACT,EXPECTED_INTERFACE_CONTACT,0,0,1,L3_SELECTIVE_EXACT
sobol_096,L02,L04,AABB_CLEAR,AABB_CLEAR,0,0,1,L1_AABB
sobol_096,L02,L05,AABB_CLEAR,AABB_CLEAR,0,0,1,L1_AABB
sobol_096,L02,L06,AABB_CLEAR,AABB_CLEAR,0,0,1,L1_AABB
sobol_096,L02,L07,AABB_CLEAR,AABB_CLEAR,0,0,1,L1_AABB
sobol_096,L02,L08,AABB_CLEAR,AABB_CLEAR,0,0,1,L1_AABB
sobol_096,L02,L09,AABB_CLEAR,AABB_CLEAR,0,0,1,L1_AABB
sobol_096,L02,L10,AABB_CLEAR,AABB_CLEAR,0,0,1,L1_AABB
sobol_096,L03,L04,EXPECTED_INTERFACE_CONTACT,EXPECTED_INTERFACE_CONTACT,0,0,1,L3_SELECTIVE_EXACT
sobol_096,L03,L05,AABB_CLEAR,AABB_CLEAR,0,0,1,L1_AABB
sobol_096,L03,L06,AABB_CLEAR,AABB_CLEAR,0,0,1,L1_AABB
sobol_096,L03,L07,AABB_CLEAR,AABB_CLEAR,0,0,1,L1_AABB
sobol_096,L03,L08,AABB_CLEAR,AABB_CLEAR,0,0,1,L1_AABB
sobol_096,L03,L09,AABB_CLEAR,AABB_CLEAR,0,0,1,L1_AABB
sobol_096,L03,L10,AABB_CLEAR,AABB_CLEAR,0,0,1,L1_AABB
sobol_096,L04,L05,EXPECTED_INTERFACE_CONTACT,EXPECTED_INTERFACE_CONTACT,0,0,1,L0_FIXED_SAFE
sobol_096,L04,L06,EXPECTED_INTERFACE_CONTACT,EXPECTED_INTERFACE_CONTACT,0,0,1,L3_SELECTIVE_EXACT
sobol_096,L04,L07,EXPECTED_INTERFACE_CONTACT,EXPECTED_INTERFACE_CONTACT,0,0,1,L3_SELECTIVE_EXACT
sobol_096,L04,L08,AABB_CLEAR,AABB_CLEAR,0,0,1,L1_AABB
sobol_096,L04,L09,AABB_CLEAR,AABB_CLEAR,0,0,1,L1_AABB
sobol_096,L04,L10,AABB_CLEAR,AABB_CLEAR,0,0,1,L1_AABB
sobol_096,L05,L06,EXPECTED_INTERFACE_CONTACT,EXPECTED_INTERFACE_CONTACT,0,0,1,L3_SELECTIVE_EXACT
sobol_096,L05,L07,EXPECTED_INTERFACE_CONTACT,EXPECTED_INTERFACE_CONTACT,0,0,1,L0_FIXED_SAFE
sobol_096,L05,L08,EXPECTED_INTERFACE_CONTACT,EXPECTED_INTERFACE_CONTACT,0,0,1,L3_SELECTIVE_EXACT
sobol_096,L05,L09,EXPECTED_INTERFACE_CONTACT,EXPECTED_INTERFACE_CONTACT,0,0,1,L3_SELECTIVE_EXACT
sobol_096,L05,L10,EXPECTED_INTERFACE_CONTACT,EXPECTED_INTERFACE_CONTACT,0,0,1,L3_SELECTIVE_EXACT
sobol_096,L06,L07,EXPECTED_INTERFACE_CONTACT,EXPECTED_INTERFACE_CONTACT,0,0,1,L3_SELECTIVE_EXACT
sobol_096,L06,L08,EXPECTED_INTERFACE_CONTACT,EXPECTED_INTERFACE_CONTACT,0,0,1,L3_SELECTIVE_EXACT
sobol_096,L06,L09,AABB_CLEAR,MESH_CLEAR,0,0,1,L2_MESH_BVH
sobol_096,L06,L10,AABB_FALSE_POSITIVE,AABB_FALSE_POSITIVE,0,0,1,L3_SELECTIVE_EXACT
sobol_096,L07,L08,EXPECTED_INTERFACE_CONTACT,EXPECTED_INTERFACE_CONTACT,0,0,1,L0_FIXED_SAFE
sobol_096,L07,L09,AABB_CLEAR,AABB_CLEAR,0,0,1,L1_AABB
sobol_096,L07,L10,EXPECTED_INTERFACE_CONTACT,MESH_CLEAR,0,0,1,L2_MESH_BVH
sobol_096,L08,L09,EXPECTED_INTERFACE_CONTACT,EXPECTED_INTERFACE_CONTACT,0,0,1,L3_SELECTIVE_EXACT
sobol_096,L08,L10,EXPECTED_INTERFACE_CONTACT,EXPECTED_INTERFACE_CONTACT,0,0,1,L3_SELECTIVE_EXACT
sobol_096,L09,L10,AABB_CLEAR,AABB_CLEAR,0,0,1,L1_AABB
sobol_097,L00,L01,EXPECTED_INTERFACE_CONTACT,EXPECTED_INTERFACE_CONTACT,0,0,1,L3_SELECTIVE_EXACT
sobol_097,L00,L02,AABB_FALSE_POSITIVE,AABB_FALSE_POSITIVE,0,0,1,L3_SELECTIVE_EXACT
sobol_097,L00,L03,AABB_CLEAR,AABB_CLEAR,0,0,1,L1_AABB
sobol_097,L00,L04,AABB_CLEAR,AABB_CLEAR,0,0,1,L1_AABB
sobol_097,L00,L05,AABB_CLEAR,AABB_CLEAR,0,0,1,L1_AABB
sobol_097,L00,L06,AABB_CLEAR,AABB_CLEAR,0,0,1,L1_AABB
sobol_097,L00,L07,AABB_CLEAR,AABB_CLEAR,0,0,1,L1_AABB
sobol_097,L00,L08,AABB_CLEAR,AABB_CLEAR,0,0,1,L1_AABB
sobol_097,L00,L09,AABB_CLEAR,AABB_CLEAR,0,0,1,L1_AABB
sobol_097,L00,L10,AABB_CLEAR,AABB_CLEAR,0,0,1,L1_AABB
sobol_097,L01,L02,EXPECTED_INTERFACE_CONTACT,EXPECTED_INTERFACE_CONTACT,0,0,1,L3_SELECTIVE_EXACT
sobol_097,L01,L03,AABB_CLEAR,AABB_CLEAR,0,0,1,L1_AABB
sobol_097,L01,L04,AABB_CLEAR,AABB_CLEAR,0,0,1,L1_AABB
sobol_097,L01,L05,AABB_CLEAR,AABB_CLEAR,0,0,1,L1_AABB
sobol_097,L01,L06,AABB_CLEAR,AABB_CLEAR,0,0,1,L1_AABB
sobol_097,L01,L07,AABB_CLEAR,AABB_CLEAR,0,0,1,L1_AABB
sobol_097,L01,L08,AABB_CLEAR,AABB_CLEAR,0,0,1,L1_AABB
sobol_097,L01,L09,AABB_CLEAR,AABB_CLEAR,0,0,1,L1_AABB
sobol_097,L01,L10,AABB_CLEAR,AABB_CLEAR,0,0,1,L1_AABB
sobol_097,L02,L03,EXPECTED_INTERFACE_CONTACT,EXPECTED_INTERFACE_CONTACT,0,0,1,L3_SELECTIVE_EXACT
sobol_097,L02,L04,AABB_CLEAR,AABB_CLEAR,0,0,1,L1_AABB
sobol_097,L02,L05,AABB_CLEAR,AABB_CLEAR,0,0,1,L1_AABB
sobol_097,L02,L06,AABB_CLEAR,AABB_CLEAR,0,0,1,L1_AABB
sobol_097,L02,L07,AABB_CLEAR,AABB_CLEAR,0,0,1,L1_AABB
sobol_097,L02,L08,AABB_CLEAR,AABB_CLEAR,0,0,1,L1_AABB
sobol_097,L02,L09,AABB_CLEAR,AABB_CLEAR,0,0,1,L1_AABB
sobol_097,L02,L10,AABB_CLEAR,AABB_CLEAR,0,0,1,L1_AABB
sobol_097,L03,L04,EXPECTED_INTERFACE_CONTACT,EXPECTED_INTERFACE_CONTACT,0,0,1,L3_SELECTIVE_EXACT
sobol_097,L03,L05,AABB_CLEAR,MESH_CLEAR,0,0,1,L2_MESH_BVH
sobol_097,L03,L06,AABB_CLEAR,AABB_CLEAR,0,0,1,L1_AABB
sobol_097,L03,L07,AABB_CLEAR,AABB_CLEAR,0,0,1,L1_AABB
sobol_097,L03,L08,AABB_CLEAR,AABB_CLEAR,0,0,1,L1_AABB
sobol_097,L03,L09,AABB_CLEAR,AABB_CLEAR,0,0,1,L1_AABB
sobol_097,L03,L10,AABB_CLEAR,AABB_CLEAR,0,0,1,L1_AABB
sobol_097,L04,L05,EXPECTED_INTERFACE_CONTACT,EXPECTED_INTERFACE_CONTACT,0,0,1,L0_FIXED_SAFE
sobol_097,L04,L06,EXPECTED_INTERFACE_CONTACT,EXPECTED_INTERFACE_CONTACT,0,0,1,L3_SELECTIVE_EXACT
sobol_097,L04,L07,EXPECTED_INTERFACE_CONTACT,EXPECTED_INTERFACE_CONTACT,0,0,1,L3_SELECTIVE_EXACT
sobol_097,L04,L08,AABB_CLEAR,AABB_CLEAR,0,0,1,L1_AABB
sobol_097,L04,L09,AABB_CLEAR,AABB_CLEAR,0,0,1,L1_AABB
sobol_097,L04,L10,AABB_CLEAR,AABB_CLEAR,0,0,1,L1_AABB
sobol_097,L05,L06,EXPECTED_INTERFACE_CONTACT,EXPECTED_INTERFACE_CONTACT,0,0,1,L3_SELECTIVE_EXACT
sobol_097,L05,L07,EXPECTED_INTERFACE_CONTACT,EXPECTED_INTERFACE_CONTACT,0,0,1,L0_FIXED_SAFE
sobol_097,L05,L08,EXPECTED_INTERFACE_CONTACT,EXPECTED_INTERFACE_CONTACT,0,0,1,L3_SELECTIVE_EXACT
sobol_097,L05,L09,AABB_CLEAR,MESH_CLEAR,0,0,1,L2_MESH_BVH
sobol_097,L05,L10,AABB_CLEAR,AABB_CLEAR,0,0,1,L1_AABB
sobol_097,L06,L07,EXPECTED_INTERFACE_CONTACT,EXPECTED_INTERFACE_CONTACT,0,0,1,L3_SELECTIVE_EXACT
sobol_097,L06,L08,EXPECTED_INTERFACE_CONTACT,EXPECTED_INTERFACE_CONTACT,0,0,1,L3_SELECTIVE_EXACT
sobol_097,L06,L09,AABB_CLEAR,AABB_CLEAR,0,0,1,L1_AABB
sobol_097,L06,L10,AABB_CLEAR,AABB_CLEAR,0,0,1,L1_AABB
sobol_097,L07,L08,EXPECTED_INTERFACE_CONTACT,EXPECTED_INTERFACE_CONTACT,0,0,1,L0_FIXED_SAFE
sobol_097,L07,L09,AABB_CLEAR,AABB_CLEAR,0,0,1,L1_AABB
sobol_097,L07,L10,AABB_CLEAR,AABB_CLEAR,0,0,1,L1_AABB
sobol_097,L08,L09,EXPECTED_INTERFACE_CONTACT,EXPECTED_INTERFACE_CONTACT,0,0,1,L3_SELECTIVE_EXACT
sobol_097,L08,L10,EXPECTED_INTERFACE_CONTACT,EXPECTED_INTERFACE_CONTACT,0,0,1,L3_SELECTIVE_EXACT
sobol_097,L09,L10,AABB_CLEAR,AABB_CLEAR,0,0,1,L1_AABB
sobol_098,L00,L01,EXPECTED_INTERFACE_CONTACT,EXPECTED_INTERFACE_CONTACT,0,0,1,L3_SELECTIVE_EXACT
sobol_098,L00,L02,AABB_CLEAR,AABB_CLEAR,0,0,1,L1_AABB
sobol_098,L00,L03,AABB_CLEAR,AABB_CLEAR,0,0,1,L1_AABB
sobol_098,L00,L04,AABB_CLEAR,AABB_CLEAR,0,0,1,L1_AABB
sobol_098,L00,L05,AABB_CLEAR,AABB_CLEAR,0,0,1,L1_AABB
sobol_098,L00,L06,AABB_CLEAR,AABB_CLEAR,0,0,1,L1_AABB
sobol_098,L00,L07,AABB_CLEAR,AABB_CLEAR,0,0,1,L1_AABB
sobol_098,L00,L08,AABB_CLEAR,AABB_CLEAR,0,0,1,L1_AABB
sobol_098,L00,L09,AABB_CLEAR,AABB_CLEAR,0,0,1,L1_AABB
sobol_098,L00,L10,AABB_CLEAR,AABB_CLEAR,0,0,1,L1_AABB
sobol_098,L01,L02,EXPECTED_INTERFACE_CONTACT,EXPECTED_INTERFACE_CONTACT,0,0,1,L3_SELECTIVE_EXACT
sobol_098,L01,L03,AABB_CLEAR,AABB_CLEAR,0,0,1,L1_AABB
sobol_098,L01,L04,AABB_CLEAR,AABB_CLEAR,0,0,1,L1_AABB
sobol_098,L01,L05,AABB_CLEAR,AABB_CLEAR,0,0,1,L1_AABB
sobol_098,L01,L06,AABB_CLEAR,AABB_CLEAR,0,0,1,L1_AABB
sobol_098,L01,L07,AABB_CLEAR,AABB_CLEAR,0,0,1,L1_AABB
sobol_098,L01,L08,AABB_CLEAR,AABB_CLEAR,0,0,1,L1_AABB
sobol_098,L01,L09,AABB_CLEAR,AABB_CLEAR,0,0,1,L1_AABB
sobol_098,L01,L10,AABB_CLEAR,AABB_CLEAR,0,0,1,L1_AABB
sobol_098,L02,L03,EXPECTED_INTERFACE_CONTACT,EXPECTED_INTERFACE_CONTACT,0,0,1,L3_SELECTIVE_EXACT
sobol_098,L02,L04,AABB_FALSE_POSITIVE,AABB_FALSE_POSITIVE,0,0,1,L3_SELECTIVE_EXACT
sobol_098,L02,L05,AABB_CLEAR,AABB_CLEAR,0,0,1,L1_AABB
sobol_098,L02,L06,AABB_CLEAR,AABB_CLEAR,0,0,1,L1_AABB
sobol_098,L02,L07,AABB_CLEAR,AABB_CLEAR,0,0,1,L1_AABB
sobol_098,L02,L08,AABB_CLEAR,AABB_CLEAR,0,0,1,L1_AABB
sobol_098,L02,L09,AABB_CLEAR,AABB_CLEAR,0,0,1,L1_AABB
sobol_098,L02,L10,AABB_CLEAR,AABB_CLEAR,0,0,1,L1_AABB
sobol_098,L03,L04,EXPECTED_INTERFACE_CONTACT,EXPECTED_INTERFACE_CONTACT,0,0,1,L3_SELECTIVE_EXACT
sobol_098,L03,L05,AABB_CLEAR,MESH_CLEAR,0,0,1,L2_MESH_BVH
sobol_098,L03,L06,AABB_CLEAR,AABB_CLEAR,0,0,1,L1_AABB
sobol_098,L03,L07,AABB_CLEAR,AABB_CLEAR,0,0,1,L1_AABB
sobol_098,L03,L08,AABB_CLEAR,AABB_CLEAR,0,0,1,L1_AABB
sobol_098,L03,L09,AABB_CLEAR,AABB_CLEAR,0,0,1,L1_AABB
sobol_098,L03,L10,AABB_CLEAR,AABB_CLEAR,0,0,1,L1_AABB
sobol_098,L04,L05,EXPECTED_INTERFACE_CONTACT,EXPECTED_INTERFACE_CONTACT,0,0,1,L0_FIXED_SAFE
sobol_098,L04,L06,EXPECTED_INTERFACE_CONTACT,EXPECTED_INTERFACE_CONTACT,0,0,1,L3_SELECTIVE_EXACT
sobol_098,L04,L07,EXPECTED_INTERFACE_CONTACT,EXPECTED_INTERFACE_CONTACT,0,0,1,L3_SELECTIVE_EXACT
sobol_098,L04,L08,EXPECTED_INTERFACE_CONTACT,MESH_CLEAR,0,0,1,L2_MESH_BVH
sobol_098,L04,L09,AABB_CLEAR,AABB_CLEAR,0,0,1,L1_AABB
sobol_098,L04,L10,AABB_CLEAR,AABB_CLEAR,0,0,1,L1_AABB
sobol_098,L05,L06,EXPECTED_INTERFACE_CONTACT,EXPECTED_INTERFACE_CONTACT,0,0,1,L3_SELECTIVE_EXACT
sobol_098,L05,L07,EXPECTED_INTERFACE_CONTACT,EXPECTED_INTERFACE_CONTACT,0,0,1,L0_FIXED_SAFE
sobol_098,L05,L08,EXPECTED_INTERFACE_CONTACT,EXPECTED_INTERFACE_CONTACT,0,0,1,L3_SELECTIVE_EXACT
sobol_098,L05,L09,AABB_CLEAR,AABB_CLEAR,0,0,1,L1_AABB
sobol_098,L05,L10,AABB_CLEAR,AABB_CLEAR,0,0,1,L1_AABB
sobol_098,L06,L07,EXPECTED_INTERFACE_CONTACT,EXPECTED_INTERFACE_CONTACT,0,0,1,L3_SELECTIVE_EXACT
sobol_098,L06,L08,EXPECTED_INTERFACE_CONTACT,EXPECTED_INTERFACE_CONTACT,0,0,1,L3_SELECTIVE_EXACT
sobol_098,L06,L09,AABB_FALSE_POSITIVE,MESH_CLEAR,0,0,1,L2_MESH_BVH
sobol_098,L06,L10,AABB_CLEAR,MESH_CLEAR,0,0,1,L2_MESH_BVH
sobol_098,L07,L08,EXPECTED_INTERFACE_CONTACT,EXPECTED_INTERFACE_CONTACT,0,0,1,L0_FIXED_SAFE
sobol_098,L07,L09,AABB_CLEAR,AABB_CLEAR,0,0,1,L1_AABB
sobol_098,L07,L10,AABB_CLEAR,AABB_CLEAR,0,0,1,L1_AABB
sobol_098,L08,L09,EXPECTED_INTERFACE_CONTACT,EXPECTED_INTERFACE_CONTACT,0,0,1,L3_SELECTIVE_EXACT
sobol_098,L08,L10,EXPECTED_INTERFACE_CONTACT,EXPECTED_INTERFACE_CONTACT,0,0,1,L3_SELECTIVE_EXACT
sobol_098,L09,L10,AABB_FALSE_POSITIVE,MESH_CLEAR,0,0,1,L2_MESH_BVH
sobol_099,L00,L01,EXPECTED_INTERFACE_CONTACT,EXPECTED_INTERFACE_CONTACT,0,0,1,L3_SELECTIVE_EXACT
sobol_099,L00,L02,AABB_CLEAR,MESH_CLEAR,0,0,1,L2_MESH_BVH
sobol_099,L00,L03,AABB_CLEAR,AABB_CLEAR,0,0,1,L1_AABB
sobol_099,L00,L04,AABB_CLEAR,AABB_CLEAR,0,0,1,L1_AABB
sobol_099,L00,L05,AABB_CLEAR,AABB_CLEAR,0,0,1,L1_AABB
sobol_099,L00,L06,AABB_CLEAR,AABB_CLEAR,0,0,1,L1_AABB
sobol_099,L00,L07,AABB_CLEAR,AABB_CLEAR,0,0,1,L1_AABB
sobol_099,L00,L08,AABB_CLEAR,AABB_CLEAR,0,0,1,L1_AABB
sobol_099,L00,L09,AABB_CLEAR,AABB_CLEAR,0,0,1,L1_AABB
sobol_099,L00,L10,AABB_CLEAR,AABB_CLEAR,0,0,1,L1_AABB
sobol_099,L01,L02,EXPECTED_INTERFACE_CONTACT,EXPECTED_INTERFACE_CONTACT,0,0,1,L3_SELECTIVE_EXACT
sobol_099,L01,L03,AABB_CLEAR,AABB_CLEAR,0,0,1,L1_AABB
sobol_099,L01,L04,AABB_CLEAR,AABB_CLEAR,0,0,1,L1_AABB
sobol_099,L01,L05,AABB_CLEAR,AABB_CLEAR,0,0,1,L1_AABB
sobol_099,L01,L06,AABB_CLEAR,AABB_CLEAR,0,0,1,L1_AABB
sobol_099,L01,L07,AABB_CLEAR,AABB_CLEAR,0,0,1,L1_AABB
sobol_099,L01,L08,AABB_CLEAR,AABB_CLEAR,0,0,1,L1_AABB
sobol_099,L01,L09,AABB_CLEAR,AABB_CLEAR,0,0,1,L1_AABB
sobol_099,L01,L10,AABB_CLEAR,AABB_CLEAR,0,0,1,L1_AABB
sobol_099,L02,L03,EXPECTED_INTERFACE_CONTACT,EXPECTED_INTERFACE_CONTACT,0,0,1,L3_SELECTIVE_EXACT
sobol_099,L02,L04,AABB_CLEAR,AABB_CLEAR,0,0,1,L1_AABB
sobol_099,L02,L05,AABB_CLEAR,AABB_CLEAR,0,0,1,L1_AABB
sobol_099,L02,L06,AABB_CLEAR,AABB_CLEAR,0,0,1,L1_AABB
sobol_099,L02,L07,AABB_CLEAR,AABB_CLEAR,0,0,1,L1_AABB
sobol_099,L02,L08,AABB_CLEAR,AABB_CLEAR,0,0,1,L1_AABB
sobol_099,L02,L09,AABB_CLEAR,AABB_CLEAR,0,0,1,L1_AABB
sobol_099,L02,L10,AABB_CLEAR,AABB_CLEAR,0,0,1,L1_AABB
sobol_099,L03,L04,EXPECTED_INTERFACE_CONTACT,EXPECTED_INTERFACE_CONTACT,0,0,1,L3_SELECTIVE_EXACT
sobol_099,L03,L05,AABB_CLEAR,AABB_CLEAR,0,0,1,L1_AABB
sobol_099,L03,L06,AABB_CLEAR,AABB_CLEAR,0,0,1,L1_AABB
sobol_099,L03,L07,AABB_CLEAR,AABB_CLEAR,0,0,1,L1_AABB
sobol_099,L03,L08,AABB_CLEAR,AABB_CLEAR,0,0,1,L1_AABB
sobol_099,L03,L09,AABB_CLEAR,AABB_CLEAR,0,0,1,L1_AABB
sobol_099,L03,L10,AABB_CLEAR,AABB_CLEAR,0,0,1,L1_AABB
sobol_099,L04,L05,EXPECTED_INTERFACE_CONTACT,EXPECTED_INTERFACE_CONTACT,0,0,1,L0_FIXED_SAFE
sobol_099,L04,L06,EXPECTED_INTERFACE_CONTACT,EXPECTED_INTERFACE_CONTACT,0,0,1,L3_SELECTIVE_EXACT
sobol_099,L04,L07,EXPECTED_INTERFACE_CONTACT,EXPECTED_INTERFACE_CONTACT,0,0,1,L3_SELECTIVE_EXACT
sobol_099,L04,L08,AABB_CLEAR,AABB_CLEAR,0,0,1,L1_AABB
sobol_099,L04,L09,AABB_CLEAR,AABB_CLEAR,0,0,1,L1_AABB
sobol_099,L04,L10,AABB_CLEAR,AABB_CLEAR,0,0,1,L1_AABB
sobol_099,L05,L06,EXPECTED_INTERFACE_CONTACT,EXPECTED_INTERFACE_CONTACT,0,0,1,L3_SELECTIVE_EXACT
sobol_099,L05,L07,EXPECTED_INTERFACE_CONTACT,EXPECTED_INTERFACE_CONTACT,0,0,1,L0_FIXED_SAFE
sobol_099,L05,L08,AABB_CLEAR,AABB_CLEAR,0,0,1,L1_AABB
sobol_099,L05,L09,AABB_CLEAR,AABB_CLEAR,0,0,1,L1_AABB
sobol_099,L05,L10,AABB_CLEAR,AABB_CLEAR,0,0,1,L1_AABB
sobol_099,L06,L07,EXPECTED_INTERFACE_CONTACT,EXPECTED_INTERFACE_CONTACT,0,0,1,L3_SELECTIVE_EXACT
sobol_099,L06,L08,EXPECTED_INTERFACE_CONTACT,EXPECTED_INTERFACE_CONTACT,0,0,1,L3_SELECTIVE_EXACT
sobol_099,L06,L09,AABB_CLEAR,AABB_CLEAR,0,0,1,L1_AABB
sobol_099,L06,L10,AABB_CLEAR,AABB_CLEAR,0,0,1,L1_AABB
sobol_099,L07,L08,EXPECTED_INTERFACE_CONTACT,EXPECTED_INTERFACE_CONTACT,0,0,1,L0_FIXED_SAFE
sobol_099,L07,L09,AABB_CLEAR,AABB_CLEAR,0,0,1,L1_AABB
sobol_099,L07,L10,AABB_CLEAR,AABB_CLEAR,0,0,1,L1_AABB
sobol_099,L08,L09,EXPECTED_INTERFACE_CONTACT,EXPECTED_INTERFACE_CONTACT,0,0,1,L3_SELECTIVE_EXACT
sobol_099,L08,L10,EXPECTED_INTERFACE_CONTACT,EXPECTED_INTERFACE_CONTACT,0,0,1,L3_SELECTIVE_EXACT
sobol_099,L09,L10,AABB_CLEAR,AABB_CLEAR,0,0,1,L1_AABB
sobol_100,L00,L01,EXPECTED_INTERFACE_CONTACT,EXPECTED_INTERFACE_CONTACT,0,0,1,L3_SELECTIVE_EXACT
sobol_100,L00,L02,AABB_CLEAR,AABB_CLEAR,0,0,1,L1_AABB
sobol_100,L00,L03,AABB_CLEAR,AABB_CLEAR,0,0,1,L1_AABB
sobol_100,L00,L04,AABB_CLEAR,AABB_CLEAR,0,0,1,L1_AABB
sobol_100,L00,L05,AABB_CLEAR,AABB_CLEAR,0,0,1,L1_AABB
sobol_100,L00,L06,AABB_CLEAR,AABB_CLEAR,0,0,1,L1_AABB
sobol_100,L00,L07,AABB_CLEAR,AABB_CLEAR,0,0,1,L1_AABB
sobol_100,L00,L08,AABB_CLEAR,AABB_CLEAR,0,0,1,L1_AABB
sobol_100,L00,L09,AABB_CLEAR,AABB_CLEAR,0,0,1,L1_AABB
sobol_100,L00,L10,AABB_CLEAR,AABB_CLEAR,0,0,1,L1_AABB
sobol_100,L01,L02,EXPECTED_INTERFACE_CONTACT,EXPECTED_INTERFACE_CONTACT,0,0,1,L3_SELECTIVE_EXACT
sobol_100,L01,L03,AABB_CLEAR,AABB_CLEAR,0,0,1,L1_AABB
sobol_100,L01,L04,AABB_CLEAR,AABB_CLEAR,0,0,1,L1_AABB
sobol_100,L01,L05,AABB_CLEAR,AABB_CLEAR,0,0,1,L1_AABB
sobol_100,L01,L06,AABB_CLEAR,AABB_CLEAR,0,0,1,L1_AABB
sobol_100,L01,L07,AABB_CLEAR,AABB_CLEAR,0,0,1,L1_AABB
sobol_100,L01,L08,AABB_CLEAR,AABB_CLEAR,0,0,1,L1_AABB
sobol_100,L01,L09,AABB_CLEAR,AABB_CLEAR,0,0,1,L1_AABB
sobol_100,L01,L10,AABB_CLEAR,AABB_CLEAR,0,0,1,L1_AABB
sobol_100,L02,L03,EXPECTED_INTERFACE_CONTACT,EXPECTED_INTERFACE_CONTACT,0,0,1,L3_SELECTIVE_EXACT
sobol_100,L02,L04,AABB_CLEAR,AABB_CLEAR,0,0,1,L1_AABB
sobol_100,L02,L05,AABB_CLEAR,AABB_CLEAR,0,0,1,L1_AABB
sobol_100,L02,L06,AABB_CLEAR,AABB_CLEAR,0,0,1,L1_AABB
sobol_100,L02,L07,AABB_CLEAR,AABB_CLEAR,0,0,1,L1_AABB
sobol_100,L02,L08,AABB_CLEAR,AABB_CLEAR,0,0,1,L1_AABB
sobol_100,L02,L09,AABB_CLEAR,AABB_CLEAR,0,0,1,L1_AABB
sobol_100,L02,L10,AABB_CLEAR,AABB_CLEAR,0,0,1,L1_AABB
sobol_100,L03,L04,EXPECTED_INTERFACE_CONTACT,EXPECTED_INTERFACE_CONTACT,0,0,1,L3_SELECTIVE_EXACT
sobol_100,L03,L05,AABB_CLEAR,MESH_CLEAR,0,0,1,L2_MESH_BVH
sobol_100,L03,L06,AABB_CLEAR,AABB_CLEAR,0,0,1,L1_AABB
sobol_100,L03,L07,AABB_CLEAR,AABB_CLEAR,0,0,1,L1_AABB
sobol_100,L03,L08,AABB_CLEAR,AABB_CLEAR,0,0,1,L1_AABB
sobol_100,L03,L09,AABB_CLEAR,AABB_CLEAR,0,0,1,L1_AABB
sobol_100,L03,L10,AABB_CLEAR,AABB_CLEAR,0,0,1,L1_AABB
sobol_100,L04,L05,EXPECTED_INTERFACE_CONTACT,EXPECTED_INTERFACE_CONTACT,0,0,1,L0_FIXED_SAFE
sobol_100,L04,L06,EXPECTED_INTERFACE_CONTACT,EXPECTED_INTERFACE_CONTACT,0,0,1,L3_SELECTIVE_EXACT
sobol_100,L04,L07,EXPECTED_INTERFACE_CONTACT,EXPECTED_INTERFACE_CONTACT,0,0,1,L3_SELECTIVE_EXACT
sobol_100,L04,L08,EXPECTED_INTERFACE_CONTACT,MESH_CLEAR,0,0,1,L2_MESH_BVH
sobol_100,L04,L09,AABB_CLEAR,AABB_CLEAR,0,0,1,L1_AABB
sobol_100,L04,L10,AABB_CLEAR,AABB_CLEAR,0,0,1,L1_AABB
sobol_100,L05,L06,EXPECTED_INTERFACE_CONTACT,EXPECTED_INTERFACE_CONTACT,0,0,1,L3_SELECTIVE_EXACT
sobol_100,L05,L07,EXPECTED_INTERFACE_CONTACT,EXPECTED_INTERFACE_CONTACT,0,0,1,L0_FIXED_SAFE
sobol_100,L05,L08,EXPECTED_INTERFACE_CONTACT,EXPECTED_INTERFACE_CONTACT,0,0,1,L3_SELECTIVE_EXACT
sobol_100,L05,L09,EXPECTED_INTERFACE_CONTACT,EXPECTED_INTERFACE_CONTACT,0,0,1,L3_SELECTIVE_EXACT
sobol_100,L05,L10,EXPECTED_INTERFACE_CONTACT,EXPECTED_INTERFACE_CONTACT,0,0,1,L3_SELECTIVE_EXACT
sobol_100,L06,L07,EXPECTED_INTERFACE_CONTACT,EXPECTED_INTERFACE_CONTACT,0,0,1,L3_SELECTIVE_EXACT
sobol_100,L06,L08,EXPECTED_INTERFACE_CONTACT,EXPECTED_INTERFACE_CONTACT,0,0,1,L3_SELECTIVE_EXACT
sobol_100,L06,L09,AABB_FALSE_POSITIVE,AABB_FALSE_POSITIVE,0,0,1,L3_SELECTIVE_EXACT
sobol_100,L06,L10,AABB_FALSE_POSITIVE,AABB_FALSE_POSITIVE,0,0,1,L3_SELECTIVE_EXACT
sobol_100,L07,L08,EXPECTED_INTERFACE_CONTACT,EXPECTED_INTERFACE_CONTACT,0,0,1,L0_FIXED_SAFE
sobol_100,L07,L09,EXPECTED_INTERFACE_CONTACT,EXPECTED_INTERFACE_CONTACT,0,0,1,L3_SELECTIVE_EXACT
sobol_100,L07,L10,EXPECTED_INTERFACE_CONTACT,EXPECTED_INTERFACE_CONTACT,0,0,1,L3_SELECTIVE_EXACT
sobol_100,L08,L09,EXPECTED_INTERFACE_CONTACT,EXPECTED_INTERFACE_CONTACT,0,0,1,L3_SELECTIVE_EXACT
sobol_100,L08,L10,EXPECTED_INTERFACE_CONTACT,EXPECTED_INTERFACE_CONTACT,0,0,1,L3_SELECTIVE_EXACT
sobol_100,L09,L10,AABB_FALSE_POSITIVE,AABB_FALSE_POSITIVE,0,0,1,L3_SELECTIVE_EXACT
sobol_101,L00,L01,EXPECTED_INTERFACE_CONTACT,EXPECTED_INTERFACE_CONTACT,0,0,1,L3_SELECTIVE_EXACT
sobol_101,L00,L02,AABB_CLEAR,AABB_CLEAR,0,0,1,L1_AABB
sobol_101,L00,L03,AABB_CLEAR,AABB_CLEAR,0,0,1,L1_AABB
sobol_101,L00,L04,AABB_CLEAR,AABB_CLEAR,0,0,1,L1_AABB
sobol_101,L00,L05,AABB_CLEAR,AABB_CLEAR,0,0,1,L1_AABB
sobol_101,L00,L06,AABB_CLEAR,AABB_CLEAR,0,0,1,L1_AABB
sobol_101,L00,L07,AABB_CLEAR,AABB_CLEAR,0,0,1,L1_AABB
sobol_101,L00,L08,AABB_CLEAR,AABB_CLEAR,0,0,1,L1_AABB
sobol_101,L00,L09,AABB_CLEAR,AABB_CLEAR,0,0,1,L1_AABB
sobol_101,L00,L10,AABB_CLEAR,AABB_CLEAR,0,0,1,L1_AABB
sobol_101,L01,L02,EXPECTED_INTERFACE_CONTACT,EXPECTED_INTERFACE_CONTACT,0,0,1,L3_SELECTIVE_EXACT
sobol_101,L01,L03,AABB_CLEAR,AABB_CLEAR,0,0,1,L1_AABB
sobol_101,L01,L04,AABB_CLEAR,AABB_CLEAR,0,0,1,L1_AABB
sobol_101,L01,L05,AABB_CLEAR,AABB_CLEAR,0,0,1,L1_AABB
sobol_101,L01,L06,AABB_CLEAR,AABB_CLEAR,0,0,1,L1_AABB
sobol_101,L01,L07,AABB_CLEAR,AABB_CLEAR,0,0,1,L1_AABB
sobol_101,L01,L08,AABB_CLEAR,AABB_CLEAR,0,0,1,L1_AABB
sobol_101,L01,L09,AABB_CLEAR,AABB_CLEAR,0,0,1,L1_AABB
sobol_101,L01,L10,AABB_CLEAR,AABB_CLEAR,0,0,1,L1_AABB
sobol_101,L02,L03,EXPECTED_INTERFACE_CONTACT,EXPECTED_INTERFACE_CONTACT,0,0,1,L3_SELECTIVE_EXACT
sobol_101,L02,L04,AABB_CLEAR,AABB_CLEAR,0,0,1,L1_AABB
sobol_101,L02,L05,AABB_CLEAR,AABB_CLEAR,0,0,1,L1_AABB
sobol_101,L02,L06,AABB_CLEAR,AABB_CLEAR,0,0,1,L1_AABB
sobol_101,L02,L07,AABB_CLEAR,AABB_CLEAR,0,0,1,L1_AABB
sobol_101,L02,L08,AABB_CLEAR,AABB_CLEAR,0,0,1,L1_AABB
sobol_101,L02,L09,AABB_CLEAR,AABB_CLEAR,0,0,1,L1_AABB
sobol_101,L02,L10,AABB_CLEAR,AABB_CLEAR,0,0,1,L1_AABB
sobol_101,L03,L04,EXPECTED_INTERFACE_CONTACT,EXPECTED_INTERFACE_CONTACT,0,0,1,L3_SELECTIVE_EXACT
sobol_101,L03,L05,AABB_CLEAR,AABB_CLEAR,0,0,1,L1_AABB
sobol_101,L03,L06,AABB_CLEAR,AABB_CLEAR,0,0,1,L1_AABB
sobol_101,L03,L07,AABB_CLEAR,AABB_CLEAR,0,0,1,L1_AABB
sobol_101,L03,L08,AABB_CLEAR,AABB_CLEAR,0,0,1,L1_AABB
sobol_101,L03,L09,AABB_CLEAR,AABB_CLEAR,0,0,1,L1_AABB
sobol_101,L03,L10,AABB_CLEAR,AABB_CLEAR,0,0,1,L1_AABB
sobol_101,L04,L05,EXPECTED_INTERFACE_CONTACT,EXPECTED_INTERFACE_CONTACT,0,0,1,L0_FIXED_SAFE
sobol_101,L04,L06,EXPECTED_INTERFACE_CONTACT,EXPECTED_INTERFACE_CONTACT,0,0,1,L3_SELECTIVE_EXACT
sobol_101,L04,L07,EXPECTED_INTERFACE_CONTACT,EXPECTED_INTERFACE_CONTACT,0,0,1,L3_SELECTIVE_EXACT
sobol_101,L04,L08,AABB_CLEAR,MESH_CLEAR,0,0,1,L2_MESH_BVH
sobol_101,L04,L09,AABB_CLEAR,AABB_CLEAR,0,0,1,L1_AABB
sobol_101,L04,L10,AABB_CLEAR,AABB_CLEAR,0,0,1,L1_AABB
sobol_101,L05,L06,EXPECTED_INTERFACE_CONTACT,EXPECTED_INTERFACE_CONTACT,0,0,1,L3_SELECTIVE_EXACT
sobol_101,L05,L07,EXPECTED_INTERFACE_CONTACT,EXPECTED_INTERFACE_CONTACT,0,0,1,L0_FIXED_SAFE
sobol_101,L05,L08,EXPECTED_INTERFACE_CONTACT,EXPECTED_INTERFACE_CONTACT,0,0,1,L3_SELECTIVE_EXACT
sobol_101,L05,L09,AABB_CLEAR,AABB_CLEAR,0,0,1,L1_AABB
sobol_101,L05,L10,AABB_CLEAR,AABB_CLEAR,0,0,1,L1_AABB
sobol_101,L06,L07,EXPECTED_INTERFACE_CONTACT,EXPECTED_INTERFACE_CONTACT,0,0,1,L3_SELECTIVE_EXACT
sobol_101,L06,L08,EXPECTED_INTERFACE_CONTACT,EXPECTED_INTERFACE_CONTACT,0,0,1,L3_SELECTIVE_EXACT
sobol_101,L06,L09,AABB_CLEAR,AABB_CLEAR,0,0,1,L1_AABB
sobol_101,L06,L10,AABB_CLEAR,AABB_CLEAR,0,0,1,L1_AABB
sobol_101,L07,L08,EXPECTED_INTERFACE_CONTACT,EXPECTED_INTERFACE_CONTACT,0,0,1,L0_FIXED_SAFE
sobol_101,L07,L09,AABB_CLEAR,AABB_CLEAR,0,0,1,L1_AABB
sobol_101,L07,L10,AABB_CLEAR,AABB_CLEAR,0,0,1,L1_AABB
sobol_101,L08,L09,EXPECTED_INTERFACE_CONTACT,EXPECTED_INTERFACE_CONTACT,0,0,1,L3_SELECTIVE_EXACT
sobol_101,L08,L10,EXPECTED_INTERFACE_CONTACT,EXPECTED_INTERFACE_CONTACT,0,0,1,L3_SELECTIVE_EXACT
sobol_101,L09,L10,AABB_CLEAR,AABB_CLEAR,0,0,1,L1_AABB
sobol_102,L00,L01,EXPECTED_INTERFACE_CONTACT,EXPECTED_INTERFACE_CONTACT,0,0,1,L3_SELECTIVE_EXACT
sobol_102,L00,L02,AABB_CLEAR,AABB_CLEAR,0,0,1,L1_AABB
sobol_102,L00,L03,AABB_CLEAR,AABB_CLEAR,0,0,1,L1_AABB
sobol_102,L00,L04,AABB_CLEAR,AABB_CLEAR,0,0,1,L1_AABB
sobol_102,L00,L05,AABB_CLEAR,AABB_CLEAR,0,0,1,L1_AABB
sobol_102,L00,L06,AABB_CLEAR,AABB_CLEAR,0,0,1,L1_AABB
sobol_102,L00,L07,AABB_CLEAR,AABB_CLEAR,0,0,1,L1_AABB
sobol_102,L00,L08,AABB_CLEAR,AABB_CLEAR,0,0,1,L1_AABB
sobol_102,L00,L09,AABB_CLEAR,AABB_CLEAR,0,0,1,L1_AABB
sobol_102,L00,L10,AABB_CLEAR,AABB_CLEAR,0,0,1,L1_AABB
sobol_102,L01,L02,EXPECTED_INTERFACE_CONTACT,EXPECTED_INTERFACE_CONTACT,0,0,1,L3_SELECTIVE_EXACT
sobol_102,L01,L03,AABB_CLEAR,AABB_CLEAR,0,0,1,L1_AABB
sobol_102,L01,L04,AABB_CLEAR,AABB_CLEAR,0,0,1,L1_AABB
sobol_102,L01,L05,AABB_CLEAR,AABB_CLEAR,0,0,1,L1_AABB
sobol_102,L01,L06,AABB_CLEAR,AABB_CLEAR,0,0,1,L1_AABB
sobol_102,L01,L07,AABB_CLEAR,AABB_CLEAR,0,0,1,L1_AABB
sobol_102,L01,L08,AABB_CLEAR,AABB_CLEAR,0,0,1,L1_AABB
sobol_102,L01,L09,AABB_CLEAR,AABB_CLEAR,0,0,1,L1_AABB
sobol_102,L01,L10,AABB_CLEAR,AABB_CLEAR,0,0,1,L1_AABB
sobol_102,L02,L03,EXPECTED_INTERFACE_CONTACT,EXPECTED_INTERFACE_CONTACT,0,0,1,L3_SELECTIVE_EXACT
sobol_102,L02,L04,AABB_CLEAR,AABB_CLEAR,0,0,1,L1_AABB
sobol_102,L02,L05,AABB_CLEAR,AABB_CLEAR,0,0,1,L1_AABB
sobol_102,L02,L06,AABB_CLEAR,AABB_CLEAR,0,0,1,L1_AABB
sobol_102,L02,L07,AABB_CLEAR,AABB_CLEAR,0,0,1,L1_AABB
sobol_102,L02,L08,AABB_CLEAR,AABB_CLEAR,0,0,1,L1_AABB
sobol_102,L02,L09,AABB_CLEAR,AABB_CLEAR,0,0,1,L1_AABB
sobol_102,L02,L10,AABB_CLEAR,AABB_CLEAR,0,0,1,L1_AABB
sobol_102,L03,L04,EXPECTED_INTERFACE_CONTACT,EXPECTED_INTERFACE_CONTACT,0,0,1,L3_SELECTIVE_EXACT
sobol_102,L03,L05,AABB_CLEAR,AABB_CLEAR,0,0,1,L1_AABB
sobol_102,L03,L06,AABB_CLEAR,AABB_CLEAR,0,0,1,L1_AABB
sobol_102,L03,L07,AABB_CLEAR,AABB_CLEAR,0,0,1,L1_AABB
sobol_102,L03,L08,AABB_CLEAR,AABB_CLEAR,0,0,1,L1_AABB
sobol_102,L03,L09,AABB_CLEAR,AABB_CLEAR,0,0,1,L1_AABB
sobol_102,L03,L10,AABB_CLEAR,AABB_CLEAR,0,0,1,L1_AABB
sobol_102,L04,L05,EXPECTED_INTERFACE_CONTACT,EXPECTED_INTERFACE_CONTACT,0,0,1,L0_FIXED_SAFE
sobol_102,L04,L06,EXPECTED_INTERFACE_CONTACT,EXPECTED_INTERFACE_CONTACT,0,0,1,L3_SELECTIVE_EXACT
sobol_102,L04,L07,EXPECTED_INTERFACE_CONTACT,EXPECTED_INTERFACE_CONTACT,0,0,1,L3_SELECTIVE_EXACT
sobol_102,L04,L08,AABB_CLEAR,MESH_CLEAR,0,0,1,L2_MESH_BVH
sobol_102,L04,L09,AABB_CLEAR,AABB_CLEAR,0,0,1,L1_AABB
sobol_102,L04,L10,AABB_CLEAR,AABB_CLEAR,0,0,1,L1_AABB
sobol_102,L05,L06,EXPECTED_INTERFACE_CONTACT,EXPECTED_INTERFACE_CONTACT,0,0,1,L3_SELECTIVE_EXACT
sobol_102,L05,L07,EXPECTED_INTERFACE_CONTACT,EXPECTED_INTERFACE_CONTACT,0,0,1,L0_FIXED_SAFE
sobol_102,L05,L08,EXPECTED_INTERFACE_CONTACT,EXPECTED_INTERFACE_CONTACT,0,0,1,L3_SELECTIVE_EXACT
sobol_102,L05,L09,AABB_CLEAR,AABB_CLEAR,0,0,1,L1_AABB
sobol_102,L05,L10,EXPECTED_INTERFACE_CONTACT,MESH_CLEAR,0,0,1,L2_MESH_BVH
sobol_102,L06,L07,EXPECTED_INTERFACE_CONTACT,EXPECTED_INTERFACE_CONTACT,0,0,1,L3_SELECTIVE_EXACT
sobol_102,L06,L08,EXPECTED_INTERFACE_CONTACT,EXPECTED_INTERFACE_CONTACT,0,0,1,L3_SELECTIVE_EXACT
sobol_102,L06,L09,AABB_CLEAR,AABB_CLEAR,0,0,1,L1_AABB
sobol_102,L06,L10,AABB_FALSE_POSITIVE,MESH_CLEAR,0,0,1,L2_MESH_BVH
sobol_102,L07,L08,EXPECTED_INTERFACE_CONTACT,EXPECTED_INTERFACE_CONTACT,0,0,1,L0_FIXED_SAFE
sobol_102,L07,L09,AABB_CLEAR,AABB_CLEAR,0,0,1,L1_AABB
sobol_102,L07,L10,EXPECTED_INTERFACE_CONTACT,MESH_CLEAR,0,0,1,L2_MESH_BVH
sobol_102,L08,L09,EXPECTED_INTERFACE_CONTACT,EXPECTED_INTERFACE_CONTACT,0,0,1,L3_SELECTIVE_EXACT
sobol_102,L08,L10,EXPECTED_INTERFACE_CONTACT,EXPECTED_INTERFACE_CONTACT,0,0,1,L3_SELECTIVE_EXACT
sobol_102,L09,L10,AABB_CLEAR,AABB_CLEAR,0,0,1,L1_AABB
sobol_103,L00,L01,EXPECTED_INTERFACE_CONTACT,EXPECTED_INTERFACE_CONTACT,0,0,1,L3_SELECTIVE_EXACT
sobol_103,L00,L02,AABB_CLEAR,MESH_CLEAR,0,0,1,L2_MESH_BVH
sobol_103,L00,L03,AABB_CLEAR,AABB_CLEAR,0,0,1,L1_AABB
sobol_103,L00,L04,AABB_CLEAR,AABB_CLEAR,0,0,1,L1_AABB
sobol_103,L00,L05,AABB_CLEAR,AABB_CLEAR,0,0,1,L1_AABB
sobol_103,L00,L06,AABB_CLEAR,AABB_CLEAR,0,0,1,L1_AABB
sobol_103,L00,L07,AABB_CLEAR,AABB_CLEAR,0,0,1,L1_AABB
sobol_103,L00,L08,AABB_CLEAR,AABB_CLEAR,0,0,1,L1_AABB
sobol_103,L00,L09,AABB_CLEAR,AABB_CLEAR,0,0,1,L1_AABB
sobol_103,L00,L10,AABB_CLEAR,AABB_CLEAR,0,0,1,L1_AABB
sobol_103,L01,L02,EXPECTED_INTERFACE_CONTACT,EXPECTED_INTERFACE_CONTACT,0,0,1,L3_SELECTIVE_EXACT
sobol_103,L01,L03,AABB_CLEAR,AABB_CLEAR,0,0,1,L1_AABB
sobol_103,L01,L04,AABB_CLEAR,AABB_CLEAR,0,0,1,L1_AABB
sobol_103,L01,L05,AABB_CLEAR,AABB_CLEAR,0,0,1,L1_AABB
sobol_103,L01,L06,AABB_CLEAR,AABB_CLEAR,0,0,1,L1_AABB
sobol_103,L01,L07,AABB_CLEAR,AABB_CLEAR,0,0,1,L1_AABB
sobol_103,L01,L08,AABB_CLEAR,AABB_CLEAR,0,0,1,L1_AABB
sobol_103,L01,L09,AABB_CLEAR,AABB_CLEAR,0,0,1,L1_AABB
sobol_103,L01,L10,AABB_CLEAR,AABB_CLEAR,0,0,1,L1_AABB
sobol_103,L02,L03,EXPECTED_INTERFACE_CONTACT,EXPECTED_INTERFACE_CONTACT,0,0,1,L3_SELECTIVE_EXACT
sobol_103,L02,L04,AABB_CLEAR,AABB_CLEAR,0,0,1,L1_AABB
sobol_103,L02,L05,AABB_CLEAR,AABB_CLEAR,0,0,1,L1_AABB
sobol_103,L02,L06,AABB_CLEAR,AABB_CLEAR,0,0,1,L1_AABB
sobol_103,L02,L07,AABB_CLEAR,AABB_CLEAR,0,0,1,L1_AABB
sobol_103,L02,L08,AABB_CLEAR,AABB_CLEAR,0,0,1,L1_AABB
sobol_103,L02,L09,AABB_CLEAR,AABB_CLEAR,0,0,1,L1_AABB
sobol_103,L02,L10,AABB_CLEAR,AABB_CLEAR,0,0,1,L1_AABB
sobol_103,L03,L04,EXPECTED_INTERFACE_CONTACT,EXPECTED_INTERFACE_CONTACT,0,0,1,L3_SELECTIVE_EXACT
sobol_103,L03,L05,AABB_CLEAR,AABB_CLEAR,0,0,1,L1_AABB
sobol_103,L03,L06,AABB_CLEAR,AABB_CLEAR,0,0,1,L1_AABB
sobol_103,L03,L07,AABB_CLEAR,AABB_CLEAR,0,0,1,L1_AABB
sobol_103,L03,L08,AABB_CLEAR,AABB_CLEAR,0,0,1,L1_AABB
sobol_103,L03,L09,AABB_CLEAR,AABB_CLEAR,0,0,1,L1_AABB
sobol_103,L03,L10,AABB_CLEAR,AABB_CLEAR,0,0,1,L1_AABB
sobol_103,L04,L05,EXPECTED_INTERFACE_CONTACT,EXPECTED_INTERFACE_CONTACT,0,0,1,L0_FIXED_SAFE
sobol_103,L04,L06,EXPECTED_INTERFACE_CONTACT,EXPECTED_INTERFACE_CONTACT,0,0,1,L3_SELECTIVE_EXACT
sobol_103,L04,L07,EXPECTED_INTERFACE_CONTACT,EXPECTED_INTERFACE_CONTACT,0,0,1,L3_SELECTIVE_EXACT
sobol_103,L04,L08,AABB_CLEAR,MESH_CLEAR,0,0,1,L2_MESH_BVH
sobol_103,L04,L09,AABB_CLEAR,AABB_CLEAR,0,0,1,L1_AABB
sobol_103,L04,L10,AABB_CLEAR,AABB_CLEAR,0,0,1,L1_AABB
sobol_103,L05,L06,EXPECTED_INTERFACE_CONTACT,EXPECTED_INTERFACE_CONTACT,0,0,1,L3_SELECTIVE_EXACT
sobol_103,L05,L07,EXPECTED_INTERFACE_CONTACT,EXPECTED_INTERFACE_CONTACT,0,0,1,L0_FIXED_SAFE
sobol_103,L05,L08,EXPECTED_INTERFACE_CONTACT,EXPECTED_INTERFACE_CONTACT,0,0,1,L3_SELECTIVE_EXACT
sobol_103,L05,L09,EXPECTED_INTERFACE_CONTACT,EXPECTED_INTERFACE_CONTACT,0,0,1,L3_SELECTIVE_EXACT
sobol_103,L05,L10,EXPECTED_INTERFACE_CONTACT,EXPECTED_INTERFACE_CONTACT,0,0,1,L3_SELECTIVE_EXACT
sobol_103,L06,L07,EXPECTED_INTERFACE_CONTACT,EXPECTED_INTERFACE_CONTACT,0,0,1,L3_SELECTIVE_EXACT
sobol_103,L06,L08,EXPECTED_INTERFACE_CONTACT,EXPECTED_INTERFACE_CONTACT,0,0,1,L3_SELECTIVE_EXACT
sobol_103,L06,L09,AABB_CLEAR,MESH_CLEAR,0,0,1,L2_MESH_BVH
sobol_103,L06,L10,AABB_FALSE_POSITIVE,AABB_FALSE_POSITIVE,0,0,1,L3_SELECTIVE_EXACT
sobol_103,L07,L08,EXPECTED_INTERFACE_CONTACT,EXPECTED_INTERFACE_CONTACT,0,0,1,L0_FIXED_SAFE
sobol_103,L07,L09,AABB_CLEAR,AABB_CLEAR,0,0,1,L1_AABB
sobol_103,L07,L10,EXPECTED_INTERFACE_CONTACT,MESH_CLEAR,0,0,1,L2_MESH_BVH
sobol_103,L08,L09,EXPECTED_INTERFACE_CONTACT,EXPECTED_INTERFACE_CONTACT,0,0,1,L3_SELECTIVE_EXACT
sobol_103,L08,L10,EXPECTED_INTERFACE_CONTACT,EXPECTED_INTERFACE_CONTACT,0,0,1,L3_SELECTIVE_EXACT
sobol_103,L09,L10,AABB_CLEAR,MESH_CLEAR,0,0,1,L2_MESH_BVH
sobol_104,L00,L01,EXPECTED_INTERFACE_CONTACT,EXPECTED_INTERFACE_CONTACT,0,0,1,L3_SELECTIVE_EXACT
sobol_104,L00,L02,AABB_CLEAR,AABB_CLEAR,0,0,1,L1_AABB
sobol_104,L00,L03,AABB_CLEAR,AABB_CLEAR,0,0,1,L1_AABB
sobol_104,L00,L04,AABB_CLEAR,AABB_CLEAR,0,0,1,L1_AABB
sobol_104,L00,L05,AABB_CLEAR,AABB_CLEAR,0,0,1,L1_AABB
sobol_104,L00,L06,AABB_CLEAR,AABB_CLEAR,0,0,1,L1_AABB
sobol_104,L00,L07,AABB_CLEAR,AABB_CLEAR,0,0,1,L1_AABB
sobol_104,L00,L08,AABB_CLEAR,AABB_CLEAR,0,0,1,L1_AABB
sobol_104,L00,L09,AABB_CLEAR,AABB_CLEAR,0,0,1,L1_AABB
sobol_104,L00,L10,AABB_CLEAR,AABB_CLEAR,0,0,1,L1_AABB
sobol_104,L01,L02,EXPECTED_INTERFACE_CONTACT,EXPECTED_INTERFACE_CONTACT,0,0,1,L3_SELECTIVE_EXACT
sobol_104,L01,L03,AABB_CLEAR,AABB_CLEAR,0,0,1,L1_AABB
sobol_104,L01,L04,AABB_CLEAR,AABB_CLEAR,0,0,1,L1_AABB
sobol_104,L01,L05,AABB_CLEAR,AABB_CLEAR,0,0,1,L1_AABB
sobol_104,L01,L06,AABB_CLEAR,AABB_CLEAR,0,0,1,L1_AABB
sobol_104,L01,L07,AABB_CLEAR,AABB_CLEAR,0,0,1,L1_AABB
sobol_104,L01,L08,AABB_CLEAR,AABB_CLEAR,0,0,1,L1_AABB
sobol_104,L01,L09,AABB_CLEAR,AABB_CLEAR,0,0,1,L1_AABB
sobol_104,L01,L10,AABB_CLEAR,AABB_CLEAR,0,0,1,L1_AABB
sobol_104,L02,L03,EXPECTED_INTERFACE_CONTACT,EXPECTED_INTERFACE_CONTACT,0,0,1,L3_SELECTIVE_EXACT
sobol_104,L02,L04,AABB_CLEAR,AABB_CLEAR,0,0,1,L1_AABB
sobol_104,L02,L05,AABB_CLEAR,AABB_CLEAR,0,0,1,L1_AABB
sobol_104,L02,L06,AABB_CLEAR,AABB_CLEAR,0,0,1,L1_AABB
sobol_104,L02,L07,AABB_CLEAR,AABB_CLEAR,0,0,1,L1_AABB
sobol_104,L02,L08,AABB_CLEAR,AABB_CLEAR,0,0,1,L1_AABB
sobol_104,L02,L09,AABB_CLEAR,AABB_CLEAR,0,0,1,L1_AABB
sobol_104,L02,L10,AABB_CLEAR,AABB_CLEAR,0,0,1,L1_AABB
sobol_104,L03,L04,EXPECTED_INTERFACE_CONTACT,EXPECTED_INTERFACE_CONTACT,0,0,1,L3_SELECTIVE_EXACT
sobol_104,L03,L05,AABB_CLEAR,AABB_CLEAR,0,0,1,L1_AABB
sobol_104,L03,L06,AABB_CLEAR,AABB_CLEAR,0,0,1,L1_AABB
sobol_104,L03,L07,AABB_CLEAR,AABB_CLEAR,0,0,1,L1_AABB
sobol_104,L03,L08,AABB_CLEAR,AABB_CLEAR,0,0,1,L1_AABB
sobol_104,L03,L09,AABB_CLEAR,AABB_CLEAR,0,0,1,L1_AABB
sobol_104,L03,L10,AABB_CLEAR,AABB_CLEAR,0,0,1,L1_AABB
sobol_104,L04,L05,EXPECTED_INTERFACE_CONTACT,EXPECTED_INTERFACE_CONTACT,0,0,1,L0_FIXED_SAFE
sobol_104,L04,L06,EXPECTED_INTERFACE_CONTACT,EXPECTED_INTERFACE_CONTACT,0,0,1,L3_SELECTIVE_EXACT
sobol_104,L04,L07,EXPECTED_INTERFACE_CONTACT,EXPECTED_INTERFACE_CONTACT,0,0,1,L3_SELECTIVE_EXACT
sobol_104,L04,L08,AABB_CLEAR,AABB_CLEAR,0,0,1,L1_AABB
sobol_104,L04,L09,AABB_CLEAR,AABB_CLEAR,0,0,1,L1_AABB
sobol_104,L04,L10,AABB_CLEAR,AABB_CLEAR,0,0,1,L1_AABB
sobol_104,L05,L06,EXPECTED_INTERFACE_CONTACT,EXPECTED_INTERFACE_CONTACT,0,0,1,L3_SELECTIVE_EXACT
sobol_104,L05,L07,EXPECTED_INTERFACE_CONTACT,EXPECTED_INTERFACE_CONTACT,0,0,1,L0_FIXED_SAFE
sobol_104,L05,L08,EXPECTED_INTERFACE_CONTACT,EXPECTED_INTERFACE_CONTACT,0,0,1,L3_SELECTIVE_EXACT
sobol_104,L05,L09,AABB_CLEAR,MESH_CLEAR,0,0,1,L2_MESH_BVH
sobol_104,L05,L10,AABB_CLEAR,AABB_CLEAR,0,0,1,L1_AABB
sobol_104,L06,L07,EXPECTED_INTERFACE_CONTACT,EXPECTED_INTERFACE_CONTACT,0,0,1,L3_SELECTIVE_EXACT
sobol_104,L06,L08,EXPECTED_INTERFACE_CONTACT,EXPECTED_INTERFACE_CONTACT,0,0,1,L3_SELECTIVE_EXACT
sobol_104,L06,L09,AABB_CLEAR,AABB_CLEAR,0,0,1,L1_AABB
sobol_104,L06,L10,AABB_CLEAR,AABB_CLEAR,0,0,1,L1_AABB
sobol_104,L07,L08,EXPECTED_INTERFACE_CONTACT,EXPECTED_INTERFACE_CONTACT,0,0,1,L0_FIXED_SAFE
sobol_104,L07,L09,AABB_CLEAR,AABB_CLEAR,0,0,1,L1_AABB
sobol_104,L07,L10,AABB_CLEAR,AABB_CLEAR,0,0,1,L1_AABB
sobol_104,L08,L09,EXPECTED_INTERFACE_CONTACT,EXPECTED_INTERFACE_CONTACT,0,0,1,L3_SELECTIVE_EXACT
sobol_104,L08,L10,EXPECTED_INTERFACE_CONTACT,EXPECTED_INTERFACE_CONTACT,0,0,1,L3_SELECTIVE_EXACT
sobol_104,L09,L10,AABB_CLEAR,AABB_CLEAR,0,0,1,L1_AABB
sobol_105,L00,L01,EXPECTED_INTERFACE_CONTACT,EXPECTED_INTERFACE_CONTACT,0,0,1,L3_SELECTIVE_EXACT
sobol_105,L00,L02,AABB_CLEAR,MESH_CLEAR,0,0,1,L2_MESH_BVH
sobol_105,L00,L03,AABB_CLEAR,AABB_CLEAR,0,0,1,L1_AABB
sobol_105,L00,L04,AABB_CLEAR,AABB_CLEAR,0,0,1,L1_AABB
sobol_105,L00,L05,AABB_CLEAR,MESH_CLEAR,0,0,1,L2_MESH_BVH
sobol_105,L00,L06,AABB_CLEAR,MESH_CLEAR,0,0,1,L2_MESH_BVH
sobol_105,L00,L07,AABB_CLEAR,AABB_CLEAR,0,0,1,L1_AABB
sobol_105,L00,L08,AABB_CLEAR,AABB_CLEAR,0,0,1,L1_AABB
sobol_105,L00,L09,AABB_CLEAR,AABB_CLEAR,0,0,1,L1_AABB
sobol_105,L00,L10,AABB_CLEAR,AABB_CLEAR,0,0,1,L1_AABB
sobol_105,L01,L02,EXPECTED_INTERFACE_CONTACT,EXPECTED_INTERFACE_CONTACT,0,0,1,L3_SELECTIVE_EXACT
sobol_105,L01,L03,AABB_CLEAR,AABB_CLEAR,0,0,1,L1_AABB
sobol_105,L01,L04,AABB_CLEAR,AABB_CLEAR,0,0,1,L1_AABB
sobol_105,L01,L05,AABB_CLEAR,AABB_CLEAR,0,0,1,L1_AABB
sobol_105,L01,L06,AABB_CLEAR,AABB_CLEAR,0,0,1,L1_AABB
sobol_105,L01,L07,AABB_CLEAR,AABB_CLEAR,0,0,1,L1_AABB
sobol_105,L01,L08,AABB_CLEAR,AABB_CLEAR,0,0,1,L1_AABB
sobol_105,L01,L09,AABB_CLEAR,AABB_CLEAR,0,0,1,L1_AABB
sobol_105,L01,L10,AABB_CLEAR,AABB_CLEAR,0,0,1,L1_AABB
sobol_105,L02,L03,EXPECTED_INTERFACE_CONTACT,EXPECTED_INTERFACE_CONTACT,0,0,1,L3_SELECTIVE_EXACT
sobol_105,L02,L04,AABB_CLEAR,MESH_CLEAR,0,0,1,L2_MESH_BVH
sobol_105,L02,L05,AABB_CLEAR,AABB_CLEAR,0,0,1,L1_AABB
sobol_105,L02,L06,AABB_CLEAR,AABB_CLEAR,0,0,1,L1_AABB
sobol_105,L02,L07,AABB_CLEAR,AABB_CLEAR,0,0,1,L1_AABB
sobol_105,L02,L08,AABB_CLEAR,AABB_CLEAR,0,0,1,L1_AABB
sobol_105,L02,L09,AABB_CLEAR,AABB_CLEAR,0,0,1,L1_AABB
sobol_105,L02,L10,AABB_CLEAR,AABB_CLEAR,0,0,1,L1_AABB
sobol_105,L03,L04,EXPECTED_INTERFACE_CONTACT,EXPECTED_INTERFACE_CONTACT,0,0,1,L3_SELECTIVE_EXACT
sobol_105,L03,L05,AABB_CLEAR,AABB_CLEAR,0,0,1,L1_AABB
sobol_105,L03,L06,AABB_CLEAR,AABB_CLEAR,0,0,1,L1_AABB
sobol_105,L03,L07,AABB_CLEAR,AABB_CLEAR,0,0,1,L1_AABB
sobol_105,L03,L08,AABB_CLEAR,AABB_CLEAR,0,0,1,L1_AABB
sobol_105,L03,L09,AABB_CLEAR,AABB_CLEAR,0,0,1,L1_AABB
sobol_105,L03,L10,AABB_CLEAR,AABB_CLEAR,0,0,1,L1_AABB
sobol_105,L04,L05,EXPECTED_INTERFACE_CONTACT,EXPECTED_INTERFACE_CONTACT,0,0,1,L0_FIXED_SAFE
sobol_105,L04,L06,EXPECTED_INTERFACE_CONTACT,EXPECTED_INTERFACE_CONTACT,0,0,1,L3_SELECTIVE_EXACT
sobol_105,L04,L07,EXPECTED_INTERFACE_CONTACT,EXPECTED_INTERFACE_CONTACT,0,0,1,L3_SELECTIVE_EXACT
sobol_105,L04,L08,AABB_CLEAR,AABB_CLEAR,0,0,1,L1_AABB
sobol_105,L04,L09,AABB_CLEAR,AABB_CLEAR,0,0,1,L1_AABB
sobol_105,L04,L10,AABB_CLEAR,AABB_CLEAR,0,0,1,L1_AABB
sobol_105,L05,L06,EXPECTED_INTERFACE_CONTACT,EXPECTED_INTERFACE_CONTACT,0,0,1,L3_SELECTIVE_EXACT
sobol_105,L05,L07,EXPECTED_INTERFACE_CONTACT,EXPECTED_INTERFACE_CONTACT,0,0,1,L0_FIXED_SAFE
sobol_105,L05,L08,EXPECTED_INTERFACE_CONTACT,EXPECTED_INTERFACE_CONTACT,0,0,1,L3_SELECTIVE_EXACT
sobol_105,L05,L09,EXPECTED_INTERFACE_CONTACT,EXPECTED_INTERFACE_CONTACT,0,0,1,L3_SELECTIVE_EXACT
sobol_105,L05,L10,EXPECTED_INTERFACE_CONTACT,EXPECTED_INTERFACE_CONTACT,0,0,1,L3_SELECTIVE_EXACT
sobol_105,L06,L07,EXPECTED_INTERFACE_CONTACT,EXPECTED_INTERFACE_CONTACT,0,0,1,L3_SELECTIVE_EXACT
sobol_105,L06,L08,EXPECTED_INTERFACE_CONTACT,EXPECTED_INTERFACE_CONTACT,0,0,1,L3_SELECTIVE_EXACT
sobol_105,L06,L09,AABB_CLEAR,MESH_CLEAR,0,0,1,L2_MESH_BVH
sobol_105,L06,L10,AABB_CLEAR,MESH_CLEAR,0,0,1,L2_MESH_BVH
sobol_105,L07,L08,EXPECTED_INTERFACE_CONTACT,EXPECTED_INTERFACE_CONTACT,0,0,1,L0_FIXED_SAFE
sobol_105,L07,L09,AABB_CLEAR,AABB_CLEAR,0,0,1,L1_AABB
sobol_105,L07,L10,AABB_CLEAR,AABB_CLEAR,0,0,1,L1_AABB
sobol_105,L08,L09,EXPECTED_INTERFACE_CONTACT,EXPECTED_INTERFACE_CONTACT,0,0,1,L3_SELECTIVE_EXACT
sobol_105,L08,L10,EXPECTED_INTERFACE_CONTACT,EXPECTED_INTERFACE_CONTACT,0,0,1,L3_SELECTIVE_EXACT
sobol_105,L09,L10,AABB_CLEAR,AABB_CLEAR,0,0,1,L1_AABB
sobol_106,L00,L01,EXPECTED_INTERFACE_CONTACT,EXPECTED_INTERFACE_CONTACT,0,0,1,L3_SELECTIVE_EXACT
sobol_106,L00,L02,AABB_CLEAR,AABB_CLEAR,0,0,1,L1_AABB
sobol_106,L00,L03,AABB_CLEAR,AABB_CLEAR,0,0,1,L1_AABB
sobol_106,L00,L04,AABB_CLEAR,AABB_CLEAR,0,0,1,L1_AABB
sobol_106,L00,L05,AABB_CLEAR,AABB_CLEAR,0,0,1,L1_AABB
sobol_106,L00,L06,AABB_CLEAR,AABB_CLEAR,0,0,1,L1_AABB
sobol_106,L00,L07,AABB_CLEAR,AABB_CLEAR,0,0,1,L1_AABB
sobol_106,L00,L08,AABB_CLEAR,AABB_CLEAR,0,0,1,L1_AABB
sobol_106,L00,L09,AABB_CLEAR,AABB_CLEAR,0,0,1,L1_AABB
sobol_106,L00,L10,AABB_CLEAR,AABB_CLEAR,0,0,1,L1_AABB
sobol_106,L01,L02,EXPECTED_INTERFACE_CONTACT,EXPECTED_INTERFACE_CONTACT,0,0,1,L3_SELECTIVE_EXACT
sobol_106,L01,L03,AABB_CLEAR,AABB_CLEAR,0,0,1,L1_AABB
sobol_106,L01,L04,AABB_CLEAR,AABB_CLEAR,0,0,1,L1_AABB
sobol_106,L01,L05,AABB_CLEAR,AABB_CLEAR,0,0,1,L1_AABB
sobol_106,L01,L06,AABB_CLEAR,AABB_CLEAR,0,0,1,L1_AABB
sobol_106,L01,L07,AABB_CLEAR,AABB_CLEAR,0,0,1,L1_AABB
sobol_106,L01,L08,AABB_CLEAR,AABB_CLEAR,0,0,1,L1_AABB
sobol_106,L01,L09,AABB_CLEAR,AABB_CLEAR,0,0,1,L1_AABB
sobol_106,L01,L10,AABB_CLEAR,AABB_CLEAR,0,0,1,L1_AABB
sobol_106,L02,L03,EXPECTED_INTERFACE_CONTACT,EXPECTED_INTERFACE_CONTACT,0,0,1,L3_SELECTIVE_EXACT
sobol_106,L02,L04,AABB_CLEAR,AABB_CLEAR,0,0,1,L1_AABB
sobol_106,L02,L05,AABB_CLEAR,AABB_CLEAR,0,0,1,L1_AABB
sobol_106,L02,L06,AABB_CLEAR,AABB_CLEAR,0,0,1,L1_AABB
sobol_106,L02,L07,AABB_CLEAR,AABB_CLEAR,0,0,1,L1_AABB
sobol_106,L02,L08,AABB_CLEAR,AABB_CLEAR,0,0,1,L1_AABB
sobol_106,L02,L09,AABB_CLEAR,AABB_CLEAR,0,0,1,L1_AABB
sobol_106,L02,L10,AABB_CLEAR,AABB_CLEAR,0,0,1,L1_AABB
sobol_106,L03,L04,EXPECTED_INTERFACE_CONTACT,EXPECTED_INTERFACE_CONTACT,0,0,1,L3_SELECTIVE_EXACT
sobol_106,L03,L05,AABB_CLEAR,AABB_CLEAR,0,0,1,L1_AABB
sobol_106,L03,L06,AABB_CLEAR,AABB_CLEAR,0,0,1,L1_AABB
sobol_106,L03,L07,AABB_CLEAR,AABB_CLEAR,0,0,1,L1_AABB
sobol_106,L03,L08,AABB_CLEAR,AABB_CLEAR,0,0,1,L1_AABB
sobol_106,L03,L09,AABB_CLEAR,AABB_CLEAR,0,0,1,L1_AABB
sobol_106,L03,L10,AABB_CLEAR,AABB_CLEAR,0,0,1,L1_AABB
sobol_106,L04,L05,EXPECTED_INTERFACE_CONTACT,EXPECTED_INTERFACE_CONTACT,0,0,1,L0_FIXED_SAFE
sobol_106,L04,L06,EXPECTED_INTERFACE_CONTACT,EXPECTED_INTERFACE_CONTACT,0,0,1,L3_SELECTIVE_EXACT
sobol_106,L04,L07,EXPECTED_INTERFACE_CONTACT,EXPECTED_INTERFACE_CONTACT,0,0,1,L3_SELECTIVE_EXACT
sobol_106,L04,L08,EXPECTED_INTERFACE_CONTACT,MESH_CLEAR,0,0,1,L2_MESH_BVH
sobol_106,L04,L09,AABB_CLEAR,AABB_CLEAR,0,0,1,L1_AABB
sobol_106,L04,L10,AABB_CLEAR,AABB_CLEAR,0,0,1,L1_AABB
sobol_106,L05,L06,EXPECTED_INTERFACE_CONTACT,EXPECTED_INTERFACE_CONTACT,0,0,1,L3_SELECTIVE_EXACT
sobol_106,L05,L07,EXPECTED_INTERFACE_CONTACT,EXPECTED_INTERFACE_CONTACT,0,0,1,L0_FIXED_SAFE
sobol_106,L05,L08,EXPECTED_INTERFACE_CONTACT,EXPECTED_INTERFACE_CONTACT,0,0,1,L3_SELECTIVE_EXACT
sobol_106,L05,L09,AABB_CLEAR,MESH_CLEAR,0,0,1,L2_MESH_BVH
sobol_106,L05,L10,AABB_CLEAR,AABB_CLEAR,0,0,1,L1_AABB
sobol_106,L06,L07,EXPECTED_INTERFACE_CONTACT,EXPECTED_INTERFACE_CONTACT,0,0,1,L3_SELECTIVE_EXACT
sobol_106,L06,L08,EXPECTED_INTERFACE_CONTACT,EXPECTED_INTERFACE_CONTACT,0,0,1,L3_SELECTIVE_EXACT
sobol_106,L06,L09,AABB_FALSE_POSITIVE,MESH_CLEAR,0,0,1,L2_MESH_BVH
sobol_106,L06,L10,AABB_CLEAR,AABB_CLEAR,0,0,1,L1_AABB
sobol_106,L07,L08,EXPECTED_INTERFACE_CONTACT,EXPECTED_INTERFACE_CONTACT,0,0,1,L0_FIXED_SAFE
sobol_106,L07,L09,AABB_CLEAR,AABB_CLEAR,0,0,1,L1_AABB
sobol_106,L07,L10,AABB_CLEAR,AABB_CLEAR,0,0,1,L1_AABB
sobol_106,L08,L09,EXPECTED_INTERFACE_CONTACT,EXPECTED_INTERFACE_CONTACT,0,0,1,L3_SELECTIVE_EXACT
sobol_106,L08,L10,EXPECTED_INTERFACE_CONTACT,EXPECTED_INTERFACE_CONTACT,0,0,1,L3_SELECTIVE_EXACT
sobol_106,L09,L10,AABB_CLEAR,AABB_CLEAR,0,0,1,L1_AABB
sobol_107,L00,L01,EXPECTED_INTERFACE_CONTACT,EXPECTED_INTERFACE_CONTACT,0,0,1,L3_SELECTIVE_EXACT
sobol_107,L00,L02,AABB_FALSE_POSITIVE,AABB_FALSE_POSITIVE,0,0,1,L3_SELECTIVE_EXACT
sobol_107,L00,L03,AABB_FALSE_POSITIVE,MESH_CLEAR,0,0,1,L2_MESH_BVH
sobol_107,L00,L04,NONADJACENT_COLLISION,NONADJACENT_COLLISION,1,1,1,L3_SELECTIVE_EXACT
sobol_107,L00,L05,AABB_FALSE_POSITIVE,AABB_FALSE_POSITIVE,0,0,1,L3_SELECTIVE_EXACT
sobol_107,L00,L06,AABB_FALSE_POSITIVE,MESH_CLEAR,0,0,1,L2_MESH_BVH
sobol_107,L00,L07,AABB_CLEAR,MESH_CLEAR,0,0,1,L2_MESH_BVH
sobol_107,L00,L08,AABB_CLEAR,AABB_CLEAR,0,0,1,L1_AABB
sobol_107,L00,L09,AABB_CLEAR,AABB_CLEAR,0,0,1,L1_AABB
sobol_107,L00,L10,AABB_CLEAR,AABB_CLEAR,0,0,1,L1_AABB
sobol_107,L01,L02,EXPECTED_INTERFACE_CONTACT,EXPECTED_INTERFACE_CONTACT,0,0,1,L3_SELECTIVE_EXACT
sobol_107,L01,L03,AABB_FALSE_POSITIVE,MESH_CLEAR,0,0,1,L2_MESH_BVH
sobol_107,L01,L04,AABB_CLEAR,AABB_CLEAR,0,0,1,L1_AABB
sobol_107,L01,L05,AABB_CLEAR,AABB_CLEAR,0,0,1,L1_AABB
sobol_107,L01,L06,AABB_CLEAR,AABB_CLEAR,0,0,1,L1_AABB
sobol_107,L01,L07,AABB_CLEAR,AABB_CLEAR,0,0,1,L1_AABB
sobol_107,L01,L08,AABB_CLEAR,AABB_CLEAR,0,0,1,L1_AABB
sobol_107,L01,L09,AABB_CLEAR,AABB_CLEAR,0,0,1,L1_AABB
sobol_107,L01,L10,AABB_CLEAR,AABB_CLEAR,0,0,1,L1_AABB
sobol_107,L02,L03,EXPECTED_INTERFACE_CONTACT,EXPECTED_INTERFACE_CONTACT,0,0,1,L3_SELECTIVE_EXACT
sobol_107,L02,L04,AABB_CLEAR,AABB_CLEAR,0,0,1,L1_AABB
sobol_107,L02,L05,AABB_CLEAR,AABB_CLEAR,0,0,1,L1_AABB
sobol_107,L02,L06,AABB_CLEAR,MESH_CLEAR,0,0,1,L2_MESH_BVH
sobol_107,L02,L07,AABB_CLEAR,AABB_CLEAR,0,0,1,L1_AABB
sobol_107,L02,L08,AABB_CLEAR,AABB_CLEAR,0,0,1,L1_AABB
sobol_107,L02,L09,AABB_CLEAR,AABB_CLEAR,0,0,1,L1_AABB
sobol_107,L02,L10,AABB_CLEAR,AABB_CLEAR,0,0,1,L1_AABB
sobol_107,L03,L04,EXPECTED_INTERFACE_CONTACT,EXPECTED_INTERFACE_CONTACT,0,0,1,L3_SELECTIVE_EXACT
sobol_107,L03,L05,AABB_CLEAR,AABB_CLEAR,0,0,1,L1_AABB
sobol_107,L03,L06,AABB_CLEAR,AABB_CLEAR,0,0,1,L1_AABB
sobol_107,L03,L07,AABB_CLEAR,AABB_CLEAR,0,0,1,L1_AABB
sobol_107,L03,L08,AABB_CLEAR,AABB_CLEAR,0,0,1,L1_AABB
sobol_107,L03,L09,AABB_CLEAR,AABB_CLEAR,0,0,1,L1_AABB
sobol_107,L03,L10,AABB_CLEAR,AABB_CLEAR,0,0,1,L1_AABB
sobol_107,L04,L05,EXPECTED_INTERFACE_CONTACT,EXPECTED_INTERFACE_CONTACT,0,0,1,L0_FIXED_SAFE
sobol_107,L04,L06,EXPECTED_INTERFACE_CONTACT,EXPECTED_INTERFACE_CONTACT,0,0,1,L3_SELECTIVE_EXACT
sobol_107,L04,L07,EXPECTED_INTERFACE_CONTACT,EXPECTED_INTERFACE_CONTACT,0,0,1,L3_SELECTIVE_EXACT
sobol_107,L04,L08,AABB_CLEAR,MESH_CLEAR,0,0,1,L2_MESH_BVH
sobol_107,L04,L09,AABB_CLEAR,AABB_CLEAR,0,0,1,L1_AABB
sobol_107,L04,L10,AABB_CLEAR,AABB_CLEAR,0,0,1,L1_AABB
sobol_107,L05,L06,EXPECTED_INTERFACE_CONTACT,EXPECTED_INTERFACE_CONTACT,0,0,1,L3_SELECTIVE_EXACT
sobol_107,L05,L07,EXPECTED_INTERFACE_CONTACT,EXPECTED_INTERFACE_CONTACT,0,0,1,L0_FIXED_SAFE
sobol_107,L05,L08,EXPECTED_INTERFACE_CONTACT,EXPECTED_INTERFACE_CONTACT,0,0,1,L3_SELECTIVE_EXACT
sobol_107,L05,L09,EXPECTED_INTERFACE_CONTACT,EXPECTED_INTERFACE_CONTACT,0,0,1,L3_SELECTIVE_EXACT
sobol_107,L05,L10,EXPECTED_INTERFACE_CONTACT,EXPECTED_INTERFACE_CONTACT,0,0,1,L3_SELECTIVE_EXACT
sobol_107,L06,L07,EXPECTED_INTERFACE_CONTACT,EXPECTED_INTERFACE_CONTACT,0,0,1,L3_SELECTIVE_EXACT
sobol_107,L06,L08,EXPECTED_INTERFACE_CONTACT,EXPECTED_INTERFACE_CONTACT,0,0,1,L3_SELECTIVE_EXACT
sobol_107,L06,L09,AABB_FALSE_POSITIVE,AABB_FALSE_POSITIVE,0,0,1,L3_SELECTIVE_EXACT
sobol_107,L06,L10,AABB_CLEAR,MESH_CLEAR,0,0,1,L2_MESH_BVH
sobol_107,L07,L08,EXPECTED_INTERFACE_CONTACT,EXPECTED_INTERFACE_CONTACT,0,0,1,L0_FIXED_SAFE
sobol_107,L07,L09,EXPECTED_INTERFACE_CONTACT,MESH_CLEAR,0,0,1,L2_MESH_BVH
sobol_107,L07,L10,AABB_CLEAR,AABB_CLEAR,0,0,1,L1_AABB
sobol_107,L08,L09,EXPECTED_INTERFACE_CONTACT,EXPECTED_INTERFACE_CONTACT,0,0,1,L3_SELECTIVE_EXACT
sobol_107,L08,L10,EXPECTED_INTERFACE_CONTACT,EXPECTED_INTERFACE_CONTACT,0,0,1,L3_SELECTIVE_EXACT
sobol_107,L09,L10,AABB_CLEAR,AABB_CLEAR,0,0,1,L1_AABB
sobol_108,L00,L01,EXPECTED_INTERFACE_CONTACT,EXPECTED_INTERFACE_CONTACT,0,0,1,L3_SELECTIVE_EXACT
sobol_108,L00,L02,AABB_CLEAR,AABB_CLEAR,0,0,1,L1_AABB
sobol_108,L00,L03,AABB_CLEAR,AABB_CLEAR,0,0,1,L1_AABB
sobol_108,L00,L04,AABB_CLEAR,AABB_CLEAR,0,0,1,L1_AABB
sobol_108,L00,L05,AABB_CLEAR,AABB_CLEAR,0,0,1,L1_AABB
sobol_108,L00,L06,AABB_CLEAR,AABB_CLEAR,0,0,1,L1_AABB
sobol_108,L00,L07,AABB_CLEAR,AABB_CLEAR,0,0,1,L1_AABB
sobol_108,L00,L08,AABB_CLEAR,AABB_CLEAR,0,0,1,L1_AABB
sobol_108,L00,L09,AABB_CLEAR,AABB_CLEAR,0,0,1,L1_AABB
sobol_108,L00,L10,AABB_CLEAR,AABB_CLEAR,0,0,1,L1_AABB
sobol_108,L01,L02,EXPECTED_INTERFACE_CONTACT,EXPECTED_INTERFACE_CONTACT,0,0,1,L3_SELECTIVE_EXACT
sobol_108,L01,L03,AABB_FALSE_POSITIVE,MESH_CLEAR,0,0,1,L2_MESH_BVH
sobol_108,L01,L04,AABB_FALSE_POSITIVE,AABB_FALSE_POSITIVE,0,0,1,L3_SELECTIVE_EXACT
sobol_108,L01,L05,NONADJACENT_COLLISION,NONADJACENT_COLLISION,1,1,1,L3_SELECTIVE_EXACT
sobol_108,L01,L06,AABB_FALSE_POSITIVE,AABB_FALSE_POSITIVE,0,0,1,L3_SELECTIVE_EXACT
sobol_108,L01,L07,AABB_FALSE_POSITIVE,AABB_FALSE_POSITIVE,0,0,1,L3_SELECTIVE_EXACT
sobol_108,L01,L08,AABB_FALSE_POSITIVE,MESH_CLEAR,0,0,1,L2_MESH_BVH
sobol_108,L01,L09,AABB_CLEAR,AABB_CLEAR,0,0,1,L1_AABB
sobol_108,L01,L10,AABB_CLEAR,AABB_CLEAR,0,0,1,L1_AABB
sobol_108,L02,L03,EXPECTED_INTERFACE_CONTACT,EXPECTED_INTERFACE_CONTACT,0,0,1,L3_SELECTIVE_EXACT
sobol_108,L02,L04,AABB_FALSE_POSITIVE,AABB_FALSE_POSITIVE,0,0,1,L3_SELECTIVE_EXACT
sobol_108,L02,L05,AABB_FALSE_POSITIVE,AABB_FALSE_POSITIVE,0,0,1,L3_SELECTIVE_EXACT
sobol_108,L02,L06,AABB_FALSE_POSITIVE,AABB_FALSE_POSITIVE,0,0,1,L3_SELECTIVE_EXACT
sobol_108,L02,L07,AABB_FALSE_POSITIVE,AABB_FALSE_POSITIVE,0,0,1,L3_SELECTIVE_EXACT
sobol_108,L02,L08,AABB_FALSE_POSITIVE,AABB_FALSE_POSITIVE,0,0,1,L3_SELECTIVE_EXACT
sobol_108,L02,L09,AABB_FALSE_POSITIVE,MESH_CLEAR,0,0,1,L2_MESH_BVH
sobol_108,L02,L10,AABB_FALSE_POSITIVE,AABB_FALSE_POSITIVE,0,0,1,L3_SELECTIVE_EXACT
sobol_108,L03,L04,EXPECTED_INTERFACE_CONTACT,EXPECTED_INTERFACE_CONTACT,0,0,1,L3_SELECTIVE_EXACT
sobol_108,L03,L05,EXPECTED_INTERFACE_CONTACT,MESH_CLEAR,0,0,1,L2_MESH_BVH
sobol_108,L03,L06,AABB_FALSE_POSITIVE,MESH_CLEAR,0,0,1,L2_MESH_BVH
sobol_108,L03,L07,EXPECTED_INTERFACE_CONTACT,MESH_CLEAR,0,0,1,L2_MESH_BVH
sobol_108,L03,L08,EXPECTED_INTERFACE_CONTACT,MESH_CLEAR,0,0,1,L2_MESH_BVH
sobol_108,L03,L09,AABB_CLEAR,MESH_CLEAR,0,0,1,L2_MESH_BVH
sobol_108,L03,L10,AABB_CLEAR,MESH_CLEAR,0,0,1,L2_MESH_BVH
sobol_108,L04,L05,EXPECTED_INTERFACE_CONTACT,EXPECTED_INTERFACE_CONTACT,0,0,1,L0_FIXED_SAFE
sobol_108,L04,L06,EXPECTED_INTERFACE_CONTACT,EXPECTED_INTERFACE_CONTACT,0,0,1,L3_SELECTIVE_EXACT
sobol_108,L04,L07,EXPECTED_INTERFACE_CONTACT,EXPECTED_INTERFACE_CONTACT,0,0,1,L3_SELECTIVE_EXACT
sobol_108,L04,L08,EXPECTED_INTERFACE_CONTACT,MESH_CLEAR,0,0,1,L2_MESH_BVH
sobol_108,L04,L09,AABB_CLEAR,AABB_CLEAR,0,0,1,L1_AABB
sobol_108,L04,L10,AABB_CLEAR,AABB_CLEAR,0,0,1,L1_AABB
sobol_108,L05,L06,EXPECTED_INTERFACE_CONTACT,EXPECTED_INTERFACE_CONTACT,0,0,1,L3_SELECTIVE_EXACT
sobol_108,L05,L07,EXPECTED_INTERFACE_CONTACT,EXPECTED_INTERFACE_CONTACT,0,0,1,L0_FIXED_SAFE
sobol_108,L05,L08,EXPECTED_INTERFACE_CONTACT,EXPECTED_INTERFACE_CONTACT,0,0,1,L3_SELECTIVE_EXACT
sobol_108,L05,L09,EXPECTED_INTERFACE_CONTACT,EXPECTED_INTERFACE_CONTACT,0,0,1,L3_SELECTIVE_EXACT
sobol_108,L05,L10,EXPECTED_INTERFACE_CONTACT,EXPECTED_INTERFACE_CONTACT,0,0,1,L3_SELECTIVE_EXACT
sobol_108,L06,L07,EXPECTED_INTERFACE_CONTACT,EXPECTED_INTERFACE_CONTACT,0,0,1,L3_SELECTIVE_EXACT
sobol_108,L06,L08,EXPECTED_INTERFACE_CONTACT,EXPECTED_INTERFACE_CONTACT,0,0,1,L3_SELECTIVE_EXACT
sobol_108,L06,L09,AABB_CLEAR,MESH_CLEAR,0,0,1,L2_MESH_BVH
sobol_108,L06,L10,AABB_FALSE_POSITIVE,MESH_CLEAR,0,0,1,L2_MESH_BVH
sobol_108,L07,L08,EXPECTED_INTERFACE_CONTACT,EXPECTED_INTERFACE_CONTACT,0,0,1,L0_FIXED_SAFE
sobol_108,L07,L09,AABB_CLEAR,AABB_CLEAR,0,0,1,L1_AABB
sobol_108,L07,L10,EXPECTED_INTERFACE_CONTACT,MESH_CLEAR,0,0,1,L2_MESH_BVH
sobol_108,L08,L09,EXPECTED_INTERFACE_CONTACT,EXPECTED_INTERFACE_CONTACT,0,0,1,L3_SELECTIVE_EXACT
sobol_108,L08,L10,EXPECTED_INTERFACE_CONTACT,EXPECTED_INTERFACE_CONTACT,0,0,1,L3_SELECTIVE_EXACT
sobol_108,L09,L10,AABB_CLEAR,MESH_CLEAR,0,0,1,L2_MESH_BVH
sobol_109,L00,L01,EXPECTED_INTERFACE_CONTACT,EXPECTED_INTERFACE_CONTACT,0,0,1,L3_SELECTIVE_EXACT
sobol_109,L00,L02,AABB_CLEAR,AABB_CLEAR,0,0,1,L3_SELECTIVE_EXACT
sobol_109,L00,L03,AABB_CLEAR,AABB_CLEAR,0,0,1,L1_AABB
sobol_109,L00,L04,AABB_CLEAR,AABB_CLEAR,0,0,1,L1_AABB
sobol_109,L00,L05,AABB_CLEAR,AABB_CLEAR,0,0,1,L1_AABB
sobol_109,L00,L06,AABB_CLEAR,AABB_CLEAR,0,0,1,L1_AABB
sobol_109,L00,L07,AABB_CLEAR,AABB_CLEAR,0,0,1,L1_AABB
sobol_109,L00,L08,AABB_CLEAR,AABB_CLEAR,0,0,1,L1_AABB
sobol_109,L00,L09,AABB_CLEAR,AABB_CLEAR,0,0,1,L1_AABB
sobol_109,L00,L10,AABB_CLEAR,AABB_CLEAR,0,0,1,L1_AABB
sobol_109,L01,L02,EXPECTED_INTERFACE_CONTACT,EXPECTED_INTERFACE_CONTACT,0,0,1,L3_SELECTIVE_EXACT
sobol_109,L01,L03,AABB_CLEAR,AABB_CLEAR,0,0,1,L1_AABB
sobol_109,L01,L04,AABB_CLEAR,AABB_CLEAR,0,0,1,L1_AABB
sobol_109,L01,L05,AABB_CLEAR,AABB_CLEAR,0,0,1,L1_AABB
sobol_109,L01,L06,AABB_CLEAR,AABB_CLEAR,0,0,1,L1_AABB
sobol_109,L01,L07,AABB_CLEAR,AABB_CLEAR,0,0,1,L1_AABB
sobol_109,L01,L08,AABB_CLEAR,AABB_CLEAR,0,0,1,L1_AABB
sobol_109,L01,L09,AABB_CLEAR,AABB_CLEAR,0,0,1,L1_AABB
sobol_109,L01,L10,AABB_CLEAR,AABB_CLEAR,0,0,1,L1_AABB
sobol_109,L02,L03,EXPECTED_INTERFACE_CONTACT,EXPECTED_INTERFACE_CONTACT,0,0,1,L3_SELECTIVE_EXACT
sobol_109,L02,L04,AABB_CLEAR,AABB_CLEAR,0,0,1,L1_AABB
sobol_109,L02,L05,AABB_CLEAR,AABB_CLEAR,0,0,1,L1_AABB
sobol_109,L02,L06,AABB_CLEAR,AABB_CLEAR,0,0,1,L1_AABB
sobol_109,L02,L07,AABB_CLEAR,AABB_CLEAR,0,0,1,L1_AABB
sobol_109,L02,L08,AABB_CLEAR,AABB_CLEAR,0,0,1,L1_AABB
sobol_109,L02,L09,AABB_CLEAR,AABB_CLEAR,0,0,1,L1_AABB
sobol_109,L02,L10,AABB_CLEAR,AABB_CLEAR,0,0,1,L1_AABB
sobol_109,L03,L04,EXPECTED_INTERFACE_CONTACT,EXPECTED_INTERFACE_CONTACT,0,0,1,L3_SELECTIVE_EXACT
sobol_109,L03,L05,AABB_CLEAR,MESH_CLEAR,0,0,1,L2_MESH_BVH
sobol_109,L03,L06,AABB_CLEAR,AABB_CLEAR,0,0,1,L1_AABB
sobol_109,L03,L07,AABB_CLEAR,AABB_CLEAR,0,0,1,L1_AABB
sobol_109,L03,L08,AABB_CLEAR,AABB_CLEAR,0,0,1,L1_AABB
sobol_109,L03,L09,AABB_CLEAR,AABB_CLEAR,0,0,1,L1_AABB
sobol_109,L03,L10,AABB_CLEAR,AABB_CLEAR,0,0,1,L1_AABB
sobol_109,L04,L05,EXPECTED_INTERFACE_CONTACT,EXPECTED_INTERFACE_CONTACT,0,0,1,L0_FIXED_SAFE
sobol_109,L04,L06,EXPECTED_INTERFACE_CONTACT,EXPECTED_INTERFACE_CONTACT,0,0,1,L3_SELECTIVE_EXACT
sobol_109,L04,L07,EXPECTED_INTERFACE_CONTACT,EXPECTED_INTERFACE_CONTACT,0,0,1,L3_SELECTIVE_EXACT
sobol_109,L04,L08,EXPECTED_INTERFACE_CONTACT,MESH_CLEAR,0,0,1,L2_MESH_BVH
sobol_109,L04,L09,AABB_CLEAR,AABB_CLEAR,0,0,1,L1_AABB
sobol_109,L04,L10,AABB_CLEAR,AABB_CLEAR,0,0,1,L1_AABB
sobol_109,L05,L06,EXPECTED_INTERFACE_CONTACT,EXPECTED_INTERFACE_CONTACT,0,0,1,L3_SELECTIVE_EXACT
sobol_109,L05,L07,EXPECTED_INTERFACE_CONTACT,EXPECTED_INTERFACE_CONTACT,0,0,1,L0_FIXED_SAFE
sobol_109,L05,L08,EXPECTED_INTERFACE_CONTACT,EXPECTED_INTERFACE_CONTACT,0,0,1,L3_SELECTIVE_EXACT
sobol_109,L05,L09,EXPECTED_INTERFACE_CONTACT,EXPECTED_INTERFACE_CONTACT,0,0,1,L3_SELECTIVE_EXACT
sobol_109,L05,L10,AABB_CLEAR,AABB_CLEAR,0,0,1,L1_AABB
sobol_109,L06,L07,EXPECTED_INTERFACE_CONTACT,EXPECTED_INTERFACE_CONTACT,0,0,1,L3_SELECTIVE_EXACT
sobol_109,L06,L08,EXPECTED_INTERFACE_CONTACT,EXPECTED_INTERFACE_CONTACT,0,0,1,L3_SELECTIVE_EXACT
sobol_109,L06,L09,AABB_FALSE_POSITIVE,MESH_CLEAR,0,0,1,L2_MESH_BVH
sobol_109,L06,L10,AABB_CLEAR,MESH_CLEAR,0,0,1,L2_MESH_BVH
sobol_109,L07,L08,EXPECTED_INTERFACE_CONTACT,EXPECTED_INTERFACE_CONTACT,0,0,1,L0_FIXED_SAFE
sobol_109,L07,L09,EXPECTED_INTERFACE_CONTACT,MESH_CLEAR,0,0,1,L2_MESH_BVH
sobol_109,L07,L10,AABB_CLEAR,AABB_CLEAR,0,0,1,L1_AABB
sobol_109,L08,L09,EXPECTED_INTERFACE_CONTACT,EXPECTED_INTERFACE_CONTACT,0,0,1,L3_SELECTIVE_EXACT
sobol_109,L08,L10,EXPECTED_INTERFACE_CONTACT,EXPECTED_INTERFACE_CONTACT,0,0,1,L3_SELECTIVE_EXACT
sobol_109,L09,L10,AABB_CLEAR,AABB_CLEAR,0,0,1,L1_AABB
sobol_110,L00,L01,EXPECTED_INTERFACE_CONTACT,EXPECTED_INTERFACE_CONTACT,0,0,1,L3_SELECTIVE_EXACT
sobol_110,L00,L02,AABB_CLEAR,AABB_CLEAR,0,0,1,L3_SELECTIVE_EXACT
sobol_110,L00,L03,AABB_CLEAR,AABB_CLEAR,0,0,1,L1_AABB
sobol_110,L00,L04,AABB_CLEAR,AABB_CLEAR,0,0,1,L1_AABB
sobol_110,L00,L05,AABB_CLEAR,AABB_CLEAR,0,0,1,L1_AABB
sobol_110,L00,L06,AABB_CLEAR,AABB_CLEAR,0,0,1,L1_AABB
sobol_110,L00,L07,AABB_CLEAR,AABB_CLEAR,0,0,1,L1_AABB
sobol_110,L00,L08,AABB_CLEAR,AABB_CLEAR,0,0,1,L1_AABB
sobol_110,L00,L09,AABB_CLEAR,AABB_CLEAR,0,0,1,L1_AABB
sobol_110,L00,L10,AABB_CLEAR,AABB_CLEAR,0,0,1,L1_AABB
sobol_110,L01,L02,EXPECTED_INTERFACE_CONTACT,EXPECTED_INTERFACE_CONTACT,0,0,1,L3_SELECTIVE_EXACT
sobol_110,L01,L03,AABB_CLEAR,AABB_CLEAR,0,0,1,L1_AABB
sobol_110,L01,L04,AABB_CLEAR,AABB_CLEAR,0,0,1,L1_AABB
sobol_110,L01,L05,AABB_CLEAR,AABB_CLEAR,0,0,1,L1_AABB
sobol_110,L01,L06,AABB_CLEAR,AABB_CLEAR,0,0,1,L1_AABB
sobol_110,L01,L07,AABB_CLEAR,AABB_CLEAR,0,0,1,L1_AABB
sobol_110,L01,L08,AABB_CLEAR,AABB_CLEAR,0,0,1,L1_AABB
sobol_110,L01,L09,AABB_CLEAR,AABB_CLEAR,0,0,1,L1_AABB
sobol_110,L01,L10,AABB_CLEAR,AABB_CLEAR,0,0,1,L1_AABB
sobol_110,L02,L03,EXPECTED_INTERFACE_CONTACT,EXPECTED_INTERFACE_CONTACT,0,0,1,L3_SELECTIVE_EXACT
sobol_110,L02,L04,AABB_CLEAR,AABB_CLEAR,0,0,1,L1_AABB
sobol_110,L02,L05,AABB_CLEAR,AABB_CLEAR,0,0,1,L1_AABB
sobol_110,L02,L06,AABB_CLEAR,AABB_CLEAR,0,0,1,L1_AABB
sobol_110,L02,L07,AABB_CLEAR,AABB_CLEAR,0,0,1,L1_AABB
sobol_110,L02,L08,AABB_CLEAR,AABB_CLEAR,0,0,1,L1_AABB
sobol_110,L02,L09,AABB_CLEAR,AABB_CLEAR,0,0,1,L1_AABB
sobol_110,L02,L10,AABB_CLEAR,AABB_CLEAR,0,0,1,L1_AABB
sobol_110,L03,L04,EXPECTED_INTERFACE_CONTACT,EXPECTED_INTERFACE_CONTACT,0,0,1,L3_SELECTIVE_EXACT
sobol_110,L03,L05,AABB_CLEAR,AABB_CLEAR,0,0,1,L1_AABB
sobol_110,L03,L06,AABB_CLEAR,AABB_CLEAR,0,0,1,L1_AABB
sobol_110,L03,L07,AABB_CLEAR,AABB_CLEAR,0,0,1,L1_AABB
sobol_110,L03,L08,AABB_CLEAR,AABB_CLEAR,0,0,1,L1_AABB
sobol_110,L03,L09,AABB_CLEAR,AABB_CLEAR,0,0,1,L1_AABB
sobol_110,L03,L10,AABB_CLEAR,AABB_CLEAR,0,0,1,L1_AABB
sobol_110,L04,L05,EXPECTED_INTERFACE_CONTACT,EXPECTED_INTERFACE_CONTACT,0,0,1,L0_FIXED_SAFE
sobol_110,L04,L06,EXPECTED_INTERFACE_CONTACT,EXPECTED_INTERFACE_CONTACT,0,0,1,L3_SELECTIVE_EXACT
sobol_110,L04,L07,EXPECTED_INTERFACE_CONTACT,EXPECTED_INTERFACE_CONTACT,0,0,1,L3_SELECTIVE_EXACT
sobol_110,L04,L08,AABB_CLEAR,AABB_CLEAR,0,0,1,L1_AABB
sobol_110,L04,L09,AABB_CLEAR,AABB_CLEAR,0,0,1,L1_AABB
sobol_110,L04,L10,AABB_CLEAR,AABB_CLEAR,0,0,1,L1_AABB
sobol_110,L05,L06,EXPECTED_INTERFACE_CONTACT,EXPECTED_INTERFACE_CONTACT,0,0,1,L3_SELECTIVE_EXACT
sobol_110,L05,L07,EXPECTED_INTERFACE_CONTACT,EXPECTED_INTERFACE_CONTACT,0,0,1,L0_FIXED_SAFE
sobol_110,L05,L08,EXPECTED_INTERFACE_CONTACT,EXPECTED_INTERFACE_CONTACT,0,0,1,L3_SELECTIVE_EXACT
sobol_110,L05,L09,AABB_CLEAR,AABB_CLEAR,0,0,1,L1_AABB
sobol_110,L05,L10,AABB_CLEAR,AABB_CLEAR,0,0,1,L1_AABB
sobol_110,L06,L07,EXPECTED_INTERFACE_CONTACT,EXPECTED_INTERFACE_CONTACT,0,0,1,L3_SELECTIVE_EXACT
sobol_110,L06,L08,EXPECTED_INTERFACE_CONTACT,EXPECTED_INTERFACE_CONTACT,0,0,1,L3_SELECTIVE_EXACT
sobol_110,L06,L09,AABB_CLEAR,AABB_CLEAR,0,0,1,L1_AABB
sobol_110,L06,L10,AABB_CLEAR,AABB_CLEAR,0,0,1,L1_AABB
sobol_110,L07,L08,EXPECTED_INTERFACE_CONTACT,EXPECTED_INTERFACE_CONTACT,0,0,1,L0_FIXED_SAFE
sobol_110,L07,L09,AABB_CLEAR,AABB_CLEAR,0,0,1,L1_AABB
sobol_110,L07,L10,AABB_CLEAR,AABB_CLEAR,0,0,1,L1_AABB
sobol_110,L08,L09,EXPECTED_INTERFACE_CONTACT,EXPECTED_INTERFACE_CONTACT,0,0,1,L3_SELECTIVE_EXACT
sobol_110,L08,L10,EXPECTED_INTERFACE_CONTACT,EXPECTED_INTERFACE_CONTACT,0,0,1,L3_SELECTIVE_EXACT
sobol_110,L09,L10,AABB_CLEAR,AABB_CLEAR,0,0,1,L1_AABB
sobol_111,L00,L01,EXPECTED_INTERFACE_CONTACT,EXPECTED_INTERFACE_CONTACT,0,0,1,L3_SELECTIVE_EXACT
sobol_111,L00,L02,AABB_CLEAR,AABB_CLEAR,0,0,1,L1_AABB
sobol_111,L00,L03,AABB_CLEAR,AABB_CLEAR,0,0,1,L1_AABB
sobol_111,L00,L04,AABB_CLEAR,AABB_CLEAR,0,0,1,L1_AABB
sobol_111,L00,L05,AABB_CLEAR,AABB_CLEAR,0,0,1,L1_AABB
sobol_111,L00,L06,AABB_CLEAR,AABB_CLEAR,0,0,1,L1_AABB
sobol_111,L00,L07,AABB_CLEAR,AABB_CLEAR,0,0,1,L1_AABB
sobol_111,L00,L08,AABB_CLEAR,AABB_CLEAR,0,0,1,L1_AABB
sobol_111,L00,L09,AABB_CLEAR,AABB_CLEAR,0,0,1,L1_AABB
sobol_111,L00,L10,AABB_CLEAR,AABB_CLEAR,0,0,1,L1_AABB
sobol_111,L01,L02,EXPECTED_INTERFACE_CONTACT,EXPECTED_INTERFACE_CONTACT,0,0,1,L3_SELECTIVE_EXACT
sobol_111,L01,L03,AABB_CLEAR,AABB_CLEAR,0,0,1,L1_AABB
sobol_111,L01,L04,AABB_CLEAR,AABB_CLEAR,0,0,1,L1_AABB
sobol_111,L01,L05,AABB_CLEAR,AABB_CLEAR,0,0,1,L1_AABB
sobol_111,L01,L06,AABB_CLEAR,AABB_CLEAR,0,0,1,L1_AABB
sobol_111,L01,L07,AABB_CLEAR,AABB_CLEAR,0,0,1,L1_AABB
sobol_111,L01,L08,AABB_CLEAR,AABB_CLEAR,0,0,1,L1_AABB
sobol_111,L01,L09,AABB_CLEAR,AABB_CLEAR,0,0,1,L1_AABB
sobol_111,L01,L10,AABB_CLEAR,AABB_CLEAR,0,0,1,L1_AABB
sobol_111,L02,L03,EXPECTED_INTERFACE_CONTACT,EXPECTED_INTERFACE_CONTACT,0,0,1,L3_SELECTIVE_EXACT
sobol_111,L02,L04,AABB_CLEAR,AABB_CLEAR,0,0,1,L1_AABB
sobol_111,L02,L05,AABB_CLEAR,AABB_CLEAR,0,0,1,L1_AABB
sobol_111,L02,L06,AABB_CLEAR,AABB_CLEAR,0,0,1,L1_AABB
sobol_111,L02,L07,AABB_CLEAR,AABB_CLEAR,0,0,1,L1_AABB
sobol_111,L02,L08,AABB_CLEAR,AABB_CLEAR,0,0,1,L1_AABB
sobol_111,L02,L09,AABB_CLEAR,AABB_CLEAR,0,0,1,L1_AABB
sobol_111,L02,L10,AABB_CLEAR,AABB_CLEAR,0,0,1,L1_AABB
sobol_111,L03,L04,EXPECTED_INTERFACE_CONTACT,EXPECTED_INTERFACE_CONTACT,0,0,1,L3_SELECTIVE_EXACT
sobol_111,L03,L05,AABB_CLEAR,MESH_CLEAR,0,0,1,L2_MESH_BVH
sobol_111,L03,L06,AABB_CLEAR,AABB_CLEAR,0,0,1,L1_AABB
sobol_111,L03,L07,AABB_CLEAR,AABB_CLEAR,0,0,1,L1_AABB
sobol_111,L03,L08,AABB_CLEAR,AABB_CLEAR,0,0,1,L1_AABB
sobol_111,L03,L09,AABB_CLEAR,AABB_CLEAR,0,0,1,L1_AABB
sobol_111,L03,L10,AABB_CLEAR,AABB_CLEAR,0,0,1,L1_AABB
sobol_111,L04,L05,EXPECTED_INTERFACE_CONTACT,EXPECTED_INTERFACE_CONTACT,0,0,1,L0_FIXED_SAFE
sobol_111,L04,L06,EXPECTED_INTERFACE_CONTACT,EXPECTED_INTERFACE_CONTACT,0,0,1,L3_SELECTIVE_EXACT
sobol_111,L04,L07,EXPECTED_INTERFACE_CONTACT,EXPECTED_INTERFACE_CONTACT,0,0,1,L3_SELECTIVE_EXACT
sobol_111,L04,L08,EXPECTED_INTERFACE_CONTACT,MESH_CLEAR,0,0,1,L2_MESH_BVH
sobol_111,L04,L09,AABB_CLEAR,AABB_CLEAR,0,0,1,L1_AABB
sobol_111,L04,L10,AABB_CLEAR,AABB_CLEAR,0,0,1,L1_AABB
sobol_111,L05,L06,EXPECTED_INTERFACE_CONTACT,EXPECTED_INTERFACE_CONTACT,0,0,1,L3_SELECTIVE_EXACT
sobol_111,L05,L07,EXPECTED_INTERFACE_CONTACT,EXPECTED_INTERFACE_CONTACT,0,0,1,L0_FIXED_SAFE
sobol_111,L05,L08,EXPECTED_INTERFACE_CONTACT,EXPECTED_INTERFACE_CONTACT,0,0,1,L3_SELECTIVE_EXACT
sobol_111,L05,L09,EXPECTED_INTERFACE_CONTACT,EXPECTED_INTERFACE_CONTACT,0,0,1,L3_SELECTIVE_EXACT
sobol_111,L05,L10,EXPECTED_INTERFACE_CONTACT,EXPECTED_INTERFACE_CONTACT,0,0,1,L3_SELECTIVE_EXACT
sobol_111,L06,L07,EXPECTED_INTERFACE_CONTACT,EXPECTED_INTERFACE_CONTACT,0,0,1,L3_SELECTIVE_EXACT
sobol_111,L06,L08,EXPECTED_INTERFACE_CONTACT,EXPECTED_INTERFACE_CONTACT,0,0,1,L3_SELECTIVE_EXACT
sobol_111,L06,L09,AABB_FALSE_POSITIVE,AABB_FALSE_POSITIVE,0,0,1,L3_SELECTIVE_EXACT
sobol_111,L06,L10,AABB_FALSE_POSITIVE,AABB_FALSE_POSITIVE,0,0,1,L3_SELECTIVE_EXACT
sobol_111,L07,L08,EXPECTED_INTERFACE_CONTACT,EXPECTED_INTERFACE_CONTACT,0,0,1,L0_FIXED_SAFE
sobol_111,L07,L09,EXPECTED_INTERFACE_CONTACT,EXPECTED_INTERFACE_CONTACT,0,0,1,L3_SELECTIVE_EXACT
sobol_111,L07,L10,EXPECTED_INTERFACE_CONTACT,EXPECTED_INTERFACE_CONTACT,0,0,1,L3_SELECTIVE_EXACT
sobol_111,L08,L09,EXPECTED_INTERFACE_CONTACT,EXPECTED_INTERFACE_CONTACT,0,0,1,L3_SELECTIVE_EXACT
sobol_111,L08,L10,EXPECTED_INTERFACE_CONTACT,EXPECTED_INTERFACE_CONTACT,0,0,1,L3_SELECTIVE_EXACT
sobol_111,L09,L10,AABB_FALSE_POSITIVE,AABB_FALSE_POSITIVE,0,0,1,L3_SELECTIVE_EXACT
sobol_112,L00,L01,EXPECTED_INTERFACE_CONTACT,EXPECTED_INTERFACE_CONTACT,0,0,1,L3_SELECTIVE_EXACT
sobol_112,L00,L02,AABB_CLEAR,MESH_CLEAR,0,0,1,L2_MESH_BVH
sobol_112,L00,L03,AABB_CLEAR,AABB_CLEAR,0,0,1,L1_AABB
sobol_112,L00,L04,AABB_CLEAR,AABB_CLEAR,0,0,1,L1_AABB
sobol_112,L00,L05,AABB_CLEAR,AABB_CLEAR,0,0,1,L1_AABB
sobol_112,L00,L06,AABB_CLEAR,AABB_CLEAR,0,0,1,L1_AABB
sobol_112,L00,L07,AABB_CLEAR,AABB_CLEAR,0,0,1,L1_AABB
sobol_112,L00,L08,AABB_CLEAR,AABB_CLEAR,0,0,1,L1_AABB
sobol_112,L00,L09,AABB_CLEAR,AABB_CLEAR,0,0,1,L1_AABB
sobol_112,L00,L10,AABB_CLEAR,AABB_CLEAR,0,0,1,L1_AABB
sobol_112,L01,L02,EXPECTED_INTERFACE_CONTACT,EXPECTED_INTERFACE_CONTACT,0,0,1,L3_SELECTIVE_EXACT
sobol_112,L01,L03,AABB_FALSE_POSITIVE,MESH_CLEAR,0,0,1,L2_MESH_BVH
sobol_112,L01,L04,AABB_CLEAR,AABB_CLEAR,0,0,1,L1_AABB
sobol_112,L01,L05,AABB_FALSE_POSITIVE,AABB_FALSE_POSITIVE,0,0,1,L3_SELECTIVE_EXACT
sobol_112,L01,L06,AABB_FALSE_POSITIVE,MESH_CLEAR,0,0,1,L2_MESH_BVH
sobol_112,L01,L07,AABB_FALSE_POSITIVE,MESH_CLEAR,0,0,1,L2_MESH_BVH
sobol_112,L01,L08,AABB_FALSE_POSITIVE,MESH_CLEAR,0,0,1,L2_MESH_BVH
sobol_112,L01,L09,AABB_CLEAR,AABB_CLEAR,0,0,1,L1_AABB
sobol_112,L01,L10,AABB_CLEAR,MESH_CLEAR,0,0,1,L2_MESH_BVH
sobol_112,L02,L03,EXPECTED_INTERFACE_CONTACT,EXPECTED_INTERFACE_CONTACT,0,0,1,L3_SELECTIVE_EXACT
sobol_112,L02,L04,AABB_FALSE_POSITIVE,MESH_CLEAR,0,0,1,L2_MESH_BVH
sobol_112,L02,L05,AABB_FALSE_POSITIVE,MESH_CLEAR,0,0,1,L2_MESH_BVH
sobol_112,L02,L06,AABB_FALSE_POSITIVE,MESH_CLEAR,0,0,1,L2_MESH_BVH
sobol_112,L02,L07,AABB_FALSE_POSITIVE,MESH_CLEAR,0,0,1,L2_MESH_BVH
sobol_112,L02,L08,AABB_FALSE_POSITIVE,MESH_CLEAR,0,0,1,L2_MESH_BVH
sobol_112,L02,L09,AABB_CLEAR,AABB_CLEAR,0,0,1,L1_AABB
sobol_112,L02,L10,AABB_CLEAR,AABB_CLEAR,0,0,1,L1_AABB
sobol_112,L03,L04,EXPECTED_INTERFACE_CONTACT,EXPECTED_INTERFACE_CONTACT,0,0,1,L3_SELECTIVE_EXACT
sobol_112,L03,L05,AABB_CLEAR,MESH_CLEAR,0,0,1,L2_MESH_BVH
sobol_112,L03,L06,AABB_CLEAR,MESH_CLEAR,0,0,1,L2_MESH_BVH
sobol_112,L03,L07,AABB_CLEAR,AABB_CLEAR,0,0,1,L1_AABB
sobol_112,L03,L08,AABB_CLEAR,MESH_CLEAR,0,0,1,L2_MESH_BVH
sobol_112,L03,L09,AABB_CLEAR,AABB_CLEAR,0,0,1,L1_AABB
sobol_112,L03,L10,AABB_CLEAR,AABB_CLEAR,0,0,1,L1_AABB
sobol_112,L04,L05,EXPECTED_INTERFACE_CONTACT,EXPECTED_INTERFACE_CONTACT,0,0,1,L0_FIXED_SAFE
sobol_112,L04,L06,EXPECTED_INTERFACE_CONTACT,EXPECTED_INTERFACE_CONTACT,0,0,1,L3_SELECTIVE_EXACT
sobol_112,L04,L07,EXPECTED_INTERFACE_CONTACT,EXPECTED_INTERFACE_CONTACT,0,0,1,L3_SELECTIVE_EXACT
sobol_112,L04,L08,AABB_CLEAR,AABB_CLEAR,0,0,1,L1_AABB
sobol_112,L04,L09,AABB_CLEAR,AABB_CLEAR,0,0,1,L1_AABB
sobol_112,L04,L10,AABB_CLEAR,AABB_CLEAR,0,0,1,L1_AABB
sobol_112,L05,L06,EXPECTED_INTERFACE_CONTACT,EXPECTED_INTERFACE_CONTACT,0,0,1,L3_SELECTIVE_EXACT
sobol_112,L05,L07,EXPECTED_INTERFACE_CONTACT,EXPECTED_INTERFACE_CONTACT,0,0,1,L0_FIXED_SAFE
sobol_112,L05,L08,EXPECTED_INTERFACE_CONTACT,EXPECTED_INTERFACE_CONTACT,0,0,1,L3_SELECTIVE_EXACT
sobol_112,L05,L09,EXPECTED_INTERFACE_CONTACT,EXPECTED_INTERFACE_CONTACT,0,0,1,L3_SELECTIVE_EXACT
sobol_112,L05,L10,AABB_CLEAR,MESH_CLEAR,0,0,1,L2_MESH_BVH
sobol_112,L06,L07,EXPECTED_INTERFACE_CONTACT,EXPECTED_INTERFACE_CONTACT,0,0,1,L3_SELECTIVE_EXACT
sobol_112,L06,L08,EXPECTED_INTERFACE_CONTACT,EXPECTED_INTERFACE_CONTACT,0,0,1,L3_SELECTIVE_EXACT
sobol_112,L06,L09,AABB_FALSE_POSITIVE,MESH_CLEAR,0,0,1,L2_MESH_BVH
sobol_112,L06,L10,AABB_CLEAR,MESH_CLEAR,0,0,1,L2_MESH_BVH
sobol_112,L07,L08,EXPECTED_INTERFACE_CONTACT,EXPECTED_INTERFACE_CONTACT,0,0,1,L0_FIXED_SAFE
sobol_112,L07,L09,EXPECTED_INTERFACE_CONTACT,MESH_CLEAR,0,0,1,L2_MESH_BVH
sobol_112,L07,L10,AABB_CLEAR,AABB_CLEAR,0,0,1,L1_AABB
sobol_112,L08,L09,EXPECTED_INTERFACE_CONTACT,EXPECTED_INTERFACE_CONTACT,0,0,1,L3_SELECTIVE_EXACT
sobol_112,L08,L10,EXPECTED_INTERFACE_CONTACT,EXPECTED_INTERFACE_CONTACT,0,0,1,L3_SELECTIVE_EXACT
sobol_112,L09,L10,AABB_CLEAR,AABB_CLEAR,0,0,1,L1_AABB
sobol_113,L00,L01,EXPECTED_INTERFACE_CONTACT,EXPECTED_INTERFACE_CONTACT,0,0,1,L3_SELECTIVE_EXACT
sobol_113,L00,L02,AABB_CLEAR,AABB_CLEAR,0,0,1,L1_AABB
sobol_113,L00,L03,AABB_CLEAR,AABB_CLEAR,0,0,1,L1_AABB
sobol_113,L00,L04,AABB_CLEAR,AABB_CLEAR,0,0,1,L1_AABB
sobol_113,L00,L05,AABB_CLEAR,AABB_CLEAR,0,0,1,L1_AABB
sobol_113,L00,L06,AABB_CLEAR,AABB_CLEAR,0,0,1,L1_AABB
sobol_113,L00,L07,AABB_CLEAR,AABB_CLEAR,0,0,1,L1_AABB
sobol_113,L00,L08,AABB_CLEAR,AABB_CLEAR,0,0,1,L1_AABB
sobol_113,L00,L09,AABB_CLEAR,AABB_CLEAR,0,0,1,L1_AABB
sobol_113,L00,L10,AABB_CLEAR,AABB_CLEAR,0,0,1,L1_AABB
sobol_113,L01,L02,EXPECTED_INTERFACE_CONTACT,EXPECTED_INTERFACE_CONTACT,0,0,1,L3_SELECTIVE_EXACT
sobol_113,L01,L03,AABB_CLEAR,AABB_CLEAR,0,0,1,L1_AABB
sobol_113,L01,L04,AABB_CLEAR,AABB_CLEAR,0,0,1,L1_AABB
sobol_113,L01,L05,AABB_CLEAR,AABB_CLEAR,0,0,1,L1_AABB
sobol_113,L01,L06,AABB_CLEAR,AABB_CLEAR,0,0,1,L1_AABB
sobol_113,L01,L07,AABB_CLEAR,AABB_CLEAR,0,0,1,L1_AABB
sobol_113,L01,L08,AABB_CLEAR,AABB_CLEAR,0,0,1,L1_AABB
sobol_113,L01,L09,AABB_CLEAR,AABB_CLEAR,0,0,1,L1_AABB
sobol_113,L01,L10,AABB_CLEAR,AABB_CLEAR,0,0,1,L1_AABB
sobol_113,L02,L03,EXPECTED_INTERFACE_CONTACT,EXPECTED_INTERFACE_CONTACT,0,0,1,L3_SELECTIVE_EXACT
sobol_113,L02,L04,AABB_CLEAR,AABB_CLEAR,0,0,1,L1_AABB
sobol_113,L02,L05,AABB_CLEAR,AABB_CLEAR,0,0,1,L1_AABB
sobol_113,L02,L06,AABB_CLEAR,AABB_CLEAR,0,0,1,L1_AABB
sobol_113,L02,L07,AABB_CLEAR,AABB_CLEAR,0,0,1,L1_AABB
sobol_113,L02,L08,AABB_CLEAR,AABB_CLEAR,0,0,1,L1_AABB
sobol_113,L02,L09,AABB_CLEAR,AABB_CLEAR,0,0,1,L1_AABB
sobol_113,L02,L10,AABB_CLEAR,AABB_CLEAR,0,0,1,L1_AABB
sobol_113,L03,L04,EXPECTED_INTERFACE_CONTACT,EXPECTED_INTERFACE_CONTACT,0,0,1,L3_SELECTIVE_EXACT
sobol_113,L03,L05,AABB_CLEAR,AABB_CLEAR,0,0,1,L1_AABB
sobol_113,L03,L06,AABB_CLEAR,AABB_CLEAR,0,0,1,L1_AABB
sobol_113,L03,L07,AABB_CLEAR,AABB_CLEAR,0,0,1,L1_AABB
sobol_113,L03,L08,AABB_CLEAR,AABB_CLEAR,0,0,1,L1_AABB
sobol_113,L03,L09,AABB_CLEAR,AABB_CLEAR,0,0,1,L1_AABB
sobol_113,L03,L10,AABB_CLEAR,AABB_CLEAR,0,0,1,L1_AABB
sobol_113,L04,L05,EXPECTED_INTERFACE_CONTACT,EXPECTED_INTERFACE_CONTACT,0,0,1,L0_FIXED_SAFE
sobol_113,L04,L06,EXPECTED_INTERFACE_CONTACT,EXPECTED_INTERFACE_CONTACT,0,0,1,L3_SELECTIVE_EXACT
sobol_113,L04,L07,EXPECTED_INTERFACE_CONTACT,EXPECTED_INTERFACE_CONTACT,0,0,1,L3_SELECTIVE_EXACT
sobol_113,L04,L08,AABB_CLEAR,AABB_CLEAR,0,0,1,L1_AABB
sobol_113,L04,L09,AABB_CLEAR,AABB_CLEAR,0,0,1,L1_AABB
sobol_113,L04,L10,AABB_CLEAR,AABB_CLEAR,0,0,1,L1_AABB
sobol_113,L05,L06,EXPECTED_INTERFACE_CONTACT,EXPECTED_INTERFACE_CONTACT,0,0,1,L3_SELECTIVE_EXACT
sobol_113,L05,L07,EXPECTED_INTERFACE_CONTACT,EXPECTED_INTERFACE_CONTACT,0,0,1,L0_FIXED_SAFE
sobol_113,L05,L08,EXPECTED_INTERFACE_CONTACT,EXPECTED_INTERFACE_CONTACT,0,0,1,L3_SELECTIVE_EXACT
sobol_113,L05,L09,EXPECTED_INTERFACE_CONTACT,EXPECTED_INTERFACE_CONTACT,0,0,1,L3_SELECTIVE_EXACT
sobol_113,L05,L10,EXPECTED_INTERFACE_CONTACT,EXPECTED_INTERFACE_CONTACT,0,0,1,L3_SELECTIVE_EXACT
sobol_113,L06,L07,EXPECTED_INTERFACE_CONTACT,EXPECTED_INTERFACE_CONTACT,0,0,1,L3_SELECTIVE_EXACT
sobol_113,L06,L08,EXPECTED_INTERFACE_CONTACT,EXPECTED_INTERFACE_CONTACT,0,0,1,L3_SELECTIVE_EXACT
sobol_113,L06,L09,AABB_CLEAR,AABB_CLEAR,0,0,1,L1_AABB
sobol_113,L06,L10,AABB_FALSE_POSITIVE,MESH_CLEAR,0,0,1,L2_MESH_BVH
sobol_113,L07,L08,EXPECTED_INTERFACE_CONTACT,EXPECTED_INTERFACE_CONTACT,0,0,1,L0_FIXED_SAFE
sobol_113,L07,L09,AABB_CLEAR,AABB_CLEAR,0,0,1,L1_AABB
sobol_113,L07,L10,AABB_CLEAR,MESH_CLEAR,0,0,1,L2_MESH_BVH
sobol_113,L08,L09,EXPECTED_INTERFACE_CONTACT,EXPECTED_INTERFACE_CONTACT,0,0,1,L3_SELECTIVE_EXACT
sobol_113,L08,L10,EXPECTED_INTERFACE_CONTACT,EXPECTED_INTERFACE_CONTACT,0,0,1,L3_SELECTIVE_EXACT
sobol_113,L09,L10,AABB_CLEAR,AABB_CLEAR,0,0,1,L1_AABB
sobol_114,L00,L01,EXPECTED_INTERFACE_CONTACT,EXPECTED_INTERFACE_CONTACT,0,0,1,L3_SELECTIVE_EXACT
sobol_114,L00,L02,AABB_CLEAR,AABB_CLEAR,0,0,1,L1_AABB
sobol_114,L00,L03,AABB_CLEAR,AABB_CLEAR,0,0,1,L1_AABB
sobol_114,L00,L04,AABB_CLEAR,AABB_CLEAR,0,0,1,L1_AABB
sobol_114,L00,L05,AABB_CLEAR,AABB_CLEAR,0,0,1,L1_AABB
sobol_114,L00,L06,AABB_CLEAR,AABB_CLEAR,0,0,1,L1_AABB
sobol_114,L00,L07,AABB_CLEAR,AABB_CLEAR,0,0,1,L1_AABB
sobol_114,L00,L08,AABB_CLEAR,AABB_CLEAR,0,0,1,L1_AABB
sobol_114,L00,L09,AABB_CLEAR,AABB_CLEAR,0,0,1,L1_AABB
sobol_114,L00,L10,AABB_CLEAR,AABB_CLEAR,0,0,1,L1_AABB
sobol_114,L01,L02,EXPECTED_INTERFACE_CONTACT,EXPECTED_INTERFACE_CONTACT,0,0,1,L3_SELECTIVE_EXACT
sobol_114,L01,L03,AABB_CLEAR,AABB_CLEAR,0,0,1,L1_AABB
sobol_114,L01,L04,AABB_CLEAR,AABB_CLEAR,0,0,1,L1_AABB
sobol_114,L01,L05,AABB_CLEAR,AABB_CLEAR,0,0,1,L1_AABB
sobol_114,L01,L06,AABB_CLEAR,AABB_CLEAR,0,0,1,L1_AABB
sobol_114,L01,L07,AABB_CLEAR,AABB_CLEAR,0,0,1,L1_AABB
sobol_114,L01,L08,AABB_CLEAR,AABB_CLEAR,0,0,1,L1_AABB
sobol_114,L01,L09,AABB_CLEAR,AABB_CLEAR,0,0,1,L1_AABB
sobol_114,L01,L10,AABB_CLEAR,AABB_CLEAR,0,0,1,L1_AABB
sobol_114,L02,L03,EXPECTED_INTERFACE_CONTACT,EXPECTED_INTERFACE_CONTACT,0,0,1,L3_SELECTIVE_EXACT
sobol_114,L02,L04,AABB_CLEAR,MESH_CLEAR,0,0,1,L2_MESH_BVH
sobol_114,L02,L05,AABB_CLEAR,AABB_CLEAR,0,0,1,L1_AABB
sobol_114,L02,L06,AABB_CLEAR,AABB_CLEAR,0,0,1,L1_AABB
sobol_114,L02,L07,AABB_CLEAR,AABB_CLEAR,0,0,1,L1_AABB
sobol_114,L02,L08,AABB_CLEAR,AABB_CLEAR,0,0,1,L1_AABB
sobol_114,L02,L09,AABB_CLEAR,AABB_CLEAR,0,0,1,L1_AABB
sobol_114,L02,L10,AABB_CLEAR,AABB_CLEAR,0,0,1,L1_AABB
sobol_114,L03,L04,EXPECTED_INTERFACE_CONTACT,EXPECTED_INTERFACE_CONTACT,0,0,1,L3_SELECTIVE_EXACT
sobol_114,L03,L05,AABB_CLEAR,AABB_CLEAR,0,0,1,L1_AABB
sobol_114,L03,L06,AABB_CLEAR,AABB_CLEAR,0,0,1,L1_AABB
sobol_114,L03,L07,AABB_CLEAR,AABB_CLEAR,0,0,1,L1_AABB
sobol_114,L03,L08,AABB_CLEAR,AABB_CLEAR,0,0,1,L1_AABB
sobol_114,L03,L09,AABB_CLEAR,AABB_CLEAR,0,0,1,L1_AABB
sobol_114,L03,L10,AABB_CLEAR,AABB_CLEAR,0,0,1,L1_AABB
sobol_114,L04,L05,EXPECTED_INTERFACE_CONTACT,EXPECTED_INTERFACE_CONTACT,0,0,1,L0_FIXED_SAFE
sobol_114,L04,L06,EXPECTED_INTERFACE_CONTACT,EXPECTED_INTERFACE_CONTACT,0,0,1,L3_SELECTIVE_EXACT
sobol_114,L04,L07,EXPECTED_INTERFACE_CONTACT,EXPECTED_INTERFACE_CONTACT,0,0,1,L3_SELECTIVE_EXACT
sobol_114,L04,L08,AABB_CLEAR,AABB_CLEAR,0,0,1,L1_AABB
sobol_114,L04,L09,AABB_CLEAR,AABB_CLEAR,0,0,1,L1_AABB
sobol_114,L04,L10,AABB_CLEAR,AABB_CLEAR,0,0,1,L1_AABB
sobol_114,L05,L06,EXPECTED_INTERFACE_CONTACT,EXPECTED_INTERFACE_CONTACT,0,0,1,L3_SELECTIVE_EXACT
sobol_114,L05,L07,EXPECTED_INTERFACE_CONTACT,EXPECTED_INTERFACE_CONTACT,0,0,1,L0_FIXED_SAFE
sobol_114,L05,L08,EXPECTED_INTERFACE_CONTACT,EXPECTED_INTERFACE_CONTACT,0,0,1,L3_SELECTIVE_EXACT
sobol_114,L05,L09,EXPECTED_INTERFACE_CONTACT,EXPECTED_INTERFACE_CONTACT,0,0,1,L3_SELECTIVE_EXACT
sobol_114,L05,L10,EXPECTED_INTERFACE_CONTACT,EXPECTED_INTERFACE_CONTACT,0,0,1,L3_SELECTIVE_EXACT
sobol_114,L06,L07,EXPECTED_INTERFACE_CONTACT,EXPECTED_INTERFACE_CONTACT,0,0,1,L3_SELECTIVE_EXACT
sobol_114,L06,L08,EXPECTED_INTERFACE_CONTACT,EXPECTED_INTERFACE_CONTACT,0,0,1,L3_SELECTIVE_EXACT
sobol_114,L06,L09,AABB_FALSE_POSITIVE,AABB_FALSE_POSITIVE,0,0,1,L3_SELECTIVE_EXACT
sobol_114,L06,L10,AABB_CLEAR,AABB_CLEAR,0,0,1,L3_SELECTIVE_EXACT
sobol_114,L07,L08,EXPECTED_INTERFACE_CONTACT,EXPECTED_INTERFACE_CONTACT,0,0,1,L0_FIXED_SAFE
sobol_114,L07,L09,EXPECTED_INTERFACE_CONTACT,MESH_CLEAR,0,0,1,L2_MESH_BVH
sobol_114,L07,L10,AABB_CLEAR,AABB_CLEAR,0,0,1,L1_AABB
sobol_114,L08,L09,EXPECTED_INTERFACE_CONTACT,EXPECTED_INTERFACE_CONTACT,0,0,1,L3_SELECTIVE_EXACT
sobol_114,L08,L10,EXPECTED_INTERFACE_CONTACT,EXPECTED_INTERFACE_CONTACT,0,0,1,L3_SELECTIVE_EXACT
sobol_114,L09,L10,AABB_CLEAR,AABB_CLEAR,0,0,1,L1_AABB
sobol_115,L00,L01,EXPECTED_INTERFACE_CONTACT,EXPECTED_INTERFACE_CONTACT,0,0,1,L3_SELECTIVE_EXACT
sobol_115,L00,L02,AABB_CLEAR,AABB_CLEAR,0,0,1,L3_SELECTIVE_EXACT
sobol_115,L00,L03,AABB_CLEAR,AABB_CLEAR,0,0,1,L1_AABB
sobol_115,L00,L04,AABB_CLEAR,AABB_CLEAR,0,0,1,L1_AABB
sobol_115,L00,L05,AABB_CLEAR,AABB_CLEAR,0,0,1,L1_AABB
sobol_115,L00,L06,AABB_CLEAR,AABB_CLEAR,0,0,1,L1_AABB
sobol_115,L00,L07,AABB_CLEAR,AABB_CLEAR,0,0,1,L1_AABB
sobol_115,L00,L08,AABB_CLEAR,AABB_CLEAR,0,0,1,L1_AABB
sobol_115,L00,L09,AABB_CLEAR,AABB_CLEAR,0,0,1,L1_AABB
sobol_115,L00,L10,AABB_CLEAR,AABB_CLEAR,0,0,1,L1_AABB
sobol_115,L01,L02,EXPECTED_INTERFACE_CONTACT,EXPECTED_INTERFACE_CONTACT,0,0,1,L3_SELECTIVE_EXACT
sobol_115,L01,L03,AABB_CLEAR,AABB_CLEAR,0,0,1,L1_AABB
sobol_115,L01,L04,AABB_CLEAR,AABB_CLEAR,0,0,1,L1_AABB
sobol_115,L01,L05,AABB_CLEAR,AABB_CLEAR,0,0,1,L1_AABB
sobol_115,L01,L06,AABB_CLEAR,AABB_CLEAR,0,0,1,L1_AABB
sobol_115,L01,L07,AABB_CLEAR,AABB_CLEAR,0,0,1,L1_AABB
sobol_115,L01,L08,AABB_CLEAR,AABB_CLEAR,0,0,1,L1_AABB
sobol_115,L01,L09,AABB_CLEAR,AABB_CLEAR,0,0,1,L1_AABB
sobol_115,L01,L10,AABB_CLEAR,AABB_CLEAR,0,0,1,L1_AABB
sobol_115,L02,L03,EXPECTED_INTERFACE_CONTACT,EXPECTED_INTERFACE_CONTACT,0,0,1,L3_SELECTIVE_EXACT
sobol_115,L02,L04,AABB_CLEAR,AABB_CLEAR,0,0,1,L1_AABB
sobol_115,L02,L05,AABB_CLEAR,AABB_CLEAR,0,0,1,L1_AABB
sobol_115,L02,L06,AABB_CLEAR,AABB_CLEAR,0,0,1,L1_AABB
sobol_115,L02,L07,AABB_CLEAR,AABB_CLEAR,0,0,1,L1_AABB
sobol_115,L02,L08,AABB_CLEAR,AABB_CLEAR,0,0,1,L1_AABB
sobol_115,L02,L09,AABB_CLEAR,AABB_CLEAR,0,0,1,L1_AABB
sobol_115,L02,L10,AABB_CLEAR,AABB_CLEAR,0,0,1,L1_AABB
sobol_115,L03,L04,EXPECTED_INTERFACE_CONTACT,EXPECTED_INTERFACE_CONTACT,0,0,1,L3_SELECTIVE_EXACT
sobol_115,L03,L05,AABB_CLEAR,MESH_CLEAR,0,0,1,L2_MESH_BVH
sobol_115,L03,L06,AABB_CLEAR,AABB_CLEAR,0,0,1,L1_AABB
sobol_115,L03,L07,AABB_CLEAR,AABB_CLEAR,0,0,1,L1_AABB
sobol_115,L03,L08,AABB_CLEAR,AABB_CLEAR,0,0,1,L1_AABB
sobol_115,L03,L09,AABB_CLEAR,AABB_CLEAR,0,0,1,L1_AABB
sobol_115,L03,L10,AABB_CLEAR,AABB_CLEAR,0,0,1,L1_AABB
sobol_115,L04,L05,EXPECTED_INTERFACE_CONTACT,EXPECTED_INTERFACE_CONTACT,0,0,1,L0_FIXED_SAFE
sobol_115,L04,L06,EXPECTED_INTERFACE_CONTACT,EXPECTED_INTERFACE_CONTACT,0,0,1,L3_SELECTIVE_EXACT
sobol_115,L04,L07,EXPECTED_INTERFACE_CONTACT,EXPECTED_INTERFACE_CONTACT,0,0,1,L3_SELECTIVE_EXACT
sobol_115,L04,L08,EXPECTED_INTERFACE_CONTACT,MESH_CLEAR,0,0,1,L2_MESH_BVH
sobol_115,L04,L09,AABB_CLEAR,AABB_CLEAR,0,0,1,L1_AABB
sobol_115,L04,L10,AABB_CLEAR,AABB_CLEAR,0,0,1,L1_AABB
sobol_115,L05,L06,EXPECTED_INTERFACE_CONTACT,EXPECTED_INTERFACE_CONTACT,0,0,1,L3_SELECTIVE_EXACT
sobol_115,L05,L07,EXPECTED_INTERFACE_CONTACT,EXPECTED_INTERFACE_CONTACT,0,0,1,L0_FIXED_SAFE
sobol_115,L05,L08,EXPECTED_INTERFACE_CONTACT,EXPECTED_INTERFACE_CONTACT,0,0,1,L3_SELECTIVE_EXACT
sobol_115,L05,L09,AABB_CLEAR,AABB_CLEAR,0,0,1,L1_AABB
sobol_115,L05,L10,AABB_CLEAR,AABB_CLEAR,0,0,1,L1_AABB
sobol_115,L06,L07,EXPECTED_INTERFACE_CONTACT,EXPECTED_INTERFACE_CONTACT,0,0,1,L3_SELECTIVE_EXACT
sobol_115,L06,L08,EXPECTED_INTERFACE_CONTACT,EXPECTED_INTERFACE_CONTACT,0,0,1,L3_SELECTIVE_EXACT
sobol_115,L06,L09,AABB_FALSE_POSITIVE,MESH_CLEAR,0,0,1,L2_MESH_BVH
sobol_115,L06,L10,AABB_CLEAR,MESH_CLEAR,0,0,1,L2_MESH_BVH
sobol_115,L07,L08,EXPECTED_INTERFACE_CONTACT,EXPECTED_INTERFACE_CONTACT,0,0,1,L0_FIXED_SAFE
sobol_115,L07,L09,AABB_CLEAR,AABB_CLEAR,0,0,1,L1_AABB
sobol_115,L07,L10,AABB_CLEAR,AABB_CLEAR,0,0,1,L1_AABB
sobol_115,L08,L09,EXPECTED_INTERFACE_CONTACT,EXPECTED_INTERFACE_CONTACT,0,0,1,L3_SELECTIVE_EXACT
sobol_115,L08,L10,EXPECTED_INTERFACE_CONTACT,EXPECTED_INTERFACE_CONTACT,0,0,1,L3_SELECTIVE_EXACT
sobol_115,L09,L10,AABB_CLEAR,AABB_CLEAR,0,0,1,L1_AABB
sobol_116,L00,L01,EXPECTED_INTERFACE_CONTACT,EXPECTED_INTERFACE_CONTACT,0,0,1,L3_SELECTIVE_EXACT
sobol_116,L00,L02,AABB_CLEAR,AABB_CLEAR,0,0,1,L1_AABB
sobol_116,L00,L03,AABB_CLEAR,AABB_CLEAR,0,0,1,L1_AABB
sobol_116,L00,L04,AABB_CLEAR,AABB_CLEAR,0,0,1,L1_AABB
sobol_116,L00,L05,AABB_CLEAR,AABB_CLEAR,0,0,1,L1_AABB
sobol_116,L00,L06,AABB_CLEAR,AABB_CLEAR,0,0,1,L1_AABB
sobol_116,L00,L07,AABB_CLEAR,AABB_CLEAR,0,0,1,L1_AABB
sobol_116,L00,L08,AABB_CLEAR,AABB_CLEAR,0,0,1,L1_AABB
sobol_116,L00,L09,AABB_CLEAR,AABB_CLEAR,0,0,1,L1_AABB
sobol_116,L00,L10,AABB_CLEAR,AABB_CLEAR,0,0,1,L1_AABB
sobol_116,L01,L02,EXPECTED_INTERFACE_CONTACT,EXPECTED_INTERFACE_CONTACT,0,0,1,L3_SELECTIVE_EXACT
sobol_116,L01,L03,AABB_CLEAR,AABB_CLEAR,0,0,1,L1_AABB
sobol_116,L01,L04,AABB_CLEAR,AABB_CLEAR,0,0,1,L1_AABB
sobol_116,L01,L05,AABB_CLEAR,AABB_CLEAR,0,0,1,L1_AABB
sobol_116,L01,L06,AABB_CLEAR,AABB_CLEAR,0,0,1,L1_AABB
sobol_116,L01,L07,AABB_CLEAR,AABB_CLEAR,0,0,1,L1_AABB
sobol_116,L01,L08,AABB_CLEAR,AABB_CLEAR,0,0,1,L1_AABB
sobol_116,L01,L09,AABB_CLEAR,AABB_CLEAR,0,0,1,L1_AABB
sobol_116,L01,L10,AABB_CLEAR,AABB_CLEAR,0,0,1,L1_AABB
sobol_116,L02,L03,EXPECTED_INTERFACE_CONTACT,EXPECTED_INTERFACE_CONTACT,0,0,1,L3_SELECTIVE_EXACT
sobol_116,L02,L04,AABB_CLEAR,AABB_CLEAR,0,0,1,L1_AABB
sobol_116,L02,L05,AABB_CLEAR,AABB_CLEAR,0,0,1,L1_AABB
sobol_116,L02,L06,AABB_CLEAR,AABB_CLEAR,0,0,1,L1_AABB
sobol_116,L02,L07,AABB_CLEAR,AABB_CLEAR,0,0,1,L1_AABB
sobol_116,L02,L08,AABB_CLEAR,AABB_CLEAR,0,0,1,L1_AABB
sobol_116,L02,L09,AABB_CLEAR,AABB_CLEAR,0,0,1,L1_AABB
sobol_116,L02,L10,AABB_CLEAR,AABB_CLEAR,0,0,1,L1_AABB
sobol_116,L03,L04,EXPECTED_INTERFACE_CONTACT,EXPECTED_INTERFACE_CONTACT,0,0,1,L3_SELECTIVE_EXACT
sobol_116,L03,L05,AABB_CLEAR,AABB_CLEAR,0,0,1,L1_AABB
sobol_116,L03,L06,AABB_CLEAR,AABB_CLEAR,0,0,1,L1_AABB
sobol_116,L03,L07,AABB_CLEAR,AABB_CLEAR,0,0,1,L1_AABB
sobol_116,L03,L08,AABB_CLEAR,AABB_CLEAR,0,0,1,L1_AABB
sobol_116,L03,L09,AABB_CLEAR,AABB_CLEAR,0,0,1,L1_AABB
sobol_116,L03,L10,AABB_CLEAR,AABB_CLEAR,0,0,1,L1_AABB
sobol_116,L04,L05,EXPECTED_INTERFACE_CONTACT,EXPECTED_INTERFACE_CONTACT,0,0,1,L0_FIXED_SAFE
sobol_116,L04,L06,EXPECTED_INTERFACE_CONTACT,EXPECTED_INTERFACE_CONTACT,0,0,1,L3_SELECTIVE_EXACT
sobol_116,L04,L07,EXPECTED_INTERFACE_CONTACT,EXPECTED_INTERFACE_CONTACT,0,0,1,L3_SELECTIVE_EXACT
sobol_116,L04,L08,AABB_CLEAR,AABB_CLEAR,0,0,1,L1_AABB
sobol_116,L04,L09,AABB_CLEAR,AABB_CLEAR,0,0,1,L1_AABB
sobol_116,L04,L10,AABB_CLEAR,AABB_CLEAR,0,0,1,L1_AABB
sobol_116,L05,L06,EXPECTED_INTERFACE_CONTACT,EXPECTED_INTERFACE_CONTACT,0,0,1,L3_SELECTIVE_EXACT
sobol_116,L05,L07,EXPECTED_INTERFACE_CONTACT,EXPECTED_INTERFACE_CONTACT,0,0,1,L0_FIXED_SAFE
sobol_116,L05,L08,EXPECTED_INTERFACE_CONTACT,MESH_CLEAR,0,0,1,L2_MESH_BVH
sobol_116,L05,L09,AABB_CLEAR,AABB_CLEAR,0,0,1,L1_AABB
sobol_116,L05,L10,AABB_CLEAR,AABB_CLEAR,0,0,1,L1_AABB
sobol_116,L06,L07,EXPECTED_INTERFACE_CONTACT,EXPECTED_INTERFACE_CONTACT,0,0,1,L3_SELECTIVE_EXACT
sobol_116,L06,L08,EXPECTED_INTERFACE_CONTACT,EXPECTED_INTERFACE_CONTACT,0,0,1,L3_SELECTIVE_EXACT
sobol_116,L06,L09,AABB_CLEAR,AABB_CLEAR,0,0,1,L1_AABB
sobol_116,L06,L10,AABB_CLEAR,AABB_CLEAR,0,0,1,L1_AABB
sobol_116,L07,L08,EXPECTED_INTERFACE_CONTACT,EXPECTED_INTERFACE_CONTACT,0,0,1,L0_FIXED_SAFE
sobol_116,L07,L09,AABB_CLEAR,AABB_CLEAR,0,0,1,L1_AABB
sobol_116,L07,L10,AABB_CLEAR,AABB_CLEAR,0,0,1,L1_AABB
sobol_116,L08,L09,EXPECTED_INTERFACE_CONTACT,EXPECTED_INTERFACE_CONTACT,0,0,1,L3_SELECTIVE_EXACT
sobol_116,L08,L10,EXPECTED_INTERFACE_CONTACT,EXPECTED_INTERFACE_CONTACT,0,0,1,L3_SELECTIVE_EXACT
sobol_116,L09,L10,AABB_CLEAR,AABB_CLEAR,0,0,1,L1_AABB
sobol_117,L00,L01,EXPECTED_INTERFACE_CONTACT,EXPECTED_INTERFACE_CONTACT,0,0,1,L3_SELECTIVE_EXACT
sobol_117,L00,L02,AABB_FALSE_POSITIVE,AABB_FALSE_POSITIVE,0,0,1,L3_SELECTIVE_EXACT
sobol_117,L00,L03,NONADJACENT_COLLISION,NONADJACENT_COLLISION,1,1,1,L3_SELECTIVE_EXACT
sobol_117,L00,L04,NONADJACENT_COLLISION,NONADJACENT_COLLISION,1,1,1,L3_SELECTIVE_EXACT
sobol_117,L00,L05,AABB_CLEAR,AABB_CLEAR,0,0,1,L1_AABB
sobol_117,L00,L06,AABB_CLEAR,AABB_CLEAR,0,0,1,L1_AABB
sobol_117,L00,L07,AABB_CLEAR,AABB_CLEAR,0,0,1,L1_AABB
sobol_117,L00,L08,AABB_CLEAR,AABB_CLEAR,0,0,1,L1_AABB
sobol_117,L00,L09,AABB_CLEAR,AABB_CLEAR,0,0,1,L1_AABB
sobol_117,L00,L10,AABB_CLEAR,AABB_CLEAR,0,0,1,L1_AABB
sobol_117,L01,L02,EXPECTED_INTERFACE_CONTACT,EXPECTED_INTERFACE_CONTACT,0,0,1,L3_SELECTIVE_EXACT
sobol_117,L01,L03,NONADJACENT_COLLISION,NONADJACENT_COLLISION,1,1,1,L3_SELECTIVE_EXACT
sobol_117,L01,L04,NONADJACENT_COLLISION,NONADJACENT_COLLISION,1,1,1,L3_SELECTIVE_EXACT
sobol_117,L01,L05,AABB_FALSE_POSITIVE,AABB_FALSE_POSITIVE,0,0,1,L3_SELECTIVE_EXACT
sobol_117,L01,L06,AABB_FALSE_POSITIVE,AABB_FALSE_POSITIVE,0,0,1,L3_SELECTIVE_EXACT
sobol_117,L01,L07,AABB_CLEAR,MESH_CLEAR,0,0,1,L2_MESH_BVH
sobol_117,L01,L08,AABB_CLEAR,AABB_CLEAR,0,0,1,L1_AABB
sobol_117,L01,L09,AABB_CLEAR,AABB_CLEAR,0,0,1,L1_AABB
sobol_117,L01,L10,AABB_CLEAR,AABB_CLEAR,0,0,1,L1_AABB
sobol_117,L02,L03,EXPECTED_INTERFACE_CONTACT,EXPECTED_INTERFACE_CONTACT,0,0,1,L3_SELECTIVE_EXACT
sobol_117,L02,L04,AABB_FALSE_POSITIVE,AABB_FALSE_POSITIVE,0,0,1,L3_SELECTIVE_EXACT
sobol_117,L02,L05,AABB_FALSE_POSITIVE,MESH_CLEAR,0,0,1,L2_MESH_BVH
sobol_117,L02,L06,AABB_CLEAR,MESH_CLEAR,0,0,1,L2_MESH_BVH
sobol_117,L02,L07,AABB_CLEAR,MESH_CLEAR,0,0,1,L2_MESH_BVH
sobol_117,L02,L08,AABB_CLEAR,AABB_CLEAR,0,0,1,L1_AABB
sobol_117,L02,L09,AABB_CLEAR,AABB_CLEAR,0,0,1,L1_AABB
sobol_117,L02,L10,AABB_CLEAR,AABB_CLEAR,0,0,1,L1_AABB
sobol_117,L03,L04,EXPECTED_INTERFACE_CONTACT,EXPECTED_INTERFACE_CONTACT,0,0,1,L3_SELECTIVE_EXACT
sobol_117,L03,L05,AABB_CLEAR,AABB_CLEAR,0,0,1,L1_AABB
sobol_117,L03,L06,AABB_CLEAR,AABB_CLEAR,0,0,1,L1_AABB
sobol_117,L03,L07,AABB_CLEAR,AABB_CLEAR,0,0,1,L1_AABB
sobol_117,L03,L08,AABB_CLEAR,AABB_CLEAR,0,0,1,L1_AABB
sobol_117,L03,L09,AABB_CLEAR,AABB_CLEAR,0,0,1,L1_AABB
sobol_117,L03,L10,AABB_CLEAR,AABB_CLEAR,0,0,1,L1_AABB
sobol_117,L04,L05,EXPECTED_INTERFACE_CONTACT,EXPECTED_INTERFACE_CONTACT,0,0,1,L0_FIXED_SAFE
sobol_117,L04,L06,EXPECTED_INTERFACE_CONTACT,EXPECTED_INTERFACE_CONTACT,0,0,1,L3_SELECTIVE_EXACT
sobol_117,L04,L07,EXPECTED_INTERFACE_CONTACT,EXPECTED_INTERFACE_CONTACT,0,0,1,L3_SELECTIVE_EXACT
sobol_117,L04,L08,AABB_CLEAR,AABB_CLEAR,0,0,1,L1_AABB
sobol_117,L04,L09,AABB_CLEAR,AABB_CLEAR,0,0,1,L1_AABB
sobol_117,L04,L10,AABB_CLEAR,AABB_CLEAR,0,0,1,L1_AABB
sobol_117,L05,L06,EXPECTED_INTERFACE_CONTACT,EXPECTED_INTERFACE_CONTACT,0,0,1,L3_SELECTIVE_EXACT
sobol_117,L05,L07,EXPECTED_INTERFACE_CONTACT,EXPECTED_INTERFACE_CONTACT,0,0,1,L0_FIXED_SAFE
sobol_117,L05,L08,EXPECTED_INTERFACE_CONTACT,EXPECTED_INTERFACE_CONTACT,0,0,1,L3_SELECTIVE_EXACT
sobol_117,L05,L09,EXPECTED_INTERFACE_CONTACT,EXPECTED_INTERFACE_CONTACT,0,0,1,L3_SELECTIVE_EXACT
sobol_117,L05,L10,EXPECTED_INTERFACE_CONTACT,EXPECTED_INTERFACE_CONTACT,0,0,1,L3_SELECTIVE_EXACT
sobol_117,L06,L07,EXPECTED_INTERFACE_CONTACT,EXPECTED_INTERFACE_CONTACT,0,0,1,L3_SELECTIVE_EXACT
sobol_117,L06,L08,EXPECTED_INTERFACE_CONTACT,EXPECTED_INTERFACE_CONTACT,0,0,1,L3_SELECTIVE_EXACT
sobol_117,L06,L09,AABB_FALSE_POSITIVE,AABB_FALSE_POSITIVE,0,0,1,L3_SELECTIVE_EXACT
sobol_117,L06,L10,AABB_CLEAR,AABB_CLEAR,0,0,1,L3_SELECTIVE_EXACT
sobol_117,L07,L08,EXPECTED_INTERFACE_CONTACT,EXPECTED_INTERFACE_CONTACT,0,0,1,L0_FIXED_SAFE
sobol_117,L07,L09,EXPECTED_INTERFACE_CONTACT,EXPECTED_INTERFACE_CONTACT,0,0,1,L3_SELECTIVE_EXACT
sobol_117,L07,L10,AABB_CLEAR,AABB_CLEAR,0,0,1,L3_SELECTIVE_EXACT
sobol_117,L08,L09,EXPECTED_INTERFACE_CONTACT,EXPECTED_INTERFACE_CONTACT,0,0,1,L3_SELECTIVE_EXACT
sobol_117,L08,L10,EXPECTED_INTERFACE_CONTACT,EXPECTED_INTERFACE_CONTACT,0,0,1,L3_SELECTIVE_EXACT
sobol_117,L09,L10,AABB_CLEAR,AABB_CLEAR,0,0,1,L1_AABB
sobol_118,L00,L01,EXPECTED_INTERFACE_CONTACT,EXPECTED_INTERFACE_CONTACT,0,0,1,L3_SELECTIVE_EXACT
sobol_118,L00,L02,AABB_CLEAR,AABB_CLEAR,0,0,1,L1_AABB
sobol_118,L00,L03,AABB_CLEAR,AABB_CLEAR,0,0,1,L1_AABB
sobol_118,L00,L04,AABB_CLEAR,AABB_CLEAR,0,0,1,L1_AABB
sobol_118,L00,L05,AABB_CLEAR,AABB_CLEAR,0,0,1,L1_AABB
sobol_118,L00,L06,AABB_CLEAR,AABB_CLEAR,0,0,1,L1_AABB
sobol_118,L00,L07,AABB_CLEAR,AABB_CLEAR,0,0,1,L1_AABB
sobol_118,L00,L08,AABB_CLEAR,AABB_CLEAR,0,0,1,L1_AABB
sobol_118,L00,L09,AABB_CLEAR,AABB_CLEAR,0,0,1,L1_AABB
sobol_118,L00,L10,AABB_CLEAR,AABB_CLEAR,0,0,1,L1_AABB
sobol_118,L01,L02,EXPECTED_INTERFACE_CONTACT,EXPECTED_INTERFACE_CONTACT,0,0,1,L3_SELECTIVE_EXACT
sobol_118,L01,L03,AABB_CLEAR,AABB_CLEAR,0,0,1,L1_AABB
sobol_118,L01,L04,AABB_CLEAR,AABB_CLEAR,0,0,1,L1_AABB
sobol_118,L01,L05,AABB_CLEAR,AABB_CLEAR,0,0,1,L1_AABB
sobol_118,L01,L06,AABB_CLEAR,AABB_CLEAR,0,0,1,L1_AABB
sobol_118,L01,L07,AABB_CLEAR,AABB_CLEAR,0,0,1,L1_AABB
sobol_118,L01,L08,AABB_CLEAR,AABB_CLEAR,0,0,1,L1_AABB
sobol_118,L01,L09,AABB_CLEAR,AABB_CLEAR,0,0,1,L1_AABB
sobol_118,L01,L10,AABB_CLEAR,AABB_CLEAR,0,0,1,L1_AABB
sobol_118,L02,L03,EXPECTED_INTERFACE_CONTACT,EXPECTED_INTERFACE_CONTACT,0,0,1,L3_SELECTIVE_EXACT
sobol_118,L02,L04,AABB_CLEAR,AABB_CLEAR,0,0,1,L1_AABB
sobol_118,L02,L05,AABB_CLEAR,AABB_CLEAR,0,0,1,L1_AABB
sobol_118,L02,L06,AABB_CLEAR,AABB_CLEAR,0,0,1,L1_AABB
sobol_118,L02,L07,AABB_CLEAR,AABB_CLEAR,0,0,1,L1_AABB
sobol_118,L02,L08,AABB_CLEAR,AABB_CLEAR,0,0,1,L1_AABB
sobol_118,L02,L09,AABB_CLEAR,AABB_CLEAR,0,0,1,L1_AABB
sobol_118,L02,L10,AABB_CLEAR,AABB_CLEAR,0,0,1,L1_AABB
sobol_118,L03,L04,EXPECTED_INTERFACE_CONTACT,EXPECTED_INTERFACE_CONTACT,0,0,1,L3_SELECTIVE_EXACT
sobol_118,L03,L05,AABB_CLEAR,AABB_CLEAR,0,0,1,L1_AABB
sobol_118,L03,L06,AABB_CLEAR,AABB_CLEAR,0,0,1,L1_AABB
sobol_118,L03,L07,AABB_CLEAR,AABB_CLEAR,0,0,1,L1_AABB
sobol_118,L03,L08,AABB_CLEAR,AABB_CLEAR,0,0,1,L1_AABB
sobol_118,L03,L09,AABB_CLEAR,AABB_CLEAR,0,0,1,L1_AABB
sobol_118,L03,L10,AABB_CLEAR,AABB_CLEAR,0,0,1,L1_AABB
sobol_118,L04,L05,EXPECTED_INTERFACE_CONTACT,EXPECTED_INTERFACE_CONTACT,0,0,1,L0_FIXED_SAFE
sobol_118,L04,L06,EXPECTED_INTERFACE_CONTACT,EXPECTED_INTERFACE_CONTACT,0,0,1,L3_SELECTIVE_EXACT
sobol_118,L04,L07,EXPECTED_INTERFACE_CONTACT,EXPECTED_INTERFACE_CONTACT,0,0,1,L3_SELECTIVE_EXACT
sobol_118,L04,L08,AABB_CLEAR,AABB_CLEAR,0,0,1,L1_AABB
sobol_118,L04,L09,AABB_CLEAR,AABB_CLEAR,0,0,1,L1_AABB
sobol_118,L04,L10,AABB_CLEAR,AABB_CLEAR,0,0,1,L1_AABB
sobol_118,L05,L06,EXPECTED_INTERFACE_CONTACT,EXPECTED_INTERFACE_CONTACT,0,0,1,L3_SELECTIVE_EXACT
sobol_118,L05,L07,EXPECTED_INTERFACE_CONTACT,EXPECTED_INTERFACE_CONTACT,0,0,1,L0_FIXED_SAFE
sobol_118,L05,L08,AABB_CLEAR,AABB_CLEAR,0,0,1,L1_AABB
sobol_118,L05,L09,EXPECTED_INTERFACE_CONTACT,EXPECTED_INTERFACE_CONTACT,0,0,1,L3_SELECTIVE_EXACT
sobol_118,L05,L10,EXPECTED_INTERFACE_CONTACT,EXPECTED_INTERFACE_CONTACT,0,0,1,L3_SELECTIVE_EXACT
sobol_118,L06,L07,EXPECTED_INTERFACE_CONTACT,EXPECTED_INTERFACE_CONTACT,0,0,1,L3_SELECTIVE_EXACT
sobol_118,L06,L08,EXPECTED_INTERFACE_CONTACT,EXPECTED_INTERFACE_CONTACT,0,0,1,L3_SELECTIVE_EXACT
sobol_118,L06,L09,AABB_FALSE_POSITIVE,AABB_FALSE_POSITIVE,0,0,1,L3_SELECTIVE_EXACT
sobol_118,L06,L10,AABB_FALSE_POSITIVE,MESH_CLEAR,0,0,1,L2_MESH_BVH
sobol_118,L07,L08,EXPECTED_INTERFACE_CONTACT,EXPECTED_INTERFACE_CONTACT,0,0,1,L0_FIXED_SAFE
sobol_118,L07,L09,EXPECTED_INTERFACE_CONTACT,EXPECTED_INTERFACE_CONTACT,0,0,1,L3_SELECTIVE_EXACT
sobol_118,L07,L10,AABB_CLEAR,AABB_CLEAR,0,0,1,L3_SELECTIVE_EXACT
sobol_118,L08,L09,EXPECTED_INTERFACE_CONTACT,EXPECTED_INTERFACE_CONTACT,0,0,1,L3_SELECTIVE_EXACT
sobol_118,L08,L10,EXPECTED_INTERFACE_CONTACT,EXPECTED_INTERFACE_CONTACT,0,0,1,L3_SELECTIVE_EXACT
sobol_118,L09,L10,AABB_CLEAR,AABB_CLEAR,0,0,1,L1_AABB
sobol_119,L00,L01,EXPECTED_INTERFACE_CONTACT,EXPECTED_INTERFACE_CONTACT,0,0,1,L3_SELECTIVE_EXACT
sobol_119,L00,L02,AABB_CLEAR,MESH_CLEAR,0,0,1,L2_MESH_BVH
sobol_119,L00,L03,AABB_CLEAR,AABB_CLEAR,0,0,1,L1_AABB
sobol_119,L00,L04,AABB_CLEAR,AABB_CLEAR,0,0,1,L1_AABB
sobol_119,L00,L05,AABB_CLEAR,AABB_CLEAR,0,0,1,L1_AABB
sobol_119,L00,L06,AABB_CLEAR,AABB_CLEAR,0,0,1,L1_AABB
sobol_119,L00,L07,AABB_CLEAR,AABB_CLEAR,0,0,1,L1_AABB
sobol_119,L00,L08,AABB_CLEAR,AABB_CLEAR,0,0,1,L1_AABB
sobol_119,L00,L09,AABB_CLEAR,AABB_CLEAR,0,0,1,L1_AABB
sobol_119,L00,L10,AABB_CLEAR,AABB_CLEAR,0,0,1,L1_AABB
sobol_119,L01,L02,EXPECTED_INTERFACE_CONTACT,EXPECTED_INTERFACE_CONTACT,0,0,1,L3_SELECTIVE_EXACT
sobol_119,L01,L03,AABB_CLEAR,AABB_CLEAR,0,0,1,L1_AABB
sobol_119,L01,L04,AABB_CLEAR,AABB_CLEAR,0,0,1,L1_AABB
sobol_119,L01,L05,AABB_CLEAR,AABB_CLEAR,0,0,1,L1_AABB
sobol_119,L01,L06,AABB_CLEAR,AABB_CLEAR,0,0,1,L1_AABB
sobol_119,L01,L07,AABB_CLEAR,AABB_CLEAR,0,0,1,L1_AABB
sobol_119,L01,L08,AABB_CLEAR,AABB_CLEAR,0,0,1,L1_AABB
sobol_119,L01,L09,AABB_CLEAR,AABB_CLEAR,0,0,1,L1_AABB
sobol_119,L01,L10,AABB_CLEAR,AABB_CLEAR,0,0,1,L1_AABB
sobol_119,L02,L03,EXPECTED_INTERFACE_CONTACT,EXPECTED_INTERFACE_CONTACT,0,0,1,L3_SELECTIVE_EXACT
sobol_119,L02,L04,AABB_CLEAR,AABB_CLEAR,0,0,1,L1_AABB
sobol_119,L02,L05,AABB_FALSE_POSITIVE,MESH_CLEAR,0,0,1,L2_MESH_BVH
sobol_119,L02,L06,AABB_FALSE_POSITIVE,MESH_CLEAR,0,0,1,L2_MESH_BVH
sobol_119,L02,L07,AABB_CLEAR,MESH_CLEAR,0,0,1,L2_MESH_BVH
sobol_119,L02,L08,AABB_CLEAR,MESH_CLEAR,0,0,1,L2_MESH_BVH
sobol_119,L02,L09,AABB_CLEAR,AABB_CLEAR,0,0,1,L1_AABB
sobol_119,L02,L10,AABB_CLEAR,MESH_CLEAR,0,0,1,L2_MESH_BVH
sobol_119,L03,L04,EXPECTED_INTERFACE_CONTACT,EXPECTED_INTERFACE_CONTACT,0,0,1,L3_SELECTIVE_EXACT
sobol_119,L03,L05,AABB_CLEAR,AABB_CLEAR,0,0,1,L1_AABB
sobol_119,L03,L06,AABB_CLEAR,AABB_CLEAR,0,0,1,L1_AABB
sobol_119,L03,L07,AABB_CLEAR,AABB_CLEAR,0,0,1,L1_AABB
sobol_119,L03,L08,AABB_CLEAR,AABB_CLEAR,0,0,1,L1_AABB
sobol_119,L03,L09,AABB_CLEAR,AABB_CLEAR,0,0,1,L1_AABB
sobol_119,L03,L10,AABB_CLEAR,AABB_CLEAR,0,0,1,L1_AABB
sobol_119,L04,L05,EXPECTED_INTERFACE_CONTACT,EXPECTED_INTERFACE_CONTACT,0,0,1,L0_FIXED_SAFE
sobol_119,L04,L06,EXPECTED_INTERFACE_CONTACT,EXPECTED_INTERFACE_CONTACT,0,0,1,L3_SELECTIVE_EXACT
sobol_119,L04,L07,EXPECTED_INTERFACE_CONTACT,EXPECTED_INTERFACE_CONTACT,0,0,1,L3_SELECTIVE_EXACT
sobol_119,L04,L08,AABB_CLEAR,MESH_CLEAR,0,0,1,L2_MESH_BVH
sobol_119,L04,L09,AABB_CLEAR,AABB_CLEAR,0,0,1,L1_AABB
sobol_119,L04,L10,AABB_CLEAR,AABB_CLEAR,0,0,1,L1_AABB
sobol_119,L05,L06,EXPECTED_INTERFACE_CONTACT,EXPECTED_INTERFACE_CONTACT,0,0,1,L3_SELECTIVE_EXACT
sobol_119,L05,L07,EXPECTED_INTERFACE_CONTACT,EXPECTED_INTERFACE_CONTACT,0,0,1,L0_FIXED_SAFE
sobol_119,L05,L08,EXPECTED_INTERFACE_CONTACT,EXPECTED_INTERFACE_CONTACT,0,0,1,L3_SELECTIVE_EXACT
sobol_119,L05,L09,EXPECTED_INTERFACE_CONTACT,MESH_CLEAR,0,0,1,L2_MESH_BVH
sobol_119,L05,L10,AABB_CLEAR,AABB_CLEAR,0,0,1,L1_AABB
sobol_119,L06,L07,EXPECTED_INTERFACE_CONTACT,EXPECTED_INTERFACE_CONTACT,0,0,1,L3_SELECTIVE_EXACT
sobol_119,L06,L08,EXPECTED_INTERFACE_CONTACT,EXPECTED_INTERFACE_CONTACT,0,0,1,L3_SELECTIVE_EXACT
sobol_119,L06,L09,AABB_CLEAR,MESH_CLEAR,0,0,1,L2_MESH_BVH
sobol_119,L06,L10,AABB_CLEAR,AABB_CLEAR,0,0,1,L1_AABB
sobol_119,L07,L08,EXPECTED_INTERFACE_CONTACT,EXPECTED_INTERFACE_CONTACT,0,0,1,L0_FIXED_SAFE
sobol_119,L07,L09,AABB_CLEAR,AABB_CLEAR,0,0,1,L1_AABB
sobol_119,L07,L10,AABB_CLEAR,AABB_CLEAR,0,0,1,L1_AABB
sobol_119,L08,L09,EXPECTED_INTERFACE_CONTACT,EXPECTED_INTERFACE_CONTACT,0,0,1,L3_SELECTIVE_EXACT
sobol_119,L08,L10,EXPECTED_INTERFACE_CONTACT,EXPECTED_INTERFACE_CONTACT,0,0,1,L3_SELECTIVE_EXACT
sobol_119,L09,L10,AABB_CLEAR,AABB_CLEAR,0,0,1,L1_AABB
sobol_120,L00,L01,EXPECTED_INTERFACE_CONTACT,EXPECTED_INTERFACE_CONTACT,0,0,1,L3_SELECTIVE_EXACT
sobol_120,L00,L02,AABB_CLEAR,AABB_CLEAR,0,0,1,L1_AABB
sobol_120,L00,L03,AABB_CLEAR,AABB_CLEAR,0,0,1,L1_AABB
sobol_120,L00,L04,AABB_CLEAR,AABB_CLEAR,0,0,1,L1_AABB
sobol_120,L00,L05,AABB_CLEAR,AABB_CLEAR,0,0,1,L1_AABB
sobol_120,L00,L06,AABB_CLEAR,AABB_CLEAR,0,0,1,L1_AABB
sobol_120,L00,L07,AABB_CLEAR,AABB_CLEAR,0,0,1,L1_AABB
sobol_120,L00,L08,AABB_CLEAR,AABB_CLEAR,0,0,1,L1_AABB
sobol_120,L00,L09,AABB_CLEAR,AABB_CLEAR,0,0,1,L1_AABB
sobol_120,L00,L10,AABB_CLEAR,AABB_CLEAR,0,0,1,L1_AABB
sobol_120,L01,L02,EXPECTED_INTERFACE_CONTACT,EXPECTED_INTERFACE_CONTACT,0,0,1,L3_SELECTIVE_EXACT
sobol_120,L01,L03,AABB_CLEAR,AABB_CLEAR,0,0,1,L1_AABB
sobol_120,L01,L04,AABB_CLEAR,AABB_CLEAR,0,0,1,L1_AABB
sobol_120,L01,L05,AABB_CLEAR,AABB_CLEAR,0,0,1,L1_AABB
sobol_120,L01,L06,AABB_CLEAR,AABB_CLEAR,0,0,1,L1_AABB
sobol_120,L01,L07,AABB_CLEAR,AABB_CLEAR,0,0,1,L1_AABB
sobol_120,L01,L08,AABB_CLEAR,AABB_CLEAR,0,0,1,L1_AABB
sobol_120,L01,L09,AABB_CLEAR,AABB_CLEAR,0,0,1,L1_AABB
sobol_120,L01,L10,AABB_CLEAR,AABB_CLEAR,0,0,1,L1_AABB
sobol_120,L02,L03,EXPECTED_INTERFACE_CONTACT,EXPECTED_INTERFACE_CONTACT,0,0,1,L3_SELECTIVE_EXACT
sobol_120,L02,L04,AABB_CLEAR,AABB_CLEAR,0,0,1,L1_AABB
sobol_120,L02,L05,AABB_CLEAR,AABB_CLEAR,0,0,1,L1_AABB
sobol_120,L02,L06,AABB_CLEAR,AABB_CLEAR,0,0,1,L1_AABB
sobol_120,L02,L07,AABB_CLEAR,AABB_CLEAR,0,0,1,L1_AABB
sobol_120,L02,L08,AABB_CLEAR,AABB_CLEAR,0,0,1,L1_AABB
sobol_120,L02,L09,AABB_CLEAR,AABB_CLEAR,0,0,1,L1_AABB
sobol_120,L02,L10,AABB_CLEAR,AABB_CLEAR,0,0,1,L1_AABB
sobol_120,L03,L04,EXPECTED_INTERFACE_CONTACT,EXPECTED_INTERFACE_CONTACT,0,0,1,L3_SELECTIVE_EXACT
sobol_120,L03,L05,AABB_CLEAR,AABB_CLEAR,0,0,1,L1_AABB
sobol_120,L03,L06,AABB_CLEAR,AABB_CLEAR,0,0,1,L1_AABB
sobol_120,L03,L07,AABB_CLEAR,AABB_CLEAR,0,0,1,L1_AABB
sobol_120,L03,L08,AABB_CLEAR,AABB_CLEAR,0,0,1,L1_AABB
sobol_120,L03,L09,AABB_CLEAR,AABB_CLEAR,0,0,1,L1_AABB
sobol_120,L03,L10,AABB_CLEAR,AABB_CLEAR,0,0,1,L1_AABB
sobol_120,L04,L05,EXPECTED_INTERFACE_CONTACT,EXPECTED_INTERFACE_CONTACT,0,0,1,L0_FIXED_SAFE
sobol_120,L04,L06,EXPECTED_INTERFACE_CONTACT,EXPECTED_INTERFACE_CONTACT,0,0,1,L3_SELECTIVE_EXACT
sobol_120,L04,L07,EXPECTED_INTERFACE_CONTACT,EXPECTED_INTERFACE_CONTACT,0,0,1,L3_SELECTIVE_EXACT
sobol_120,L04,L08,AABB_CLEAR,AABB_CLEAR,0,0,1,L1_AABB
sobol_120,L04,L09,AABB_CLEAR,AABB_CLEAR,0,0,1,L1_AABB
sobol_120,L04,L10,AABB_CLEAR,AABB_CLEAR,0,0,1,L1_AABB
sobol_120,L05,L06,EXPECTED_INTERFACE_CONTACT,EXPECTED_INTERFACE_CONTACT,0,0,1,L3_SELECTIVE_EXACT
sobol_120,L05,L07,EXPECTED_INTERFACE_CONTACT,EXPECTED_INTERFACE_CONTACT,0,0,1,L0_FIXED_SAFE
sobol_120,L05,L08,EXPECTED_INTERFACE_CONTACT,EXPECTED_INTERFACE_CONTACT,0,0,1,L3_SELECTIVE_EXACT
sobol_120,L05,L09,EXPECTED_INTERFACE_CONTACT,MESH_CLEAR,0,0,1,L2_MESH_BVH
sobol_120,L05,L10,EXPECTED_INTERFACE_CONTACT,MESH_CLEAR,0,0,1,L2_MESH_BVH
sobol_120,L06,L07,EXPECTED_INTERFACE_CONTACT,EXPECTED_INTERFACE_CONTACT,0,0,1,L3_SELECTIVE_EXACT
sobol_120,L06,L08,EXPECTED_INTERFACE_CONTACT,EXPECTED_INTERFACE_CONTACT,0,0,1,L3_SELECTIVE_EXACT
sobol_120,L06,L09,AABB_CLEAR,MESH_CLEAR,0,0,1,L2_MESH_BVH
sobol_120,L06,L10,AABB_CLEAR,MESH_CLEAR,0,0,1,L2_MESH_BVH
sobol_120,L07,L08,EXPECTED_INTERFACE_CONTACT,EXPECTED_INTERFACE_CONTACT,0,0,1,L0_FIXED_SAFE
sobol_120,L07,L09,AABB_CLEAR,AABB_CLEAR,0,0,1,L1_AABB
sobol_120,L07,L10,AABB_CLEAR,AABB_CLEAR,0,0,1,L1_AABB
sobol_120,L08,L09,EXPECTED_INTERFACE_CONTACT,EXPECTED_INTERFACE_CONTACT,0,0,1,L3_SELECTIVE_EXACT
sobol_120,L08,L10,EXPECTED_INTERFACE_CONTACT,EXPECTED_INTERFACE_CONTACT,0,0,1,L3_SELECTIVE_EXACT
sobol_120,L09,L10,AABB_CLEAR,AABB_CLEAR,0,0,1,L1_AABB
sobol_121,L00,L01,EXPECTED_INTERFACE_CONTACT,EXPECTED_INTERFACE_CONTACT,0,0,1,L3_SELECTIVE_EXACT
sobol_121,L00,L02,AABB_CLEAR,MESH_CLEAR,0,0,1,L2_MESH_BVH
sobol_121,L00,L03,AABB_CLEAR,AABB_CLEAR,0,0,1,L1_AABB
sobol_121,L00,L04,AABB_CLEAR,AABB_CLEAR,0,0,1,L1_AABB
sobol_121,L00,L05,AABB_CLEAR,AABB_CLEAR,0,0,1,L1_AABB
sobol_121,L00,L06,AABB_CLEAR,AABB_CLEAR,0,0,1,L1_AABB
sobol_121,L00,L07,AABB_CLEAR,AABB_CLEAR,0,0,1,L1_AABB
sobol_121,L00,L08,AABB_CLEAR,AABB_CLEAR,0,0,1,L1_AABB
sobol_121,L00,L09,AABB_CLEAR,AABB_CLEAR,0,0,1,L1_AABB
sobol_121,L00,L10,AABB_CLEAR,AABB_CLEAR,0,0,1,L1_AABB
sobol_121,L01,L02,EXPECTED_INTERFACE_CONTACT,EXPECTED_INTERFACE_CONTACT,0,0,1,L3_SELECTIVE_EXACT
sobol_121,L01,L03,AABB_CLEAR,AABB_CLEAR,0,0,1,L1_AABB
sobol_121,L01,L04,AABB_CLEAR,AABB_CLEAR,0,0,1,L1_AABB
sobol_121,L01,L05,AABB_CLEAR,AABB_CLEAR,0,0,1,L1_AABB
sobol_121,L01,L06,AABB_CLEAR,AABB_CLEAR,0,0,1,L1_AABB
sobol_121,L01,L07,AABB_CLEAR,AABB_CLEAR,0,0,1,L1_AABB
sobol_121,L01,L08,AABB_CLEAR,AABB_CLEAR,0,0,1,L1_AABB
sobol_121,L01,L09,AABB_CLEAR,AABB_CLEAR,0,0,1,L1_AABB
sobol_121,L01,L10,AABB_CLEAR,AABB_CLEAR,0,0,1,L1_AABB
sobol_121,L02,L03,EXPECTED_INTERFACE_CONTACT,EXPECTED_INTERFACE_CONTACT,0,0,1,L3_SELECTIVE_EXACT
sobol_121,L02,L04,AABB_CLEAR,AABB_CLEAR,0,0,1,L1_AABB
sobol_121,L02,L05,AABB_CLEAR,AABB_CLEAR,0,0,1,L1_AABB
sobol_121,L02,L06,AABB_CLEAR,AABB_CLEAR,0,0,1,L1_AABB
sobol_121,L02,L07,AABB_CLEAR,AABB_CLEAR,0,0,1,L1_AABB
sobol_121,L02,L08,AABB_CLEAR,AABB_CLEAR,0,0,1,L1_AABB
sobol_121,L02,L09,AABB_CLEAR,AABB_CLEAR,0,0,1,L1_AABB
sobol_121,L02,L10,AABB_CLEAR,AABB_CLEAR,0,0,1,L1_AABB
sobol_121,L03,L04,EXPECTED_INTERFACE_CONTACT,EXPECTED_INTERFACE_CONTACT,0,0,1,L3_SELECTIVE_EXACT
sobol_121,L03,L05,AABB_CLEAR,AABB_CLEAR,0,0,1,L1_AABB
sobol_121,L03,L06,AABB_CLEAR,AABB_CLEAR,0,0,1,L1_AABB
sobol_121,L03,L07,AABB_CLEAR,AABB_CLEAR,0,0,1,L1_AABB
sobol_121,L03,L08,AABB_CLEAR,AABB_CLEAR,0,0,1,L1_AABB
sobol_121,L03,L09,AABB_CLEAR,AABB_CLEAR,0,0,1,L1_AABB
sobol_121,L03,L10,AABB_CLEAR,AABB_CLEAR,0,0,1,L1_AABB
sobol_121,L04,L05,EXPECTED_INTERFACE_CONTACT,EXPECTED_INTERFACE_CONTACT,0,0,1,L0_FIXED_SAFE
sobol_121,L04,L06,EXPECTED_INTERFACE_CONTACT,EXPECTED_INTERFACE_CONTACT,0,0,1,L3_SELECTIVE_EXACT
sobol_121,L04,L07,EXPECTED_INTERFACE_CONTACT,EXPECTED_INTERFACE_CONTACT,0,0,1,L3_SELECTIVE_EXACT
sobol_121,L04,L08,AABB_CLEAR,AABB_CLEAR,0,0,1,L1_AABB
sobol_121,L04,L09,AABB_CLEAR,AABB_CLEAR,0,0,1,L1_AABB
sobol_121,L04,L10,AABB_CLEAR,AABB_CLEAR,0,0,1,L1_AABB
sobol_121,L05,L06,EXPECTED_INTERFACE_CONTACT,EXPECTED_INTERFACE_CONTACT,0,0,1,L3_SELECTIVE_EXACT
sobol_121,L05,L07,EXPECTED_INTERFACE_CONTACT,EXPECTED_INTERFACE_CONTACT,0,0,1,L0_FIXED_SAFE
sobol_121,L05,L08,EXPECTED_INTERFACE_CONTACT,EXPECTED_INTERFACE_CONTACT,0,0,1,L3_SELECTIVE_EXACT
sobol_121,L05,L09,EXPECTED_INTERFACE_CONTACT,EXPECTED_INTERFACE_CONTACT,0,0,1,L3_SELECTIVE_EXACT
sobol_121,L05,L10,EXPECTED_INTERFACE_CONTACT,EXPECTED_INTERFACE_CONTACT,0,0,1,L3_SELECTIVE_EXACT
sobol_121,L06,L07,EXPECTED_INTERFACE_CONTACT,EXPECTED_INTERFACE_CONTACT,0,0,1,L3_SELECTIVE_EXACT
sobol_121,L06,L08,EXPECTED_INTERFACE_CONTACT,EXPECTED_INTERFACE_CONTACT,0,0,1,L3_SELECTIVE_EXACT
sobol_121,L06,L09,AABB_CLEAR,MESH_CLEAR,0,0,1,L2_MESH_BVH
sobol_121,L06,L10,AABB_FALSE_POSITIVE,AABB_FALSE_POSITIVE,0,0,1,L3_SELECTIVE_EXACT
sobol_121,L07,L08,EXPECTED_INTERFACE_CONTACT,EXPECTED_INTERFACE_CONTACT,0,0,1,L0_FIXED_SAFE
sobol_121,L07,L09,AABB_CLEAR,AABB_CLEAR,0,0,1,L1_AABB
sobol_121,L07,L10,AABB_CLEAR,MESH_CLEAR,0,0,1,L2_MESH_BVH
sobol_121,L08,L09,EXPECTED_INTERFACE_CONTACT,EXPECTED_INTERFACE_CONTACT,0,0,1,L3_SELECTIVE_EXACT
sobol_121,L08,L10,EXPECTED_INTERFACE_CONTACT,EXPECTED_INTERFACE_CONTACT,0,0,1,L3_SELECTIVE_EXACT
sobol_121,L09,L10,AABB_CLEAR,AABB_CLEAR,0,0,1,L1_AABB
sobol_122,L00,L01,EXPECTED_INTERFACE_CONTACT,EXPECTED_INTERFACE_CONTACT,0,0,1,L3_SELECTIVE_EXACT
sobol_122,L00,L02,AABB_CLEAR,AABB_CLEAR,0,0,1,L1_AABB
sobol_122,L00,L03,AABB_CLEAR,AABB_CLEAR,0,0,1,L1_AABB
sobol_122,L00,L04,AABB_CLEAR,AABB_CLEAR,0,0,1,L1_AABB
sobol_122,L00,L05,AABB_CLEAR,AABB_CLEAR,0,0,1,L1_AABB
sobol_122,L00,L06,AABB_CLEAR,AABB_CLEAR,0,0,1,L1_AABB
sobol_122,L00,L07,AABB_CLEAR,AABB_CLEAR,0,0,1,L1_AABB
sobol_122,L00,L08,AABB_CLEAR,AABB_CLEAR,0,0,1,L1_AABB
sobol_122,L00,L09,AABB_CLEAR,AABB_CLEAR,0,0,1,L1_AABB
sobol_122,L00,L10,AABB_CLEAR,AABB_CLEAR,0,0,1,L1_AABB
sobol_122,L01,L02,EXPECTED_INTERFACE_CONTACT,EXPECTED_INTERFACE_CONTACT,0,0,1,L3_SELECTIVE_EXACT
sobol_122,L01,L03,AABB_CLEAR,AABB_CLEAR,0,0,1,L1_AABB
sobol_122,L01,L04,AABB_CLEAR,AABB_CLEAR,0,0,1,L1_AABB
sobol_122,L01,L05,AABB_CLEAR,AABB_CLEAR,0,0,1,L1_AABB
sobol_122,L01,L06,AABB_CLEAR,AABB_CLEAR,0,0,1,L1_AABB
sobol_122,L01,L07,AABB_CLEAR,AABB_CLEAR,0,0,1,L1_AABB
sobol_122,L01,L08,AABB_CLEAR,AABB_CLEAR,0,0,1,L1_AABB
sobol_122,L01,L09,AABB_CLEAR,AABB_CLEAR,0,0,1,L1_AABB
sobol_122,L01,L10,AABB_CLEAR,AABB_CLEAR,0,0,1,L1_AABB
sobol_122,L02,L03,EXPECTED_INTERFACE_CONTACT,EXPECTED_INTERFACE_CONTACT,0,0,1,L3_SELECTIVE_EXACT
sobol_122,L02,L04,AABB_CLEAR,AABB_CLEAR,0,0,1,L1_AABB
sobol_122,L02,L05,AABB_CLEAR,AABB_CLEAR,0,0,1,L1_AABB
sobol_122,L02,L06,AABB_CLEAR,AABB_CLEAR,0,0,1,L1_AABB
sobol_122,L02,L07,AABB_CLEAR,AABB_CLEAR,0,0,1,L1_AABB
sobol_122,L02,L08,AABB_CLEAR,AABB_CLEAR,0,0,1,L1_AABB
sobol_122,L02,L09,AABB_CLEAR,AABB_CLEAR,0,0,1,L1_AABB
sobol_122,L02,L10,AABB_CLEAR,AABB_CLEAR,0,0,1,L1_AABB
sobol_122,L03,L04,EXPECTED_INTERFACE_CONTACT,EXPECTED_INTERFACE_CONTACT,0,0,1,L3_SELECTIVE_EXACT
sobol_122,L03,L05,AABB_CLEAR,MESH_CLEAR,0,0,1,L2_MESH_BVH
sobol_122,L03,L06,AABB_CLEAR,MESH_CLEAR,0,0,1,L2_MESH_BVH
sobol_122,L03,L07,AABB_CLEAR,MESH_CLEAR,0,0,1,L2_MESH_BVH
sobol_122,L03,L08,AABB_CLEAR,AABB_CLEAR,0,0,1,L1_AABB
sobol_122,L03,L09,AABB_CLEAR,AABB_CLEAR,0,0,1,L1_AABB
sobol_122,L03,L10,AABB_CLEAR,AABB_CLEAR,0,0,1,L1_AABB
sobol_122,L04,L05,EXPECTED_INTERFACE_CONTACT,EXPECTED_INTERFACE_CONTACT,0,0,1,L0_FIXED_SAFE
sobol_122,L04,L06,EXPECTED_INTERFACE_CONTACT,EXPECTED_INTERFACE_CONTACT,0,0,1,L3_SELECTIVE_EXACT
sobol_122,L04,L07,EXPECTED_INTERFACE_CONTACT,EXPECTED_INTERFACE_CONTACT,0,0,1,L3_SELECTIVE_EXACT
sobol_122,L04,L08,AABB_CLEAR,AABB_CLEAR,0,0,1,L1_AABB
sobol_122,L04,L09,AABB_CLEAR,AABB_CLEAR,0,0,1,L1_AABB
sobol_122,L04,L10,AABB_CLEAR,AABB_CLEAR,0,0,1,L1_AABB
sobol_122,L05,L06,EXPECTED_INTERFACE_CONTACT,EXPECTED_INTERFACE_CONTACT,0,0,1,L3_SELECTIVE_EXACT
sobol_122,L05,L07,EXPECTED_INTERFACE_CONTACT,EXPECTED_INTERFACE_CONTACT,0,0,1,L0_FIXED_SAFE
sobol_122,L05,L08,EXPECTED_INTERFACE_CONTACT,EXPECTED_INTERFACE_CONTACT,0,0,1,L3_SELECTIVE_EXACT
sobol_122,L05,L09,AABB_CLEAR,AABB_CLEAR,0,0,1,L1_AABB
sobol_122,L05,L10,EXPECTED_INTERFACE_CONTACT,EXPECTED_INTERFACE_CONTACT,0,0,1,L3_SELECTIVE_EXACT
sobol_122,L06,L07,EXPECTED_INTERFACE_CONTACT,EXPECTED_INTERFACE_CONTACT,0,0,1,L3_SELECTIVE_EXACT
sobol_122,L06,L08,EXPECTED_INTERFACE_CONTACT,EXPECTED_INTERFACE_CONTACT,0,0,1,L3_SELECTIVE_EXACT
sobol_122,L06,L09,AABB_CLEAR,MESH_CLEAR,0,0,1,L2_MESH_BVH
sobol_122,L06,L10,AABB_FALSE_POSITIVE,MESH_CLEAR,0,0,1,L2_MESH_BVH
sobol_122,L07,L08,EXPECTED_INTERFACE_CONTACT,EXPECTED_INTERFACE_CONTACT,0,0,1,L0_FIXED_SAFE
sobol_122,L07,L09,AABB_CLEAR,AABB_CLEAR,0,0,1,L1_AABB
sobol_122,L07,L10,EXPECTED_INTERFACE_CONTACT,MESH_CLEAR,0,0,1,L2_MESH_BVH
sobol_122,L08,L09,EXPECTED_INTERFACE_CONTACT,EXPECTED_INTERFACE_CONTACT,0,0,1,L3_SELECTIVE_EXACT
sobol_122,L08,L10,EXPECTED_INTERFACE_CONTACT,EXPECTED_INTERFACE_CONTACT,0,0,1,L3_SELECTIVE_EXACT
sobol_122,L09,L10,AABB_CLEAR,AABB_CLEAR,0,0,1,L1_AABB
sobol_123,L00,L01,EXPECTED_INTERFACE_CONTACT,EXPECTED_INTERFACE_CONTACT,0,0,1,L3_SELECTIVE_EXACT
sobol_123,L00,L02,AABB_CLEAR,AABB_CLEAR,0,0,1,L1_AABB
sobol_123,L00,L03,AABB_CLEAR,AABB_CLEAR,0,0,1,L1_AABB
sobol_123,L00,L04,AABB_CLEAR,AABB_CLEAR,0,0,1,L1_AABB
sobol_123,L00,L05,AABB_CLEAR,AABB_CLEAR,0,0,1,L1_AABB
sobol_123,L00,L06,AABB_CLEAR,AABB_CLEAR,0,0,1,L1_AABB
sobol_123,L00,L07,AABB_CLEAR,AABB_CLEAR,0,0,1,L1_AABB
sobol_123,L00,L08,AABB_CLEAR,AABB_CLEAR,0,0,1,L1_AABB
sobol_123,L00,L09,AABB_CLEAR,AABB_CLEAR,0,0,1,L1_AABB
sobol_123,L00,L10,AABB_CLEAR,AABB_CLEAR,0,0,1,L1_AABB
sobol_123,L01,L02,EXPECTED_INTERFACE_CONTACT,EXPECTED_INTERFACE_CONTACT,0,0,1,L3_SELECTIVE_EXACT
sobol_123,L01,L03,AABB_CLEAR,MESH_CLEAR,0,0,1,L2_MESH_BVH
sobol_123,L01,L04,AABB_CLEAR,AABB_CLEAR,0,0,1,L1_AABB
sobol_123,L01,L05,AABB_CLEAR,AABB_CLEAR,0,0,1,L1_AABB
sobol_123,L01,L06,AABB_CLEAR,AABB_CLEAR,0,0,1,L1_AABB
sobol_123,L01,L07,AABB_CLEAR,AABB_CLEAR,0,0,1,L1_AABB
sobol_123,L01,L08,AABB_CLEAR,AABB_CLEAR,0,0,1,L1_AABB
sobol_123,L01,L09,AABB_CLEAR,AABB_CLEAR,0,0,1,L1_AABB
sobol_123,L01,L10,AABB_CLEAR,AABB_CLEAR,0,0,1,L1_AABB
sobol_123,L02,L03,EXPECTED_INTERFACE_CONTACT,EXPECTED_INTERFACE_CONTACT,0,0,1,L3_SELECTIVE_EXACT
sobol_123,L02,L04,AABB_FALSE_POSITIVE,AABB_FALSE_POSITIVE,0,0,1,L3_SELECTIVE_EXACT
sobol_123,L02,L05,AABB_CLEAR,MESH_CLEAR,0,0,1,L2_MESH_BVH
sobol_123,L02,L06,AABB_CLEAR,AABB_CLEAR,0,0,1,L1_AABB
sobol_123,L02,L07,AABB_CLEAR,AABB_CLEAR,0,0,1,L1_AABB
sobol_123,L02,L08,AABB_CLEAR,AABB_CLEAR,0,0,1,L1_AABB
sobol_123,L02,L09,AABB_CLEAR,AABB_CLEAR,0,0,1,L1_AABB
sobol_123,L02,L10,AABB_CLEAR,AABB_CLEAR,0,0,1,L1_AABB
sobol_123,L03,L04,EXPECTED_INTERFACE_CONTACT,EXPECTED_INTERFACE_CONTACT,0,0,1,L3_SELECTIVE_EXACT
sobol_123,L03,L05,AABB_CLEAR,AABB_CLEAR,0,0,1,L1_AABB
sobol_123,L03,L06,AABB_CLEAR,AABB_CLEAR,0,0,1,L1_AABB
sobol_123,L03,L07,AABB_CLEAR,AABB_CLEAR,0,0,1,L1_AABB
sobol_123,L03,L08,AABB_CLEAR,AABB_CLEAR,0,0,1,L1_AABB
sobol_123,L03,L09,AABB_CLEAR,AABB_CLEAR,0,0,1,L1_AABB
sobol_123,L03,L10,AABB_CLEAR,AABB_CLEAR,0,0,1,L1_AABB
sobol_123,L04,L05,EXPECTED_INTERFACE_CONTACT,EXPECTED_INTERFACE_CONTACT,0,0,1,L0_FIXED_SAFE
sobol_123,L04,L06,EXPECTED_INTERFACE_CONTACT,EXPECTED_INTERFACE_CONTACT,0,0,1,L3_SELECTIVE_EXACT
sobol_123,L04,L07,EXPECTED_INTERFACE_CONTACT,EXPECTED_INTERFACE_CONTACT,0,0,1,L3_SELECTIVE_EXACT
sobol_123,L04,L08,EXPECTED_INTERFACE_CONTACT,MESH_CLEAR,0,0,1,L2_MESH_BVH
sobol_123,L04,L09,AABB_CLEAR,AABB_CLEAR,0,0,1,L1_AABB
sobol_123,L04,L10,AABB_CLEAR,AABB_CLEAR,0,0,1,L1_AABB
sobol_123,L05,L06,EXPECTED_INTERFACE_CONTACT,EXPECTED_INTERFACE_CONTACT,0,0,1,L3_SELECTIVE_EXACT
sobol_123,L05,L07,EXPECTED_INTERFACE_CONTACT,EXPECTED_INTERFACE_CONTACT,0,0,1,L0_FIXED_SAFE
sobol_123,L05,L08,EXPECTED_INTERFACE_CONTACT,EXPECTED_INTERFACE_CONTACT,0,0,1,L3_SELECTIVE_EXACT
sobol_123,L05,L09,AABB_CLEAR,AABB_CLEAR,0,0,1,L1_AABB
sobol_123,L05,L10,AABB_CLEAR,AABB_CLEAR,0,0,1,L3_SELECTIVE_EXACT
sobol_123,L06,L07,EXPECTED_INTERFACE_CONTACT,EXPECTED_INTERFACE_CONTACT,0,0,1,L3_SELECTIVE_EXACT
sobol_123,L06,L08,EXPECTED_INTERFACE_CONTACT,EXPECTED_INTERFACE_CONTACT,0,0,1,L3_SELECTIVE_EXACT
sobol_123,L06,L09,AABB_CLEAR,MESH_CLEAR,0,0,1,L2_MESH_BVH
sobol_123,L06,L10,AABB_FALSE_POSITIVE,MESH_CLEAR,0,0,1,L2_MESH_BVH
sobol_123,L07,L08,EXPECTED_INTERFACE_CONTACT,EXPECTED_INTERFACE_CONTACT,0,0,1,L0_FIXED_SAFE
sobol_123,L07,L09,AABB_CLEAR,AABB_CLEAR,0,0,1,L1_AABB
sobol_123,L07,L10,EXPECTED_INTERFACE_CONTACT,MESH_CLEAR,0,0,1,L2_MESH_BVH
sobol_123,L08,L09,EXPECTED_INTERFACE_CONTACT,EXPECTED_INTERFACE_CONTACT,0,0,1,L3_SELECTIVE_EXACT
sobol_123,L08,L10,EXPECTED_INTERFACE_CONTACT,EXPECTED_INTERFACE_CONTACT,0,0,1,L3_SELECTIVE_EXACT
sobol_123,L09,L10,AABB_CLEAR,AABB_CLEAR,0,0,1,L1_AABB
sobol_124,L00,L01,EXPECTED_INTERFACE_CONTACT,EXPECTED_INTERFACE_CONTACT,0,0,1,L3_SELECTIVE_EXACT
sobol_124,L00,L02,AABB_CLEAR,AABB_CLEAR,0,0,1,L1_AABB
sobol_124,L00,L03,AABB_CLEAR,AABB_CLEAR,0,0,1,L1_AABB
sobol_124,L00,L04,AABB_CLEAR,AABB_CLEAR,0,0,1,L1_AABB
sobol_124,L00,L05,AABB_CLEAR,AABB_CLEAR,0,0,1,L1_AABB
sobol_124,L00,L06,AABB_CLEAR,AABB_CLEAR,0,0,1,L1_AABB
sobol_124,L00,L07,AABB_CLEAR,AABB_CLEAR,0,0,1,L1_AABB
sobol_124,L00,L08,AABB_CLEAR,AABB_CLEAR,0,0,1,L1_AABB
sobol_124,L00,L09,AABB_CLEAR,AABB_CLEAR,0,0,1,L1_AABB
sobol_124,L00,L10,AABB_CLEAR,AABB_CLEAR,0,0,1,L1_AABB
sobol_124,L01,L02,EXPECTED_INTERFACE_CONTACT,EXPECTED_INTERFACE_CONTACT,0,0,1,L3_SELECTIVE_EXACT
sobol_124,L01,L03,AABB_CLEAR,AABB_CLEAR,0,0,1,L1_AABB
sobol_124,L01,L04,AABB_CLEAR,AABB_CLEAR,0,0,1,L1_AABB
sobol_124,L01,L05,AABB_CLEAR,AABB_CLEAR,0,0,1,L1_AABB
sobol_124,L01,L06,AABB_CLEAR,AABB_CLEAR,0,0,1,L1_AABB
sobol_124,L01,L07,AABB_CLEAR,AABB_CLEAR,0,0,1,L1_AABB
sobol_124,L01,L08,AABB_CLEAR,AABB_CLEAR,0,0,1,L1_AABB
sobol_124,L01,L09,AABB_CLEAR,AABB_CLEAR,0,0,1,L1_AABB
sobol_124,L01,L10,AABB_CLEAR,AABB_CLEAR,0,0,1,L1_AABB
sobol_124,L02,L03,EXPECTED_INTERFACE_CONTACT,EXPECTED_INTERFACE_CONTACT,0,0,1,L3_SELECTIVE_EXACT
sobol_124,L02,L04,AABB_CLEAR,AABB_CLEAR,0,0,1,L1_AABB
sobol_124,L02,L05,AABB_CLEAR,AABB_CLEAR,0,0,1,L1_AABB
sobol_124,L02,L06,AABB_CLEAR,AABB_CLEAR,0,0,1,L1_AABB
sobol_124,L02,L07,AABB_CLEAR,AABB_CLEAR,0,0,1,L1_AABB
sobol_124,L02,L08,AABB_CLEAR,AABB_CLEAR,0,0,1,L1_AABB
sobol_124,L02,L09,AABB_CLEAR,AABB_CLEAR,0,0,1,L1_AABB
sobol_124,L02,L10,AABB_CLEAR,AABB_CLEAR,0,0,1,L1_AABB
sobol_124,L03,L04,EXPECTED_INTERFACE_CONTACT,EXPECTED_INTERFACE_CONTACT,0,0,1,L3_SELECTIVE_EXACT
sobol_124,L03,L05,AABB_CLEAR,AABB_CLEAR,0,0,1,L1_AABB
sobol_124,L03,L06,AABB_CLEAR,AABB_CLEAR,0,0,1,L1_AABB
sobol_124,L03,L07,AABB_CLEAR,AABB_CLEAR,0,0,1,L1_AABB
sobol_124,L03,L08,AABB_CLEAR,AABB_CLEAR,0,0,1,L1_AABB
sobol_124,L03,L09,AABB_CLEAR,AABB_CLEAR,0,0,1,L1_AABB
sobol_124,L03,L10,AABB_CLEAR,AABB_CLEAR,0,0,1,L1_AABB
sobol_124,L04,L05,EXPECTED_INTERFACE_CONTACT,EXPECTED_INTERFACE_CONTACT,0,0,1,L0_FIXED_SAFE
sobol_124,L04,L06,EXPECTED_INTERFACE_CONTACT,EXPECTED_INTERFACE_CONTACT,0,0,1,L3_SELECTIVE_EXACT
sobol_124,L04,L07,EXPECTED_INTERFACE_CONTACT,EXPECTED_INTERFACE_CONTACT,0,0,1,L3_SELECTIVE_EXACT
sobol_124,L04,L08,AABB_CLEAR,AABB_CLEAR,0,0,1,L1_AABB
sobol_124,L04,L09,AABB_CLEAR,AABB_CLEAR,0,0,1,L1_AABB
sobol_124,L04,L10,AABB_CLEAR,AABB_CLEAR,0,0,1,L1_AABB
sobol_124,L05,L06,EXPECTED_INTERFACE_CONTACT,EXPECTED_INTERFACE_CONTACT,0,0,1,L3_SELECTIVE_EXACT
sobol_124,L05,L07,EXPECTED_INTERFACE_CONTACT,EXPECTED_INTERFACE_CONTACT,0,0,1,L0_FIXED_SAFE
sobol_124,L05,L08,EXPECTED_INTERFACE_CONTACT,EXPECTED_INTERFACE_CONTACT,0,0,1,L3_SELECTIVE_EXACT
sobol_124,L05,L09,AABB_CLEAR,AABB_CLEAR,0,0,1,L1_AABB
sobol_124,L05,L10,AABB_CLEAR,MESH_CLEAR,0,0,1,L2_MESH_BVH
sobol_124,L06,L07,EXPECTED_INTERFACE_CONTACT,EXPECTED_INTERFACE_CONTACT,0,0,1,L3_SELECTIVE_EXACT
sobol_124,L06,L08,EXPECTED_INTERFACE_CONTACT,EXPECTED_INTERFACE_CONTACT,0,0,1,L3_SELECTIVE_EXACT
sobol_124,L06,L09,AABB_CLEAR,AABB_CLEAR,0,0,1,L1_AABB
sobol_124,L06,L10,AABB_CLEAR,AABB_CLEAR,0,0,1,L1_AABB
sobol_124,L07,L08,EXPECTED_INTERFACE_CONTACT,EXPECTED_INTERFACE_CONTACT,0,0,1,L0_FIXED_SAFE
sobol_124,L07,L09,AABB_CLEAR,AABB_CLEAR,0,0,1,L1_AABB
sobol_124,L07,L10,AABB_CLEAR,AABB_CLEAR,0,0,1,L1_AABB
sobol_124,L08,L09,EXPECTED_INTERFACE_CONTACT,EXPECTED_INTERFACE_CONTACT,0,0,1,L3_SELECTIVE_EXACT
sobol_124,L08,L10,EXPECTED_INTERFACE_CONTACT,EXPECTED_INTERFACE_CONTACT,0,0,1,L3_SELECTIVE_EXACT
sobol_124,L09,L10,AABB_CLEAR,AABB_CLEAR,0,0,1,L1_AABB
sobol_125,L00,L01,EXPECTED_INTERFACE_CONTACT,EXPECTED_INTERFACE_CONTACT,0,0,1,L3_SELECTIVE_EXACT
sobol_125,L00,L02,AABB_CLEAR,MESH_CLEAR,0,0,1,L2_MESH_BVH
sobol_125,L00,L03,AABB_CLEAR,AABB_CLEAR,0,0,1,L1_AABB
sobol_125,L00,L04,AABB_CLEAR,AABB_CLEAR,0,0,1,L1_AABB
sobol_125,L00,L05,AABB_CLEAR,AABB_CLEAR,0,0,1,L1_AABB
sobol_125,L00,L06,AABB_CLEAR,AABB_CLEAR,0,0,1,L1_AABB
sobol_125,L00,L07,AABB_CLEAR,AABB_CLEAR,0,0,1,L1_AABB
sobol_125,L00,L08,AABB_CLEAR,AABB_CLEAR,0,0,1,L1_AABB
sobol_125,L00,L09,AABB_CLEAR,AABB_CLEAR,0,0,1,L1_AABB
sobol_125,L00,L10,AABB_CLEAR,AABB_CLEAR,0,0,1,L1_AABB
sobol_125,L01,L02,EXPECTED_INTERFACE_CONTACT,EXPECTED_INTERFACE_CONTACT,0,0,1,L3_SELECTIVE_EXACT
sobol_125,L01,L03,AABB_CLEAR,AABB_CLEAR,0,0,1,L1_AABB
sobol_125,L01,L04,AABB_CLEAR,AABB_CLEAR,0,0,1,L1_AABB
sobol_125,L01,L05,AABB_CLEAR,AABB_CLEAR,0,0,1,L1_AABB
sobol_125,L01,L06,AABB_CLEAR,AABB_CLEAR,0,0,1,L1_AABB
sobol_125,L01,L07,AABB_CLEAR,AABB_CLEAR,0,0,1,L1_AABB
sobol_125,L01,L08,AABB_CLEAR,AABB_CLEAR,0,0,1,L1_AABB
sobol_125,L01,L09,AABB_CLEAR,AABB_CLEAR,0,0,1,L1_AABB
sobol_125,L01,L10,AABB_CLEAR,AABB_CLEAR,0,0,1,L1_AABB
sobol_125,L02,L03,EXPECTED_INTERFACE_CONTACT,EXPECTED_INTERFACE_CONTACT,0,0,1,L3_SELECTIVE_EXACT
sobol_125,L02,L04,AABB_CLEAR,AABB_CLEAR,0,0,1,L1_AABB
sobol_125,L02,L05,AABB_CLEAR,AABB_CLEAR,0,0,1,L1_AABB
sobol_125,L02,L06,AABB_CLEAR,AABB_CLEAR,0,0,1,L1_AABB
sobol_125,L02,L07,AABB_CLEAR,AABB_CLEAR,0,0,1,L1_AABB
sobol_125,L02,L08,AABB_CLEAR,AABB_CLEAR,0,0,1,L1_AABB
sobol_125,L02,L09,AABB_CLEAR,AABB_CLEAR,0,0,1,L1_AABB
sobol_125,L02,L10,AABB_CLEAR,AABB_CLEAR,0,0,1,L1_AABB
sobol_125,L03,L04,EXPECTED_INTERFACE_CONTACT,EXPECTED_INTERFACE_CONTACT,0,0,1,L3_SELECTIVE_EXACT
sobol_125,L03,L05,AABB_CLEAR,MESH_CLEAR,0,0,1,L2_MESH_BVH
sobol_125,L03,L06,AABB_CLEAR,MESH_CLEAR,0,0,1,L2_MESH_BVH
sobol_125,L03,L07,AABB_CLEAR,AABB_CLEAR,0,0,1,L1_AABB
sobol_125,L03,L08,AABB_CLEAR,AABB_CLEAR,0,0,1,L1_AABB
sobol_125,L03,L09,AABB_CLEAR,AABB_CLEAR,0,0,1,L1_AABB
sobol_125,L03,L10,AABB_CLEAR,AABB_CLEAR,0,0,1,L1_AABB
sobol_125,L04,L05,EXPECTED_INTERFACE_CONTACT,EXPECTED_INTERFACE_CONTACT,0,0,1,L0_FIXED_SAFE
sobol_125,L04,L06,EXPECTED_INTERFACE_CONTACT,EXPECTED_INTERFACE_CONTACT,0,0,1,L3_SELECTIVE_EXACT
sobol_125,L04,L07,EXPECTED_INTERFACE_CONTACT,EXPECTED_INTERFACE_CONTACT,0,0,1,L3_SELECTIVE_EXACT
sobol_125,L04,L08,AABB_CLEAR,MESH_CLEAR,0,0,1,L2_MESH_BVH
sobol_125,L04,L09,AABB_CLEAR,AABB_CLEAR,0,0,1,L1_AABB
sobol_125,L04,L10,AABB_CLEAR,AABB_CLEAR,0,0,1,L1_AABB
sobol_125,L05,L06,EXPECTED_INTERFACE_CONTACT,EXPECTED_INTERFACE_CONTACT,0,0,1,L3_SELECTIVE_EXACT
sobol_125,L05,L07,EXPECTED_INTERFACE_CONTACT,EXPECTED_INTERFACE_CONTACT,0,0,1,L0_FIXED_SAFE
sobol_125,L05,L08,EXPECTED_INTERFACE_CONTACT,EXPECTED_INTERFACE_CONTACT,0,0,1,L3_SELECTIVE_EXACT
sobol_125,L05,L09,EXPECTED_INTERFACE_CONTACT,EXPECTED_INTERFACE_CONTACT,0,0,1,L3_SELECTIVE_EXACT
sobol_125,L05,L10,EXPECTED_INTERFACE_CONTACT,EXPECTED_INTERFACE_CONTACT,0,0,1,L3_SELECTIVE_EXACT
sobol_125,L06,L07,EXPECTED_INTERFACE_CONTACT,EXPECTED_INTERFACE_CONTACT,0,0,1,L3_SELECTIVE_EXACT
sobol_125,L06,L08,EXPECTED_INTERFACE_CONTACT,EXPECTED_INTERFACE_CONTACT,0,0,1,L3_SELECTIVE_EXACT
sobol_125,L06,L09,AABB_FALSE_POSITIVE,AABB_FALSE_POSITIVE,0,0,1,L3_SELECTIVE_EXACT
sobol_125,L06,L10,AABB_CLEAR,MESH_CLEAR,0,0,1,L2_MESH_BVH
sobol_125,L07,L08,EXPECTED_INTERFACE_CONTACT,EXPECTED_INTERFACE_CONTACT,0,0,1,L0_FIXED_SAFE
sobol_125,L07,L09,EXPECTED_INTERFACE_CONTACT,EXPECTED_INTERFACE_CONTACT,0,0,1,L3_SELECTIVE_EXACT
sobol_125,L07,L10,AABB_CLEAR,AABB_CLEAR,0,0,1,L1_AABB
sobol_125,L08,L09,EXPECTED_INTERFACE_CONTACT,EXPECTED_INTERFACE_CONTACT,0,0,1,L3_SELECTIVE_EXACT
sobol_125,L08,L10,EXPECTED_INTERFACE_CONTACT,EXPECTED_INTERFACE_CONTACT,0,0,1,L3_SELECTIVE_EXACT
sobol_125,L09,L10,AABB_CLEAR,AABB_CLEAR,0,0,1,L1_AABB
sobol_126,L00,L01,EXPECTED_INTERFACE_CONTACT,EXPECTED_INTERFACE_CONTACT,0,0,1,L3_SELECTIVE_EXACT
sobol_126,L00,L02,AABB_CLEAR,AABB_CLEAR,0,0,1,L1_AABB
sobol_126,L00,L03,AABB_CLEAR,AABB_CLEAR,0,0,1,L1_AABB
sobol_126,L00,L04,AABB_CLEAR,AABB_CLEAR,0,0,1,L1_AABB
sobol_126,L00,L05,AABB_CLEAR,AABB_CLEAR,0,0,1,L1_AABB
sobol_126,L00,L06,AABB_CLEAR,AABB_CLEAR,0,0,1,L1_AABB
sobol_126,L00,L07,AABB_CLEAR,AABB_CLEAR,0,0,1,L1_AABB
sobol_126,L00,L08,AABB_CLEAR,AABB_CLEAR,0,0,1,L1_AABB
sobol_126,L00,L09,AABB_CLEAR,AABB_CLEAR,0,0,1,L1_AABB
sobol_126,L00,L10,AABB_CLEAR,AABB_CLEAR,0,0,1,L1_AABB
sobol_126,L01,L02,EXPECTED_INTERFACE_CONTACT,EXPECTED_INTERFACE_CONTACT,0,0,1,L3_SELECTIVE_EXACT
sobol_126,L01,L03,AABB_CLEAR,AABB_CLEAR,0,0,1,L1_AABB
sobol_126,L01,L04,AABB_CLEAR,AABB_CLEAR,0,0,1,L1_AABB
sobol_126,L01,L05,AABB_CLEAR,AABB_CLEAR,0,0,1,L1_AABB
sobol_126,L01,L06,AABB_CLEAR,AABB_CLEAR,0,0,1,L1_AABB
sobol_126,L01,L07,AABB_CLEAR,AABB_CLEAR,0,0,1,L1_AABB
sobol_126,L01,L08,AABB_CLEAR,AABB_CLEAR,0,0,1,L1_AABB
sobol_126,L01,L09,AABB_CLEAR,AABB_CLEAR,0,0,1,L1_AABB
sobol_126,L01,L10,AABB_CLEAR,AABB_CLEAR,0,0,1,L1_AABB
sobol_126,L02,L03,EXPECTED_INTERFACE_CONTACT,EXPECTED_INTERFACE_CONTACT,0,0,1,L3_SELECTIVE_EXACT
sobol_126,L02,L04,AABB_CLEAR,MESH_CLEAR,0,0,1,L2_MESH_BVH
sobol_126,L02,L05,AABB_CLEAR,AABB_CLEAR,0,0,1,L1_AABB
sobol_126,L02,L06,AABB_CLEAR,AABB_CLEAR,0,0,1,L1_AABB
sobol_126,L02,L07,AABB_CLEAR,AABB_CLEAR,0,0,1,L1_AABB
sobol_126,L02,L08,AABB_CLEAR,AABB_CLEAR,0,0,1,L1_AABB
sobol_126,L02,L09,AABB_CLEAR,AABB_CLEAR,0,0,1,L1_AABB
sobol_126,L02,L10,AABB_CLEAR,AABB_CLEAR,0,0,1,L1_AABB
sobol_126,L03,L04,EXPECTED_INTERFACE_CONTACT,EXPECTED_INTERFACE_CONTACT,0,0,1,L3_SELECTIVE_EXACT
sobol_126,L03,L05,AABB_CLEAR,MESH_CLEAR,0,0,1,L2_MESH_BVH
sobol_126,L03,L06,AABB_CLEAR,AABB_CLEAR,0,0,1,L1_AABB
sobol_126,L03,L07,AABB_CLEAR,AABB_CLEAR,0,0,1,L1_AABB
sobol_126,L03,L08,AABB_CLEAR,AABB_CLEAR,0,0,1,L1_AABB
sobol_126,L03,L09,AABB_CLEAR,AABB_CLEAR,0,0,1,L1_AABB
sobol_126,L03,L10,AABB_CLEAR,AABB_CLEAR,0,0,1,L1_AABB
sobol_126,L04,L05,EXPECTED_INTERFACE_CONTACT,EXPECTED_INTERFACE_CONTACT,0,0,1,L0_FIXED_SAFE
sobol_126,L04,L06,EXPECTED_INTERFACE_CONTACT,EXPECTED_INTERFACE_CONTACT,0,0,1,L3_SELECTIVE_EXACT
sobol_126,L04,L07,EXPECTED_INTERFACE_CONTACT,EXPECTED_INTERFACE_CONTACT,0,0,1,L3_SELECTIVE_EXACT
sobol_126,L04,L08,EXPECTED_INTERFACE_CONTACT,MESH_CLEAR,0,0,1,L2_MESH_BVH
sobol_126,L04,L09,AABB_CLEAR,AABB_CLEAR,0,0,1,L1_AABB
sobol_126,L04,L10,AABB_CLEAR,AABB_CLEAR,0,0,1,L1_AABB
sobol_126,L05,L06,EXPECTED_INTERFACE_CONTACT,EXPECTED_INTERFACE_CONTACT,0,0,1,L3_SELECTIVE_EXACT
sobol_126,L05,L07,EXPECTED_INTERFACE_CONTACT,EXPECTED_INTERFACE_CONTACT,0,0,1,L0_FIXED_SAFE
sobol_126,L05,L08,EXPECTED_INTERFACE_CONTACT,EXPECTED_INTERFACE_CONTACT,0,0,1,L3_SELECTIVE_EXACT
sobol_126,L05,L09,EXPECTED_INTERFACE_CONTACT,EXPECTED_INTERFACE_CONTACT,0,0,1,L3_SELECTIVE_EXACT
sobol_126,L05,L10,AABB_CLEAR,AABB_CLEAR,0,0,1,L3_SELECTIVE_EXACT
sobol_126,L06,L07,EXPECTED_INTERFACE_CONTACT,EXPECTED_INTERFACE_CONTACT,0,0,1,L3_SELECTIVE_EXACT
sobol_126,L06,L08,EXPECTED_INTERFACE_CONTACT,EXPECTED_INTERFACE_CONTACT,0,0,1,L3_SELECTIVE_EXACT
sobol_126,L06,L09,AABB_FALSE_POSITIVE,MESH_CLEAR,0,0,1,L2_MESH_BVH
sobol_126,L06,L10,AABB_CLEAR,MESH_CLEAR,0,0,1,L2_MESH_BVH
sobol_126,L07,L08,EXPECTED_INTERFACE_CONTACT,EXPECTED_INTERFACE_CONTACT,0,0,1,L0_FIXED_SAFE
sobol_126,L07,L09,EXPECTED_INTERFACE_CONTACT,MESH_CLEAR,0,0,1,L2_MESH_BVH
sobol_126,L07,L10,AABB_CLEAR,AABB_CLEAR,0,0,1,L1_AABB
sobol_126,L08,L09,EXPECTED_INTERFACE_CONTACT,EXPECTED_INTERFACE_CONTACT,0,0,1,L3_SELECTIVE_EXACT
sobol_126,L08,L10,EXPECTED_INTERFACE_CONTACT,EXPECTED_INTERFACE_CONTACT,0,0,1,L3_SELECTIVE_EXACT
sobol_126,L09,L10,AABB_CLEAR,MESH_CLEAR,0,0,1,L2_MESH_BVH
sobol_127,L00,L01,EXPECTED_INTERFACE_CONTACT,EXPECTED_INTERFACE_CONTACT,0,0,1,L3_SELECTIVE_EXACT
sobol_127,L00,L02,AABB_FALSE_POSITIVE,AABB_FALSE_POSITIVE,0,0,1,L3_SELECTIVE_EXACT
sobol_127,L00,L03,AABB_CLEAR,AABB_CLEAR,0,0,1,L1_AABB
sobol_127,L00,L04,AABB_CLEAR,AABB_CLEAR,0,0,1,L1_AABB
sobol_127,L00,L05,AABB_CLEAR,AABB_CLEAR,0,0,1,L1_AABB
sobol_127,L00,L06,AABB_CLEAR,AABB_CLEAR,0,0,1,L1_AABB
sobol_127,L00,L07,AABB_CLEAR,AABB_CLEAR,0,0,1,L1_AABB
sobol_127,L00,L08,AABB_CLEAR,AABB_CLEAR,0,0,1,L1_AABB
sobol_127,L00,L09,AABB_CLEAR,AABB_CLEAR,0,0,1,L1_AABB
sobol_127,L00,L10,AABB_CLEAR,AABB_CLEAR,0,0,1,L1_AABB
sobol_127,L01,L02,EXPECTED_INTERFACE_CONTACT,EXPECTED_INTERFACE_CONTACT,0,0,1,L3_SELECTIVE_EXACT
sobol_127,L01,L03,AABB_CLEAR,AABB_CLEAR,0,0,1,L1_AABB
sobol_127,L01,L04,AABB_CLEAR,AABB_CLEAR,0,0,1,L1_AABB
sobol_127,L01,L05,AABB_CLEAR,AABB_CLEAR,0,0,1,L1_AABB
sobol_127,L01,L06,AABB_CLEAR,AABB_CLEAR,0,0,1,L1_AABB
sobol_127,L01,L07,AABB_CLEAR,AABB_CLEAR,0,0,1,L1_AABB
sobol_127,L01,L08,AABB_CLEAR,AABB_CLEAR,0,0,1,L1_AABB
sobol_127,L01,L09,AABB_CLEAR,AABB_CLEAR,0,0,1,L1_AABB
sobol_127,L01,L10,AABB_CLEAR,AABB_CLEAR,0,0,1,L1_AABB
sobol_127,L02,L03,EXPECTED_INTERFACE_CONTACT,EXPECTED_INTERFACE_CONTACT,0,0,1,L3_SELECTIVE_EXACT
sobol_127,L02,L04,AABB_CLEAR,AABB_CLEAR,0,0,1,L1_AABB
sobol_127,L02,L05,AABB_CLEAR,AABB_CLEAR,0,0,1,L1_AABB
sobol_127,L02,L06,AABB_CLEAR,AABB_CLEAR,0,0,1,L1_AABB
sobol_127,L02,L07,AABB_CLEAR,AABB_CLEAR,0,0,1,L1_AABB
sobol_127,L02,L08,AABB_CLEAR,AABB_CLEAR,0,0,1,L1_AABB
sobol_127,L02,L09,AABB_CLEAR,AABB_CLEAR,0,0,1,L1_AABB
sobol_127,L02,L10,AABB_CLEAR,AABB_CLEAR,0,0,1,L1_AABB
sobol_127,L03,L04,EXPECTED_INTERFACE_CONTACT,EXPECTED_INTERFACE_CONTACT,0,0,1,L3_SELECTIVE_EXACT
sobol_127,L03,L05,AABB_CLEAR,AABB_CLEAR,0,0,1,L1_AABB
sobol_127,L03,L06,AABB_CLEAR,AABB_CLEAR,0,0,1,L1_AABB
sobol_127,L03,L07,AABB_CLEAR,AABB_CLEAR,0,0,1,L1_AABB
sobol_127,L03,L08,AABB_CLEAR,AABB_CLEAR,0,0,1,L1_AABB
sobol_127,L03,L09,AABB_CLEAR,AABB_CLEAR,0,0,1,L1_AABB
sobol_127,L03,L10,AABB_CLEAR,AABB_CLEAR,0,0,1,L1_AABB
sobol_127,L04,L05,EXPECTED_INTERFACE_CONTACT,EXPECTED_INTERFACE_CONTACT,0,0,1,L0_FIXED_SAFE
sobol_127,L04,L06,EXPECTED_INTERFACE_CONTACT,EXPECTED_INTERFACE_CONTACT,0,0,1,L3_SELECTIVE_EXACT
sobol_127,L04,L07,EXPECTED_INTERFACE_CONTACT,EXPECTED_INTERFACE_CONTACT,0,0,1,L3_SELECTIVE_EXACT
sobol_127,L04,L08,AABB_CLEAR,AABB_CLEAR,0,0,1,L1_AABB
sobol_127,L04,L09,AABB_CLEAR,AABB_CLEAR,0,0,1,L1_AABB
sobol_127,L04,L10,AABB_CLEAR,AABB_CLEAR,0,0,1,L1_AABB
sobol_127,L05,L06,EXPECTED_INTERFACE_CONTACT,EXPECTED_INTERFACE_CONTACT,0,0,1,L3_SELECTIVE_EXACT
sobol_127,L05,L07,EXPECTED_INTERFACE_CONTACT,EXPECTED_INTERFACE_CONTACT,0,0,1,L0_FIXED_SAFE
sobol_127,L05,L08,EXPECTED_INTERFACE_CONTACT,EXPECTED_INTERFACE_CONTACT,0,0,1,L3_SELECTIVE_EXACT
sobol_127,L05,L09,AABB_CLEAR,AABB_CLEAR,0,0,1,L1_AABB
sobol_127,L05,L10,AABB_CLEAR,AABB_CLEAR,0,0,1,L1_AABB
sobol_127,L06,L07,EXPECTED_INTERFACE_CONTACT,EXPECTED_INTERFACE_CONTACT,0,0,1,L3_SELECTIVE_EXACT
sobol_127,L06,L08,EXPECTED_INTERFACE_CONTACT,EXPECTED_INTERFACE_CONTACT,0,0,1,L3_SELECTIVE_EXACT
sobol_127,L06,L09,AABB_CLEAR,AABB_CLEAR,0,0,1,L1_AABB
sobol_127,L06,L10,AABB_CLEAR,AABB_CLEAR,0,0,1,L1_AABB
sobol_127,L07,L08,EXPECTED_INTERFACE_CONTACT,EXPECTED_INTERFACE_CONTACT,0,0,1,L0_FIXED_SAFE
sobol_127,L07,L09,AABB_CLEAR,AABB_CLEAR,0,0,1,L1_AABB
sobol_127,L07,L10,AABB_CLEAR,AABB_CLEAR,0,0,1,L1_AABB
sobol_127,L08,L09,EXPECTED_INTERFACE_CONTACT,EXPECTED_INTERFACE_CONTACT,0,0,1,L3_SELECTIVE_EXACT
sobol_127,L08,L10,EXPECTED_INTERFACE_CONTACT,EXPECTED_INTERFACE_CONTACT,0,0,1,L3_SELECTIVE_EXACT
sobol_127,L09,L10,AABB_CLEAR,AABB_CLEAR,0,0,1,L1_AABB
