candidate_id,phase,subset,removed_neighbor,remaining_component_count,g_max_mm3,g_sum_mm3,strict_feasible
P0_ALL_LOWER,canonical,FULL,NONE,13,76.50485338020876,356.1700143884876,False
P0_ALL_LOWER,canonical,MINUS_L05,L05,12,76.50485338020876,330.0881715618878,False
P0_ALL_LOWER,canonical,MINUS_L07,L07,12,76.50485338020876,356.1700143884876,False
P0_ALL_LOWER,canonical,MINUS_L06,L06,9,26.08184282659977,50.150600939602214,False
P0_ALL_LOWER,canonical,MINUS_L03,L03,6,76.50485338020876,332.1012562754851,False
P1_ALL_UPPER,canonical,FULL,NONE,13,1398.4366984233438,5639.127365036813,False
P1_ALL_UPPER,canonical,MINUS_L05,L05,12,797.0237673780676,4240.690666613469,False
P1_ALL_UPPER,canonical,MINUS_L07,L07,12,1398.4366984233438,5639.127365036813,False
P1_ALL_UPPER,canonical,MINUS_L06,L06,9,1398.4366984233438,2451.032348717817,False
P1_ALL_UPPER,canonical,MINUS_L03,L03,6,1398.4366984233438,4586.53171474234,False
P2_MIDPOINT,canonical,FULL,NONE,13,492.7093547234853,2330.034542955515,False
P2_MIDPOINT,canonical,MINUS_L05,L05,12,492.7093547234853,2272.8319513652527,False
P2_MIDPOINT,canonical,MINUS_L07,L07,12,492.7093547234853,2330.034542955515,False
P2_MIDPOINT,canonical,MINUS_L06,L06,9,170.9700516784007,359.19712406157515,False
P2_MIDPOINT,canonical,MINUS_L03,L03,6,492.7093547234853,2028.040010484202,False
P3_C1_INITIAL,canonical,FULL,NONE,13,281.97125917524625,1402.2623670200715,False
P3_C1_INITIAL,canonical,MINUS_L05,L05,12,281.97125917524625,1360.0716621802671,False
P3_C1_INITIAL,canonical,MINUS_L07,L07,12,281.97125917524625,1402.2623670200715,False
P3_C1_INITIAL,canonical,MINUS_L06,L06,9,162.07730799671816,274.37733031908635,False
P3_C1_INITIAL,canonical,MINUS_L03,L03,6,281.97125917524625,1170.075741540789,False
P4_C1_VISUAL_WINNER,canonical,FULL,NONE,13,727.9707898709378,3500.9346417733577,False
P4_C1_VISUAL_WINNER,canonical,MINUS_L05,L05,12,727.9707898709378,3040.71935698343,False
P4_C1_VISUAL_WINNER,canonical,MINUS_L07,L07,12,727.9707898709378,3500.9346417733577,False
P4_C1_VISUAL_WINNER,canonical,MINUS_L06,L06,9,460.21528478992786,589.0515248298292,False
P4_C1_VISUAL_WINNER,canonical,MINUS_L03,L03,6,727.9707898709378,3372.0984017334567,False
S000,sobol,FULL,NONE,13,748.7467901607162,3818.7393392383146,False
S000,sobol,MINUS_L05,L05,12,748.7467901607162,3135.8115378840635,False
S000,sobol,MINUS_L07,L07,12,748.7467901607162,3818.7393392383146,False
S000,sobol,MINUS_L06,L06,9,682.9278013542514,823.7522620366203,False
S000,sobol,MINUS_L03,L03,6,748.7467901607162,3677.914878555946,False
S001,sobol,FULL,NONE,13,199.6295031509543,1271.2445032420846,False
S001,sobol,MINUS_L05,L05,12,199.6295031509543,1229.0537984022806,False
S001,sobol,MINUS_L07,L07,12,199.6295031509543,1271.2445032420846,False
S001,sobol,MINUS_L06,L06,9,199.6295031509543,533.141967577725,False
S001,sobol,MINUS_L03,L03,6,184.5256339160899,780.2932405041638,False
S002,sobol,FULL,NONE,13,421.46667352775,1996.948673182293,False
S002,sobol,MINUS_L05,L05,12,421.46667352775,1952.184844313653,False
S002,sobol,MINUS_L07,L07,12,421.46667352775,1996.948673182293,False
S002,sobol,MINUS_L06,L06,9,170.9700516784007,311.0819790712951,False
S002,sobol,MINUS_L03,L03,6,421.46667352775,1730.630522979638,False
S003,sobol,FULL,NONE,13,747.2485545940639,3811.6358323035643,False
S003,sobol,MINUS_L05,L05,12,747.2485545940639,3326.7853981278226,False
S003,sobol,MINUS_L07,L07,12,747.2485545940639,3811.6358323035643,False
S003,sobol,MINUS_L06,L06,9,484.85043417574144,822.6416474094457,False
S003,sobol,MINUS_L03,L03,6,747.2485545940639,3473.8446190698596,False
S004,sobol,FULL,NONE,13,756.6014297702396,3873.033225031569,False
S004,sobol,MINUS_L05,L05,12,756.6014297702396,3252.351706027748,False
S004,sobol,MINUS_L07,L07,12,756.6014297702396,3873.033225031569,False
S004,sobol,MINUS_L06,L06,9,620.6815190038211,846.6275059506106,False
S004,sobol,MINUS_L03,L03,6,756.6014297702396,3647.0872380847795,False
S005,sobol,FULL,NONE,13,201.25832530945425,1219.1958396834948,False
S005,sobol,MINUS_L05,L05,12,201.25832530945425,1177.0051348436905,False
S005,sobol,MINUS_L07,L07,12,201.25832530945425,1219.1958396834948,False
S005,sobol,MINUS_L06,L06,9,201.25832530945425,557.7918566989754,False
S005,sobol,MINUS_L03,L03,6,165.35099575321226,703.5946878243235,False
S006,sobol,FULL,NONE,13,142.21303162491824,718.7938520626543,False
S006,sobol,MINUS_L05,L05,12,142.21303162491824,676.6031472228501,False
S006,sobol,MINUS_L07,L07,12,142.21303162491824,718.7938520626543,False
S006,sobol,MINUS_L06,L06,9,59.9804407114861,149.94172556298128,False
S006,sobol,MINUS_L03,L03,6,142.21303162491824,611.0428313394772,False
S007,sobol,FULL,NONE,13,568.8540596599088,3431.2170727920793,False
S007,sobol,MINUS_L05,L05,12,568.8540596599088,3324.8432403080665,False
S007,sobol,MINUS_L07,L07,12,568.8540596599088,3431.2170727920793,False
S007,sobol,MINUS_L06,L06,9,369.59245894449475,1155.8008341524464,False
S007,sobol,MINUS_L03,L03,6,568.8540596599088,2381.7900711236452,False
S008,sobol,FULL,NONE,13,353.53055008332717,1757.2246759376922,False
S008,sobol,MINUS_L05,L05,12,353.53055008332717,1712.003647168812,False
S008,sobol,MINUS_L07,L07,12,353.53055008332717,1757.2246759376922,False
S008,sobol,MINUS_L06,L06,9,170.9700516784007,343.10247560438415,False
S008,sobol,MINUS_L03,L03,6,353.53055008332717,1459.3432291021884,False
S009,sobol,FULL,NONE,13,506.3096210438293,2468.749362089435,False
S009,sobol,MINUS_L05,L05,12,506.3096210438293,2402.479521312338,False
S009,sobol,MINUS_L07,L07,12,506.3096210438293,2468.749362089435,False
S009,sobol,MINUS_L06,L06,9,163.67377706909954,443.5108779141187,False
S009,sobol,MINUS_L03,L03,6,506.3096210438293,2091.5083249524137,False
S010,sobol,FULL,NONE,13,402.31551605265975,1953.2557691467575,False
S010,sobol,MINUS_L05,L05,12,402.31551605265975,1776.1284989357844,False
S010,sobol,MINUS_L07,L07,12,402.31551605265975,1953.2557691467575,False
S010,sobol,MINUS_L06,L06,9,177.12727021097325,343.9937238078428,False
S010,sobol,MINUS_L03,L03,6,402.31551605265975,1786.389315549888,False
S011,sobol,FULL,NONE,13,603.6765131998416,3596.2210941650624,False
S011,sobol,MINUS_L05,L05,12,603.6765131998416,3175.9081665184153,False
S011,sobol,MINUS_L07,L07,12,603.6765131998416,3596.2210941650624,False
S011,sobol,MINUS_L06,L06,9,420.31292764664704,1181.5150701530488,False
S011,sobol,MINUS_L03,L03,6,603.6765131998416,2835.0189516586606,False
S012,sobol,FULL,NONE,13,440.5062744391287,1916.8232601304194,False
S012,sobol,MINUS_L05,L05,12,440.5062744391287,1860.5040628219833,False
S012,sobol,MINUS_L07,L07,12,440.5062744391287,1916.8232601304194,False
S012,sobol,MINUS_L06,L06,9,66.6038559337737,154.79816237390528,False
S012,sobol,MINUS_L03,L03,6,440.5062744391287,1818.3442950649503,False
S013,sobol,FULL,NONE,13,517.0761740479501,3115.863871937957,False
S013,sobol,MINUS_L05,L05,12,517.0761740479501,3011.7660577074435,False
S013,sobol,MINUS_L07,L07,12,517.0761740479501,3115.863871937957,False
S013,sobol,MINUS_L06,L06,9,342.38076358172145,1047.5718934502538,False
S013,sobol,MINUS_L03,L03,6,517.0761740479501,2172.3897927182165,False
S014,sobol,FULL,NONE,13,276.0039306389015,1295.527805226303,False
S014,sobol,MINUS_L05,L05,12,276.0039306389015,1253.3371003864988,False
S014,sobol,MINUS_L07,L07,12,276.0039306389015,1295.527805226303,False
S014,sobol,MINUS_L06,L06,9,111.61213295569627,191.51208267358416,False
S014,sobol,MINUS_L03,L03,6,276.0039306389015,1146.206427392523,False
S015,sobol,FULL,NONE,13,366.65838792557963,2017.3502619677909,False
S015,sobol,MINUS_L05,L05,12,366.65838792557963,1884.1682556583119,False
S015,sobol,MINUS_L07,L07,12,366.65838792557963,2017.3502619677909,False
S015,sobol,MINUS_L06,L06,9,170.9700516784007,550.7167272510931,False
S015,sobol,MINUS_L03,L03,6,366.65838792557963,1599.8155410261768,False
S016,sobol,FULL,NONE,13,543.3650994487205,2589.856530052624,False
S016,sobol,MINUS_L05,L05,12,543.3650994487205,2383.3491844228947,False
S016,sobol,MINUS_L07,L07,12,543.3650994487205,2589.856530052624,False
S016,sobol,MINUS_L06,L06,9,206.50734562972912,416.3961589109589,False
S016,sobol,MINUS_L03,L03,6,543.3650994487205,2379.9677167713944,False
S017,sobol,FULL,NONE,13,495.1204167308033,2389.709609622444,False
S017,sobol,MINUS_L05,L05,12,495.1204167308033,2322.402459478009,False
S017,sobol,MINUS_L07,L07,12,495.1204167308033,2389.709609622444,False
S017,sobol,MINUS_L06,L06,9,144.1737638509179,409.22794269923173,False
S017,sobol,MINUS_L03,L03,6,495.1204167308033,2047.7888170676476,False
S018,sobol,FULL,NONE,13,432.4599446628306,2099.485136047845,False
S018,sobol,MINUS_L05,L05,12,432.4599446628306,1812.0168404538013,False
S018,sobol,MINUS_L07,L07,12,432.4599446628306,2099.485136047845,False
S018,sobol,MINUS_L06,L06,9,287.46829559404415,369.6453773882334,False
S018,sobol,MINUS_L03,L03,6,432.4599446628306,2017.308054253656,False
S019,sobol,FULL,NONE,13,336.0276117552987,2166.0494465503994,False
S019,sobol,MINUS_L05,L05,12,336.0276117552987,2123.8452427215157,False
S019,sobol,MINUS_L07,L07,12,336.0276117552987,2166.0494465503994,False
S019,sobol,MINUS_L06,L06,9,336.0276117552987,955.3649978861597,False
S019,sobol,MINUS_L03,L03,6,302.67111256170745,1252.888652493123,False
S020,sobol,FULL,NONE,13,434.46758571877234,1970.2947116691344,False
S020,sobol,MINUS_L05,L05,12,434.46758571877234,1924.451024625284,False
S020,sobol,MINUS_L07,L07,12,434.46758571877234,1970.2947116691344,False
S020,sobol,MINUS_L06,L06,9,119.97682581642142,232.42436879404565,False
S020,sobol,MINUS_L03,L03,6,434.46758571877234,1783.7140299189393,False
S021,sobol,FULL,NONE,13,309.70426922592907,2007.2453972625826,False
S021,sobol,MINUS_L05,L05,12,309.70426922592907,1967.7576596030133,False
S021,sobol,MINUS_L07,L07,12,309.70426922592907,2007.2453972625826,False
S021,sobol,MINUS_L06,L06,9,309.70426922592907,867.5416899729089,False
S021,sobol,MINUS_L03,L03,6,284.9259268224187,1179.1914449492433,False
S022,sobol,FULL,NONE,13,528.8464423401354,2654.149361979662,False
S022,sobol,MINUS_L05,L05,12,528.8464423401354,2360.1611383798354,False
S022,sobol,MINUS_L07,L07,12,528.8464423401354,2654.149361979662,False
S022,sobol,MINUS_L06,L06,9,293.9882235998268,538.7636176803454,False
S022,sobol,MINUS_L03,L03,6,528.8464423401354,2409.3739678991433,False
S023,sobol,FULL,NONE,13,410.1904952105117,2105.9207014981125,False
S023,sobol,MINUS_L05,L05,12,410.1904952105117,1998.9998249675225,False
S023,sobol,MINUS_L07,L07,12,410.1904952105117,2105.9207014981125,False
S023,sobol,MINUS_L06,L06,9,170.9700516784007,465.15874021746083,False
S023,sobol,MINUS_L03,L03,6,410.1904952105117,1747.6828378112423,False
S024,sobol,FULL,NONE,13,163.03095678029806,806.6959967007366,False
S024,sobol,MINUS_L05,L05,12,163.03095678029806,765.8800548527881,False
S024,sobol,MINUS_L07,L07,12,163.03095678029806,806.6959967007366,False
S024,sobol,MINUS_L06,L06,9,66.6038559337737,154.5721696716133,False
S024,sobol,MINUS_L03,L03,6,163.03095678029806,692.9397688770717,False
S025,sobol,FULL,NONE,13,775.9345096455387,4682.593655782951,False
S025,sobol,MINUS_L05,L05,12,775.9345096455387,3940.684186414746,False
S025,sobol,MINUS_L07,L07,12,775.9345096455387,4682.593655782951,False
S025,sobol,MINUS_L06,L06,9,741.9094693682047,1578.8556172007964,False
S025,sobol,MINUS_L03,L03,6,775.9345096455387,3845.647507950359,False
S026,sobol,FULL,NONE,13,596.3897597388196,2742.1035910182864,False
S026,sobol,MINUS_L05,L05,12,596.3897597388196,2627.615129234419,False
S026,sobol,MINUS_L07,L07,12,596.3897597388196,2742.1035910182864,False
S026,sobol,MINUS_L06,L06,9,168.08697664455897,356.5445520630109,False
S026,sobol,MINUS_L03,L03,6,596.3897597388196,2500.047500739143,False
S027,sobol,FULL,NONE,13,231.90679687961565,1501.3654886106165,False
S027,sobol,MINUS_L05,L05,12,231.90679687961565,1459.1747837708124,False
S027,sobol,MINUS_L07,L07,12,231.90679687961565,1501.3654886106165,False
S027,sobol,MINUS_L06,L06,9,231.90679687961565,638.5779959108387,False
S027,sobol,MINUS_L03,L03,6,215.6968731749445,904.978197539582,False
S028,sobol,FULL,NONE,13,174.87112429749874,999.7462499193439,False
S028,sobol,MINUS_L05,L05,12,174.87112429749874,957.5555450795397,False
S028,sobol,MINUS_L07,L07,12,174.87112429749874,999.7462499193439,False
S028,sobol,MINUS_L06,L06,9,170.9700516784007,300.2617527293491,False
S028,sobol,MINUS_L03,L03,6,174.87112429749874,741.6752020297989,False
S029,sobol,FULL,NONE,13,691.1889657241853,3710.013097879199,False
S029,sobol,MINUS_L05,L05,12,691.1889657241853,3084.384449658044,False
S029,sobol,MINUS_L07,L07,12,691.1889657241853,3710.013097879199,False
S029,sobol,MINUS_L06,L06,9,625.6286482211549,945.2573039411592,False
S029,sobol,MINUS_L03,L03,6,691.1889657241853,3390.384442159195,False
S030,sobol,FULL,NONE,13,730.2167479490508,3338.1541088039357,False
S030,sobol,MINUS_L05,L05,12,730.2167479490508,3001.7484058701025,False
S030,sobol,MINUS_L07,L07,12,730.2167479490508,3338.1541088039357,False
S030,sobol,MINUS_L06,L06,9,336.40570293383297,417.28716327926713,False
S030,sobol,MINUS_L03,L03,6,730.2167479490508,3257.2726484585014,False
S031,sobol,FULL,NONE,13,286.29593944662025,1892.1420881090323,False
S031,sobol,MINUS_L05,L05,12,286.29593944662025,1849.9513832692282,False
S031,sobol,MINUS_L07,L07,12,286.29593944662025,1892.1420881090323,False
S031,sobol,MINUS_L06,L06,9,269.0383150356653,746.9583303225517,False
S031,sobol,MINUS_L03,L03,6,286.29593944662025,1187.3744626262849,False
S032,sobol,FULL,NONE,13,366.32173562983894,1768.6922903986924,False
S032,sobol,MINUS_L05,L05,12,366.32173562983894,1726.5015855588883,False
S032,sobol,MINUS_L07,L07,12,366.32173562983894,1768.6922903986924,False
S032,sobol,MINUS_L06,L06,9,170.9700516784007,303.4053478793369,False
S032,sobol,MINUS_L03,L03,6,366.32173562983894,1507.4776473591596,False
S033,sobol,FULL,NONE,13,270.3988270885105,1339.8719336828603,False
S033,sobol,MINUS_L05,L05,12,270.3988270885105,1297.681228843056,False
S033,sobol,MINUS_L07,L07,12,270.3988270885105,1339.8719336828603,False
S033,sobol,MINUS_L06,L06,9,124.95304499902747,258.27662532881834,False
S033,sobol,MINUS_L03,L03,6,270.3988270885105,1123.786013193846,False
S034,sobol,FULL,NONE,13,502.8895136941365,2391.6000512973887,False
S034,sobol,MINUS_L05,L05,12,502.8895136941365,2161.3980576761687,False
S034,sobol,MINUS_L07,L07,12,502.8895136941365,2391.6000512973887,False
S034,sobol,MINUS_L06,L06,9,230.20199362121983,380.0420207022427,False
S034,sobol,MINUS_L03,L03,6,502.8895136941365,2241.7600242163658,False
S035,sobol,FULL,NONE,13,320.683472656666,2023.918073091014,False
S035,sobol,MINUS_L05,L05,12,320.683472656666,1970.077663226596,False
S035,sobol,MINUS_L07,L07,12,320.683472656666,2023.918073091014,False
S035,sobol,MINUS_L06,L06,9,263.1778920603463,741.184198131212,False
S035,sobol,MINUS_L03,L03,6,320.683472656666,1336.57428482422,False
S036,sobol,FULL,NONE,13,614.446519350801,2830.074852250083,False
S036,sobol,MINUS_L05,L05,12,614.446519350801,2583.3052466897902,False
S036,sobol,MINUS_L07,L07,12,614.446519350801,2830.074852250083,False
S036,sobol,MINUS_L06,L06,9,246.76960556029283,372.2888053118222,False
S036,sobol,MINUS_L03,L03,6,614.446519350801,2704.5556524985536,False
S037,sobol,FULL,NONE,13,500.59364123820546,3096.526091873852,False
S037,sobol,MINUS_L05,L05,12,500.59364123820546,3027.784234139406,False
S037,sobol,MINUS_L07,L07,12,500.59364123820546,3096.526091873852,False
S037,sobol,MINUS_L06,L06,9,358.9813898630638,1094.151673950013,False
S037,sobol,MINUS_L03,L03,6,500.59364123820546,2071.1162756582844,False
S038,sobol,FULL,NONE,13,451.0897075654078,2274.32262467486,False
S038,sobol,MINUS_L05,L05,12,451.0897075654078,1991.2747434149348,False
S038,sobol,MINUS_L07,L07,12,451.0897075654078,2274.32262467486,False
S038,sobol,MINUS_L06,L06,9,283.04788125992536,469.96383694475253,False
S038,sobol,MINUS_L03,L03,6,451.0897075654078,2087.406668990033,False
S039,sobol,FULL,NONE,13,400.37166513239606,2195.442858166543,False
S039,sobol,MINUS_L05,L05,12,400.37166513239606,2149.6662247385757,False
S039,sobol,MINUS_L07,L07,12,400.37166513239606,2195.442858166543,False
S039,sobol,MINUS_L06,L06,9,214.0864925320926,593.9561976369588,False
S039,sobol,MINUS_L03,L03,6,400.37166513239606,1647.2632939575515,False
S040,sobol,FULL,NONE,13,109.02938962049477,597.152259538016,False
S040,sobol,MINUS_L05,L05,12,109.02938962049477,563.1349070835023,False
S040,sobol,MINUS_L07,L07,12,109.02938962049477,597.152259538016,False
S040,sobol,MINUS_L06,L06,9,109.02938962049477,209.65059800878217,False
S040,sobol,MINUS_L03,L03,6,96.87541545927019,421.5190139837475,False
S041,sobol,FULL,NONE,13,673.8130050196821,3826.0047703108226,False
S041,sobol,MINUS_L05,L05,12,673.8130050196821,3416.1995319859907,False
S041,sobol,MINUS_L07,L07,12,673.8130050196821,3826.0047703108226,False
S041,sobol,MINUS_L06,L06,9,409.80523832483186,1130.752784303345,False
S041,sobol,MINUS_L03,L03,6,673.8130050196821,3105.0572243323095,False
S042,sobol,FULL,NONE,13,681.6467338789541,3268.0946377085597,False
S042,sobol,MINUS_L05,L05,12,681.6467338789541,3017.0773141034174,False
S042,sobol,MINUS_L07,L07,12,681.6467338789541,3268.0946377085597,False
S042,sobol,MINUS_L06,L06,9,251.01732360514225,541.5077393881814,False
S042,sobol,MINUS_L03,L03,6,681.6467338789541,2977.6042219255205,False
S043,sobol,FULL,NONE,13,288.91912825417273,1576.7622808174503,False
S043,sobol,MINUS_L05,L05,12,288.91912825417273,1534.571575977646,False
S043,sobol,MINUS_L07,L07,12,288.91912825417273,1576.7622808174503,False
S043,sobol,MINUS_L06,L06,9,170.9700516784007,421.0857678007595,False
S043,sobol,MINUS_L03,L03,6,288.91912825417273,1197.8672178564948,False
S044,sobol,FULL,NONE,13,289.1564819938461,1405.8496495129332,False
S044,sobol,MINUS_L05,L05,12,289.1564819938461,1363.658944673129,False
S044,sobol,MINUS_L07,L07,12,289.1564819938461,1405.8496495129332,False
S044,sobol,MINUS_L06,L06,9,140.37959718285367,249.22372153754884,False
S044,sobol,MINUS_L03,L03,6,289.1564819938461,1198.8166328151885,False
S045,sobol,FULL,NONE,13,1020.3603420107055,4620.952875841072,False
S045,sobol,MINUS_L05,L05,12,791.216353900894,3600.592533830366,False
S045,sobol,MINUS_L07,L07,12,1020.3603420107055,4620.952875841072,False
S045,sobol,MINUS_L06,L06,9,1020.3603420107055,1456.0874602374975,False
S045,sobol,MINUS_L03,L03,6,1020.3603420107055,4185.225757614279,False
S046,sobol,FULL,NONE,13,658.1183366844521,2869.8975100845137,False
S046,sobol,MINUS_L05,L05,12,658.1183366844521,2681.56171003972,False
S046,sobol,MINUS_L07,L07,12,658.1183366844521,2869.8975100845137,False
S046,sobol,MINUS_L06,L06,9,188.33580004479415,237.4241633467062,False
S046,sobol,MINUS_L03,L03,6,658.1183366844521,2820.8091467826016,False
S047,sobol,FULL,NONE,13,339.8433722142832,1775.5387105083569,False
S047,sobol,MINUS_L05,L05,12,339.8433722142832,1733.3480056685528,False
S047,sobol,MINUS_L07,L07,12,339.8433722142832,1775.5387105083569,False
S047,sobol,MINUS_L06,L06,9,339.8433722142832,967.128125396999,False
S047,sobol,MINUS_L03,L03,6,202.10264627783948,850.6012899511621,False
S048,sobol,FULL,NONE,13,798.9186018890437,3991.042049284378,False
S048,sobol,MINUS_L05,L05,12,777.3519876967936,3192.1234473953346,False
S048,sobol,MINUS_L07,L07,12,798.9186018890437,3991.042049284378,False
S048,sobol,MINUS_L06,L06,9,798.9186018890437,881.6340984972057,False
S048,sobol,MINUS_L03,L03,6,798.9186018890437,3908.326552676216,False
S049,sobol,FULL,NONE,13,271.1941160539353,1561.1846202110055,False
S049,sobol,MINUS_L05,L05,12,271.1941160539353,1518.9939153712012,False
S049,sobol,MINUS_L07,L07,12,271.1941160539353,1561.1846202110055,False
S049,sobol,MINUS_L06,L06,9,271.1941160539353,756.8321898471135,False
S049,sobol,MINUS_L03,L03,6,201.08810759939539,846.5431352036961,False
S050,sobol,FULL,NONE,13,195.79968312312954,1042.9366428532655,False
S050,sobol,MINUS_L05,L05,12,195.79968312312954,1000.7459380134613,False
S050,sobol,MINUS_L07,L07,12,195.79968312312954,1042.9366428532655,False
S050,sobol,MINUS_L06,L06,9,150.31178808462437,259.7379103607474,False
S050,sobol,MINUS_L03,L03,6,195.79968312312954,825.3894373323222,False
S051,sobol,FULL,NONE,13,552.7464505843263,2770.535267966661,False
S051,sobol,MINUS_L05,L05,12,552.7464505843263,2691.5790294837984,False
S051,sobol,MINUS_L07,L07,12,552.7464505843263,2770.535267966661,False
S051,sobol,MINUS_L06,L06,9,186.7885312595481,559.5494656293573,False
S051,sobol,MINUS_L03,L03,6,552.7464505843263,2289.9420408201668,False
S052,sobol,FULL,NONE,13,726.1743421041264,3655.1707933667435,False
S052,sobol,MINUS_L05,L05,12,726.1743421041264,3175.7934574992064,False
S052,sobol,MINUS_L07,L07,12,726.1743421041264,3655.1707933667435,False
S052,sobol,MINUS_L06,L06,9,479.37733586753694,750.473465577967,False
S052,sobol,MINUS_L03,L03,6,726.1743421041264,3384.0746636563135,False
S053,sobol,FULL,NONE,13,170.9700516784007,981.4729360585548,False
S053,sobol,MINUS_L05,L05,12,170.9700516784007,939.2822312187506,False
S053,sobol,MINUS_L07,L07,12,170.9700516784007,981.4729360585548,False
S053,sobol,MINUS_L06,L06,9,170.9700516784007,389.0255693144678,False
S053,sobol,MINUS_L03,L03,6,148.11184169636624,634.638071583891,False
S054,sobol,FULL,NONE,13,321.4328879770607,1504.405016671938,False
S054,sobol,MINUS_L05,L05,12,321.4328879770607,1462.214311832134,False
S054,sobol,MINUS_L07,L07,12,321.4328879770607,1504.405016671938,False
S054,sobol,MINUS_L06,L06,9,119.24298822667848,218.6734647636958,False
S054,sobol,MINUS_L03,L03,6,321.4328879770607,1327.9222567480465,False
S055,sobol,FULL,NONE,13,720.0166973075984,4187.690191465212,False
S055,sobol,MINUS_L05,L05,12,720.0166973075984,3739.7352656024414,False
S055,sobol,MINUS_L07,L07,12,720.0166973075984,4187.690191465212,False
S055,sobol,MINUS_L06,L06,9,447.95492586277055,1307.6234431115233,False
S055,sobol,MINUS_L03,L03,6,720.0166973075984,3328.021674216459,False
S056,sobol,FULL,NONE,13,459.0386200232322,2174.0941056577713,False
S056,sobol,MINUS_L05,L05,12,459.0386200232322,2084.9460943792737,False
S056,sobol,MINUS_L07,L07,12,459.0386200232322,2174.0941056577713,False
S056,sobol,MINUS_L06,L06,9,170.8354830613339,337.9396484465427,False
S056,sobol,MINUS_L03,L03,6,459.0386200232322,1925.3024684897262,False
S057,sobol,FULL,NONE,13,603.2144458480834,1925.3722144190438,False
S057,sobol,MINUS_L05,L05,12,603.2144458480834,1749.0761938391493,False
S057,sobol,MINUS_L07,L07,12,603.2144458480834,1925.3722144190438,False
S057,sobol,MINUS_L06,L06,9,216.0131020721121,718.9433235572585,False
S057,sobol,MINUS_L03,L03,6,603.2144458480834,1382.7249114416798,False
S058,sobol,FULL,NONE,13,354.2532076649216,1566.6199620312898,False
S058,sobol,MINUS_L05,L05,12,354.2532076649216,1524.4292571914857,False
S058,sobol,MINUS_L07,L07,12,354.2532076649216,1566.6199620312898,False
S058,sobol,MINUS_L06,L06,9,66.6038559337737,149.60713137160363,False
S058,sobol,MINUS_L03,L03,6,354.2532076649216,1459.2035354994905,False
S059,sobol,FULL,NONE,13,372.7842095559739,2730.5563509008985,False
S059,sobol,MINUS_L05,L05,12,372.7842095559739,2466.175466850897,False
S059,sobol,MINUS_L07,L07,12,372.7842095559739,2730.5563509008985,False
S059,sobol,MINUS_L06,L06,9,352.3675170769493,1239.4195478255913,False
S059,sobol,MINUS_L03,L03,6,372.7842095559739,1755.517687125309,False
S060,sobol,FULL,NONE,13,331.84476635988915,1530.6532915361643,False
S060,sobol,MINUS_L05,L05,12,331.84476635988915,1488.4625866963602,False
S060,sobol,MINUS_L07,L07,12,331.84476635988915,1530.6532915361643,False
S060,sobol,MINUS_L06,L06,9,94.47966532303016,203.274226096608,False
S060,sobol,MINUS_L03,L03,6,331.84476635988915,1369.5697702793605,False
S061,sobol,FULL,NONE,13,437.92192250853765,2544.963915283534,False
S061,sobol,MINUS_L05,L05,12,437.92192250853765,2490.2332098566008,False
S061,sobol,MINUS_L07,L07,12,437.92192250853765,2544.963915283534,False
S061,sobol,MINUS_L06,L06,9,280.41119806936706,793.2762252493835,False
S061,sobol,MINUS_L03,L03,6,437.92192250853765,1806.4183954610833,False
S062,sobol,FULL,NONE,13,318.76156746289223,1586.4695936795465,False
S062,sobol,MINUS_L05,L05,12,318.76156746289223,1438.3010652050705,False
S062,sobol,MINUS_L07,L07,12,318.76156746289223,1586.4695936795465,False
S062,sobol,MINUS_L06,L06,9,148.16852847447606,311.4233386528251,False
S062,sobol,MINUS_L03,L03,6,318.76156746289223,1423.2147835011974,False
S063,sobol,FULL,NONE,13,579.9185226102986,2838.456124135985,False
S063,sobol,MINUS_L05,L05,12,579.9185226102986,2630.322721025641,False
S063,sobol,MINUS_L07,L07,12,579.9185226102986,2838.456124135985,False
S063,sobol,MINUS_L06,L06,9,208.13340311034426,518.7820624695379,False
S063,sobol,MINUS_L03,L03,6,579.9185226102986,2527.8074647767917,False
S064,sobol,FULL,NONE,13,268.90595328369636,1343.024175036627,False
S064,sobol,MINUS_L05,L05,12,268.90595328369636,1310.9021512649945,False
S064,sobol,MINUS_L07,L07,12,268.90595328369636,1343.024175036627,False
S064,sobol,MINUS_L06,L06,9,164.1412380499831,267.4003619018418,False
S064,sobol,MINUS_L03,L03,6,268.90595328369636,1107.7458369064175,False
S065,sobol,FULL,NONE,13,388.60044612756,2013.4119608861295,False
S065,sobol,MINUS_L05,L05,12,388.60044612756,1971.1090901631037,False
S065,sobol,MINUS_L07,L07,12,388.60044612756,2013.4119608861295,False
S065,sobol,MINUS_L06,L06,9,173.88559067310607,459.01017637588984,False
S065,sobol,MINUS_L03,L03,6,388.60044612756,1596.7046552332654,False
S066,sobol,FULL,NONE,13,364.71056414332605,1647.717362080066,False
S066,sobol,MINUS_L05,L05,12,364.71056414332605,1580.7455814631646,False
S066,sobol,MINUS_L07,L07,12,364.71056414332605,1647.717362080066,False
S066,sobol,MINUS_L06,L06,9,66.9717806169015,188.87512295171518,False
S066,sobol,MINUS_L03,L03,6,364.71056414332605,1525.8140197452524,False
S067,sobol,FULL,NONE,13,520.5810928605999,3391.4550751698876,False
S067,sobol,MINUS_L05,L05,12,520.5810928605999,3101.1153775539456,False
S067,sobol,MINUS_L07,L07,12,520.5810928605999,3391.4550751698876,False
S067,sobol,MINUS_L06,L06,9,359.7552958710069,1309.1307291031972,False
S067,sobol,MINUS_L03,L03,6,520.5810928605999,2372.6640436826324,False
S068,sobol,FULL,NONE,13,502.66703762319446,2232.250875596532,False
S068,sobol,MINUS_L05,L05,12,502.66703762319446,2156.3076798914335,False
S068,sobol,MINUS_L07,L07,12,502.66703762319446,2232.250875596532,False
S068,sobol,MINUS_L06,L06,9,79.03567346488265,221.5827251037546,False
S068,sobol,MINUS_L03,L03,6,502.66703762319446,2086.6113461978757,False
S069,sobol,FULL,NONE,13,578.3194675796318,3217.667795308005,False
S069,sobol,MINUS_L05,L05,12,578.3194675796318,2983.5455633481515,False
S069,sobol,MINUS_L07,L07,12,578.3194675796318,3217.667795308005,False
S069,sobol,MINUS_L06,L06,9,257.4893272776706,904.3899533334761,False
S069,sobol,MINUS_L03,L03,6,578.3194675796318,2547.400073934383,False
S070,sobol,FULL,NONE,13,373.4977059136461,1761.6329770357388,False
S070,sobol,MINUS_L05,L05,12,373.4977059136461,1715.3923300003817,False
S070,sobol,MINUS_L07,L07,12,373.4977059136461,1761.6329770357388,False
S070,sobol,MINUS_L06,L06,9,150.23080670134493,267.6421538439527,False
S070,sobol,MINUS_L03,L03,6,373.4977059136461,1540.231470227143,False
S071,sobol,FULL,NONE,13,415.26454896994926,2243.161304648111,False
S071,sobol,MINUS_L05,L05,12,415.26454896994926,1991.5430570711442,False
S071,sobol,MINUS_L07,L07,12,415.26454896994926,2243.161304648111,False
S071,sobol,MINUS_L06,L06,9,251.6182475769668,582.1032355122016,False
S071,sobol,MINUS_L03,L03,6,415.26454896994926,1912.676316712876,False
S072,sobol,FULL,NONE,13,647.8554216610875,2955.545859616087,False
S072,sobol,MINUS_L05,L05,12,647.8554216610875,2685.76839327519,False
S072,sobol,MINUS_L07,L07,12,647.8554216610875,2955.545859616087,False
S072,sobol,MINUS_L06,L06,9,269.77746634089715,364.1242061186817,False
S072,sobol,MINUS_L03,L03,6,647.8554216610875,2861.1991198383025,False
S073,sobol,FULL,NONE,13,320.4869311429611,1350.9802073458711,False
S073,sobol,MINUS_L05,L05,12,320.4869311429611,1308.7895025060668,False
S073,sobol,MINUS_L07,L07,12,320.4869311429611,1350.9802073458711,False
S073,sobol,MINUS_L06,L06,9,320.4869311429611,917.4505271633635,False
S073,sobol,MINUS_L03,L03,6,108.38242004601437,475.7203850223117,False
S074,sobol,FULL,NONE,13,212.39631641645727,1095.6239561985517,False
S074,sobol,MINUS_L05,L05,12,212.39631641645727,1053.4332513587476,False
S074,sobol,MINUS_L07,L07,12,212.39631641645727,1095.6239561985517,False
S074,sobol,MINUS_L06,L06,9,137.23383539200842,246.03869053272274,False
S074,sobol,MINUS_L03,L03,6,212.39631641645727,891.7759705056333,False
S075,sobol,FULL,NONE,13,664.0147426488162,3307.715956989058,False
S075,sobol,MINUS_L05,L05,12,664.0147426488162,3089.1117216099524,False
S075,sobol,MINUS_L07,L07,12,664.0147426488162,3307.715956989058,False
S075,sobol,MINUS_L06,L06,9,218.60423537910563,651.6570218945128,False
S075,sobol,MINUS_L03,L03,6,664.0147426488162,2874.663170473651,False
S076,sobol,FULL,NONE,13,1194.523619419955,4658.973378340432,False
S076,sobol,MINUS_L05,L05,12,794.5749095637251,3464.449758920477,False
S076,sobol,MINUS_L07,L07,12,1194.523619419955,4658.973378340432,False
S076,sobol,MINUS_L06,L06,9,1194.523619419955,1480.6737906754347,False
S076,sobol,MINUS_L03,L03,6,1194.523619419955,4372.823207084953,False
S077,sobol,FULL,NONE,13,287.64463163390536,1563.6589679885785,False
S077,sobol,MINUS_L05,L05,12,287.64463163390536,1521.4682631487742,False
S077,sobol,MINUS_L07,L07,12,287.64463163390536,1563.6589679885785,False
S077,sobol,MINUS_L06,L06,9,170.9700516784007,413.080441452957,False
S077,sobol,MINUS_L03,L03,6,287.64463163390536,1192.7692313754255,False
S078,sobol,FULL,NONE,13,292.42896237238483,1335.159321979636,False
S078,sobol,MINUS_L05,L05,12,292.42896237238483,1292.9686171398316,False
S078,sobol,MINUS_L07,L07,12,292.42896237238483,1335.159321979636,False
S078,sobol,MINUS_L06,L06,9,90.19919650877353,165.44347249009655,False
S078,sobol,MINUS_L03,L03,6,292.42896237238483,1211.9065543293434,False
S079,sobol,FULL,NONE,13,672.341512249629,3715.742800316198,False
S079,sobol,MINUS_L05,L05,12,672.341512249629,3490.5592887062385,False
S079,sobol,MINUS_L07,L07,12,672.341512249629,3715.742800316198,False
S079,sobol,MINUS_L06,L06,9,301.29307048405616,1026.37678776693,False
S079,sobol,MINUS_L03,L03,6,672.341512249629,2914.5495241592284,False
S080,sobol,FULL,NONE,13,243.09952178983647,1203.569735138167,False
S080,sobol,MINUS_L05,L05,12,243.09952178983647,1161.3790302983627,False
S080,sobol,MINUS_L07,L07,12,243.09952178983647,1203.569735138167,False
S080,sobol,MINUS_L06,L06,9,122.37708720524326,231.1716479788211,False
S080,sobol,MINUS_L03,L03,6,243.09952178983647,1014.5887919991501,False
S081,sobol,FULL,NONE,13,962.3565738808178,4750.839434546734,False
S081,sobol,MINUS_L05,L05,12,778.8368358905971,3788.482860665916,False
S081,sobol,MINUS_L07,L07,12,962.3565738808178,4750.839434546734,False
S081,sobol,MINUS_L06,L06,9,962.3565738808178,1635.4921366058347,False
S081,sobol,MINUS_L03,L03,6,962.3565738808178,4077.7038718217173,False
S082,sobol,FULL,NONE,13,600.7335370162414,2846.6950226244066,False
S082,sobol,MINUS_L05,L05,12,600.7335370162414,2673.4140557487062,False
S082,sobol,MINUS_L07,L07,12,600.7335370162414,2846.6950226244066,False
S082,sobol,MINUS_L06,L06,9,173.28096687570044,443.7609047839761,False
S082,sobol,MINUS_L03,L03,6,600.7335370162414,2576.215084716131,False
S083,sobol,FULL,NONE,13,201.2377230798487,1199.0211595691592,False
S083,sobol,MINUS_L05,L05,12,201.2377230798487,1157.7032353398697,False
S083,sobol,MINUS_L07,L07,12,201.2377230798487,1199.0211595691592,False
S083,sobol,MINUS_L06,L06,9,170.9700516784007,394.0702672497645,False
S083,sobol,MINUS_L03,L03,6,201.2377230798487,846.2688165486843,False
S084,sobol,FULL,NONE,13,153.41094059024886,756.1606009556299,False
S084,sobol,MINUS_L05,L05,12,153.41094059024886,713.9698961158257,False
S084,sobol,MINUS_L07,L07,12,153.41094059024886,756.1606009556299,False
S084,sobol,MINUS_L06,L06,9,153.41094059024886,263.26703784073084,False
S084,sobol,MINUS_L03,L03,6,123.22339079346033,535.0842679547031,False
S085,sobol,FULL,NONE,13,723.2561355016938,3791.8614093233637,False
S085,sobol,MINUS_L05,L05,12,723.2561355016938,3388.346507438363,False
S085,sobol,MINUS_L07,L07,12,723.2561355016938,3791.8614093233637,False
S085,sobol,MINUS_L06,L06,9,403.5149018850009,898.836908523387,False
S085,sobol,MINUS_L03,L03,6,723.2561355016938,3296.5394026849776,False
S086,sobol,FULL,NONE,13,680.3164402156896,3258.5648250474314,False
S086,sobol,MINUS_L05,L05,12,680.3164402156896,2787.558261416609,False
S086,sobol,MINUS_L07,L07,12,680.3164402156896,3258.5648250474314,False
S086,sobol,MINUS_L06,L06,9,471.0065636308223,537.2991002421126,False
S086,sobol,MINUS_L03,L03,6,680.3164402156896,3192.2722884361415,False
S087,sobol,FULL,NONE,13,324.0786704316667,2207.095716174335,False
S087,sobol,MINUS_L05,L05,12,324.0786704316667,2164.905011334531,False
S087,sobol,MINUS_L07,L07,12,324.0786704316667,2207.095716174335,False
S087,sobol,MINUS_L06,L06,9,324.0786704316667,914.2298267699109,False
S087,sobol,MINUS_L03,L03,6,323.21647235110646,1335.0565942442283,False
S088,sobol,FULL,NONE,13,549.2825362245152,2576.927006882228,False
S088,sobol,MINUS_L05,L05,12,549.2825362245152,2447.28261498071,False
S088,sobol,MINUS_L07,L07,12,549.2825362245152,2576.927006882228,False
S088,sobol,MINUS_L06,L06,9,170.9700516784007,379.79700992769455,False
S088,sobol,MINUS_L03,L03,6,549.2825362245152,2326.7743888560512,False
S089,sobol,FULL,NONE,13,432.4316438133266,2045.8002945676985,False
S089,sobol,MINUS_L05,L05,12,432.4316438133266,1981.526898663576,False
S089,sobol,MINUS_L07,L07,12,432.4316438133266,2045.8002945676985,False
S089,sobol,MINUS_L06,L06,9,146.79872118760724,316.07371931439343,False
S089,sobol,MINUS_L03,L03,6,432.4316438133266,1793.9999711574276,False
S090,sobol,FULL,NONE,13,388.4505349717035,1888.1461710459162,False
S090,sobol,MINUS_L05,L05,12,388.4505349717035,1718.5234952772523,False
S090,sobol,MINUS_L07,L07,12,388.4505349717035,1888.1461710459162,False
S090,sobol,MINUS_L06,L06,9,169.6226757686639,334.3440492366962,False
S090,sobol,MINUS_L03,L03,6,388.4505349717035,1723.424797577884,False
S091,sobol,FULL,NONE,13,307.2559260502881,2023.7486981916338,False
S091,sobol,MINUS_L05,L05,12,307.2559260502881,1981.5579933518297,False
S091,sobol,MINUS_L07,L07,12,307.2559260502881,2023.7486981916338,False
S091,sobol,MINUS_L06,L06,9,285.13351611905375,794.7249940160098,False
S091,sobol,MINUS_L03,L03,6,307.2559260502881,1271.2144090154284,False
S092,sobol,FULL,NONE,13,489.53910674608784,2137.985845979591,False
S092,sobol,MINUS_L05,L05,12,489.53910674608784,2069.446098487806,False
S092,sobol,MINUS_L07,L07,12,489.53910674608784,2137.985845979591,False
S092,sobol,MINUS_L06,L06,9,68.53974749178526,179.8294189952399,False
S092,sobol,MINUS_L03,L03,6,489.53910674608784,2026.6961744761365,False
S093,sobol,FULL,NONE,13,355.15980373174904,2445.0764091498113,False
S093,sobol,MINUS_L05,L05,12,355.15980373174904,2402.742709279339,False
S093,sobol,MINUS_L07,L07,12,355.15980373174904,2445.0764091498113,False
S093,sobol,MINUS_L06,L06,9,350.46783655379744,1024.4371942228158,False
S093,sobol,MINUS_L03,L03,6,355.15980373174904,1462.9729147974676,False
S094,sobol,FULL,NONE,13,607.3217198183387,2984.492194269473,False
S094,sobol,MINUS_L05,L05,12,607.3217198183387,2580.6621936605534,False
S094,sobol,MINUS_L07,L07,12,607.3217198183387,2984.492194269473,False
S094,sobol,MINUS_L06,L06,9,403.8300006089198,555.205344687272,False
S094,sobol,MINUS_L03,L03,6,607.3217198183387,2833.1168501911206,False
S095,sobol,FULL,NONE,13,385.9737149280876,2311.5650023139206,False
S095,sobol,MINUS_L05,L05,12,385.9737149280876,2153.662561061213,False
S095,sobol,MINUS_L07,L07,12,385.9737149280876,2311.5650023139206,False
S095,sobol,MINUS_L06,L06,9,236.6625051937246,767.6701615625279,False
S095,sobol,MINUS_L03,L03,6,385.9737149280876,1701.7972820041,False
S096,sobol,FULL,NONE,13,181.24252212069328,897.8934845885858,False
S096,sobol,MINUS_L05,L05,12,181.24252212069328,855.7027797487817,False
S096,sobol,MINUS_L07,L07,12,181.24252212069328,897.8934845885858,False
S096,sobol,MINUS_L06,L06,9,66.6038559337737,172.9233961058128,False
S096,sobol,MINUS_L03,L03,6,181.24252212069328,767.1607933225772,False
S097,sobol,FULL,NONE,13,753.3695049553872,4331.665825620155,False
S097,sobol,MINUS_L05,L05,12,753.3695049553872,3728.725413604422,False
S097,sobol,MINUS_L07,L07,12,753.3695049553872,4331.665825620155,False
S097,sobol,MINUS_L06,L06,9,602.9404120157335,1318.1882887041538,False
S097,sobol,MINUS_L03,L03,6,753.3695049553872,3616.4179489317357,False
S098,sobol,FULL,NONE,13,737.9494209393529,3557.420565961639,False
S098,sobol,MINUS_L05,L05,12,737.9494209393529,3181.297528103287,False
S098,sobol,MINUS_L07,L07,12,737.9494209393529,3557.420565961639,False
S098,sobol,MINUS_L06,L06,9,376.12303785835263,605.6229279777234,False
S098,sobol,MINUS_L03,L03,6,737.9494209393529,3327.920675842269,False
S099,sobol,FULL,NONE,13,351.4937590149434,1979.1297130584294,False
S099,sobol,MINUS_L05,L05,12,351.4937590149434,1936.939008218625,False
S099,sobol,MINUS_L07,L07,12,351.4937590149434,1979.1297130584294,False
S099,sobol,MINUS_L06,L06,9,207.37836850213048,573.1546769986559,False
S099,sobol,MINUS_L03,L03,6,351.4937590149434,1448.1657408995775,False
S100,sobol,FULL,NONE,13,170.9700516784007,931.3827054516254,False
S100,sobol,MINUS_L05,L05,12,170.9700516784007,889.1920006118212,False
S100,sobol,MINUS_L07,L07,12,170.9700516784007,931.3827054516254,False
S100,sobol,MINUS_L06,L06,9,170.9700516784007,311.46995030581274,False
S100,sobol,MINUS_L03,L03,6,154.97818878681665,662.1034599856167,False
S101,sobol,FULL,NONE,13,765.811669368663,4036.536253503203,False
S101,sobol,MINUS_L05,L05,12,765.811669368663,3406.5328932463667,False
S101,sobol,MINUS_L07,L07,12,765.811669368663,4036.536253503203,False
S101,sobol,MINUS_L06,L06,9,630.0033602568366,973.2895760285514,False
S101,sobol,MINUS_L03,L03,6,765.811669368663,3693.250037731488,False
S102,sobol,FULL,NONE,13,596.947048111346,2630.8534851244867,False
S102,sobol,MINUS_L05,L05,12,596.947048111346,2485.0828369844244,False
S102,sobol,MINUS_L07,L07,12,596.947048111346,2630.8534851244867,False
S102,sobol,MINUS_L06,L06,9,145.7706481400622,243.06529267910312,False
S102,sobol,MINUS_L03,L03,6,596.947048111346,2533.558840585446,False
S103,sobol,FULL,NONE,13,247.8886478988513,1469.0202460068863,False
S103,sobol,MINUS_L05,L05,12,247.8886478988513,1426.8295411670822,False
S103,sobol,MINUS_L07,L07,12,247.8886478988513,1469.0202460068863,False
S103,sobol,MINUS_L06,L06,9,247.8886478988513,684.1796729867926,False
S103,sobol,MINUS_L03,L03,6,196.21014325502347,827.0312778598978,False
S104,sobol,FULL,NONE,13,542.3001593239853,2449.355110616942,False
S104,sobol,MINUS_L05,L05,12,542.3001593239853,2367.073026751329,False
S104,sobol,MINUS_L07,L07,12,542.3001593239853,2449.355110616942,False
S104,sobol,MINUS_L06,L06,9,131.26853352161413,280.15447332100064,False
S104,sobol,MINUS_L03,L03,6,542.3001593239853,2251.4827211615543,False
S105,sobol,FULL,NONE,13,376.1644023487576,1940.5774841799341,False
S105,sobol,MINUS_L05,L05,12,376.1644023487576,1871.9534372831076,False
S105,sobol,MINUS_L07,L07,12,376.1644023487576,1940.5774841799341,False
S105,sobol,MINUS_L06,L06,9,156.27077560485364,435.919892542815,False
S105,sobol,MINUS_L03,L03,6,376.1644023487576,1573.2816385339456,False
S106,sobol,FULL,NONE,13,611.2427742254995,3049.645521635894,False
S106,sobol,MINUS_L05,L05,12,611.2427742254995,2547.161446992896,False
S106,sobol,MINUS_L07,L07,12,611.2427742254995,3049.645521635894,False
S106,sobol,MINUS_L06,L06,9,502.4840746429983,604.6744828719362,False
S106,sobol,MINUS_L03,L03,6,611.2427742254995,2947.455113406956,False
S107,sobol,FULL,NONE,13,429.20636462223376,2879.1257506093884,False
S107,sobol,MINUS_L05,L05,12,429.20636462223376,2675.984569278012,False
S107,sobol,MINUS_L07,L07,12,429.20636462223376,2879.1257506093884,False
S107,sobol,MINUS_L06,L06,9,348.78203919651736,1162.300325106715,False
S107,sobol,MINUS_L03,L03,6,429.20636462223376,1919.9666068340498,False
S108,sobol,FULL,NONE,13,473.33914664031863,2147.2356692364015,False
S108,sobol,MINUS_L05,L05,12,473.33914664031863,2063.8573177844128,False
S108,sobol,MINUS_L07,L07,12,473.33914664031863,2147.2356692364015,False
S108,sobol,MINUS_L06,L06,9,103.89705267965891,253.8792600654214,False
S108,sobol,MINUS_L03,L03,6,473.33914664031863,1976.734760622969,False
S109,sobol,FULL,NONE,13,384.37902281255066,2335.8217106582383,False
S109,sobol,MINUS_L05,L05,12,384.37902281255066,2293.4102717846845,False
S109,sobol,MINUS_L07,L07,12,384.37902281255066,2335.8217106582383,False
S109,sobol,MINUS_L06,L06,9,286.1364514490701,798.3056194080364,False
S109,sobol,MINUS_L03,L03,6,384.37902281255066,1579.9275301237556,False
S110,sobol,FULL,NONE,13,355.858590039944,1747.1459032791836,False
S110,sobol,MINUS_L05,L05,12,355.858590039944,1634.1254890786174,False
S110,sobol,MINUS_L07,L07,12,355.858590039944,1747.1459032791836,False
S110,sobol,MINUS_L06,L06,9,133.32941670277089,323.7115593268607,False
S110,sobol,MINUS_L03,L03,6,355.858590039944,1536.454758152889,False
S111,sobol,FULL,NONE,13,245.53054780914238,1412.3745408099567,False
S111,sobol,MINUS_L05,L05,12,245.53054780914238,1370.1838359701526,False
S111,sobol,MINUS_L07,L07,12,245.53054780914238,1412.3745408099567,False
S111,sobol,MINUS_L06,L06,9,170.9700516784007,430.25234957803667,False
S111,sobol,MINUS_L03,L03,6,245.53054780914238,1024.312896071724,False
S112,sobol,FULL,NONE,13,458.5747184740515,2164.80872083572,False
S112,sobol,MINUS_L05,L05,12,458.5747184740515,2117.008386524899,False
S112,sobol,MINUS_L07,L07,12,458.5747184740515,2164.80872083572,False
S112,sobol,MINUS_L06,L06,9,170.9700516784007,330.50984693951415,False
S112,sobol,MINUS_L03,L03,6,458.5747184740515,1882.099208207027,False
S113,sobol,FULL,NONE,13,473.95902817080264,2363.5205855751856,False
S113,sobol,MINUS_L05,L05,12,473.95902817080264,2186.014293979748,False
S113,sobol,MINUS_L07,L07,12,473.95902817080264,2363.5205855751856,False
S113,sobol,MINUS_L06,L06,9,177.50629159543763,467.6844955393317,False
S113,sobol,MINUS_L03,L03,6,473.95902817080264,2073.3423816312916,False
S114,sobol,FULL,NONE,13,299.5631525408511,1423.0741900843295,False
S114,sobol,MINUS_L05,L05,12,299.5631525408511,1380.8556095739696,False
S114,sobol,MINUS_L07,L07,12,299.5631525408511,1423.0741900843295,False
S114,sobol,MINUS_L06,L06,9,115.9991437291223,224.82158017325614,False
S114,sobol,MINUS_L03,L03,6,299.5631525408511,1240.4711904214337,False
S115,sobol,FULL,NONE,13,435.8633748443937,2695.3753782564268,False
S115,sobol,MINUS_L05,L05,12,435.8633748443937,2556.8233120433324,False
S115,sobol,MINUS_L07,L07,12,435.8633748443937,2695.3753782564268,False
S115,sobol,MINUS_L06,L06,9,305.272053947617,951.9218999531619,False
S115,sobol,MINUS_L03,L03,6,435.8633748443937,1882.0055445163594,False
S116,sobol,FULL,NONE,13,306.7940949367542,1357.489117825621,False
S116,sobol,MINUS_L05,L05,12,306.7940949367542,1312.22841154923,False
S116,sobol,MINUS_L07,L07,12,306.7940949367542,1357.489117825621,False
S116,sobol,MINUS_L06,L06,9,66.6038559337737,130.31275287895616,False
S116,sobol,MINUS_L03,L03,6,306.7940949367542,1272.4370712230555,False
S117,sobol,FULL,NONE,13,488.0546224499456,2908.068265733949,False
S117,sobol,MINUS_L05,L05,12,488.0546224499456,2852.4302895530063,False
S117,sobol,MINUS_L07,L07,12,488.0546224499456,2908.068265733949,False
S117,sobol,MINUS_L06,L06,9,331.64259330192186,955.8497759341664,False
S117,sobol,MINUS_L03,L03,6,488.0546224499456,2007.8564659807246,False
S118,sobol,FULL,NONE,13,432.47774130433356,2026.2680115578755,False
S118,sobol,MINUS_L05,L05,12,432.47774130433356,1927.5947422784636,False
S118,sobol,MINUS_L07,L07,12,432.47774130433356,2026.2680115578755,False
S118,sobol,MINUS_L06,L06,9,139.25930025471777,296.3570668878029,False
S118,sobol,MINUS_L03,L03,6,432.47774130433356,1828.5842139494846,False
S119,sobol,FULL,NONE,13,499.96543608310066,2876.2395733209883,False
S119,sobol,MINUS_L05,L05,12,499.96543608310066,2470.7729813990827,False
S119,sobol,MINUS_L07,L07,12,499.96543608310066,2876.2395733209883,False
S119,sobol,MINUS_L06,L06,9,405.46659192190566,876.3778781046124,False
S119,sobol,MINUS_L03,L03,6,499.96543608310066,2405.3282871382817,False
S120,sobol,FULL,NONE,13,836.4353991401046,4118.22377531257,False
S120,sobol,MINUS_L05,L05,12,780.9519091264191,3281.7883761724656,False
S120,sobol,MINUS_L07,L07,12,836.4353991401046,4118.22377531257,False
S120,sobol,MINUS_L06,L06,9,836.4353991401046,994.4161388068947,False
S120,sobol,MINUS_L03,L03,6,836.4353991401046,3960.24303564578,False
S121,sobol,FULL,NONE,13,250.16323539099366,1648.8427285915423,False
S121,sobol,MINUS_L05,L05,12,250.16323539099366,1606.6520237517382,False
S121,sobol,MINUS_L07,L07,12,250.16323539099366,1648.8427285915423,False
S121,sobol,MINUS_L06,L06,9,250.16323539099366,687.7766348900461,False
S121,sobol,MINUS_L03,L03,6,240.26652342537406,1003.2567985413003,False
S122,sobol,FULL,NONE,13,194.6949898519279,1076.3069074592418,False
S122,sobol,MINUS_L05,L05,12,194.6949898519279,1034.1162026194377,False
S122,sobol,MINUS_L07,L07,12,194.6949898519279,1076.3069074592418,False
S122,sobol,MINUS_L06,L06,9,170.9700516784007,297.5269480515303,False
S122,sobol,MINUS_L03,L03,6,194.6949898519279,820.9706642475156,False
S123,sobol,FULL,NONE,13,663.1872087621983,3155.5144656005655,False
S123,sobol,MINUS_L05,L05,12,663.1872087621983,2966.9722561672697,False
S123,sobol,MINUS_L07,L07,12,663.1872087621983,3155.5144656005655,False
S123,sobol,MINUS_L06,L06,9,188.54220943329557,502.7656305517728,False
S123,sobol,MINUS_L03,L03,6,663.1872087621983,2841.291044482088,False
S124,sobol,FULL,NONE,13,683.4878870350129,3473.7971918883695,False
S124,sobol,MINUS_L05,L05,12,683.4878870350129,2972.942735826578,False
S124,sobol,MINUS_L07,L07,12,683.4878870350129,3473.7971918883695,False
S124,sobol,MINUS_L06,L06,9,500.8544560617913,739.8456782028741,False
S124,sobol,MINUS_L03,L03,6,683.4878870350129,3234.805969747287,False
S125,sobol,FULL,NONE,13,226.5814436357174,1051.1278524848776,False
S125,sobol,MINUS_L05,L05,12,226.5814436357174,1016.50477733313,False
S125,sobol,MINUS_L07,L07,12,226.5814436357174,1051.1278524848776,False
S125,sobol,MINUS_L06,L06,9,226.5814436357174,616.2160956103091,False
S125,sobol,MINUS_L03,L03,6,108.72793925033996,469.5348320263162,False
S126,sobol,FULL,NONE,13,307.0951695525893,1335.0849052030765,False
S126,sobol,MINUS_L05,L05,12,307.0951695525893,1292.8942003632724,False
S126,sobol,MINUS_L07,L07,12,307.0951695525893,1335.0849052030765,False
S126,sobol,MINUS_L06,L06,9,42.19070483980415,106.7042269927194,False
S126,sobol,MINUS_L03,L03,6,307.0951695525893,1270.5713830501613,False
S127,sobol,FULL,NONE,13,688.1451870913368,3963.484912058071,False
S127,sobol,MINUS_L05,L05,12,688.1451870913368,3763.366242642324,False
S127,sobol,MINUS_L07,L07,12,688.1451870913368,3963.484912058071,False
S127,sobol,MINUS_L06,L06,9,360.89398859988887,1210.9041636927245,False
S127,sobol,MINUS_L03,L03,6,688.1451870913368,2952.699417781094,False
S128,sobol,FULL,NONE,13,170.9700516784007,972.7027719853161,False
S128,sobol,MINUS_L05,L05,12,170.9700516784007,930.5120671455119,False
S128,sobol,MINUS_L07,L07,12,170.9700516784007,972.7027719853161,False
S128,sobol,MINUS_L06,L06,9,170.9700516784007,333.5358989257022,False
S128,sobol,MINUS_L03,L03,6,159.7917182663707,681.357577899418,False
S129,sobol,FULL,NONE,13,757.512290246393,3883.8992309042756,False
S129,sobol,MINUS_L05,L05,12,757.512290246393,3310.390674045689,False
S129,sobol,MINUS_L07,L07,12,757.512290246393,3883.8992309042756,False
S129,sobol,MINUS_L06,L06,9,573.5085568585865,853.8500699187039,False
S129,sobol,MINUS_L03,L03,6,757.512290246393,3603.5577178441586,False
S130,sobol,FULL,NONE,13,533.7741335751921,2382.7087313894717,False
S130,sobol,MINUS_L05,L05,12,533.7741335751921,2311.6328201601236,False
S130,sobol,MINUS_L07,L07,12,533.7741335751921,2382.7087313894717,False
S130,sobol,MINUS_L06,L06,9,109.93242992558197,247.61219708870382,False
S130,sobol,MINUS_L03,L03,6,533.7741335751921,2206.172445530116,False
S131,sobol,FULL,NONE,13,300.1135865886532,1323.4277701457684,False
S131,sobol,MINUS_L05,L05,12,300.1135865886532,1291.3232478344462,False
S131,sobol,MINUS_L07,L07,12,300.1135865886532,1323.4277701457684,False
S131,sobol,MINUS_L06,L06,9,300.1135865886532,829.809375560737,False
S131,sobol,MINUS_L03,L03,6,123.40459864625785,525.7229168963534,False
S132,sobol,FULL,NONE,13,175.1712731971755,836.3155751858055,False
S132,sobol,MINUS_L05,L05,12,175.1712731971755,794.1248703460013,False
S132,sobol,MINUS_L07,L07,12,175.1712731971755,836.3155751858055,False
S132,sobol,MINUS_L06,L06,9,66.6038559337737,135.63048239710346,False
S132,sobol,MINUS_L03,L03,6,175.1712731971755,742.8757976285061,False
S133,sobol,FULL,NONE,13,763.6208258490598,4705.095145730944,False
S133,sobol,MINUS_L05,L05,12,753.6549178795751,3941.4743198818837,False
S133,sobol,MINUS_L07,L07,12,763.6208258490598,4705.095145730944,False
S133,sobol,MINUS_L06,L06,9,763.6208258490598,1690.4755579322325,False
S133,sobol,MINUS_L03,L03,6,763.6208258490598,3778.2404136477708,False
S134,sobol,FULL,NONE,13,763.2978922949106,3892.5290573940206,False
S134,sobol,MINUS_L05,L05,12,763.2978922949106,3229.27997389283,False
S134,sobol,MINUS_L07,L07,12,763.2978922949106,3892.5290573940206,False
S134,sobol,MINUS_L06,L06,9,663.2490835011904,839.3374882143784,False
S134,sobol,MINUS_L03,L03,6,763.2978922949106,3716.4406526808325,False
S135,sobol,FULL,NONE,13,416.9384232425662,2166.2083501405323,False
S135,sobol,MINUS_L05,L05,12,416.9384232425662,2116.5624380383165,False
S135,sobol,MINUS_L07,L07,12,416.9384232425662,2166.2083501405323,False
S135,sobol,MINUS_L06,L06,9,172.8796245729177,498.4546571702677,False
S135,sobol,MINUS_L03,L03,6,416.9384232425662,1717.39960507248,False
S136,sobol,FULL,NONE,13,532.0881399327989,2390.257536138139,False
S136,sobol,MINUS_L05,L05,12,532.0881399327989,2275.170114565507,False
S136,sobol,MINUS_L07,L07,12,532.0881399327989,2390.257536138139,False
S136,sobol,MINUS_L06,L06,9,115.08742157263185,261.90500339503774,False
S136,sobol,MINUS_L03,L03,6,532.0881399327989,2243.4399543157333,False
S137,sobol,FULL,NONE,13,388.528494234743,2245.571415076286,False
S137,sobol,MINUS_L05,L05,12,388.528494234743,2203.226584354288,False
S137,sobol,MINUS_L07,L07,12,388.528494234743,2245.571415076286,False
S137,sobol,MINUS_L06,L06,9,250.69333368091466,691.4574381373146,False
S137,sobol,MINUS_L03,L03,6,388.528494234743,1596.4588076609696,False
S138,sobol,FULL,NONE,13,363.1961067106319,1854.3000878719663,False
S138,sobol,MINUS_L05,L05,12,363.1961067106319,1711.783895889512,False
S138,sobol,MINUS_L07,L07,12,363.1961067106319,1854.3000878719663,False
S138,sobol,MINUS_L06,L06,9,170.9700516784007,401.51567789380516,False
S138,sobol,MINUS_L03,L03,6,363.1961067106319,1595.3006019606155,False
S139,sobol,FULL,NONE,13,278.8317536354097,1481.4789508276087,False
S139,sobol,MINUS_L05,L05,12,278.8317536354097,1439.2882459878047,False
S139,sobol,MINUS_L07,L07,12,278.8317536354097,1481.4789508276087,False
S139,sobol,MINUS_L06,L06,9,170.9700516784007,366.15193720877306,False
S139,sobol,MINUS_L03,L03,6,278.8317536354097,1157.5177184586398,False
S140,sobol,FULL,NONE,13,493.0975738189164,2263.3367681101963,False
S140,sobol,MINUS_L05,L05,12,493.0975738189164,2203.2824710978152,False
S140,sobol,MINUS_L07,L07,12,493.0975738189164,2263.3367681101963,False
S140,sobol,MINUS_L06,L06,9,161.1644979451537,290.9464728345322,False
S140,sobol,MINUS_L03,L03,6,493.0975738189164,2032.444592288045,False
S141,sobol,FULL,NONE,13,371.38721977283296,2072.290496276032,False
S141,sobol,MINUS_L05,L05,12,371.38721977283296,2023.2775884333375,False
S141,sobol,MINUS_L07,L07,12,371.38721977283296,2072.290496276032,False
S141,sobol,MINUS_L06,L06,9,210.03272187510933,586.7416171847001,False
S141,sobol,MINUS_L03,L03,6,371.38721977283296,1534.5617869340263,False
S142,sobol,FULL,NONE,13,633.3009224754911,3153.449783270338,False
S142,sobol,MINUS_L05,L05,12,633.3009224754911,2615.8092474593095,False
S142,sobol,MINUS_L07,L07,12,633.3009224754911,3153.449783270338,False
S142,sobol,MINUS_L06,L06,9,537.6405358110285,620.2461246970815,False
S142,sobol,MINUS_L03,L03,6,633.3009224754911,3070.844194384285,False
S143,sobol,FULL,NONE,13,437.78905723503823,2979.7244747192008,False
S143,sobol,MINUS_L05,L05,12,437.78905723503823,2775.172814801647,False
S143,sobol,MINUS_L07,L07,12,437.78905723503823,2979.7244747192008,False
S143,sobol,MINUS_L06,L06,9,363.3368267029499,1228.5682661900478,False
S143,sobol,MINUS_L03,L03,6,437.78905723503823,1955.707868446707,False
S144,sobol,FULL,NONE,13,289.5630755974273,1304.9768861797008,False
S144,sobol,MINUS_L05,L05,12,289.5630755974273,1262.7861813398968,False
S144,sobol,MINUS_L07,L07,12,289.5630755974273,1304.9768861797008,False
S144,sobol,MINUS_L06,L06,9,66.6038559337737,146.72458378999187,False
S144,sobol,MINUS_L03,L03,6,289.5630755974273,1200.4430072295131,False
S145,sobol,FULL,NONE,13,450.2621187713781,2600.8691843618267,False
S145,sobol,MINUS_L05,L05,12,450.2621187713781,2552.3676831588073,False
S145,sobol,MINUS_L07,L07,12,450.2621187713781,2600.8691843618267,False
S145,sobol,MINUS_L06,L06,9,276.3940433842175,799.8207092763145,False
S145,sobol,MINUS_L03,L03,6,450.2621187713781,1849.5499762885318,False
S146,sobol,FULL,NONE,13,385.1675113519322,1883.2150496127254,False
S146,sobol,MINUS_L05,L05,12,385.1675113519322,1778.673373410911,False
S146,sobol,MINUS_L07,L07,12,385.1675113519322,1883.2150496127254,False
S146,sobol,MINUS_L06,L06,9,165.8612706421861,342.5450226693126,False
S146,sobol,MINUS_L03,L03,6,385.1675113519322,1645.2117031452276,False
S147,sobol,FULL,NONE,13,534.3268781442224,3102.7400291355193,False
S147,sobol,MINUS_L05,L05,12,534.3268781442224,2757.1401082014986,False
S147,sobol,MINUS_L07,L07,12,534.3268781442224,3102.7400291355193,False
S147,sobol,MINUS_L06,L06,9,345.5999209340206,965.4325418284845,False
S147,sobol,MINUS_L03,L03,6,534.3268781442224,2482.9074082410552,False
S148,sobol,FULL,NONE,13,493.8351200063245,2293.7349400452053,False
S148,sobol,MINUS_L05,L05,12,493.8351200063245,2227.342902240199,False
S148,sobol,MINUS_L07,L07,12,493.8351200063245,2293.7349400452053,False
S148,sobol,MINUS_L06,L06,9,170.9700516784007,318.3944600199079,False
S148,sobol,MINUS_L03,L03,6,493.8351200063245,2041.732517830304,False
S149,sobol,FULL,NONE,13,517.265523753986,2621.756799711504,False
S149,sobol,MINUS_L05,L05,12,517.265523753986,2376.165156790192,False
S149,sobol,MINUS_L07,L07,12,517.265523753986,2621.756799711504,False
S149,sobol,MINUS_L06,L06,9,245.59164292131135,552.6947297814584,False
S149,sobol,MINUS_L03,L03,6,517.265523753986,2314.653712851357,False
S150,sobol,FULL,NONE,13,354.1383397570026,1595.2416786563515,False
S150,sobol,MINUS_L05,L05,12,354.1383397570026,1552.5265497348325,False
S150,sobol,MINUS_L07,L07,12,354.1383397570026,1595.2416786563515,False
S150,sobol,MINUS_L06,L06,9,84.87327484532625,178.68831996531202,False
S150,sobol,MINUS_L03,L03,6,354.1383397570026,1459.2684876125584,False
S151,sobol,FULL,NONE,13,419.02427675699613,2551.731008258648,False
S151,sobol,MINUS_L05,L05,12,419.02427675699613,2404.0098217059854,False
S151,sobol,MINUS_L07,L07,12,419.02427675699613,2551.731008258648,False
S151,sobol,MINUS_L06,L06,9,276.8519763627949,875.633920932747,False
S151,sobol,MINUS_L03,L03,6,419.02427675699613,1823.8182738785638,False
S152,sobol,FULL,NONE,13,708.9144229052472,3604.380656706066,False
S152,sobol,MINUS_L05,L05,12,669.2830422096503,2895.466233800819,False
S152,sobol,MINUS_L07,L07,12,708.9144229052472,3604.380656706066,False
S152,sobol,MINUS_L06,L06,9,708.9144229052472,927.2485547085831,False
S152,sobol,MINUS_L03,L03,6,708.9144229052472,3386.04652490273,False
S153,sobol,FULL,NONE,13,167.8116663139952,1013.0111412187359,False
S153,sobol,MINUS_L05,L05,12,167.8116663139952,970.8204363789318,False
S153,sobol,MINUS_L07,L07,12,167.8116663139952,1013.0111412187359,False
S153,sobol,MINUS_L06,L06,9,167.8116663139952,451.78437991956963,False
S153,sobol,MINUS_L03,L03,6,140.3066903247916,603.4174661389706,False
S154,sobol,FULL,NONE,13,337.6111055332907,1475.94143982925,False
S154,sobol,MINUS_L05,L05,12,337.6111055332907,1433.7507349894456,False
S154,sobol,MINUS_L07,L07,12,337.6111055332907,1475.94143982925,False
S154,sobol,MINUS_L06,L06,9,66.6038559337737,125.49701769608734,False
S154,sobol,MINUS_L03,L03,6,337.6111055332907,1392.6351269729666,False
S155,sobol,FULL,NONE,13,734.008636732406,4231.122117562144,False
S155,sobol,MINUS_L05,L05,12,734.008636732406,3830.1762352343417,False
S155,sobol,MINUS_L07,L07,12,734.008636732406,4231.122117562144,False
S155,sobol,MINUS_L06,L06,9,400.94588232780205,1295.0876186642586,False
S155,sobol,MINUS_L03,L03,6,734.008636732406,3336.9803812256873,False
S156,sobol,FULL,NONE,13,769.3478812450231,3891.9036166700353,False
S156,sobol,MINUS_L05,L05,12,769.3478812450231,3272.9787113874563,False
S156,sobol,MINUS_L07,L07,12,769.3478812450231,3891.9036166700353,False
S156,sobol,MINUS_L06,L06,9,618.9249052825788,814.5120916899448,False
S156,sobol,MINUS_L03,L03,6,769.3478812450231,3696.316430262669,False
S157,sobol,FULL,NONE,13,320.3396062037454,1665.9668801126982,False
S157,sobol,MINUS_L05,L05,12,320.3396062037454,1623.776175272894,False
S157,sobol,MINUS_L07,L07,12,320.3396062037454,1665.9668801126982,False
S157,sobol,MINUS_L06,L06,9,320.3396062037454,904.808482590241,False
S157,sobol,MINUS_L03,L03,6,190.2895993845333,803.3491023622613,False
S158,sobol,FULL,NONE,13,193.87582290430245,984.8971943170243,False
S158,sobol,MINUS_L05,L05,12,193.87582290430245,942.7064894772202,False
S158,sobol,MINUS_L07,L07,12,193.87582290430245,984.8971943170243,False
S158,sobol,MINUS_L06,L06,9,120.83726191214153,209.39390269981456,False
S158,sobol,MINUS_L03,L03,6,193.87582290430245,817.6939964570139,False
S159,sobol,FULL,NONE,13,615.8972386208686,2926.5802810600762,False
S159,sobol,MINUS_L05,L05,12,615.8972386208686,2812.086440452689,False
S159,sobol,MINUS_L07,L07,12,615.8972386208686,2926.5802810600762,False
S159,sobol,MINUS_L06,L06,9,170.9700516784007,462.9913265766022,False
S159,sobol,MINUS_L03,L03,6,615.8972386208686,2578.0827950908606,False
S160,sobol,FULL,NONE,13,516.187545795023,2346.0311571582442,False
S160,sobol,MINUS_L05,L05,12,516.187545795023,2234.7163901641916,False
S160,sobol,MINUS_L07,L07,12,516.187545795023,2346.0311571582442,False
S160,sobol,MINUS_L06,L06,9,111.31476699405292,281.28100016233253,False
S160,sobol,MINUS_L03,L03,6,516.187545795023,2176.064923989965,False
S161,sobol,FULL,NONE,13,651.4820405543978,3405.65459155581,False
S161,sobol,MINUS_L05,L05,12,651.4820405543978,3153.166723007136,False
S161,sobol,MINUS_L07,L07,12,651.4820405543978,3405.65459155581,False
S161,sobol,MINUS_L06,L06,9,252.48786854867384,799.7264633834097,False
S161,sobol,MINUS_L03,L03,6,651.4820405543978,2858.415996721074,False
S162,sobol,FULL,NONE,13,390.8910479044518,1916.085472772273,False
S162,sobol,MINUS_L05,L05,12,390.8910479044518,1864.893256272389,False
S162,sobol,MINUS_L07,L07,12,390.8910479044518,1916.085472772273,False
S162,sobol,MINUS_L06,L06,9,170.9700516784007,352.52128160046533,False
S162,sobol,MINUS_L03,L03,6,390.8910479044518,1614.7564076716917,False
S163,sobol,FULL,NONE,13,469.7224598628691,2631.595244045975,False
S163,sobol,MINUS_L05,L05,12,469.7224598628691,2279.0602958678764,False
S163,sobol,MINUS_L07,L07,12,469.7224598628691,2631.595244045975,False
S163,sobol,MINUS_L06,L06,9,352.5349481780985,752.7054491881295,False
S163,sobol,MINUS_L03,L03,6,469.7224598628691,2231.424743035944,False
S164,sobol,FULL,NONE,13,261.6098003687108,1290.4650890304154,False
S164,sobol,MINUS_L05,L05,12,261.6098003687108,1248.2743841906113,False
S164,sobol,MINUS_L07,L07,12,261.6098003687108,1290.4650890304154,False
S164,sobol,MINUS_L06,L06,9,135.22947233743056,244.02588755557215,False
S164,sobol,MINUS_L03,L03,6,261.6098003687108,1088.6299063146473,False
S165,sobol,FULL,NONE,13,338.78517684528566,1823.7200026270073,False
S165,sobol,MINUS_L05,L05,12,338.78517684528566,1781.5292977872032,False
S165,sobol,MINUS_L07,L07,12,338.78517684528566,1823.7200026270073,False
S165,sobol,MINUS_L06,L06,9,170.9700516784007,468.579295245865,False
S165,sobol,MINUS_L03,L03,6,338.78517684528566,1397.3314122209465,False
S166,sobol,FULL,NONE,13,342.1319589763514,1483.3994336098456,False
S166,sobol,MINUS_L05,L05,12,342.1319589763514,1437.406063803611,False
S166,sobol,MINUS_L07,L07,12,342.1319589763514,1483.3994336098456,False
S166,sobol,MINUS_L06,L06,9,45.99336980623452,114.87160828940225,False
S166,sobol,MINUS_L03,L03,6,342.1319589763514,1414.5211951266779,False
S167,sobol,FULL,NONE,13,474.0768307808257,2960.834222885309,False
S167,sobol,MINUS_L05,L05,12,474.0768307808257,2852.229198317541,False
S167,sobol,MINUS_L07,L07,12,474.0768307808257,2960.834222885309,False
S167,sobol,MINUS_L06,L06,9,348.6345561214757,1064.5269229787561,False
S167,sobol,MINUS_L03,L03,6,474.0768307808257,2004.9123244743205,False
S168,sobol,FULL,NONE,13,1174.8725433531727,4626.448434321924,False
S168,sobol,MINUS_L05,L05,12,796.4995203115755,3451.575890968751,False
S168,sobol,MINUS_L07,L07,12,1174.8725433531727,4626.448434321924,False
S168,sobol,MINUS_L06,L06,9,1174.8725433531727,1440.4594013467454,False
S168,sobol,MINUS_L03,L03,6,1174.8725433531727,4360.8615763283515,False
S169,sobol,FULL,NONE,13,253.976228988203,1363.0484501442456,False
S169,sobol,MINUS_L05,L05,12,253.976228988203,1320.8577453044416,False
S169,sobol,MINUS_L07,L07,12,253.976228988203,1363.0484501442456,False
S169,sobol,MINUS_L06,L06,9,158.90970272484057,347.1435341997415,False
S169,sobol,MINUS_L03,L03,6,253.976228988203,1058.0956207843083,False
S170,sobol,FULL,NONE,13,238.89772133328896,1137.800663870389,False
S170,sobol,MINUS_L05,L05,12,238.89772133328896,1095.6099590305848,False
S170,sobol,MINUS_L07,L07,12,238.89772133328896,1137.800663870389,False
S170,sobol,MINUS_L06,L06,9,73.41521776365519,182.20977853723303,False
S170,sobol,MINUS_L03,L03,6,238.89772133328896,997.78159017296,False
S171,sobol,FULL,NONE,13,669.8425244662783,3543.254681014735,False
S171,sobol,MINUS_L05,L05,12,669.8425244662783,3326.536429736518,False
S171,sobol,MINUS_L07,L07,12,669.8425244662783,3543.254681014735,False
S171,sobol,MINUS_L06,L06,9,249.6636542511638,863.884583149622,False
S171,sobol,MINUS_L03,L03,6,669.8425244662783,2896.0883491433297,False
S172,sobol,FULL,NONE,13,658.317413195457,3108.5081952883747,False
S172,sobol,MINUS_L05,L05,12,658.317413195457,2764.6521762887596,False
S172,sobol,MINUS_L07,L07,12,658.317413195457,3108.5081952883747,False
S172,sobol,MINUS_L06,L06,9,343.85601899961506,475.2385756163198,False
S172,sobol,MINUS_L03,L03,6,658.317413195457,2977.12563867167,False
S173,sobol,FULL,NONE,13,354.7876765188418,1519.8282610849872,False
S173,sobol,MINUS_L05,L05,12,354.7876765188418,1477.637556245183,False
S173,sobol,MINUS_L07,L07,12,354.7876765188418,1519.8282610849872,False
S173,sobol,MINUS_L06,L06,9,354.7876765188418,1070.6650959262606,False
S173,sobol,MINUS_L03,L03,6,112.29079129242311,491.35386999853085,False
S174,sobol,FULL,NONE,13,260.6703384002677,1241.0413113087875,False
S174,sobol,MINUS_L05,L05,12,260.6703384002677,1198.8506064689834,False
S174,sobol,MINUS_L07,L07,12,260.6703384002677,1241.0413113087875,False
S174,sobol,MINUS_L06,L06,9,123.27975448120398,198.35995770771672,False
S174,sobol,MINUS_L03,L03,6,260.6703384002677,1084.872058440875,False
S175,sobol,FULL,NONE,13,685.8210699943654,3447.660038488688,False
S175,sobol,MINUS_L05,L05,12,685.8210699943654,3255.0405771904752,False
S175,sobol,MINUS_L07,L07,12,685.8210699943654,3447.660038488688,False
S175,sobol,MINUS_L06,L06,9,199.70596239673287,704.3757585112272,False
S175,sobol,MINUS_L03,L03,6,685.8210699943654,2935.903741275673,False
S176,sobol,FULL,NONE,13,167.7431068427461,855.4693652948387,False
S176,sobol,MINUS_L05,L05,12,167.7431068427461,813.2786604550346,False
S176,sobol,MINUS_L07,L07,12,167.7431068427461,855.4693652948387,False
S176,sobol,MINUS_L06,L06,9,167.7431068427461,283.5907789715697,False
S176,sobol,MINUS_L03,L03,6,142.96964665790185,614.0692911630732,False
S177,sobol,FULL,NONE,13,731.2739954723136,3920.5167192432127,False
S177,sobol,MINUS_L05,L05,12,731.2739954723136,3395.047264129223,False
S177,sobol,MINUS_L07,L07,12,731.2739954723136,3920.5167192432127,False
S177,sobol,MINUS_L06,L06,9,525.4694551139896,995.4207780921804,False
S177,sobol,MINUS_L03,L03,6,731.2739954723136,3450.565396265022,False
S178,sobol,FULL,NONE,13,708.3765559466462,3325.1773715430954,False
S178,sobol,MINUS_L05,L05,12,708.3765559466462,2946.107359879981,False
S178,sobol,MINUS_L07,L07,12,708.3765559466462,3325.1773715430954,False
S178,sobol,MINUS_L06,L06,9,379.07001166311466,491.6711862685796,False
S178,sobol,MINUS_L03,L03,6,708.3765559466462,3212.5761969376304,False
S179,sobol,FULL,NONE,13,355.3539870107015,2317.6558578731106,False
S179,sobol,MINUS_L05,L05,12,355.3539870107015,2275.4651530333067,False
S179,sobol,MINUS_L07,L07,12,355.3539870107015,2317.6558578731106,False
S179,sobol,MINUS_L06,L06,9,355.3539870107015,1032.903965480215,False
S179,sobol,MINUS_L03,L03,6,321.18797309822463,1326.9425972326999,False
S180,sobol,FULL,NONE,13,183.84034951649147,928.6942423499394,False
S180,sobol,MINUS_L05,L05,12,183.84034951649147,886.5035375101352,False
S180,sobol,MINUS_L07,L07,12,183.84034951649147,928.6942423499394,False
S180,sobol,MINUS_L06,L06,9,84.53828351949728,193.33284429307514,False
S180,sobol,MINUS_L03,L03,6,183.84034951649147,777.5521028966684,False
S181,sobol,FULL,NONE,13,813.4901807538786,4621.734800298497,False
S181,sobol,MINUS_L05,L05,12,776.9076096694668,3808.2446195446187,False
S181,sobol,MINUS_L07,L07,12,813.4901807538786,4621.734800298497,False
S181,sobol,MINUS_L06,L06,9,813.4901807538786,1514.1043616206302,False
S181,sobol,MINUS_L03,L03,6,813.4901807538786,3921.1206194317456,False
S182,sobol,FULL,NONE,13,602.3599585954541,2793.275078877994,False
S182,sobol,MINUS_L05,L05,12,602.3599585954541,2642.4475023684327,False
S182,sobol,MINUS_L07,L07,12,602.3599585954541,2793.275078877994,False
S182,sobol,MINUS_L06,L06,9,159.60092447188086,383.83524449617806,False
S182,sobol,MINUS_L03,L03,6,602.3599585954541,2560.267410891378,False
S183,sobol,FULL,NONE,13,184.27313823404302,1097.3799763126042,False
S183,sobol,MINUS_L05,L05,12,184.27313823404302,1055.1892714728,False
S183,sobol,MINUS_L07,L07,12,184.27313823404302,1097.3799763126042,False
S183,sobol,MINUS_L06,L06,9,170.9700516784007,360.28742337643206,False
S183,sobol,MINUS_L03,L03,6,184.27313823404302,779.2832577759763,False
S184,sobol,FULL,NONE,13,453.5298447498885,1961.1515656788483,False
S184,sobol,MINUS_L05,L05,12,453.5298447498885,1904.5987618240547,False
S184,sobol,MINUS_L07,L07,12,453.5298447498885,1961.1515656788483,False
S184,sobol,MINUS_L06,L06,9,66.6038559337737,147.03218667929573,False
S184,sobol,MINUS_L03,L03,6,453.5298447498885,1870.6721828543461,False
S185,sobol,FULL,NONE,13,299.21797078955706,1928.5429194883004,False
S185,sobol,MINUS_L05,L05,12,299.21797078955706,1886.3522146484963,False
S185,sobol,MINUS_L07,L07,12,299.21797078955706,1928.5429194883004,False
S185,sobol,MINUS_L06,L06,9,299.21797078955706,847.5718413529894,False
S185,sobol,MINUS_L03,L03,6,270.24276953382787,1123.161782975115,False
S186,sobol,FULL,NONE,13,576.6831519153295,2721.290565994038,False
S186,sobol,MINUS_L05,L05,12,576.6831519153295,2519.2945949001814,False
S186,sobol,MINUS_L07,L07,12,576.6831519153295,2721.290565994038,False
S186,sobol,MINUS_L06,L06,9,201.99597109385635,414.5579866986718,False
S186,sobol,MINUS_L03,L03,6,576.6831519153295,2508.7285503892226,False
S187,sobol,FULL,NONE,13,313.83426405752596,1826.08843715246,False
S187,sobol,MINUS_L05,L05,12,313.83426405752596,1715.4974817789785,False
S187,sobol,MINUS_L07,L07,12,313.83426405752596,1826.08843715246,False
S187,sobol,MINUS_L06,L06,9,177.94720402288698,570.7513956307339,False
S187,sobol,MINUS_L03,L03,6,313.83426405752596,1365.9279968952078,False
S188,sobol,FULL,NONE,13,597.3275466468351,2803.9645847307647,False
S188,sobol,MINUS_L05,L05,12,597.3275466468351,2669.339011965046,False
S188,sobol,MINUS_L07,L07,12,597.3275466468351,2803.9645847307647,False
S188,sobol,MINUS_L06,L06,9,170.9700516784007,414.65439814342517,False
S188,sobol,MINUS_L03,L03,6,597.3275466468351,2523.935759353058,False
S189,sobol,FULL,NONE,13,459.57187045476564,2300.418751790775,False
S189,sobol,MINUS_L05,L05,12,459.57187045476564,2201.3344724645895,False
S189,sobol,MINUS_L07,L07,12,459.57187045476564,2300.418751790775,False
S189,sobol,MINUS_L06,L06,9,170.9700516784007,462.13129238409846,False
S189,sobol,MINUS_L03,L03,6,459.57187045476564,1937.371738732862,False
S190,sobol,FULL,NONE,13,383.20091647028096,1942.5945255939027,False
S190,sobol,MINUS_L05,L05,12,383.20091647028096,1646.0296906179412,False
S190,sobol,MINUS_L07,L07,12,383.20091647028096,1942.5945255939027,False
S190,sobol,MINUS_L06,L06,9,296.5648349759614,409.7908954553761,False
S190,sobol,MINUS_L03,L03,6,383.20091647028096,1829.3684651144881,False
S191,sobol,FULL,NONE,13,399.18983980423906,2483.807334527146,False
S191,sobol,MINUS_L05,L05,12,399.18983980423906,2435.6969661639787,False
S191,sobol,MINUS_L07,L07,12,399.18983980423906,2483.807334527146,False
S191,sobol,MINUS_L06,L06,9,313.5516352979209,887.0479753101897,False
S191,sobol,MINUS_L03,L03,6,399.18983980423906,1644.869727580123,False
S192,sobol,FULL,NONE,13,594.8208340886815,2687.116158657809,False
S192,sobol,MINUS_L05,L05,12,594.8208340886815,2482.297358054027,False
S192,sobol,MINUS_L07,L07,12,594.8208340886815,2687.116158657809,False
S192,sobol,MINUS_L06,L06,9,204.8188006037823,307.8328527902532,False
S192,sobol,MINUS_L03,L03,6,594.8208340886815,2584.1021064713386,False
S193,sobol,FULL,NONE,13,511.8307186632281,2850.2460009152974,False
S193,sobol,MINUS_L05,L05,12,511.8307186632281,2749.5195046328495,False
S193,sobol,MINUS_L07,L07,12,511.8307186632281,2850.2460009152974,False
S193,sobol,MINUS_L06,L06,9,260.63660248629304,802.9237485563032,False
S193,sobol,MINUS_L03,L03,6,511.8307186632281,2148.048748641442,False
S194,sobol,FULL,NONE,13,451.34451610669373,2258.277844239278,False
S194,sobol,MINUS_L05,L05,12,451.34451610669373,2003.9567501102351,False
S194,sobol,MINUS_L07,L07,12,451.34451610669373,2258.277844239278,False
S194,sobol,MINUS_L06,L06,9,254.32109412904248,452.89980076637903,False
S194,sobol,MINUS_L03,L03,6,451.34451610669373,2059.699137601941,False
S195,sobol,FULL,NONE,13,399.24742629361606,2063.044758183589,False
S195,sobol,MINUS_L05,L05,12,399.24742629361606,2012.173377207243,False
S195,sobol,MINUS_L07,L07,12,399.24742629361606,2063.044758183589,False
S195,sobol,MINUS_L06,L06,9,170.9700516784007,466.05505300912586,False
S195,sobol,MINUS_L03,L03,6,399.24742629361606,1647.8610861508084,False
S196,sobol,FULL,NONE,13,451.15863092711254,2155.058755963602,False
S196,sobol,MINUS_L05,L05,12,451.15863092711254,2101.2275221440136,False
S196,sobol,MINUS_L07,L07,12,451.15863092711254,2155.058755963602,False
S196,sobol,MINUS_L06,L06,9,170.9700516784007,350.4242322551521,False
S196,sobol,MINUS_L03,L03,6,451.15863092711254,1858.465757528038,False
S197,sobol,FULL,NONE,13,264.83125992831737,1492.0425167235012,False
S197,sobol,MINUS_L05,L05,12,264.83125992831737,1449.851811883697,False
S197,sobol,MINUS_L07,L07,12,264.83125992831737,1492.0425167235012,False
S197,sobol,MINUS_L06,L06,9,170.9700516784007,432.717477010232,False
S197,sobol,MINUS_L03,L03,6,264.83125992831737,1101.5157445530733,False
S198,sobol,FULL,NONE,13,504.3926310447064,2369.4187844345256,False
S198,sobol,MINUS_L05,L05,12,504.3926310447064,2156.031281224346,False
S198,sobol,MINUS_L07,L07,12,504.3926310447064,2369.4187844345256,False
S198,sobol,MINUS_L06,L06,9,213.38750321017972,351.8482842223122,False
S198,sobol,MINUS_L03,L03,6,504.3926310447064,2230.958003422393,False
S199,sobol,FULL,NONE,13,327.07088996238843,2130.357782530406,False
S199,sobol,MINUS_L05,L05,12,327.07088996238843,2087.214818888509,False
S199,sobol,MINUS_L07,L07,12,327.07088996238843,2130.357782530406,False
S199,sobol,MINUS_L06,L06,9,293.9445952407499,822.074238545053,False
S199,sobol,MINUS_L03,L03,6,327.07088996238843,1351.4265076272504,False
S200,sobol,FULL,NONE,13,290.1200943392603,1429.499310233229,False
S200,sobol,MINUS_L05,L05,12,290.1200943392603,1387.3086053934248,False
S200,sobol,MINUS_L07,L07,12,290.1200943392603,1429.499310233229,False
S200,sobol,MINUS_L06,L06,9,158.1241568881893,269.0189328761878,False
S200,sobol,MINUS_L03,L03,6,290.1200943392603,1202.6710821968452,False
S201,sobol,FULL,NONE,13,1144.311564293708,4817.523059936772,False
S201,sobol,MINUS_L05,L05,12,794.6368530137389,3673.2114956430646,False
S201,sobol,MINUS_L07,L07,12,1144.311564293708,4817.523059936772,False
S201,sobol,MINUS_L06,L06,9,1144.311564293708,1638.9756987781207,False
S201,sobol,MINUS_L03,L03,6,1144.311564293708,4322.8589254523595,False
S202,sobol,FULL,NONE,13,689.4925927836614,3225.4331773076474,False
S202,sobol,MINUS_L05,L05,12,689.4925927836614,2885.7450904460084,False
S202,sobol,MINUS_L07,L07,12,689.4925927836614,3225.4331773076474,False
S202,sobol,MINUS_L06,L06,9,339.688086861639,467.46284358876716,False
S202,sobol,MINUS_L03,L03,6,689.4925927836614,3097.6584205805193,False
S203,sobol,FULL,NONE,13,364.98356825327414,2084.909617603874,False
S203,sobol,MINUS_L05,L05,12,364.98356825327414,2042.7189127640697,False
S203,sobol,MINUS_L07,L07,12,364.98356825327414,2084.909617603874,False
S203,sobol,MINUS_L06,L06,9,364.98356825327414,1077.7465669888645,False
S203,sobol,MINUS_L03,L03,6,251.79076265375232,1049.3537554548134,False
S204,sobol,FULL,NONE,13,103.00088594208044,590.0743870803387,False
S204,sobol,MINUS_L05,L05,12,103.00088594208044,547.8836822405347,False
S204,sobol,MINUS_L07,L07,12,103.00088594208044,590.0743870803387,False
S204,sobol,MINUS_L06,L06,9,69.27628254137612,178.07084331495398,False
S204,sobol,MINUS_L03,L03,6,103.00088594208044,454.19424860518893,False
S205,sobol,FULL,NONE,13,661.304846386717,3572.0118889237247,False
S205,sobol,MINUS_L05,L05,12,661.304846386717,3275.5506778618837,False
S205,sobol,MINUS_L07,L07,12,661.304846386717,3572.0118889237247,False
S205,sobol,MINUS_L06,L06,9,296.46121106184097,926.7925375963455,False
S205,sobol,MINUS_L03,L03,6,661.304846386717,2941.68056238922,False
S206,sobol,FULL,NONE,13,650.9128692252239,2995.8340454209465,False
S206,sobol,MINUS_L05,L05,12,650.9128692252239,2806.9913885191345,False
S206,sobol,MINUS_L07,L07,12,650.9128692252239,2995.8340454209465,False
S206,sobol,MINUS_L06,L06,9,188.84265690181212,392.18543955228984,False
S206,sobol,MINUS_L03,L03,6,650.9128692252239,2792.491262770469,False
S207,sobol,FULL,NONE,13,245.86055896119663,1364.7577513093522,False
S207,sobol,MINUS_L05,L05,12,245.86055896119663,1322.5670464695481,False
S207,sobol,MINUS_L07,L07,12,245.86055896119663,1364.7577513093522,False
S207,sobol,MINUS_L06,L06,9,170.9700516784007,381.31551546456575,False
S207,sobol,MINUS_L03,L03,6,245.86055896119663,1025.6329406845907,False
S208,sobol,FULL,NONE,13,713.5482301375147,3469.8929520201505,False
S208,sobol,MINUS_L05,L05,12,713.5482301375147,3107.6865223996706,False
S208,sobol,MINUS_L07,L07,12,713.5482301375147,3469.8929520201505,False
S208,sobol,MINUS_L06,L06,9,362.20642962048,615.7000715190651,False
S208,sobol,MINUS_L03,L03,6,713.5482301375147,3216.3993101215656,False
S209,sobol,FULL,NONE,13,134.62384659793173,752.2144907630941,False
S209,sobol,MINUS_L05,L05,12,134.62384659793173,712.7313431513368,False
S209,sobol,MINUS_L07,L07,12,134.62384659793173,752.2144907630941,False
S209,sobol,MINUS_L06,L06,9,134.62384659793173,269.3534771585331,False
S209,sobol,MINUS_L03,L03,6,120.71525340134681,522.3441612163183,False
S210,sobol,FULL,NONE,13,286.9091732340956,1340.9290420813466,False
S210,sobol,MINUS_L05,L05,12,286.9091732340956,1298.7383372415425,False
S210,sobol,MINUS_L07,L07,12,286.9091732340956,1340.9290420813466,False
S210,sobol,MINUS_L06,L06,9,86.95144680257441,193.29234914496433,False
S210,sobol,MINUS_L03,L03,6,286.9091732340956,1189.8273977761864,False
S211,sobol,FULL,NONE,13,688.6695304858766,3828.478345541926,False
S211,sobol,MINUS_L05,L05,12,688.6695304858766,3469.858258426233,False
S211,sobol,MINUS_L07,L07,12,688.6695304858766,3828.478345541926,False
S211,sobol,MINUS_L06,L06,9,358.6200871156932,1073.8002599870651,False
S211,sobol,MINUS_L03,L03,6,688.6695304858766,3113.2981726705543,False
S212,sobol,FULL,NONE,13,780.2234310375317,3279.952362045732,False
S212,sobol,MINUS_L05,L05,12,780.2234310375317,3237.7616572059283,False
S212,sobol,MINUS_L07,L07,12,780.2234310375317,3279.952362045732,False
S212,sobol,MINUS_L06,L06,9,66.6038559337737,159.05868088110628,False
S212,sobol,MINUS_L03,L03,6,780.2234310375317,3163.08438600443,False
S213,sobol,FULL,NONE,13,353.73177724986346,1986.5735473185853,False
S213,sobol,MINUS_L05,L05,12,353.73177724986346,1944.3828424787812,False
S213,sobol,MINUS_L07,L07,12,353.73177724986346,1986.5735473185853,False
S213,sobol,MINUS_L06,L06,9,353.73177724986346,1040.1052819789245,False
S213,sobol,MINUS_L03,L03,6,236.6170663349152,988.658970179465,False
S214,sobol,FULL,NONE,13,192.81711303737774,1015.8929257595915,False
S214,sobol,MINUS_L05,L05,12,192.81711303737774,983.4809518578794,False
S214,sobol,MINUS_L07,L07,12,192.81711303737774,1015.8929257595915,False
S214,sobol,MINUS_L06,L06,9,153.14741553800292,244.6244736100806,False
S214,sobol,MINUS_L03,L03,6,192.81711303737774,803.6804260512231,False
S215,sobol,FULL,NONE,13,608.3467990835406,3165.8707684470887,False
S215,sobol,MINUS_L05,L05,12,608.3467990835406,3003.595039172217,False
S215,sobol,MINUS_L07,L07,12,608.3467990835406,3165.8707684470887,False
S215,sobol,MINUS_L06,L06,9,222.42418625466678,732.4836031392928,False
S215,sobol,MINUS_L03,L03,6,608.3467990835406,2595.662894582668,False
S216,sobol,FULL,NONE,13,372.93269093037196,1719.335101769083,False
S216,sobol,MINUS_L05,L05,12,372.93269093037196,1675.0872037208426,False
S216,sobol,MINUS_L07,L07,12,372.93269093037196,1719.335101769083,False
S216,sobol,MINUS_L06,L06,9,116.75258406558213,227.60433804759637,False
S216,sobol,MINUS_L03,L03,6,372.93269093037196,1535.9786617697273,False
S217,sobol,FULL,NONE,13,459.9836346480721,2605.728949174619,False
S217,sobol,MINUS_L05,L05,12,459.9836346480721,2549.5750646889846,False
S217,sobol,MINUS_L07,L07,12,459.9836346480721,2605.728949174619,False
S217,sobol,MINUS_L06,L06,9,271.06936115956165,765.7944105823314,False
S217,sobol,MINUS_L03,L03,6,459.9836346480721,1896.088423077922,False
S218,sobol,FULL,NONE,13,396.015095245069,2019.8226071490665,False
S218,sobol,MINUS_L05,L05,12,396.015095245069,1867.6669411789194,False
S218,sobol,MINUS_L07,L07,12,396.015095245069,2019.8226071490665,False
S218,sobol,MINUS_L06,L06,9,170.9700516784007,435.76224504578147,False
S218,sobol,MINUS_L03,L03,6,396.015095245069,1736.2160280734322,False
S219,sobol,FULL,NONE,13,556.995761095654,2834.0768302085544,False
S219,sobol,MINUS_L05,L05,12,556.995761095654,2597.6943984082222,False
S219,sobol,MINUS_L07,L07,12,556.995761095654,2834.0768302085544,False
S219,sobol,MINUS_L06,L06,9,236.38243180033206,606.0938130048627,False
S219,sobol,MINUS_L03,L03,6,556.995761095654,2464.365449004024,False
S220,sobol,FULL,NONE,13,415.49233169840613,1933.2720698807718,False
S220,sobol,MINUS_L05,L05,12,415.49233169840613,1878.0835414399899,False
S220,sobol,MINUS_L07,L07,12,415.49233169840613,1933.2720698807718,False
S220,sobol,MINUS_L06,L06,9,149.01414980976438,271.3027430871478,False
S220,sobol,MINUS_L03,L03,6,415.49233169840613,1717.157855234406,False
S221,sobol,FULL,NONE,13,585.7771931473915,2944.7276881642024,False
S221,sobol,MINUS_L05,L05,12,585.7771931473915,2817.598312508837,False
S221,sobol,MINUS_L07,L07,12,585.7771931473915,2944.7276881642024,False
S221,sobol,MINUS_L06,L06,9,184.18165895995546,601.6189155746368,False
S221,sobol,MINUS_L03,L03,6,585.7771931473915,2470.238148244931,False
S222,sobol,FULL,NONE,13,324.87796726108195,1377.4073226393875,False
S222,sobol,MINUS_L05,L05,12,324.87796726108195,1335.2166177995834,False
S222,sobol,MINUS_L07,L07,12,324.87796726108195,1377.4073226393875,False
S222,sobol,MINUS_L06,L06,9,42.19070483980415,77.89545359506239,False
S222,sobol,MINUS_L03,L03,6,324.87796726108195,1341.7025738841294,False
S223,sobol,FULL,NONE,13,411.9910178682385,2809.249555820233,False
S223,sobol,MINUS_L05,L05,12,411.9910178682385,2553.44682592764,False
S223,sobol,MINUS_L07,L07,12,411.9910178682385,2809.249555820233,False
S223,sobol,MINUS_L06,L06,9,334.2144297838396,1161.2855037635043,False
S223,sobol,MINUS_L03,L03,6,411.9910178682385,1903.7667819493224,False
S224,sobol,FULL,NONE,13,764.2251363845477,3891.782355252194,False
S224,sobol,MINUS_L05,L05,12,764.2251363845477,3263.3439473445633,False
S224,sobol,MINUS_L07,L07,12,764.2251363845477,3891.782355252194,False
S224,sobol,MINUS_L06,L06,9,628.4384079076309,834.8818097140035,False
S224,sobol,MINUS_L03,L03,6,764.2251363845477,3685.3389534458215,False
S225,sobol,FULL,NONE,13,156.30387217082108,948.7702935933738,False
S225,sobol,MINUS_L05,L05,12,156.30387217082108,921.2529106097035,False
S225,sobol,MINUS_L07,L07,12,156.30387217082108,948.7702935933738,False
S225,sobol,MINUS_L06,L06,9,128.08064329921947,323.5548052852144,False
S225,sobol,MINUS_L03,L03,6,156.30387217082108,652.7328712918298,False
S226,sobol,FULL,NONE,13,167.56776485053692,809.510964077898,False
S226,sobol,MINUS_L05,L05,12,167.56776485053692,767.320259238094,False
S226,sobol,MINUS_L07,L07,12,167.56776485053692,809.510964077898,False
S226,sobol,MINUS_L06,L06,9,66.6038559337737,139.2399046757506,False
S226,sobol,MINUS_L03,L03,6,167.56776485053692,712.4617642419516,False
S227,sobol,FULL,NONE,13,577.0444754214576,3341.39063279042,False
S227,sobol,MINUS_L05,L05,12,577.0444754214576,3247.9775439907216,False
S227,sobol,MINUS_L07,L07,12,577.0444754214576,3341.39063279042,False
S227,sobol,MINUS_L06,L06,9,342.78989998494205,1033.2127311045908,False
S227,sobol,MINUS_L03,L03,6,577.0444754214576,2401.5909904855275,False
S228,sobol,FULL,NONE,13,751.2476499753992,3922.1277875067444,False
S228,sobol,MINUS_L05,L05,12,751.2476499753992,3185.0978041458293,False
S228,sobol,MINUS_L07,L07,12,751.2476499753992,3922.1277875067444,False
S228,sobol,MINUS_L06,L06,9,737.0299833609151,917.137270319646,False
S228,sobol,MINUS_L03,L03,6,751.2476499753992,3742.0205005480134,False
S229,sobol,FULL,NONE,13,304.32198911451417,1606.1009762743515,False
S229,sobol,MINUS_L05,L05,12,304.32198911451417,1563.9102714345474,False
S229,sobol,MINUS_L07,L07,12,304.32198911451417,1606.1009762743515,False
S229,sobol,MINUS_L06,L06,9,304.32198911451417,853.2002605405099,False
S229,sobol,MINUS_L03,L03,6,188.22517893346043,795.0914205736459,False
S230,sobol,FULL,NONE,13,349.5097765713572,1672.3662815435596,False
S230,sobol,MINUS_L05,L05,12,349.5097765713572,1630.1755767037555,False
S230,sobol,MINUS_L07,L07,12,349.5097765713572,1672.3662815435596,False
S230,sobol,MINUS_L06,L06,9,145.37915426302678,274.32717525813143,False
S230,sobol,MINUS_L03,L03,6,349.5097765713572,1440.2298111252323,False
S231,sobol,FULL,NONE,13,733.9215848232838,3758.589663241884,False
S231,sobol,MINUS_L05,L05,12,733.9215848232838,3312.0298422746146,False
S231,sobol,MINUS_L07,L07,12,733.9215848232838,3758.589663241884,False
S231,sobol,MINUS_L06,L06,9,446.55982096726905,822.9033679991467,False
S231,sobol,MINUS_L03,L03,6,733.9215848232838,3382.246116210006,False
S232,sobol,FULL,NONE,13,402.1696944151326,1773.582788192801,False
S232,sobol,MINUS_L05,L05,12,402.1696944151326,1729.8148685143965,False
S232,sobol,MINUS_L07,L07,12,402.1696944151326,1773.582788192801,False
S232,sobol,MINUS_L06,L06,9,66.6038559337737,164.90401053227092,False
S232,sobol,MINUS_L03,L03,6,402.1696944151326,1652.4466973389344,False
S233,sobol,FULL,NONE,13,474.1839430987183,2896.922256870879,False
S233,sobol,MINUS_L05,L05,12,474.1839430987183,2802.5601720545765,False
S233,sobol,MINUS_L07,L07,12,474.1839430987183,2896.922256870879,False
S233,sobol,MINUS_L06,L06,9,320.70427519917973,1000.1865076531283,False
S233,sobol,MINUS_L03,L03,6,474.1839430987183,1991.097834034053,False
S234,sobol,FULL,NONE,13,258.53031340582635,1310.8053669419362,False
S234,sobol,MINUS_L05,L05,12,258.53031340582635,1268.614662102132,False
S234,sobol,MINUS_L07,L07,12,258.53031340582635,1310.8053669419362,False
S234,sobol,MINUS_L06,L06,9,163.63287131908936,276.6841133688897,False
S234,sobol,MINUS_L03,L03,6,258.53031340582635,1076.3119584128506,False
S235,sobol,FULL,NONE,13,323.32316914565877,1903.0217544206846,False
S235,sobol,MINUS_L05,L05,12,323.32316914565877,1846.8877531977887,False
S235,sobol,MINUS_L07,L07,12,323.32316914565877,1903.0217544206846,False
S235,sobol,MINUS_L06,L06,9,216.16494391367348,609.7290931960937,False
S235,sobol,MINUS_L03,L03,6,323.32316914565877,1349.4266624474867,False
S236,sobol,FULL,NONE,13,351.7134969558738,1721.6280989832248,False
S236,sobol,MINUS_L05,L05,12,351.7134969558738,1668.482076618046,False
S236,sobol,MINUS_L07,L07,12,351.7134969558738,1721.6280989832248,False
S236,sobol,MINUS_L06,L06,9,170.9700516784007,314.77412837394786,False
S236,sobol,MINUS_L03,L03,6,351.7134969558738,1459.9999929744556,False
S237,sobol,FULL,NONE,13,569.8077622381393,2686.298737754696,False
S237,sobol,MINUS_L05,L05,12,569.8077622381393,2593.822934261898,False
S237,sobol,MINUS_L07,L07,12,569.8077622381393,2686.298737754696,False
S237,sobol,MINUS_L06,L06,9,165.07432842272513,407.0676888021395,False
S237,sobol,MINUS_L03,L03,6,569.8077622381393,2371.706852445355,False
S238,sobol,FULL,NONE,13,449.6175788756706,2098.126447509491,False
S238,sobol,MINUS_L05,L05,12,449.6175788756706,1885.0281355743036,False
S238,sobol,MINUS_L07,L07,12,449.6175788756706,2098.126447509491,False
S238,sobol,MINUS_L06,L06,9,213.09831193518727,299.65615299169696,False
S238,sobol,MINUS_L03,L03,6,449.6175788756706,2011.5686064529814,False
S239,sobol,FULL,NONE,13,616.4794320510946,3644.872986992981,False
S239,sobol,MINUS_L05,L05,12,616.4794320510946,3131.4594195470117,False
S239,sobol,MINUS_L07,L07,12,616.4794320510946,3644.872986992981,False
S239,sobol,MINUS_L06,L06,9,513.4135674459691,1178.9553176257664,False
S239,sobol,MINUS_L03,L03,6,616.4794320510946,2979.3312368131838,False
S240,sobol,FULL,NONE,13,473.7555948716999,2109.2629791424324,False
S240,sobol,MINUS_L05,L05,12,473.7555948716999,2058.8349273984854,False
S240,sobol,MINUS_L07,L07,12,473.7555948716999,2109.2629791424324,False
S240,sobol,MINUS_L06,L06,9,97.20869197791254,214.24059965563345,False
S240,sobol,MINUS_L03,L03,6,473.7555948716999,1945.4504312307463,False
S241,sobol,FULL,NONE,13,317.69516840607633,1943.1653580257066,False
S241,sobol,MINUS_L05,L05,12,317.69516840607633,1885.3493961367585,False
S241,sobol,MINUS_L07,L07,12,317.69516840607633,1943.1653580257066,False
S241,sobol,MINUS_L06,L06,9,240.55892323364478,672.3846993570257,False
S241,sobol,MINUS_L03,L03,6,317.69516840607633,1328.5966205576292,False
S242,sobol,FULL,NONE,13,539.9871251888674,2775.4204517201,False
S242,sobol,MINUS_L05,L05,12,539.9871251888674,2409.680871119334,False
S242,sobol,MINUS_L07,L07,12,539.9871251888674,2775.4204517201,False
S242,sobol,MINUS_L06,L06,9,365.739580600766,615.4752764157544,False
S242,sobol,MINUS_L03,L03,6,539.9871251888674,2525.6847559051116,False
S243,sobol,FULL,NONE,13,462.0073314434871,2262.125076666536,False
S243,sobol,MINUS_L05,L05,12,462.0073314434871,2150.1974626489496,False
S243,sobol,MINUS_L07,L07,12,462.0073314434871,2262.125076666536,False
S243,sobol,MINUS_L06,L06,9,170.9700516784007,414.0957737020263,False
S243,sobol,MINUS_L03,L03,6,462.0073314434871,1959.9569169820963,False
S244,sobol,FULL,NONE,13,517.2337128525121,2519.785968418731,False
S244,sobol,MINUS_L05,L05,12,517.2337128525121,2312.782151317763,False
S244,sobol,MINUS_L07,L07,12,517.2337128525121,2519.785968418731,False
S244,sobol,MINUS_L06,L06,9,207.00381710096826,450.85114211165023,False
S244,sobol,MINUS_L03,L03,6,517.2337128525121,2275.938643408049,False
S245,sobol,FULL,NONE,13,429.6686810807118,2367.5736175051716,False
S245,sobol,MINUS_L05,L05,12,429.6686810807118,2323.7845720933233,False
S245,sobol,MINUS_L07,L07,12,429.6686810807118,2367.5736175051716,False
S245,sobol,MINUS_L06,L06,9,235.0134058074338,648.8988931823249,False
S245,sobol,MINUS_L03,L03,6,429.6686810807118,1762.4637697346952,False
S246,sobol,FULL,NONE,13,415.0635582257479,1887.760251555213,False
S246,sobol,MINUS_L05,L05,12,415.0635582257479,1760.524557019919,False
S246,sobol,MINUS_L07,L07,12,415.0635582257479,1887.760251555213,False
S246,sobol,MINUS_L06,L06,9,127.2356945352939,227.5060383079774,False
S246,sobol,MINUS_L03,L03,6,415.0635582257479,1787.4899077825294,False
S247,sobol,FULL,NONE,13,355.6827128768779,2023.899823179821,False
S247,sobol,MINUS_L05,L05,12,355.6827128768779,1995.1219874936698,False
S247,sobol,MINUS_L07,L07,12,355.6827128768779,2023.899823179821,False
S247,sobol,MINUS_L06,L06,9,355.6827128768779,1013.8738540568843,False
S247,sobol,MINUS_L03,L03,6,252.50649228344147,1038.8038048090878,False
S248,sobol,FULL,NONE,13,170.9700516784007,821.6470295914171,False
S248,sobol,MINUS_L05,L05,12,170.9700516784007,779.4563247516129,False
S248,sobol,MINUS_L07,L07,12,170.9700516784007,821.6470295914171,False
S248,sobol,MINUS_L06,L06,9,170.9700516784007,319.31241557788917,False
S248,sobol,MINUS_L03,L03,6,125.58365353282143,544.525318853332,False
S249,sobol,FULL,NONE,13,691.8676176898933,3564.295038229434,False
S249,sobol,MINUS_L05,L05,12,691.8676176898933,3074.407149758431,False
S249,sobol,MINUS_L07,L07,12,691.8676176898933,3564.295038229434,False
S249,sobol,MINUS_L06,L06,9,489.88788847100284,796.8246028060404,False
S249,sobol,MINUS_L03,L03,6,691.8676176898933,3257.3583238943966,False
S250,sobol,FULL,NONE,13,728.8781921003506,3497.1633258007187,False
S250,sobol,MINUS_L05,L05,12,728.8781921003506,3107.282453627379,False
S250,sobol,MINUS_L07,L07,12,728.8781921003506,3497.1633258007187,False
S250,sobol,MINUS_L06,L06,9,389.88087217333987,581.6505857817663,False
S250,sobol,MINUS_L03,L03,6,728.8781921003506,3305.393612192292,False
S251,sobol,FULL,NONE,13,316.76375244653303,1994.623709626149,False
S251,sobol,MINUS_L05,L05,12,316.76375244653303,1952.433004786345,False
S251,sobol,MINUS_L07,L07,12,316.76375244653303,1994.623709626149,False
S251,sobol,MINUS_L06,L06,9,316.76375244653303,891.2241603390391,False
S251,sobol,MINUS_L03,L03,6,275.8498873217775,1145.590254126914,False
S252,sobol,FULL,NONE,13,216.78164246614836,990.070176253471,False
S252,sobol,MINUS_L05,L05,12,216.78164246614836,947.8794714136668,False
S252,sobol,MINUS_L07,L07,12,216.78164246614836,990.070176253471,False
S252,sobol,MINUS_L06,L06,9,66.60474667672253,122.94360638916761,False
S252,sobol,MINUS_L03,L03,6,216.78164246614836,909.3172747041075,False
S253,sobol,FULL,NONE,13,933.5704568017469,4958.668267307618,False
S253,sobol,MINUS_L05,L05,12,786.1370877795501,4025.0978105058716,False
S253,sobol,MINUS_L07,L07,12,933.5704568017469,4958.668267307618,False
S253,sobol,MINUS_L06,L06,9,933.5704568017469,1814.1199161894192,False
S253,sobol,MINUS_L03,L03,6,933.5704568017469,4078.1188079199464,False
S254,sobol,FULL,NONE,13,626.2164837974865,2775.602864677078,False
S254,sobol,MINUS_L05,L05,12,626.2164837974865,2648.6339645603284,False
S254,sobol,MINUS_L07,L07,12,626.2164837974865,2775.602864677078,False
S254,sobol,MINUS_L06,L06,9,126.96890011674947,270.736929487133,False
S254,sobol,MINUS_L03,L03,6,626.2164837974865,2631.8348353066945,False
S255,sobol,FULL,NONE,13,208.55759933662304,1381.647823214954,False
S255,sobol,MINUS_L05,L05,12,208.55759933662304,1339.45711837515,False
S255,sobol,MINUS_L07,L07,12,208.55759933662304,1381.647823214954,False
S255,sobol,MINUS_L06,L06,9,197.04985251237818,547.4174258684619,False
S255,sobol,MINUS_L03,L03,6,208.55759933662304,876.4211021862964,False
L0_0_N,local,FULL,NONE,13,102.85469683495539,589.4896306518209,False
L0_0_N,local,MINUS_L05,L05,12,102.85469683495539,547.2989258120168,False
L0_0_N,local,MINUS_L07,L07,12,102.85469683495539,589.4896306518209,False
L0_0_N,local,MINUS_L06,L06,9,69.27628254137612,178.07084331495398,False
L0_0_N,local,MINUS_L03,L03,6,102.85469683495539,453.6094921766711,False
L0_0_P,local,FULL,NONE,13,103.17123517888638,590.7557840275408,False
L0_0_P,local,MINUS_L05,L05,12,103.17123517888638,548.5650791877367,False
L0_0_P,local,MINUS_L07,L07,12,103.17123517888638,590.7557840275408,False
L0_0_P,local,MINUS_L06,L06,9,69.27628254137612,178.07084331495398,False
L0_0_P,local,MINUS_L03,L03,6,103.17123517888638,454.875645552391,False
L0_1_N,local,FULL,NONE,13,102.73494519846462,542.2828272805319,False
L0_1_N,local,MINUS_L05,L05,12,102.73494519846462,500.09212244072785,False
L0_1_N,local,MINUS_L07,L07,12,102.73494519846462,542.2828272805319,False
L0_1_N,local,MINUS_L06,L06,9,66.6038559337737,131.34304648910378,False
L0_1_N,local,MINUS_L03,L03,6,102.73494519846462,453.1304856312323,False
L0_1_P,local,FULL,NONE,13,118.97725599837253,639.7755565857124,False
L0_1_P,local,MINUS_L05,L05,12,118.97725599837253,597.5848517459083,False
L0_1_P,local,MINUS_L07,L07,12,118.97725599837253,639.7755565857124,False
L0_1_P,local,MINUS_L06,L06,9,118.97725599837253,227.77181677195037,False
L0_1_P,local,MINUS_L03,L03,6,103.00093495583899,454.19444465356617,False
L0_2_N,local,FULL,NONE,13,102.12341016989967,539.8366871682882,False
L0_2_N,local,MINUS_L05,L05,12,102.12341016989967,497.645982328484,False
L0_2_N,local,MINUS_L07,L07,12,102.12341016989967,539.8366871682882,False
L0_2_N,local,MINUS_L06,L06,9,66.6038559337737,131.34304648910378,False
L0_2_N,local,MINUS_L03,L03,6,102.12341016989967,450.68434551898855,False
L0_2_P,local,FULL,NONE,13,103.40250328996571,544.9530596451167,False
L0_2_P,local,MINUS_L05,L05,12,103.40250328996571,502.76235480531255,False
L0_2_P,local,MINUS_L07,L07,12,103.40250328996571,544.9530596451167,False
L0_2_P,local,MINUS_L06,L06,9,66.6038559337737,131.34304648910378,False
L0_2_P,local,MINUS_L03,L03,6,103.40250328996571,455.800717995817,False
L0_3_N,local,FULL,NONE,13,100.26465353702562,532.401660636537,False
L0_3_N,local,MINUS_L05,L05,12,100.26465353702562,490.2109557967329,False
L0_3_N,local,MINUS_L07,L07,12,100.26465353702562,532.401660636537,False
L0_3_N,local,MINUS_L06,L06,9,66.6038559337737,131.34304648910378,False
L0_3_N,local,MINUS_L03,L03,6,100.26465353702562,443.24931898723736,False
L0_3_P,local,FULL,NONE,13,103.71171159105043,546.1898928517705,False
L0_3_P,local,MINUS_L05,L05,12,103.71171159105043,503.99918801196634,False
L0_3_P,local,MINUS_L07,L07,12,103.71171159105043,546.1898928517705,False
L0_3_P,local,MINUS_L06,L06,9,66.6038559337737,131.34304648910378,False
L0_3_P,local,MINUS_L03,L03,6,103.71171159105043,457.03755120247087,False
L0_4_N,local,FULL,NONE,13,85.13473964880419,471.8336339908498,False
L0_4_N,local,MINUS_L05,L05,12,85.13473964880419,429.69130024384697,False
L0_4_N,local,MINUS_L07,L07,12,85.13473964880419,471.8336339908498,False
L0_4_N,local,MINUS_L06,L06,9,66.6038559337737,131.29467539630252,False
L0_4_N,local,MINUS_L03,L03,6,85.13473964880419,382.68129234155015,False
L0_4_P,local,FULL,NONE,13,117.5071257903605,601.3715496498465,False
L0_4_P,local,MINUS_L05,L05,12,117.5071257903605,559.1808448100423,False
L0_4_P,local,MINUS_L07,L07,12,117.5071257903605,601.3715496498465,False
L0_4_P,local,MINUS_L06,L06,9,66.6038559337737,131.34304648910378,False
L0_4_P,local,MINUS_L03,L03,6,117.5071257903605,512.2192080005469,False
L0_5_N,local,FULL,NONE,13,83.70512191855067,466.11271505276545,False
L0_5_N,local,MINUS_L05,L05,12,83.70512191855067,423.97282932262544,False
L0_5_N,local,MINUS_L07,L07,12,83.70512191855067,466.11271505276545,False
L0_5_N,local,MINUS_L06,L06,9,66.6038559337737,131.29222737943965,False
L0_5_N,local,MINUS_L03,L03,6,83.70512191855067,376.96037340346584,False
L0_5_P,local,FULL,NONE,13,100.63054808197205,533.8490661644566,False
L0_5_P,local,MINUS_L05,L05,12,100.63054808197205,491.67453397699137,False
L0_5_P,local,MINUS_L07,L07,12,100.63054808197205,533.8490661644566,False
L0_5_P,local,MINUS_L06,L06,9,66.6038559337737,131.3268738367649,False
L0_5_P,local,MINUS_L03,L03,6,100.63054808197205,444.696724515157,False
L1_0_N,local,FULL,NONE,13,109.02938962049477,598.8730885869466,False
L1_0_N,local,MINUS_L05,L05,12,109.02938962049477,564.2900710773591,False
L1_0_N,local,MINUS_L07,L07,12,109.02938962049477,598.8730885869466,False
L1_0_N,local,MINUS_L06,L06,9,109.02938962049477,210.2162630638559,False
L1_0_N,local,MINUS_L03,L03,6,97.16420648037074,423.2398430326781,False
L1_0_P,local,FULL,NONE,13,109.02938962049477,596.4343457864345,False
L1_0_P,local,MINUS_L05,L05,12,109.02938962049477,562.7284607666996,False
L1_0_P,local,MINUS_L07,L07,12,109.02938962049477,596.4343457864345,False
L1_0_P,local,MINUS_L06,L06,9,109.02938962049477,209.33913057400332,False
L1_0_P,local,MINUS_L03,L03,6,96.7738038618089,420.80110023216605,False
L1_1_N,local,FULL,NONE,13,97.62378771717475,549.5375746456025,False
L1_1_N,local,MINUS_L05,L05,12,97.62378771717475,516.1593353522276,False
L1_1_N,local,MINUS_L07,L07,12,97.62378771717475,549.5375746456025,False
L1_1_N,local,MINUS_L06,L06,9,66.6038559337737,159.04242381392373,False
L1_1_N,local,MINUS_L03,L03,6,97.62378771717475,423.87339012505373,False
L1_1_P,local,FULL,NONE,13,153.17129172685435,639.6861782660405,False
L1_1_P,local,MINUS_L05,L05,12,153.17129172685435,605.471570509841,False
L1_1_P,local,MINUS_L07,L07,12,153.17129172685435,639.6861782660405,False
L1_1_P,local,MINUS_L06,L06,9,153.17129172685435,255.01196499178346,False
L1_1_P,local,MINUS_L03,L03,6,96.16855331872574,418.8888210304566,False
L1_2_N,local,FULL,NONE,13,96.66378281906913,544.3852502468297,False
L1_2_N,local,MINUS_L05,L05,12,96.66378281906913,512.3193157570421,False
L1_2_N,local,MINUS_L07,L07,12,96.66378281906913,544.3852502468297,False
L1_2_N,local,MINUS_L06,L06,9,66.6038559337737,157.73011901033644,False
L1_2_N,local,MINUS_L03,L03,6,96.66378281906913,418.7210657262809,False
L1_2_P,local,FULL,NONE,13,98.66860600477598,555.4531795780265,False
L1_2_P,local,MINUS_L05,L05,12,98.66860600477598,520.3386085051084,False
L1_2_P,local,MINUS_L07,L07,12,98.66860600477598,555.4531795780265,False
L1_2_P,local,MINUS_L06,L06,9,66.6038559337737,160.77875559346694,False
L1_2_P,local,MINUS_L03,L03,6,98.66860600477598,429.7889950574777,False
L1_3_N,local,FULL,NONE,13,90.8613744885139,516.2218154650748,False
L1_3_N,local,MINUS_L05,L05,12,90.8613744885139,489.10968239130216,False
L1_3_N,local,MINUS_L07,L07,12,90.8613744885139,516.2218154650748,False
L1_3_N,local,MINUS_L06,L06,9,66.6038559337737,152.7763175943215,False
L1_3_N,local,MINUS_L03,L03,6,90.8613744885139,390.557630944526,False
L1_3_P,local,FULL,NONE,13,102.02427387456878,573.4612365441276,False
L1_3_P,local,MINUS_L05,L05,12,102.02427387456878,533.761280001478,False
L1_3_P,local,MINUS_L07,L07,12,102.02427387456878,573.4612365441276,False
L1_3_P,local,MINUS_L06,L06,9,66.6038559337737,165.36414106319842,False
L1_3_P,local,MINUS_L03,L03,6,102.02427387456878,447.7970520235788,False
L1_4_N,local,FULL,NONE,13,76.41438779246837,454.98723015209146,False
L1_4_N,local,MINUS_L05,L05,12,76.41438779246837,431.32173562663104,False
L1_4_N,local,MINUS_L07,L07,12,76.41438779246837,454.98723015209146,False
L1_4_N,local,MINUS_L06,L06,9,66.6038559337737,149.32967904600926,False
L1_4_N,local,MINUS_L03,L03,6,76.41438779246837,329.32304563154264,False
L1_4_P,local,FULL,NONE,13,110.02025600743933,599.0848218946954,False
L1_4_P,local,MINUS_L05,L05,12,110.02025600743933,565.7452081828174,False
L1_4_P,local,MINUS_L07,L07,12,110.02025600743933,599.0848218946954,False
L1_4_P,local,MINUS_L06,L06,9,66.6038559337737,159.00379823242693,False
L1_4_P,local,MINUS_L03,L03,6,110.02025600743933,473.4206373741466,False
L1_5_N,local,FULL,NONE,13,66.6038559337737,406.1913783494074,False
L1_5_N,local,MINUS_L05,L05,12,66.6038559337737,388.2563273389369,False
L1_5_N,local,MINUS_L07,L07,12,66.6038559337737,406.1913783494074,False
L1_5_N,local,MINUS_L06,L06,9,66.6038559337737,143.5992355310193,False
L1_5_N,local,MINUS_L03,L03,6,65.64803571361757,280.52719382885857,False
L1_5_P,local,FULL,NONE,13,91.03570391005542,513.340867258121,False
L1_5_P,local,MINUS_L05,L05,12,91.03570391005542,489.8070001607705,False
L1_5_P,local,MINUS_L07,L07,12,91.03570391005542,513.340867258121,False
L1_5_P,local,MINUS_L06,L06,9,66.6038559337737,149.1980516178993,False
L1_5_P,local,MINUS_L03,L03,6,91.03570391005542,387.67668273757215,False
L2_0_N,local,FULL,NONE,13,121.45238868077172,721.3983182475329,False
L2_0_N,local,MINUS_L05,L05,12,121.45238868077172,681.9035766579566,False
L2_0_N,local,MINUS_L07,L07,12,121.45238868077172,721.3983182475329,False
L2_0_N,local,MINUS_L06,L06,9,120.70465821906545,235.58876352526772,False
L2_0_N,local,MINUS_L03,L03,6,121.45238868077172,525.3042963118415,False
L2_0_P,local,FULL,NONE,13,152.21676545803462,789.1467964975567,False
L2_0_P,local,MINUS_L05,L05,12,152.21676545803462,749.6222199961389,False
L2_0_P,local,MINUS_L07,L07,12,152.21676545803462,789.1467964975567,False
L2_0_P,local,MINUS_L06,L06,9,152.21676545803462,309.8066645480212,False
L2_0_P,local,MINUS_L03,L03,6,119.83503298761453,518.8647084509532,False
L2_1_N,local,FULL,NONE,13,122.42301009854211,688.406013615644,False
L2_1_N,local,MINUS_L05,L05,12,122.42301009854211,648.0102663874736,False
L2_1_N,local,MINUS_L07,L07,12,122.42301009854211,688.406013615644,False
L2_1_N,local,MINUS_L06,L06,9,120.70465821906545,198.71397322197237,False
L2_1_N,local,MINUS_L03,L03,6,122.42301009854211,530.087787621842,False
L2_1_P,local,FULL,NONE,13,120.70465821906545,780.0331163040503,False
L2_1_P,local,MINUS_L05,L05,12,120.70465821906545,741.2633521505909,False
L2_1_P,local,MINUS_L07,L07,12,120.70465821906545,780.0331163040503,False
L2_1_P,local,MINUS_L06,L06,9,120.70465821906545,297.24226922992096,False
L2_1_P,local,MINUS_L03,L03,6,120.69771176882122,521.5606112275885,False
L2_2_N,local,FULL,NONE,13,120.70465821906545,775.4765565877151,False
L2_2_N,local,MINUS_L05,L05,12,120.70465821906545,738.449723025029,False
L2_2_N,local,MINUS_L07,L07,12,120.70465821906545,775.4765565877151,False
L2_2_N,local,MINUS_L06,L06,9,120.70465821906545,295.49933863914765,False
L2_2_N,local,MINUS_L03,L03,6,119.99430448749149,517.0040515112535,False
L2_2_P,local,FULL,NONE,13,121.45977626803315,784.6767881301873,False
L2_2_P,local,MINUS_L05,L05,12,121.45977626803315,744.3116101181588,False
L2_2_P,local,MINUS_L07,L07,12,121.45977626803315,784.6767881301873,False
L2_2_P,local,MINUS_L06,L06,9,120.70465821906545,298.8376830884902,False
L2_2_P,local,MINUS_L03,L03,6,121.45977626803315,526.2042830537257,False
L2_3_N,local,FULL,NONE,13,120.70465821906545,752.8671684351065,False
L2_3_N,local,MINUS_L05,L05,12,120.70465821906545,721.8682234808796,False
L2_3_N,local,MINUS_L07,L07,12,120.70465821906545,752.8671684351065,False
L2_3_N,local,MINUS_L06,L06,9,120.70465821906545,289.4714500306884,False
L2_3_N,local,MINUS_L03,L03,6,115.84892960179006,494.39466335864483,False
L2_3_P,local,FULL,NONE,13,123.42354860877467,794.2025061743254,False
L2_3_P,local,MINUS_L05,L05,12,123.42354860877467,752.1666990431628,False
L2_3_P,local,MINUS_L07,L07,12,123.42354860877467,794.2025061743254,False
L2_3_P,local,MINUS_L06,L06,9,120.70465821906545,300.5083122076242,False
L2_3_P,local,MINUS_L03,L03,6,123.42354860877467,535.7300010978639,False
L2_4_N,local,FULL,NONE,13,120.70465821906545,683.6688976788408,False
L2_4_N,local,MINUS_L05,L05,12,120.70465821906545,652.6798010118756,False
L2_4_N,local,MINUS_L07,L07,12,120.70465821906545,683.6688976788408,False
L2_4_N,local,MINUS_L06,L06,9,120.70465821906545,289.4615092994092,False
L2_4_N,local,MINUS_L03,L03,6,98.55184709605703,425.19648504639696,False
L2_4_P,local,FULL,NONE,13,134.88218959642086,829.086205295706,False
L2_4_P,local,MINUS_L05,L05,12,134.88218959642086,798.0012634499855,False
L2_4_P,local,MINUS_L07,L07,12,134.88218959642086,829.086205295706,False
L2_4_P,local,MINUS_L06,L06,9,120.70465821906545,289.55744692218224,False
L2_4_P,local,MINUS_L03,L03,6,134.88218959642086,570.6137002192445,False
L2_5_N,local,FULL,NONE,13,120.70465821906545,651.2773345618142,False
L2_5_N,local,MINUS_L05,L05,12,120.70465821906545,623.037919445265,False
L2_5_N,local,MINUS_L07,L07,12,120.70465821906545,651.2773345618142,False
L2_5_N,local,MINUS_L06,L06,9,120.70465821906545,286.7118277349329,False
L2_5_N,local,MINUS_L03,L03,6,91.14137671206839,392.80492194343054,False
L2_5_P,local,FULL,NONE,13,120.70465821906545,772.6687798291057,False
L2_5_P,local,MINUS_L05,L05,12,120.70465821906545,730.6180013695259,False
L2_5_P,local,MINUS_L07,L07,12,120.70465821906545,772.6687798291057,False
L2_5_P,local,MINUS_L06,L06,9,120.70465821906545,300.5231910920237,False
L2_5_P,local,MINUS_L03,L03,6,118.03639718724865,514.1963671966619,False
L3_0_N,local,FULL,NONE,13,144.04853400785447,701.2704673745912,False
L3_0_N,local,MINUS_L05,L05,12,144.04853400785447,659.079762534787,False
L3_0_N,local,MINUS_L07,L07,12,144.04853400785447,701.2704673745912,False
L3_0_N,local,MINUS_L06,L06,9,52.70796535178102,125.07633134317334,False
L3_0_N,local,MINUS_L03,L03,6,144.04853400785447,618.3848408712221,False
L3_0_P,local,FULL,NONE,13,140.4796344449741,736.380089764233,False
L3_0_P,local,MINUS_L05,L05,12,140.4796344449741,694.5349527228815,False
L3_0_P,local,MINUS_L07,L07,12,140.4796344449741,736.380089764233,False
L3_0_P,local,MINUS_L06,L06,9,67.25291607119118,174.46155198433667,False
L3_0_P,local,MINUS_L03,L03,6,140.4796344449741,603.763674821248,False
L3_1_N,local,FULL,NONE,13,142.2044340634538,697.165598664655,False
L3_1_N,local,MINUS_L05,L05,12,142.2044340634538,655.3031484398954,False
L3_1_N,local,MINUS_L07,L07,12,142.2044340634538,697.165598664655,False
L3_1_N,local,MINUS_L06,L06,9,65.36349887179392,128.34786241083995,False
L3_1_N,local,MINUS_L03,L03,6,142.2044340634538,610.6801864785748,False
L3_1_P,local,FULL,NONE,13,138.83738131587202,779.2423540657425,False
L3_1_P,local,MINUS_L05,L05,12,138.83738131587202,737.3834327598133,False
L3_1_P,local,MINUS_L07,L07,12,138.83738131587202,779.2423540657425,False
L3_1_P,local,MINUS_L06,L06,9,116.67040862453133,223.89282880225437,False
L3_1_P,local,MINUS_L03,L03,6,138.83738131587202,597.2084465694172,False
L3_2_N,local,FULL,NONE,13,138.32148941583517,776.8298661926261,False
L3_2_N,local,MINUS_L05,L05,12,138.32148941583517,735.3198651596658,False
L3_2_N,local,MINUS_L07,L07,12,138.32148941583517,776.8298661926261,False
L3_2_N,local,MINUS_L06,L06,9,116.67040862453133,223.54390852928552,False
L3_2_N,local,MINUS_L03,L03,6,138.32148941583517,594.7959586963009,False
L3_2_P,local,FULL,NONE,13,139.39375308946677,781.7336804549199,False
L3_2_P,local,MINUS_L05,L05,12,139.39375308946677,739.6089198541922,False
L3_2_P,local,MINUS_L07,L07,12,139.39375308946677,781.7336804549199,False
L3_2_P,local,MINUS_L06,L06,9,116.67040862453133,224.15866809705284,False
L3_2_P,local,MINUS_L03,L03,6,139.39375308946677,599.6997729585946,False
L3_3_N,local,FULL,NONE,13,134.13018463569338,756.6602979428355,False
L3_3_N,local,MINUS_L05,L05,12,134.13018463569338,718.5546460390988,False
L3_3_N,local,MINUS_L07,L07,12,134.13018463569338,756.6602979428355,False
L3_3_N,local,MINUS_L06,L06,9,116.67040862453133,220.13955940006198,False
L3_3_N,local,MINUS_L03,L03,6,134.13018463569338,574.6263904465103,False
L3_3_P,local,FULL,NONE,13,141.48923283324842,790.181543669123,False
L3_3_P,local,MINUS_L05,L05,12,141.48923283324842,747.9908388293188,False
L3_3_P,local,MINUS_L07,L07,12,141.48923283324842,790.181543669123,False
L3_3_P,local,MINUS_L06,L06,9,116.67040862453133,224.2246123361294,False
L3_3_P,local,MINUS_L03,L03,6,141.48923283324842,608.1476361727978,False
L3_4_N,local,FULL,NONE,13,120.17723613747327,695.1190206151423,False
L3_4_N,local,MINUS_L05,L05,12,120.17723613747327,662.7428520462183,False
L3_4_N,local,MINUS_L07,L07,12,120.17723613747327,695.1190206151423,False
L3_4_N,local,MINUS_L06,L06,9,116.67040862453133,214.41007606524917,False
L3_4_N,local,MINUS_L03,L03,6,120.17723613747327,513.0851131188169,False
L3_4_P,local,FULL,NONE,13,167.01424054000674,892.2815744961564,False
L3_4_P,local,MINUS_L05,L05,12,167.01424054000674,850.0908696563522,False
L3_4_P,local,MINUS_L07,L07,12,167.01424054000674,892.2815744961564,False
L3_4_P,local,MINUS_L06,L06,9,116.67040862453133,224.2246123361294,False
L3_4_P,local,MINUS_L03,L03,6,167.01424054000674,710.2476669998312,False
L3_5_N,local,FULL,NONE,13,116.67040862453133,615.6958073374338,False
L3_5_N,local,MINUS_L05,L05,12,116.67040862453133,583.2050248942554,False
L3_5_N,local,MINUS_L07,L07,12,116.67040862453133,615.6958073374338,False
L3_5_N,local,MINUS_L06,L06,9,116.67040862453133,214.52468993950373,False
L3_5_N,local,MINUS_L03,L03,6,100.29277935314782,433.66189984110866,False
L3_5_P,local,FULL,NONE,13,149.89515091305614,813.9491542426056,False
L3_5_P,local,MINUS_L05,L05,12,149.89515091305614,781.6145111485498,False
L3_5_P,local,MINUS_L07,L07,12,149.89515091305614,813.9491542426056,False
L3_5_P,local,MINUS_L06,L06,9,116.67040862453133,214.36855059038095,False
L3_5_P,local,MINUS_L03,L03,6,149.89515091305614,631.9152467462802,False
L4_0_N,local,FULL,NONE,13,153.41094059024886,755.3967724916985,False
L4_0_N,local,MINUS_L05,L05,12,153.41094059024886,713.2060676518944,False
L4_0_N,local,MINUS_L07,L07,12,153.41094059024886,755.3967724916985,False
L4_0_N,local,MINUS_L06,L06,9,153.41094059024886,263.26703784073084,False
L4_0_N,local,MINUS_L03,L03,6,123.0324336775669,534.3204394907718,False
L4_0_P,local,FULL,NONE,13,153.41094059024886,757.1091171038416,False
L4_0_P,local,MINUS_L05,L05,12,153.41094059024886,714.9184122640376,False
L4_0_P,local,MINUS_L07,L07,12,153.41094059024886,757.1091171038416,False
L4_0_P,local,MINUS_L06,L06,9,153.41094059024886,263.26703784073084,False
L4_0_P,local,MINUS_L03,L03,6,123.46051986368472,536.032784102915,False
L4_1_N,local,FULL,NONE,13,122.85962905415211,709.5825298076569,False
L4_1_N,local,MINUS_L05,L05,12,122.85962905415211,667.3918249678527,False
L4_1_N,local,MINUS_L07,L07,12,122.85962905415211,709.5825298076569,False
L4_1_N,local,MINUS_L06,L06,9,109.34945289620184,218.1440136697797,False
L4_1_N,local,MINUS_L03,L03,6,122.85962905415211,533.6292209776814,False
L4_1_P,local,FULL,NONE,13,170.9700516784007,794.1905217724835,False
L4_1_P,local,MINUS_L05,L05,12,170.9700516784007,751.9998169326793,False
L4_1_P,local,MINUS_L07,L07,12,170.9700516784007,794.1905217724835,False
L4_1_P,local,MINUS_L06,L06,9,170.9700516784007,301.07568179258925,False
L4_1_P,local,MINUS_L03,L03,6,123.27871002575208,535.3055448196983,False
L4_2_N,local,FULL,NONE,13,121.71394626291467,704.9997986748782,False
L4_2_N,local,MINUS_L05,L05,12,121.71394626291467,662.809093835074,False
L4_2_N,local,MINUS_L07,L07,12,121.71394626291467,704.9997986748782,False
L4_2_N,local,MINUS_L06,L06,9,109.34945289620184,218.1440136697797,False
L4_2_N,local,MINUS_L03,L03,6,121.71394626291467,529.0464898449027,False
L4_2_P,local,FULL,NONE,13,123.98071834850295,714.0668870307791,False
L4_2_P,local,MINUS_L05,L05,12,123.98071834850295,671.8761821909749,False
L4_2_P,local,MINUS_L07,L07,12,123.98071834850295,714.0668870307791,False
L4_2_P,local,MINUS_L06,L06,9,109.34945289620184,218.1440136697797,False
L4_2_P,local,MINUS_L03,L03,6,123.98071834850295,538.1135782008035,False
L4_3_N,local,FULL,NONE,13,118.06061293678275,690.3864653964433,False
L4_3_N,local,MINUS_L05,L05,12,118.06061293678275,648.1957605566392,False
L4_3_N,local,MINUS_L07,L07,12,118.06061293678275,690.3864653964433,False
L4_3_N,local,MINUS_L06,L06,9,109.34945289620184,218.1440136697797,False
L4_3_N,local,MINUS_L03,L03,6,118.06061293678275,514.4331565664678,False
L4_3_P,local,FULL,NONE,13,124.78886969185127,717.2994924162724,False
L4_3_P,local,MINUS_L05,L05,12,124.78886969185127,675.1087875764682,False
L4_3_P,local,MINUS_L07,L07,12,124.78886969185127,717.2994924162724,False
L4_3_P,local,MINUS_L06,L06,9,109.34945289620184,218.1440136697797,False
L4_3_P,local,MINUS_L03,L03,6,124.78886969185127,541.3461835862969,False
L4_4_N,local,FULL,NONE,13,109.34945289620184,621.2071350748532,False
L4_4_N,local,MINUS_L05,L05,12,109.34945289620184,579.0164302350491,False
L4_4_N,local,MINUS_L07,L07,12,109.34945289620184,621.2071350748532,False
L4_4_N,local,MINUS_L06,L06,9,109.34945289620184,218.1440136697797,False
L4_4_N,local,MINUS_L03,L03,6,100.76578035209197,445.25382624487776,False
L4_4_P,local,FULL,NONE,13,136.22935227890918,763.0614226017909,False
L4_4_P,local,MINUS_L05,L05,12,136.22935227890918,720.8707177619868,False
L4_4_P,local,MINUS_L07,L07,12,136.22935227890918,763.0614226017909,False
L4_4_P,local,MINUS_L06,L06,9,109.34945289620184,218.1440136697797,False
L4_4_P,local,MINUS_L03,L03,6,136.22935227890918,587.1081137718154,False
L4_5_N,local,FULL,NONE,13,109.34945289620184,608.262567802684,False
L4_5_N,local,MINUS_L05,L05,12,109.34945289620184,566.2544977422647,False
L4_5_N,local,MINUS_L07,L07,12,109.34945289620184,608.262567802684,False
L4_5_N,local,MINUS_L06,L06,9,109.34945289620184,217.9613788903948,False
L4_5_N,local,MINUS_L03,L03,6,97.57529723349217,432.30925897270845,False
L4_5_P,local,FULL,NONE,13,119.41043671178751,695.785760400058,False
L4_5_P,local,MINUS_L05,L05,12,119.41043671178751,653.595055560254,False
L4_5_P,local,MINUS_L07,L07,12,119.41043671178751,695.785760400058,False
L4_5_P,local,MINUS_L06,L06,9,109.34945289620184,218.1440136697797,False
L4_5_P,local,MINUS_L03,L03,6,119.41043671178751,519.8324515700825,False
