path,bytes,sha256
experiments/colored_step_visual_grounding_ablation/artifacts/native_step5/step_px100/A0_controlled/renders/front.png,21525,36fc6fb6d72bccf4b21ba14c5d358da09d8cbbf38dcbf3a5b7cd7722e45d8ed1
experiments/colored_step_visual_grounding_ablation/artifacts/native_step5/step_px100/A0_controlled/renders/isometric.png,43449,de1ee72e850f149eeaf74dc9c89fe9ab88e3561053858c396c1e4be2c7033d5c
experiments/colored_step_visual_grounding_ablation/artifacts/native_step5/step_px100/A0_controlled/renders/left.png,21668,6315b935952d335dd988211a00a4c5863c88d4e7d6255602b5f0390f9f317cc1
experiments/colored_step_visual_grounding_ablation/artifacts/native_step5/step_px100/A0_controlled/renders/rear.png,18012,a8d06ce2bccc85c6e2b3774ec0249b80580b14554468b98f0f911f8123944207
experiments/colored_step_visual_grounding_ablation/artifacts/native_step5/step_px100/A0_controlled/renders/right.png,21875,1db94019f316f2230f93befc14b869a90410c1c99d2709b3c738e7764dda9f6b
experiments/colored_step_visual_grounding_ablation/artifacts/native_step5/step_px100/A0_controlled/renders/top.png,23975,48b1cefc609448a60c5c0a50a9c3278b8420dd1140284f95dfc150153c0203bd
experiments/colored_step_visual_grounding_ablation/artifacts/native_step5/step_px100/A1_color_only/renders/front.png,20684,ab3bf743135bb6a5a77afa8e46c0b5856b6dc25a3716e4f51eb0873c9f4b87cf
experiments/colored_step_visual_grounding_ablation/artifacts/native_step5/step_px100/A1_color_only/renders/isometric.png,43689,6d65d94027d2d2f4d958736b7caa5331497acd702ec33bd43c2a292a12568bbc
experiments/colored_step_visual_grounding_ablation/artifacts/native_step5/step_px100/A1_color_only/renders/left.png,20995,c09100d6c0099a3e06d8f2af98dca01874bbb31013e6dc88a251b990fc3525fd
experiments/colored_step_visual_grounding_ablation/artifacts/native_step5/step_px100/A1_color_only/renders/rear.png,17349,0c383a2afcc3bc5de233d386bc4036cfbb419f41509c24dc075c831bf68a7097
experiments/colored_step_visual_grounding_ablation/artifacts/native_step5/step_px100/A1_color_only/renders/right.png,21202,8ce9baf9e81e70fa9c7ca7dd73c7ae0b268f14b747b05775589294702c61b0a7
experiments/colored_step_visual_grounding_ablation/artifacts/native_step5/step_px100/A1_color_only/renders/top.png,23829,1a96d497ce4e10c4b284621ac43e3fb0f0aae3afe58e19a17d188498ae135b2a
experiments/colored_step_visual_grounding_ablation/artifacts/native_step5/step_px100/A2_color_legend/renders/front.png,20684,ab3bf743135bb6a5a77afa8e46c0b5856b6dc25a3716e4f51eb0873c9f4b87cf
experiments/colored_step_visual_grounding_ablation/artifacts/native_step5/step_px100/A2_color_legend/renders/isometric.png,43689,6d65d94027d2d2f4d958736b7caa5331497acd702ec33bd43c2a292a12568bbc
experiments/colored_step_visual_grounding_ablation/artifacts/native_step5/step_px100/A2_color_legend/renders/left.png,20995,c09100d6c0099a3e06d8f2af98dca01874bbb31013e6dc88a251b990fc3525fd
experiments/colored_step_visual_grounding_ablation/artifacts/native_step5/step_px100/A2_color_legend/renders/rear.png,17349,0c383a2afcc3bc5de233d386bc4036cfbb419f41509c24dc075c831bf68a7097
experiments/colored_step_visual_grounding_ablation/artifacts/native_step5/step_px100/A2_color_legend/renders/right.png,21202,8ce9baf9e81e70fa9c7ca7dd73c7ae0b268f14b747b05775589294702c61b0a7
experiments/colored_step_visual_grounding_ablation/artifacts/native_step5/step_px100/A2_color_legend/renders/top.png,23829,1a96d497ce4e10c4b284621ac43e3fb0f0aae3afe58e19a17d188498ae135b2a
experiments/colored_step_visual_grounding_ablation/artifacts/native_step5/step_px100/asset_job.json,554,983674bebf28300147ee6387f0f406c317a37b0322b90f3e5541d267deaef482
experiments/colored_step_visual_grounding_ablation/artifacts/native_step5/step_px100/asset_result.json,419,ebbfc741ed32c11be20074a27e4339759c2e26b51b01b42aa255d75cfb6a2e0d
experiments/colored_step_visual_grounding_ablation/artifacts/native_step5/step_px100/colored_assembly.FCStd,138239,d4d96ae33783a0f770a842423c4fc974460492b5173de5664ff07e0f02f43903
experiments/colored_step_visual_grounding_ablation/artifacts/native_step5/step_px100/colored_assembly.step,1091728,a6daa08d298b5e0e7ba62b68e7847eb189fa45469aa6d9d9edad73d4a9b5922f
experiments/colored_step_visual_grounding_ablation/artifacts/native_step5/step_px100/colored_step_reopen_preview.png,44193,14ba56c8aef1c9cf6aa656aa21e376806c070d6599eff100bc13913cf1d243a4
experiments/colored_step_visual_grounding_ablation/artifacts/native_step5/step_px100/component_manifest.json,2495,20177a4ef056331cc7619fedc0585b2dfa040a0e637154e33589a90040415312
experiments/colored_step_visual_grounding_ablation/artifacts/native_step5/step_px100/evaluator_masks/front/C00.png,12889,6434b607d47698d626a48727247d8c7fb24d10563dc34a2d230f15700193da3e
experiments/colored_step_visual_grounding_ablation/artifacts/native_step5/step_px100/evaluator_masks/front/C01.png,10586,35baf07c14739b962876e12008120aa0d1f9fab3a3146e479794f52fcf2450f4
experiments/colored_step_visual_grounding_ablation/artifacts/native_step5/step_px100/evaluator_masks/front/C02.png,10040,f803b9741c6ce26e98982aea8acf6d5e2f21247dedc78e5251e09297107f313f
experiments/colored_step_visual_grounding_ablation/artifacts/native_step5/step_px100/evaluator_masks/front/C03.png,11193,11e56a649721a01e9c12c7e35b333aa70b5ceec4e6e46cd6fe9afc31e94eb6ba
experiments/colored_step_visual_grounding_ablation/artifacts/native_step5/step_px100/evaluator_masks/front/C04.png,10513,7204c68c6128e83621613e18f14040ad8c21e3be5a72f6192573d3c41383969a
experiments/colored_step_visual_grounding_ablation/artifacts/native_step5/step_px100/evaluator_masks/front/C05.png,10511,db90fe7ddbc972ab31562bfe8b8ea4d214e4815ca55da5ab88ca7c0605e713de
experiments/colored_step_visual_grounding_ablation/artifacts/native_step5/step_px100/evaluator_masks/front/C06.png,10192,a75db8dd8ceabb4f121cb350e160f3d5578f5a470208cfcca6d9ca4f7d27d853
experiments/colored_step_visual_grounding_ablation/artifacts/native_step5/step_px100/evaluator_masks/isometric/C00.png,18662,85ff4c636cc988bfbdd0f2971bd57717f370606d85d9738a84ed3c28fcbc4bad
experiments/colored_step_visual_grounding_ablation/artifacts/native_step5/step_px100/evaluator_masks/isometric/C01.png,12872,931d25cdcf623589f3752b84c357eeee13e6144d7a13c536506910ba850d120a
experiments/colored_step_visual_grounding_ablation/artifacts/native_step5/step_px100/evaluator_masks/isometric/C02.png,14120,7facd4d10bec4585f54d00ce0d73f42d14ce0f2ae5888ff9f7482091cd816418
experiments/colored_step_visual_grounding_ablation/artifacts/native_step5/step_px100/evaluator_masks/isometric/C03.png,17999,9a2eb30a942050aa88ec1a6d8530d885aafcbae24a52986abfb8fa9753107acb
experiments/colored_step_visual_grounding_ablation/artifacts/native_step5/step_px100/evaluator_masks/isometric/C04.png,11676,bf47d8affdb4d7a8afd1fbf8230cc2f15dce8a50ecef704fc15d297687375498
experiments/colored_step_visual_grounding_ablation/artifacts/native_step5/step_px100/evaluator_masks/isometric/C05.png,11475,c8e6fc1809b114983c188b8e7ddd01f936259e774e6b63cfc4545799782fa791
experiments/colored_step_visual_grounding_ablation/artifacts/native_step5/step_px100/evaluator_masks/isometric/C06.png,13776,d150a7af7d420ddf31af7e51bfef392cbdc6187ca045978f45edb79d4bd8a79d
experiments/colored_step_visual_grounding_ablation/artifacts/native_step5/step_px100/evaluator_masks/left/C00.png,13006,0a365f8472f27d9c91f9397f32d429f0967fb8b86e92a7f4fb34bf44ed301d81
experiments/colored_step_visual_grounding_ablation/artifacts/native_step5/step_px100/evaluator_masks/left/C01.png,10583,ba5e98b0093e84be057a2ba8d434cdbd421c019920963334e9b5643c85d593f4
experiments/colored_step_visual_grounding_ablation/artifacts/native_step5/step_px100/evaluator_masks/left/C02.png,10543,17ada3840e33e0b9caffdc2ce04a0d45116c2cbb3779b5a7156293b14c36080d
experiments/colored_step_visual_grounding_ablation/artifacts/native_step5/step_px100/evaluator_masks/left/C03.png,11274,e29d6b3a4ffbfc99287a50dbadc13c71f20067e335f939b4e6287531d2571d50
experiments/colored_step_visual_grounding_ablation/artifacts/native_step5/step_px100/evaluator_masks/left/C04.png,10194,3e547cb98306f4e717de12c45837db2ddca0ba5bd1d3491e9937b003701bcfcb
experiments/colored_step_visual_grounding_ablation/artifacts/native_step5/step_px100/evaluator_masks/left/C05.png,10657,5296a48aa7e5880f5f643d0810e68fe4e122d790a0bf8dad721e6cfb041c52ee
experiments/colored_step_visual_grounding_ablation/artifacts/native_step5/step_px100/evaluator_masks/left/C06.png,10800,59dbf075af3da3f8858ff29fee3d62e28b92ea901f09e2d314e53747c8abcf86
experiments/colored_step_visual_grounding_ablation/artifacts/native_step5/step_px100/evaluator_masks/rear/C00.png,11911,ef23cc5ed9b73dc70388e84d92e9c81dd6fdbf2225ff1f3f15e31dec0236af23
experiments/colored_step_visual_grounding_ablation/artifacts/native_step5/step_px100/evaluator_masks/rear/C01.png,10609,82dcd29e190bb4632a22597003a674613b524d7c959ffb1a2a23fec625071f61
experiments/colored_step_visual_grounding_ablation/artifacts/native_step5/step_px100/evaluator_masks/rear/C02.png,10123,d16437355382f719c1cd03632eb908172311829ce7f84370ff1ba9dd8f78f0ef
experiments/colored_step_visual_grounding_ablation/artifacts/native_step5/step_px100/evaluator_masks/rear/C03.png,11554,b5479cf86009d1f79cb1976722cdcc08d4175d60cc685c95556647aaf1b75a22
experiments/colored_step_visual_grounding_ablation/artifacts/native_step5/step_px100/evaluator_masks/rear/C04.png,10067,626f143ec77b7aa25b3cb0e7cb9904fb4636d8b2bfdc718fddfff62b91d09f8e
experiments/colored_step_visual_grounding_ablation/artifacts/native_step5/step_px100/evaluator_masks/rear/C05.png,10080,1a09b9c9580acfa92b3babe9321b9e2edc5d0bb8206c83c9bd15ce76ed9836e0
experiments/colored_step_visual_grounding_ablation/artifacts/native_step5/step_px100/evaluator_masks/rear/C06.png,9950,75bbff38a42da196451a1a52b86e9671b92552acb8501b190a986610b31559bf
experiments/colored_step_visual_grounding_ablation/artifacts/native_step5/step_px100/evaluator_masks/right/C00.png,12976,7135c191ddf5839c1fd8cb17c2bd2316a92d7e119d25f5dbe3e9812383a76dea
experiments/colored_step_visual_grounding_ablation/artifacts/native_step5/step_px100/evaluator_masks/right/C01.png,10531,3b15be5ae1ae6cf8fb6129e827cae410a807486e0d752bed04ce7ccec9cc9d26
experiments/colored_step_visual_grounding_ablation/artifacts/native_step5/step_px100/evaluator_masks/right/C02.png,10541,25f750b56156ef18ea4aa271fdd7761ed776cd478d86fb57603384ded0313d62
experiments/colored_step_visual_grounding_ablation/artifacts/native_step5/step_px100/evaluator_masks/right/C03.png,11461,af70bba2de8d6322b3c97da73be8d0e7253b6419d979cbc65bdcd2e9b47399a6
experiments/colored_step_visual_grounding_ablation/artifacts/native_step5/step_px100/evaluator_masks/right/C04.png,10619,5d80a6c9b0ff47e1f4b0de13f4b051fa2ffd20f95399494588102df72ac8300b
experiments/colored_step_visual_grounding_ablation/artifacts/native_step5/step_px100/evaluator_masks/right/C05.png,10193,01a3d359726c436a7049d0ecf0e40678042b9432084ccab457fda8662e103b4b
experiments/colored_step_visual_grounding_ablation/artifacts/native_step5/step_px100/evaluator_masks/right/C06.png,10808,404b7140b11e328148fd2d52a645f2582e47cb3e2ac07592ae9133abc2b68ee2
experiments/colored_step_visual_grounding_ablation/artifacts/native_step5/step_px100/evaluator_masks/top/C00.png,16157,dbfee9d92e204b0be2ba59b02e9f7667efafcf39c1d7e9f5e71d1d4a029a2f19
experiments/colored_step_visual_grounding_ablation/artifacts/native_step5/step_px100/evaluator_masks/top/C01.png,10467,fe0f373907421d89c495f296edee9561b8e873aa54be9967f6cc30c656b6f072
experiments/colored_step_visual_grounding_ablation/artifacts/native_step5/step_px100/evaluator_masks/top/C02.png,10193,8cd18261123e82b7b2f5c9776a261d804532d5a8c0236769999ac44e6fab9481
experiments/colored_step_visual_grounding_ablation/artifacts/native_step5/step_px100/evaluator_masks/top/C03.png,10746,f7648828dd05cc1162d2aef991d0b2a6d94f8040ee892dc12114fcf5cf2b36c9
experiments/colored_step_visual_grounding_ablation/artifacts/native_step5/step_px100/evaluator_masks/top/C04.png,10286,8a9c3ecdca54eaf122f50d935164b2ba4ba30577ca34f38fa328de045dab63d3
experiments/colored_step_visual_grounding_ablation/artifacts/native_step5/step_px100/evaluator_masks/top/C05.png,10319,c38e397a090710bb8af1239a8d45c630ecbad63d0c5cc8fcf91321f5f7a7eca8
experiments/colored_step_visual_grounding_ablation/artifacts/native_step5/step_px100/evaluator_masks/top/C06.png,10162,91734e112374c6b1151a56186b8747a8199b7e08fee73adcc5bb0cb60ab2af82
experiments/colored_step_visual_grounding_ablation/artifacts/native_step5/step_px100/freecad_stderr.txt,59,084e87e873b55857151f36d2447b00a35e8947c6582f4d8a8b7c039fdbce2dc1
experiments/colored_step_visual_grounding_ablation/artifacts/native_step5/step_px100/freecad_stdout.txt,0,e3b0c44298fc1c149afbf4c8996fb92427ae41e4649b934ca495991b7852b855
experiments/colored_step_visual_grounding_ablation/artifacts/native_step5/step_rx150/A0_controlled/renders/front.png,23481,7cdf20019c03e063eeb403537b24100745ae1e76ccc38a9ac370c27d376d82b6
experiments/colored_step_visual_grounding_ablation/artifacts/native_step5/step_rx150/A0_controlled/renders/isometric.png,45871,5dc4557b2b52c71c7eb470470533065baf9536f0ad7e4039fbd088bdd37b9256
experiments/colored_step_visual_grounding_ablation/artifacts/native_step5/step_rx150/A0_controlled/renders/left.png,24366,4ad0ae5cc45f054e97ef1188000eaa78dbcc079a2a0b66a33afda29ca7a7b138
experiments/colored_step_visual_grounding_ablation/artifacts/native_step5/step_rx150/A0_controlled/renders/rear.png,19902,554dfcb222e8d03f2535d8e6b105e014fb8b65ee32d76b8759eda466ecca060b
experiments/colored_step_visual_grounding_ablation/artifacts/native_step5/step_rx150/A0_controlled/renders/right.png,25405,bc654aeb20c8424c2a81d5cf7ea49e00fac69f9fbdf9f0c6b8419ed8ae204aca
experiments/colored_step_visual_grounding_ablation/artifacts/native_step5/step_rx150/A0_controlled/renders/top.png,22703,126b6b4aa016cd1857e8593e5b93afa0f0d901d6788dbe77ad62af114e7bfea2
experiments/colored_step_visual_grounding_ablation/artifacts/native_step5/step_rx150/A1_color_only/renders/front.png,23537,9cd3e842064d0e2370b5da266dbd9e12e4a9790eb9e9e5371ae7475d1471eb39
experiments/colored_step_visual_grounding_ablation/artifacts/native_step5/step_rx150/A1_color_only/renders/isometric.png,46871,7491320486cdc22fd53496c93671d02b18f069fbf8b1945a0075b71cee532c2a
experiments/colored_step_visual_grounding_ablation/artifacts/native_step5/step_rx150/A1_color_only/renders/left.png,24464,0bd4c2c2fde883efb333ecff3886b862eceee3d2ff6bf5fb2d87ba2d99135e8c
experiments/colored_step_visual_grounding_ablation/artifacts/native_step5/step_rx150/A1_color_only/renders/rear.png,19846,d1cd94e15ca07061748f70c204e32bc830e5a01947719810d09e949916925c85
experiments/colored_step_visual_grounding_ablation/artifacts/native_step5/step_rx150/A1_color_only/renders/right.png,25750,7219709bb3ea6e8b73ffc6039a49663c16491af7938ac5029d383b5cde1e6f80
experiments/colored_step_visual_grounding_ablation/artifacts/native_step5/step_rx150/A1_color_only/renders/top.png,22569,ffe0af82776a1b832356ae4f39a531735f98b2a140162dbd2f4a01350ca080d7
experiments/colored_step_visual_grounding_ablation/artifacts/native_step5/step_rx150/A2_color_legend/renders/front.png,23537,9cd3e842064d0e2370b5da266dbd9e12e4a9790eb9e9e5371ae7475d1471eb39
experiments/colored_step_visual_grounding_ablation/artifacts/native_step5/step_rx150/A2_color_legend/renders/isometric.png,46871,7491320486cdc22fd53496c93671d02b18f069fbf8b1945a0075b71cee532c2a
experiments/colored_step_visual_grounding_ablation/artifacts/native_step5/step_rx150/A2_color_legend/renders/left.png,24464,0bd4c2c2fde883efb333ecff3886b862eceee3d2ff6bf5fb2d87ba2d99135e8c
experiments/colored_step_visual_grounding_ablation/artifacts/native_step5/step_rx150/A2_color_legend/renders/rear.png,19846,d1cd94e15ca07061748f70c204e32bc830e5a01947719810d09e949916925c85
experiments/colored_step_visual_grounding_ablation/artifacts/native_step5/step_rx150/A2_color_legend/renders/right.png,25750,7219709bb3ea6e8b73ffc6039a49663c16491af7938ac5029d383b5cde1e6f80
experiments/colored_step_visual_grounding_ablation/artifacts/native_step5/step_rx150/A2_color_legend/renders/top.png,22569,ffe0af82776a1b832356ae4f39a531735f98b2a140162dbd2f4a01350ca080d7
experiments/colored_step_visual_grounding_ablation/artifacts/native_step5/step_rx150/asset_job.json,574,404d5fc15e573113d2e24161b2b346d4baf8fc80d3e6a6a46417fae898a09b92
experiments/colored_step_visual_grounding_ablation/artifacts/native_step5/step_rx150/asset_result.json,422,0666240bea76d6e3ebe7d7779a64df8c67a93486c48cd3c2a9c599eaafa7181f
experiments/colored_step_visual_grounding_ablation/artifacts/native_step5/step_rx150/colored_assembly.FCStd,253119,950f468d480aea3f6ae1cdf17163605b350bc10dcb84288550064ab360a0e9cf
experiments/colored_step_visual_grounding_ablation/artifacts/native_step5/step_rx150/colored_assembly.step,1179274,9c1daea760d27c73ff6a3916182413bdee4b2226028caab0c76bd31373ea2614
experiments/colored_step_visual_grounding_ablation/artifacts/native_step5/step_rx150/colored_step_reopen_preview.png,52472,cbb6ee62f63170cc204c0d937affeaa3d01f1696bf4fda9859de0bffe0578377
experiments/colored_step_visual_grounding_ablation/artifacts/native_step5/step_rx150/component_manifest.json,3097,1880ec809df6960bf45b2c2fc792e01bac707e06f668a1c3a6a53efb3ed8cd7d
experiments/colored_step_visual_grounding_ablation/artifacts/native_step5/step_rx150/evaluator_masks/front/C00.png,13671,7e4b4c0157df4dc0fc230226e1394386ab1552991746b27f8844796abc0a57b3
experiments/colored_step_visual_grounding_ablation/artifacts/native_step5/step_rx150/evaluator_masks/front/C01.png,10002,3184eae2777115fb13555d96b7d6146d99d75841259759b655c6d4cf594a8bf0
experiments/colored_step_visual_grounding_ablation/artifacts/native_step5/step_rx150/evaluator_masks/front/C02.png,10329,994e9cadff9e9ae3448b247852d4c4268a532b0d855441f9e76b5a9b65fbc9c3
experiments/colored_step_visual_grounding_ablation/artifacts/native_step5/step_rx150/evaluator_masks/front/C03.png,11074,f11e1da457df6074106d8ec046f08cd9e3040c24532202f68c90304002af1494
experiments/colored_step_visual_grounding_ablation/artifacts/native_step5/step_rx150/evaluator_masks/front/C04.png,10505,8780c57da05debbeefe12e0a7776a0bb1faef1a90e0c6c5c0fbb97a40153c6fc
experiments/colored_step_visual_grounding_ablation/artifacts/native_step5/step_rx150/evaluator_masks/front/C05.png,10567,9ccc71cbd5f24376ec3f2e2cf368fadba57a951be43d2baafa710490cd20a6bd
experiments/colored_step_visual_grounding_ablation/artifacts/native_step5/step_rx150/evaluator_masks/front/C06.png,10847,ad2ed8be11ba19cf72f53fa8842d72d22f257e64d2c68adb77a83026ca9a553b
experiments/colored_step_visual_grounding_ablation/artifacts/native_step5/step_rx150/evaluator_masks/front/C07.png,10306,3cb554d9fcc53689d461eed8614a5f860fdfd7a8a9d8f1f38ee53ef2affca5af
experiments/colored_step_visual_grounding_ablation/artifacts/native_step5/step_rx150/evaluator_masks/front/C08.png,10291,79cea71388ef0597b58b414baa6b1d3528b3fc135154a0eac367b011a84ee882
experiments/colored_step_visual_grounding_ablation/artifacts/native_step5/step_rx150/evaluator_masks/isometric/C00.png,20359,63e6f2e6f4654b84f9dfefe4bc6a6a64ff8ebe6882ee389cfe444c91e7b073f5
experiments/colored_step_visual_grounding_ablation/artifacts/native_step5/step_rx150/evaluator_masks/isometric/C01.png,14168,045430c08f1862716d1d3a8588123e6b236b8d853ce4d88e81f185a21b210d17
experiments/colored_step_visual_grounding_ablation/artifacts/native_step5/step_rx150/evaluator_masks/isometric/C02.png,12929,34ad283c8f386ab8d10a3e97a570bb39f35b2c00f1427bb67ee81aafe13a3312
experiments/colored_step_visual_grounding_ablation/artifacts/native_step5/step_rx150/evaluator_masks/isometric/C03.png,14193,3d4fdaf6f23af8805ebd3d9f3ff468f528e72709b03956481ab3fbff2603f06e
experiments/colored_step_visual_grounding_ablation/artifacts/native_step5/step_rx150/evaluator_masks/isometric/C04.png,14618,2876795a35e50b11110543abda4a31d781317db5020be348e28d5d27c28c31e8
experiments/colored_step_visual_grounding_ablation/artifacts/native_step5/step_rx150/evaluator_masks/isometric/C05.png,12876,9a648765dac697ac881e8cce4e378c95d224d08984ec39d6a8b08285e8c2eaeb
experiments/colored_step_visual_grounding_ablation/artifacts/native_step5/step_rx150/evaluator_masks/isometric/C06.png,14569,eda9c84890f9f78c85cbeac137b74eeca072889c9e16d3cc8e91bff563e4e721
experiments/colored_step_visual_grounding_ablation/artifacts/native_step5/step_rx150/evaluator_masks/isometric/C07.png,11256,aaa2e80a2aafe6f6ab5f744236481698eca6d9b7b8b9913bf1f816b9cfdf0c44
experiments/colored_step_visual_grounding_ablation/artifacts/native_step5/step_rx150/evaluator_masks/isometric/C08.png,10968,d48865f60c7e3f48150497ab27000fed246b5c73feb235d4250bb254ae221e55
experiments/colored_step_visual_grounding_ablation/artifacts/native_step5/step_rx150/evaluator_masks/left/C00.png,13335,7664eacb5633027f51940ea0f054950ad39727f7b25c2548a8219af52a3a8216
experiments/colored_step_visual_grounding_ablation/artifacts/native_step5/step_rx150/evaluator_masks/left/C01.png,10070,b623ab2311aa147f66d553fb284d50b039a4a84ec132f3014dcdcc3c44a8ed66
experiments/colored_step_visual_grounding_ablation/artifacts/native_step5/step_rx150/evaluator_masks/left/C02.png,10488,c4a004c3cb72a5158638b1aa6f29353c7318f60382d3e69e223ff8c19b4596a0
experiments/colored_step_visual_grounding_ablation/artifacts/native_step5/step_rx150/evaluator_masks/left/C03.png,11502,3f38f3b57a0fd55695af7611148169fd8a2027bac0e7c2b3da2b01b1a1fcda67
experiments/colored_step_visual_grounding_ablation/artifacts/native_step5/step_rx150/evaluator_masks/left/C04.png,11098,d9c71511c5ab5892769fce2737e0823faf35d5820717fd69978571d69cd4b806
experiments/colored_step_visual_grounding_ablation/artifacts/native_step5/step_rx150/evaluator_masks/left/C05.png,10688,44a3f47bbaa8ab5651cf766956ddc9db8f763d3d56ab0824f909e2046a664579
experiments/colored_step_visual_grounding_ablation/artifacts/native_step5/step_rx150/evaluator_masks/left/C06.png,10444,ddbf896555c5e327d37796f54a74a31ad51403b3fa4ea5f364e4dbbf5ec22a5b
experiments/colored_step_visual_grounding_ablation/artifacts/native_step5/step_rx150/evaluator_masks/left/C07.png,10091,4a7e3bf8928867170a6cac34ea36037fea80a9778256651b1c45a2cf16d0ab0f
experiments/colored_step_visual_grounding_ablation/artifacts/native_step5/step_rx150/evaluator_masks/left/C08.png,10420,c525b3d4aa6bda92fc98058ce1c0a5afea100e34ee769937aa9d010c2d470302
experiments/colored_step_visual_grounding_ablation/artifacts/native_step5/step_rx150/evaluator_masks/rear/C00.png,13289,50f35687e21378be7533544f4383971e0e4dc977bd8e681efc19aa974f2a6549
experiments/colored_step_visual_grounding_ablation/artifacts/native_step5/step_rx150/evaluator_masks/rear/C01.png,10043,94529c75a78a33431867b829945c8991fd48bdb91d942da4d5c3164b3db651ef
experiments/colored_step_visual_grounding_ablation/artifacts/native_step5/step_rx150/evaluator_masks/rear/C02.png,10337,f0a840baae36551d81ea8091a590550710771d4e7eb079f58702507140c56f01
experiments/colored_step_visual_grounding_ablation/artifacts/native_step5/step_rx150/evaluator_masks/rear/C03.png,10641,aa20c360577991cb3f6afa98c2f1068683387cc8ff9300f2409ea8ea95737bdf
experiments/colored_step_visual_grounding_ablation/artifacts/native_step5/step_rx150/evaluator_masks/rear/C04.png,10518,83dbf5acba397658231bf0cac955ff649b80faafba04fa23491808f6ffbe8951
experiments/colored_step_visual_grounding_ablation/artifacts/native_step5/step_rx150/evaluator_masks/rear/C05.png,10660,cd51bb49772d8e4e2c71c9d44e04f692ad554147e1d8cba9ef3ef932d1c145d2
experiments/colored_step_visual_grounding_ablation/artifacts/native_step5/step_rx150/evaluator_masks/rear/C06.png,10840,129027b5987dcab3d8b2290e27a6ade65df37076e7f923d8e6c76e2dc03d5a8b
experiments/colored_step_visual_grounding_ablation/artifacts/native_step5/step_rx150/evaluator_masks/rear/C07.png,10000,c4f0276e08f80e2b452e6e8fec16838e972d0bc45acfab91b31e761e5d24408e
experiments/colored_step_visual_grounding_ablation/artifacts/native_step5/step_rx150/evaluator_masks/rear/C08.png,9987,912a58da21393af2c30ab0f9a27bbb877ef21e48954ea4b5ba09063cc4ebb157
experiments/colored_step_visual_grounding_ablation/artifacts/native_step5/step_rx150/evaluator_masks/right/C00.png,13745,9ecec0363044273ea116c52cd580ae681d786a7a2362728ab468ae074619362b
experiments/colored_step_visual_grounding_ablation/artifacts/native_step5/step_rx150/evaluator_masks/right/C01.png,10057,3344a8fab7501c432ae7160b8543f419e26b2e436c32ccce9980d127b79fd1b6
experiments/colored_step_visual_grounding_ablation/artifacts/native_step5/step_rx150/evaluator_masks/right/C02.png,10297,40b32ae72324e5759a6955eee4b330a38cf23ab3af4c21843c2a1b35d4432a84
experiments/colored_step_visual_grounding_ablation/artifacts/native_step5/step_rx150/evaluator_masks/right/C03.png,11501,e40b682a826aea65f90f96cd0f635a4af3b33aa12ca7e14ffeae313337a9e505
experiments/colored_step_visual_grounding_ablation/artifacts/native_step5/step_rx150/evaluator_masks/right/C04.png,11119,70e217cce1891adb5891edd7bb2a645fe650b93ec2e5085bc369e968f1fea3b7
experiments/colored_step_visual_grounding_ablation/artifacts/native_step5/step_rx150/evaluator_masks/right/C05.png,10836,58ee5afb05252944d642a2102a6c09c98e8ad9a720f1423e29b9454f10ce9eb1
experiments/colored_step_visual_grounding_ablation/artifacts/native_step5/step_rx150/evaluator_masks/right/C06.png,10431,923fd9ba4852e34b99c8b93ef5a4c23f75ecb5ca58c6780029cdf973309bee95
experiments/colored_step_visual_grounding_ablation/artifacts/native_step5/step_rx150/evaluator_masks/right/C07.png,10386,1ceb1d916ef275ee49ed9ea882ae0b729c76577635dbc578c317bff9f62f66ff
experiments/colored_step_visual_grounding_ablation/artifacts/native_step5/step_rx150/evaluator_masks/right/C08.png,10073,2ac04553131f85bd6205d60ba53ce81e769bb159ec572641412aadc338070e16
experiments/colored_step_visual_grounding_ablation/artifacts/native_step5/step_rx150/evaluator_masks/top/C00.png,14917,cfd44ec152b323b8767ed87cfb566f22280b21177158c2cf76a1f6e18943a116
experiments/colored_step_visual_grounding_ablation/artifacts/native_step5/step_rx150/evaluator_masks/top/C01.png,11906,4cf5b7be2e84bf8e4f04914c3984993ca3e5903aec28be182f396dceee80e483
experiments/colored_step_visual_grounding_ablation/artifacts/native_step5/step_rx150/evaluator_masks/top/C02.png,11393,f30b8fd1df00a80620b51bf47ba70de118103e4c7a9c15cf7e93cd155b7579ff
experiments/colored_step_visual_grounding_ablation/artifacts/native_step5/step_rx150/evaluator_masks/top/C03.png,10738,9aea6a78802848c37f08f139a4f338e138a3c2e411e76e1674cad019ea69ba11
experiments/colored_step_visual_grounding_ablation/artifacts/native_step5/step_rx150/evaluator_masks/top/C04.png,10911,d01f2305c587e35b9ac6c8c4df8c6261ca74b5f28b134890710094e239ba3d41
experiments/colored_step_visual_grounding_ablation/artifacts/native_step5/step_rx150/evaluator_masks/top/C05.png,10419,c17a85d390cb3c521c3933bf6c21db4481ec1337867cc74c64fd0f6de87f6f57
experiments/colored_step_visual_grounding_ablation/artifacts/native_step5/step_rx150/evaluator_masks/top/C06.png,10301,7e3b4269582e372b6e70248729a44a0fcff51c9f99de7fdef81d272360d3fe5a
experiments/colored_step_visual_grounding_ablation/artifacts/native_step5/step_rx150/evaluator_masks/top/C07.png,10178,88544d7cb77d6a6e36f7e0d3668b4bec1e030398dda942b1c66b12cd07a784b6
experiments/colored_step_visual_grounding_ablation/artifacts/native_step5/step_rx150/evaluator_masks/top/C08.png,10179,3228ec96d0f4cdd00fed9f16b71622c59a1114e580ee54cd80f423c8981ef868
experiments/colored_step_visual_grounding_ablation/artifacts/native_step5/step_rx150/freecad_stderr.txt,59,084e87e873b55857151f36d2447b00a35e8947c6582f4d8a8b7c039fdbce2dc1
experiments/colored_step_visual_grounding_ablation/artifacts/native_step5/step_rx150/freecad_stdout.txt,0,e3b0c44298fc1c149afbf4c8996fb92427ae41e4649b934ca495991b7852b855
experiments/colored_step_visual_grounding_ablation/artifacts/native_step5/step_vx300s/A0_controlled/renders/front.png,18537,0b5625acb1a9aa75df40dc95f3f54ed778604998be1b551730620a5718b26e29
experiments/colored_step_visual_grounding_ablation/artifacts/native_step5/step_vx300s/A0_controlled/renders/isometric.png,39806,cf9ca2f005ee9fd602eb2b3eabb6ce4cc4e8de5a083a220a738e362d5f2d4d77
experiments/colored_step_visual_grounding_ablation/artifacts/native_step5/step_vx300s/A0_controlled/renders/left.png,21799,b5698b35f08a78d800745bc90cc915f3993d82a18a8101f72690ad794ed0c6f4
experiments/colored_step_visual_grounding_ablation/artifacts/native_step5/step_vx300s/A0_controlled/renders/rear.png,19046,8768300f3ea31320da5aea71d127be26bafbbc792973c000f558e29bb46fe26d
experiments/colored_step_visual_grounding_ablation/artifacts/native_step5/step_vx300s/A0_controlled/renders/right.png,22123,18abaf76f7767451680ed720c0002da7e7b4428880e0d14d6b85083617b86458
experiments/colored_step_visual_grounding_ablation/artifacts/native_step5/step_vx300s/A0_controlled/renders/top.png,21632,df4979bf521ff3d6f029b689b98712f4069ec34ee9d6236df92d73f38ded478b
experiments/colored_step_visual_grounding_ablation/artifacts/native_step5/step_vx300s/A1_color_only/renders/front.png,18993,0eb7f0fda7d58331e26d81e47a359fa01ad8702a76f4859f06b4c5f8beae19d4
experiments/colored_step_visual_grounding_ablation/artifacts/native_step5/step_vx300s/A1_color_only/renders/isometric.png,41032,6f11029271fe9a24c1047b211aa5f36e77e825a2f82d38f5a7059b3ace2a5e9a
experiments/colored_step_visual_grounding_ablation/artifacts/native_step5/step_vx300s/A1_color_only/renders/left.png,22680,56f82f86916037aadff2ccb2b4ec58c78532d0aade77e04a0e947e2d414bb7d3
experiments/colored_step_visual_grounding_ablation/artifacts/native_step5/step_vx300s/A1_color_only/renders/rear.png,19347,951aad2209c83d2e2e0646aecb14b578cf35d39baa65e9f207142090082e838d
experiments/colored_step_visual_grounding_ablation/artifacts/native_step5/step_vx300s/A1_color_only/renders/right.png,22868,fdfa328ac773f4ed2207bd9706046392042020b9b617172c9bae46c6bd192e37
experiments/colored_step_visual_grounding_ablation/artifacts/native_step5/step_vx300s/A1_color_only/renders/top.png,22050,6d390d87e25faff7a62ecd163ebdbda0990dec41720e1f13f6974dfbbdf363e3
experiments/colored_step_visual_grounding_ablation/artifacts/native_step5/step_vx300s/A2_color_legend/renders/front.png,18993,0eb7f0fda7d58331e26d81e47a359fa01ad8702a76f4859f06b4c5f8beae19d4
experiments/colored_step_visual_grounding_ablation/artifacts/native_step5/step_vx300s/A2_color_legend/renders/isometric.png,41032,6f11029271fe9a24c1047b211aa5f36e77e825a2f82d38f5a7059b3ace2a5e9a
experiments/colored_step_visual_grounding_ablation/artifacts/native_step5/step_vx300s/A2_color_legend/renders/left.png,22680,56f82f86916037aadff2ccb2b4ec58c78532d0aade77e04a0e947e2d414bb7d3
experiments/colored_step_visual_grounding_ablation/artifacts/native_step5/step_vx300s/A2_color_legend/renders/rear.png,19347,951aad2209c83d2e2e0646aecb14b578cf35d39baa65e9f207142090082e838d
experiments/colored_step_visual_grounding_ablation/artifacts/native_step5/step_vx300s/A2_color_legend/renders/right.png,22868,fdfa328ac773f4ed2207bd9706046392042020b9b617172c9bae46c6bd192e37
experiments/colored_step_visual_grounding_ablation/artifacts/native_step5/step_vx300s/A2_color_legend/renders/top.png,22050,6d390d87e25faff7a62ecd163ebdbda0990dec41720e1f13f6974dfbbdf363e3
experiments/colored_step_visual_grounding_ablation/artifacts/native_step5/step_vx300s/asset_job.json,564,5988a84f7df74ad227ac7c0875a8cfa8fef9687234b2597da07dd1a7cd7e21c4
experiments/colored_step_visual_grounding_ablation/artifacts/native_step5/step_vx300s/asset_result.json,425,5b0f3aa487fe45857e964b4e66ae496d60517c1e1dc82b6d65eaf7637a830e8a
experiments/colored_step_visual_grounding_ablation/artifacts/native_step5/step_vx300s/colored_assembly.FCStd,824794,be8d881d4a1d235d9554eb949c32dcc62a277ca60ddb80ba25360ba191529731
experiments/colored_step_visual_grounding_ablation/artifacts/native_step5/step_vx300s/colored_assembly.step,2808625,60c1ebcfcfa36e5c7b644b2b36ed68c04608e8e2bae612dbf9244803cf0aab8e
experiments/colored_step_visual_grounding_ablation/artifacts/native_step5/step_vx300s/colored_step_reopen_preview.png,41485,4152b16e54c03add9f4cb99825357c9781a954b751a6a75dd2b3bc10fe3be124
experiments/colored_step_visual_grounding_ablation/artifacts/native_step5/step_vx300s/component_manifest.json,7754,ea750be03398b14f59426d09592566506a5d2aca6b99a90a4ba6979c99c81ce1
experiments/colored_step_visual_grounding_ablation/artifacts/native_step5/step_vx300s/evaluator_masks/front/C00.png,12891,46f868a38eef1e43f396d33a9e2c8e32342ac3df23c4aa1b71b67dcffaa3c950
experiments/colored_step_visual_grounding_ablation/artifacts/native_step5/step_vx300s/evaluator_masks/front/C01.png,10346,8d7611297a0f6c20a92f072eb0855d044fd5a7a4a629c72d1988d7474d1dec17
experiments/colored_step_visual_grounding_ablation/artifacts/native_step5/step_vx300s/evaluator_masks/front/C02.png,11437,4a4def53ed7608b36ca0034cdf26716080d777b70527c2653262ffef9a86d35b
experiments/colored_step_visual_grounding_ablation/artifacts/native_step5/step_vx300s/evaluator_masks/front/C03.png,10226,b1040f8a571f85c730e4adeb5710ffe6c52961f6ce62dd0c8c621af9b47d4ddf
experiments/colored_step_visual_grounding_ablation/artifacts/native_step5/step_vx300s/evaluator_masks/front/C04.png,10323,62aebb44dc22cbc161f84ddcf3dc2b5212744469c7038fb2788617ed1e276c3b
experiments/colored_step_visual_grounding_ablation/artifacts/native_step5/step_vx300s/evaluator_masks/front/C05.png,10378,ac9b3a2f8f9dff882d83e150739420548fe12049d2223d98423c12be0808a412
experiments/colored_step_visual_grounding_ablation/artifacts/native_step5/step_vx300s/evaluator_masks/front/C06.png,10045,b5d0150fd1c921bf0bd0717dd48f33c72a519383529253af0927789b26390c2d
experiments/colored_step_visual_grounding_ablation/artifacts/native_step5/step_vx300s/evaluator_masks/front/C07.png,9745,d33b2d671d7c32cdcc933a71e77d9cbdeaf08a0d31f6c3ffa2bcd6f9048d8f08
experiments/colored_step_visual_grounding_ablation/artifacts/native_step5/step_vx300s/evaluator_masks/front/C08.png,9981,b316621ceb888cdd9b0fd62249ebb56017141075c23e61f709b747bae3d5fd13
experiments/colored_step_visual_grounding_ablation/artifacts/native_step5/step_vx300s/evaluator_masks/front/C09.png,9689,374dbd6ffe81cf467356c74a861dd91a17af206f5ea2839e99cc056c072c0515
experiments/colored_step_visual_grounding_ablation/artifacts/native_step5/step_vx300s/evaluator_masks/front/C10.png,9809,4980dd1e4c73becd055a16a3a9a7ed2c0045300eaa48b2ee115652e8916ccb3e
experiments/colored_step_visual_grounding_ablation/artifacts/native_step5/step_vx300s/evaluator_masks/front/C11.png,9753,73388156d71cea9bdc23482f8f0744a4d188cc5258f09376effeab08e7d26178
experiments/colored_step_visual_grounding_ablation/artifacts/native_step5/step_vx300s/evaluator_masks/front/C12.png,9813,0b42bdbce7f96ac8c17b5194301e23e6a6a519d21e33639dc6988ca9a6b6fdd1
experiments/colored_step_visual_grounding_ablation/artifacts/native_step5/step_vx300s/evaluator_masks/front/C13.png,9901,f8df6fb7559ad5384bd7a63c650f72839ced2aa1dbdea246d05621c61548030e
experiments/colored_step_visual_grounding_ablation/artifacts/native_step5/step_vx300s/evaluator_masks/front/C14.png,9853,6856feea7133c5ff4b8706d99bfc7618200f297a8e8ecaf3dd07d4fd0d05cfb7
experiments/colored_step_visual_grounding_ablation/artifacts/native_step5/step_vx300s/evaluator_masks/front/C15.png,9712,94730db5e8cd0a3dcaf6ff703cc7bafe21e1be5595eed865af874b9a57c43065
experiments/colored_step_visual_grounding_ablation/artifacts/native_step5/step_vx300s/evaluator_masks/front/C16.png,9722,abc115fc4978e2c0e50dd7712e62624b1463bb352ae6e5f061ae0415a22fbb90
experiments/colored_step_visual_grounding_ablation/artifacts/native_step5/step_vx300s/evaluator_masks/front/C17.png,9960,4f426364ed29ba1b2c5e4b99f06145f15a3d5095f56e88020002b981f4fed11e
experiments/colored_step_visual_grounding_ablation/artifacts/native_step5/step_vx300s/evaluator_masks/front/C18.png,9726,58a562ca972e4fd8c1dd787f2a18bb02d938a74d521ac27dcf15cae1619e6937
experiments/colored_step_visual_grounding_ablation/artifacts/native_step5/step_vx300s/evaluator_masks/front/C19.png,9817,a9661b1f1b10bffecff38e33ef3104eecc3d4d57685ede8b3a63ec6c2be594e0
experiments/colored_step_visual_grounding_ablation/artifacts/native_step5/step_vx300s/evaluator_masks/front/C20.png,9997,f89044f8b3a41ed19e02c190e3bdca55919a924e7e601590a39385e585dccd35
experiments/colored_step_visual_grounding_ablation/artifacts/native_step5/step_vx300s/evaluator_masks/front/C21.png,9901,dac0af60c69f9047424f726886367da48c07d40d0187ea7f56b2745803aa77ba
experiments/colored_step_visual_grounding_ablation/artifacts/native_step5/step_vx300s/evaluator_masks/front/C22.png,9808,bb21196d7c0680a29719920dda0241c7f4f49afc5134c3c0b3af74546d863efb
experiments/colored_step_visual_grounding_ablation/artifacts/native_step5/step_vx300s/evaluator_masks/front/C23.png,9980,e0dd2fc8ce1852ff58aaf2869cdfa654895f6a187b5afa088401ea6c0bb628e9
experiments/colored_step_visual_grounding_ablation/artifacts/native_step5/step_vx300s/evaluator_masks/isometric/C00.png,16399,a22eba591cee1fd0f8154ec1a1920c80d3f26d7be3bcd62c60b2e7a4e64f24be
experiments/colored_step_visual_grounding_ablation/artifacts/native_step5/step_vx300s/evaluator_masks/isometric/C01.png,12602,64d5e7b8b642b068695f0587baa60d4c14826de675e4952d4a4659bb1dfbc0f7
experiments/colored_step_visual_grounding_ablation/artifacts/native_step5/step_vx300s/evaluator_masks/isometric/C02.png,14522,2ec8c034499feec67a7976a364686b9c4a36be85c81c6ccb4d4ffa1a81fca32d
experiments/colored_step_visual_grounding_ablation/artifacts/native_step5/step_vx300s/evaluator_masks/isometric/C03.png,13916,7b2a4acedb676ae58f76e41a35cf8ee9e29c564c614fb98aa72995a8d95b1855
experiments/colored_step_visual_grounding_ablation/artifacts/native_step5/step_vx300s/evaluator_masks/isometric/C04.png,12783,32b2fb01d82f9229bd301c6b6360d96fdda3876773a86c7815e002f476bb201e
experiments/colored_step_visual_grounding_ablation/artifacts/native_step5/step_vx300s/evaluator_masks/isometric/C05.png,12283,64f9a7f88e10a5e79ad8c97047bfd4201698660e6c7395ed20bcc9a9f85e559f
experiments/colored_step_visual_grounding_ablation/artifacts/native_step5/step_vx300s/evaluator_masks/isometric/C06.png,11682,8219f8a23782d72e2c78c97d1ace953d36c50bd6a6b782075f506b0fd6806f44
experiments/colored_step_visual_grounding_ablation/artifacts/native_step5/step_vx300s/evaluator_masks/isometric/C07.png,9796,148001e3ad0da6fc2aa8573fe279d28bfc455d898c3b76140ea4bc7cb283df37
experiments/colored_step_visual_grounding_ablation/artifacts/native_step5/step_vx300s/evaluator_masks/isometric/C08.png,11461,227f3f21c3f06e7d03fc7fdd912b388c60d48b5cac9dbcbb6e1a78e3617c9ccf
experiments/colored_step_visual_grounding_ablation/artifacts/native_step5/step_vx300s/evaluator_masks/isometric/C09.png,9904,55eae97dc8cd76f438c08b1d9155b978c05182452d5f57938e0fa30e9ebc62e5
experiments/colored_step_visual_grounding_ablation/artifacts/native_step5/step_vx300s/evaluator_masks/isometric/C10.png,9952,786d7b29d4052265ac1fb7b83de79c855e1e8d164ec9e0bd9941f402bbb948f2
experiments/colored_step_visual_grounding_ablation/artifacts/native_step5/step_vx300s/evaluator_masks/isometric/C11.png,9881,fd6b6e9b75ef6d43a08ca9c0c8aeedc652a33f288e618538c8afb2e15bbb172c
experiments/colored_step_visual_grounding_ablation/artifacts/native_step5/step_vx300s/evaluator_masks/isometric/C12.png,10002,d7e932f7c880e314b9d0fbaa08d9029deed1c365d0d74c598d70df8ea881f37b
experiments/colored_step_visual_grounding_ablation/artifacts/native_step5/step_vx300s/evaluator_masks/isometric/C13.png,10588,8fd72b690eaf54ab37d705dd58e83c3e70ba2f2f8823ba04520ab067623e2949
experiments/colored_step_visual_grounding_ablation/artifacts/native_step5/step_vx300s/evaluator_masks/isometric/C14.png,10296,203fd2d6746d50aebdfa88c5a966472b66de698f48afbeffcb3c22d90289115b
experiments/colored_step_visual_grounding_ablation/artifacts/native_step5/step_vx300s/evaluator_masks/isometric/C15.png,10112,2a35e3cb27a0b83365156f2673cfe9fb4bd6dcbfc0a31eb10392b28e98e95c02
experiments/colored_step_visual_grounding_ablation/artifacts/native_step5/step_vx300s/evaluator_masks/isometric/C16.png,10041,11b624d8b17a53b72abfd8c96c685895d8086210b1b8e4727215e870f87a9e3a
experiments/colored_step_visual_grounding_ablation/artifacts/native_step5/step_vx300s/evaluator_masks/isometric/C17.png,11370,89ee09e5d567f9b939244b1c65ade5cca717e620d9767c436fe7f1f0598b0281
experiments/colored_step_visual_grounding_ablation/artifacts/native_step5/step_vx300s/evaluator_masks/isometric/C18.png,10502,e092766676f04a16b545cf83ffc5e3ce1a40d799071e09b29fa9bd9d57156c75
experiments/colored_step_visual_grounding_ablation/artifacts/native_step5/step_vx300s/evaluator_masks/isometric/C19.png,10950,5f77ce12b9fc13c49602a49ad1bef6bd59664b8cb6a1cfa3ed80d86dc4384f0b
experiments/colored_step_visual_grounding_ablation/artifacts/native_step5/step_vx300s/evaluator_masks/isometric/C20.png,10488,b3137c551f342a220813284b386f498cab6af47e9ecf94d0d483a39aae56a0b4
experiments/colored_step_visual_grounding_ablation/artifacts/native_step5/step_vx300s/evaluator_masks/isometric/C21.png,11353,6542216d23792f4f0fcc4dad7d6094a76cff6a0d3217253a6aa6b52072167413
experiments/colored_step_visual_grounding_ablation/artifacts/native_step5/step_vx300s/evaluator_masks/isometric/C22.png,10340,818df03f91351c94574f81f644e229ca3e4e7da2231a413fc69d4c2ddb034b94
experiments/colored_step_visual_grounding_ablation/artifacts/native_step5/step_vx300s/evaluator_masks/isometric/C23.png,10816,b78d99977bd59c64cfe3bd4d3d6ee57f93e35c1214cf4e216f0286feb2730cb9
experiments/colored_step_visual_grounding_ablation/artifacts/native_step5/step_vx300s/evaluator_masks/left/C00.png,12828,f834a06c159622216b6e945e2004ccb4d3886b1c037773d0cc3743378eca3c92
experiments/colored_step_visual_grounding_ablation/artifacts/native_step5/step_vx300s/evaluator_masks/left/C01.png,10394,b7fd5b6d9cdc84162e85d771bff03f0584793821f4e40be07453983a433d18a7
experiments/colored_step_visual_grounding_ablation/artifacts/native_step5/step_vx300s/evaluator_masks/left/C02.png,11031,0215840f464c3b24b57d2524f48f39fb079c918c05ff7868e595350e2aebf37e
experiments/colored_step_visual_grounding_ablation/artifacts/native_step5/step_vx300s/evaluator_masks/left/C03.png,10315,1b67728a01ee634b51142c6f7d48afd8500726b24e5205334b1288e9f75e8ffc
experiments/colored_step_visual_grounding_ablation/artifacts/native_step5/step_vx300s/evaluator_masks/left/C04.png,10523,a82e036265e44de4d3740fe6079cd351d8ae42b8e717448024c21874fa99ed6e
experiments/colored_step_visual_grounding_ablation/artifacts/native_step5/step_vx300s/evaluator_masks/left/C05.png,10514,0a85010cbc31b9b8aa4585865b56f9a25f58ffc7e584c6904d08d29ace531248
experiments/colored_step_visual_grounding_ablation/artifacts/native_step5/step_vx300s/evaluator_masks/left/C06.png,9980,867a17d13bb7b20979b58b1bfc4086afc0731f5ab8cd2f8174470b50ee917f37
experiments/colored_step_visual_grounding_ablation/artifacts/native_step5/step_vx300s/evaluator_masks/left/C07.png,9771,070b7602e8209ce854045c166b99bb584d5039b34af11c7d0dd9d5ef89ed69d9
experiments/colored_step_visual_grounding_ablation/artifacts/native_step5/step_vx300s/evaluator_masks/left/C08.png,10218,2f981c620f25672ab2bbd6b5a60c35d1baf99f330a3a2fe64f36f4274d46efc7
experiments/colored_step_visual_grounding_ablation/artifacts/native_step5/step_vx300s/evaluator_masks/left/C09.png,9697,499e1788c04016b58a701c9c78a3c4627053b4da0774565b58d71b9da4e33e5c
experiments/colored_step_visual_grounding_ablation/artifacts/native_step5/step_vx300s/evaluator_masks/left/C10.png,9804,36c7bcf9239a1cfbe3fdb0abda470d0f53f03e421e38f9ca92accefdb3ddab59
experiments/colored_step_visual_grounding_ablation/artifacts/native_step5/step_vx300s/evaluator_masks/left/C11.png,9723,f809a746b7ebe23e9fe7134ae9906a7206b273ab9929abf28aa9c0f634b51e37
experiments/colored_step_visual_grounding_ablation/artifacts/native_step5/step_vx300s/evaluator_masks/left/C12.png,9731,0c44fdd2e64946c7cb73ea111adbbf823d2e4d93d9f10cd010c2277d85e67fc4
experiments/colored_step_visual_grounding_ablation/artifacts/native_step5/step_vx300s/evaluator_masks/left/C13.png,9728,5acf106e3aac85be2d830838b23598be547ff621625d8adff7f6088f6e9dcd85
experiments/colored_step_visual_grounding_ablation/artifacts/native_step5/step_vx300s/evaluator_masks/left/C14.png,9781,b6043ad64fe9e49e0bf37cebff4a8156490ddbc05d3256a0f6eb18025aa5816a
experiments/colored_step_visual_grounding_ablation/artifacts/native_step5/step_vx300s/evaluator_masks/left/C15.png,9718,27cecaa5bbe127e4f898cb229cca5f233dc2bc82809c911dca9d7368f2b5498e
experiments/colored_step_visual_grounding_ablation/artifacts/native_step5/step_vx300s/evaluator_masks/left/C16.png,9712,2383942981942484cba942e91618af228bc229a10cd9617d823d03bf6847aa4b
experiments/colored_step_visual_grounding_ablation/artifacts/native_step5/step_vx300s/evaluator_masks/left/C17.png,10209,34627174e9d12a0d3198393a44147bc42351eb5ffe6d43bdc809d26a60e933f4
experiments/colored_step_visual_grounding_ablation/artifacts/native_step5/step_vx300s/evaluator_masks/left/C18.png,9844,b398a465505db86fbc8090b76163d4f80f45f18ec8732584adb9668ef0c4d33a
experiments/colored_step_visual_grounding_ablation/artifacts/native_step5/step_vx300s/evaluator_masks/left/C19.png,9855,97c979b14d3283485e131f6bc393a3c7e319fe49616e66e07201b34ea108dd33
experiments/colored_step_visual_grounding_ablation/artifacts/native_step5/step_vx300s/evaluator_masks/left/C20.png,9837,714c6db30b54e64a092c3b9f9c25f590aa103a50b5852424469b5283241ce9c9
experiments/colored_step_visual_grounding_ablation/artifacts/native_step5/step_vx300s/evaluator_masks/left/C21.png,10120,74c7384324029c8be8999b0aee6c9bc1e6e27294832a983f0c028a98aeddbc71
experiments/colored_step_visual_grounding_ablation/artifacts/native_step5/step_vx300s/evaluator_masks/left/C22.png,10273,3be39eb25a55d3ece76ce8123f63d4d90b8cf2f803df55ad27714b8b6c3bfb4e
experiments/colored_step_visual_grounding_ablation/artifacts/native_step5/step_vx300s/evaluator_masks/left/C23.png,10411,dba48557ca6620e50735d29de1fce185d2621c3a73f02af6dd610c2362131f59
experiments/colored_step_visual_grounding_ablation/artifacts/native_step5/step_vx300s/evaluator_masks/rear/C00.png,12432,c3174c3553a64b442740922bc6404cdefddc44fba4e309632c426fae9560000d
experiments/colored_step_visual_grounding_ablation/artifacts/native_step5/step_vx300s/evaluator_masks/rear/C01.png,10380,d5cc82abd216ceca7cf15a9ed67ffaa18abffe523c4048ed61edab284cd89245
experiments/colored_step_visual_grounding_ablation/artifacts/native_step5/step_vx300s/evaluator_masks/rear/C02.png,11106,c0cfe2df3f5e40d318002818bdfdf4702dd85d46fc1e3148855368a72a60b91f
experiments/colored_step_visual_grounding_ablation/artifacts/native_step5/step_vx300s/evaluator_masks/rear/C03.png,10188,25a1223974341adb9a7e5e8139c577dca94b363041784843e33df2398d6fbeef
experiments/colored_step_visual_grounding_ablation/artifacts/native_step5/step_vx300s/evaluator_masks/rear/C04.png,10503,0d8f1f7ce546891ffbaad2d5257dee40fa87b759d7e00140e91bbc6ba1d2a66c
experiments/colored_step_visual_grounding_ablation/artifacts/native_step5/step_vx300s/evaluator_masks/rear/C05.png,10495,894ef1a9d0a442c763a188394a382118fceb7a36af8e71d0ae3de79f8f3ab4b2
experiments/colored_step_visual_grounding_ablation/artifacts/native_step5/step_vx300s/evaluator_masks/rear/C06.png,9850,147ea707c2494dd6167a70935e2ac4304feb860bb67a5222ebc21ae8941db738
experiments/colored_step_visual_grounding_ablation/artifacts/native_step5/step_vx300s/evaluator_masks/rear/C07.png,9748,1b67da5e39a43cd31c075f119883a49f74fbfcf8124fceee08c546027511ff91
experiments/colored_step_visual_grounding_ablation/artifacts/native_step5/step_vx300s/evaluator_masks/rear/C08.png,10171,53f3fd0799896882803191f6af7ffc0a583b8cc6edc253d858103ec2e2983598
experiments/colored_step_visual_grounding_ablation/artifacts/native_step5/step_vx300s/evaluator_masks/rear/C09.png,9691,9597613883c6216ac25de6d3c0ff192c6bbc9300152626d5b9132abc9af204b8
experiments/colored_step_visual_grounding_ablation/artifacts/native_step5/step_vx300s/evaluator_masks/rear/C10.png,9829,5d2125d9115985de204b04ce3be30f2e3584d408247536fcc2d0d6026f31c64c
experiments/colored_step_visual_grounding_ablation/artifacts/native_step5/step_vx300s/evaluator_masks/rear/C11.png,9760,e3802d9951a5e703d362d0076d05fb7481b032d7c9f78867055cd23b2dfa09e9
experiments/colored_step_visual_grounding_ablation/artifacts/native_step5/step_vx300s/evaluator_masks/rear/C12.png,9816,766b2e813752a16e182762ea64f46237457986fec01f67db5fd2f8d8f1888c6c
experiments/colored_step_visual_grounding_ablation/artifacts/native_step5/step_vx300s/evaluator_masks/rear/C13.png,9901,d42fe0bc34d3a568cf34e8be06db7296c8ecc30a0b0cfcbda93819ed64e62984
experiments/colored_step_visual_grounding_ablation/artifacts/native_step5/step_vx300s/evaluator_masks/rear/C14.png,10703,0595b36f9c74571df41bdb496da974630e7965242998f91e9f98ffbd2540c77c
experiments/colored_step_visual_grounding_ablation/artifacts/native_step5/step_vx300s/evaluator_masks/rear/C15.png,9714,af21958795d97c4c9e6ad345312b16ac01612b3a12d6d34be429c686bd70949b
experiments/colored_step_visual_grounding_ablation/artifacts/native_step5/step_vx300s/evaluator_masks/rear/C16.png,9726,29fae8c30a6738193f4bd1eac8f20b9f0724f3753a8f749d8d604bb340590838
experiments/colored_step_visual_grounding_ablation/artifacts/native_step5/step_vx300s/evaluator_masks/rear/C17.png,9885,2520340898a9312e2f0ede9ebf349a8a99ff9cfe13422e5f71b94eb87bc8a45b
experiments/colored_step_visual_grounding_ablation/artifacts/native_step5/step_vx300s/evaluator_masks/rear/C18.png,9792,5d1e4458ccaa3d4c4ad8c1276ed6c9c78ea5345bfd02326e50cdd8f925d0f56b
experiments/colored_step_visual_grounding_ablation/artifacts/native_step5/step_vx300s/evaluator_masks/rear/C19.png,9911,81efe1a0e8ade302704608ff06c6f1edc1fa841e3b5262355c82537e2cd58c78
experiments/colored_step_visual_grounding_ablation/artifacts/native_step5/step_vx300s/evaluator_masks/rear/C20.png,9969,ae645ff787f6b6de53bb2af429ea087bebbc58260d46beb2236e028c7dd1dba4
experiments/colored_step_visual_grounding_ablation/artifacts/native_step5/step_vx300s/evaluator_masks/rear/C21.png,10509,5c8d871ed39c7e21f0074b96a8dacd49feff6b8c8b49efd640791eda0ec49809
experiments/colored_step_visual_grounding_ablation/artifacts/native_step5/step_vx300s/evaluator_masks/rear/C22.png,10801,d266279b35a1f4e257dcef8360e2919f1cd3cc4864eecc707daa2129d996bcf3
experiments/colored_step_visual_grounding_ablation/artifacts/native_step5/step_vx300s/evaluator_masks/rear/C23.png,10104,a5f074c145acf86c8008c1e41495770384ee5daa68abca005b0e6c8fa0ed9d52
experiments/colored_step_visual_grounding_ablation/artifacts/native_step5/step_vx300s/evaluator_masks/right/C00.png,13008,6ff5f4afd6540c122434d9cf40c027d52fd275a03c86021ff953962e5398e406
experiments/colored_step_visual_grounding_ablation/artifacts/native_step5/step_vx300s/evaluator_masks/right/C01.png,10430,99ae1eaeae97bf5ce0344d07004900dd29ef68e5e94d2f72d7b6132040273474
experiments/colored_step_visual_grounding_ablation/artifacts/native_step5/step_vx300s/evaluator_masks/right/C02.png,11083,4c6ceae9cf34fc2be951fcd186d709202a09b0fae9a156c388b6aab9f40dbef7
experiments/colored_step_visual_grounding_ablation/artifacts/native_step5/step_vx300s/evaluator_masks/right/C03.png,10312,43ba09e590c48330bffa4696c58e4e971a19d86477d2fd76dfbc74627aa6df41
experiments/colored_step_visual_grounding_ablation/artifacts/native_step5/step_vx300s/evaluator_masks/right/C04.png,10373,b87be0d81bcf4481f5a2f8cbbc0368d9123f5154299a12347f0e7df3edb6c274
experiments/colored_step_visual_grounding_ablation/artifacts/native_step5/step_vx300s/evaluator_masks/right/C05.png,10608,1b4ebbf00097dc5239623777d9c7d2fd498db86a4a5ef2ecf3458d2123708226
experiments/colored_step_visual_grounding_ablation/artifacts/native_step5/step_vx300s/evaluator_masks/right/C06.png,10240,cd1b2d054ebf54f7520a067f68cf44a3f590a42996ec274e5d2ce70200588b47
experiments/colored_step_visual_grounding_ablation/artifacts/native_step5/step_vx300s/evaluator_masks/right/C07.png,9720,5e41affe7fcccb8f0e9cec1c0a3073111fc3175611dc9b8f0b47b3eb381bb46e
experiments/colored_step_visual_grounding_ablation/artifacts/native_step5/step_vx300s/evaluator_masks/right/C08.png,10455,9e15965b1484632a4ab7a75b3a53333089ef6afa79066a7d6360f73e48cd29c4
experiments/colored_step_visual_grounding_ablation/artifacts/native_step5/step_vx300s/evaluator_masks/right/C09.png,9694,5efffa1c35658519b89899faf000b803efc23677d912048f01082057ed54f471
experiments/colored_step_visual_grounding_ablation/artifacts/native_step5/step_vx300s/evaluator_masks/right/C10.png,9751,227a31bdc797f8a7602c509e54054faf5f90d7f5ae82a1bcd8580d031019e1bc
experiments/colored_step_visual_grounding_ablation/artifacts/native_step5/step_vx300s/evaluator_masks/right/C11.png,9769,6667b90eb05de2c149f59c819f2795e70a8db933d32a8a804a093964916e966b
experiments/colored_step_visual_grounding_ablation/artifacts/native_step5/step_vx300s/evaluator_masks/right/C12.png,9732,52dd22644581a6f4e68c50b982242a5bd688169731faa4c3c3c66ac38f09da36
experiments/colored_step_visual_grounding_ablation/artifacts/native_step5/step_vx300s/evaluator_masks/right/C13.png,9730,a87faf083b1a54693cda37f95bb5a8bcb285f8e1d9a66ab23c8d33df81745a68
experiments/colored_step_visual_grounding_ablation/artifacts/native_step5/step_vx300s/evaluator_masks/right/C14.png,10298,cc3a290c4c3b36d82cf2a05d433569452c4da3a92e72a5304fe0a819623df599
experiments/colored_step_visual_grounding_ablation/artifacts/native_step5/step_vx300s/evaluator_masks/right/C15.png,9714,fb352c8507a77f9350afcd8e21d83edf2276f965dbd531707c72cdeaff2e9d63
experiments/colored_step_visual_grounding_ablation/artifacts/native_step5/step_vx300s/evaluator_masks/right/C16.png,9713,6dadc3ead0aa16e12231fd7c10c6cb95a3c0d6c3aef25c7dc0c367c5cc8bdba1
experiments/colored_step_visual_grounding_ablation/artifacts/native_step5/step_vx300s/evaluator_masks/right/C17.png,9992,9cde7fc044f6336bb51c37d4695e8d7df48b158f1ccf592e575add376bd112e6
experiments/colored_step_visual_grounding_ablation/artifacts/native_step5/step_vx300s/evaluator_masks/right/C18.png,9855,724fca88b0260ca18e0ff8275571c76a2d620aebbc3b800a3bdc2d1df098c315
experiments/colored_step_visual_grounding_ablation/artifacts/native_step5/step_vx300s/evaluator_masks/right/C19.png,9814,075ac148897f656f513a72912be2d86b555c2ce6a799fc06b8de5873b3751f6f
experiments/colored_step_visual_grounding_ablation/artifacts/native_step5/step_vx300s/evaluator_masks/right/C20.png,9896,f7ff6feccae4675059eb0ab6bd56f466fe3dbea16a25b635c2a9d5b55f47349f
experiments/colored_step_visual_grounding_ablation/artifacts/native_step5/step_vx300s/evaluator_masks/right/C21.png,10111,ccaa3c9383e6e96ce4f1080a5323ef6e82ba0edd1ee6bf6afda7378760d8f2f1
experiments/colored_step_visual_grounding_ablation/artifacts/native_step5/step_vx300s/evaluator_masks/right/C22.png,9780,c6fe0daf3f6ceb7c9f5b64a971da8b6e407a6940e1fe8e9562ed85275d8eb8db
experiments/colored_step_visual_grounding_ablation/artifacts/native_step5/step_vx300s/evaluator_masks/right/C23.png,10240,5e698c70a31b8789a814ed14bec301b92501b34d15855844d63a681ed4da60c3
experiments/colored_step_visual_grounding_ablation/artifacts/native_step5/step_vx300s/evaluator_masks/top/C00.png,13264,e259581f7a90d0d7d78697b0edf670fd2843eedeed777a22d9bea0db23b16be3
experiments/colored_step_visual_grounding_ablation/artifacts/native_step5/step_vx300s/evaluator_masks/top/C01.png,11099,a87a9992a96373153945eb077faf6f6597ff3cf4d477a4bde2808ef11baabc76
experiments/colored_step_visual_grounding_ablation/artifacts/native_step5/step_vx300s/evaluator_masks/top/C02.png,11247,3a9c6fe84220bb9510baa865b33b542fdccf537521a8ec49c62af0089cd30caa
experiments/colored_step_visual_grounding_ablation/artifacts/native_step5/step_vx300s/evaluator_masks/top/C03.png,10439,b67d4456e57fe28c9c12d67516c825908903fdfdfecdea4c9ba684fce5c41189
experiments/colored_step_visual_grounding_ablation/artifacts/native_step5/step_vx300s/evaluator_masks/top/C04.png,10904,5f149fe93ca03c57acfbe287b33c824f961cb809f35097969667881113906ae2
experiments/colored_step_visual_grounding_ablation/artifacts/native_step5/step_vx300s/evaluator_masks/top/C05.png,10348,658f8a1b9f1a78d0d426618051e901111d9121984759c3c4070ea6e80bc910b5
experiments/colored_step_visual_grounding_ablation/artifacts/native_step5/step_vx300s/evaluator_masks/top/C06.png,9935,af670e487e490a25497f29df5bb4b26016e947cbe3b9cc9f0a6cea49090c4525
experiments/colored_step_visual_grounding_ablation/artifacts/native_step5/step_vx300s/evaluator_masks/top/C07.png,9776,6e66285cd13ce9d144c1c2c4f80e58a3572a8f08c53e2cc440bb9661eed8b99b
experiments/colored_step_visual_grounding_ablation/artifacts/native_step5/step_vx300s/evaluator_masks/top/C08.png,10234,b7dac7d303adf0a59af8b65d58df9976169e90b4a6a7683e9e0c926c79bc7c97
experiments/colored_step_visual_grounding_ablation/artifacts/native_step5/step_vx300s/evaluator_masks/top/C09.png,9769,73fb8f34724f319b6890ec25537acdf2fead2136a89bf7e7c9eb747960f9c0a0
experiments/colored_step_visual_grounding_ablation/artifacts/native_step5/step_vx300s/evaluator_masks/top/C10.png,9793,1719e0a5941d866e06d01f863113cf65755943369c5e7672e0f7859b0acb2800
experiments/colored_step_visual_grounding_ablation/artifacts/native_step5/step_vx300s/evaluator_masks/top/C11.png,9775,64e6fe3c0732d80cbb42f9e84a1519ebf89eb3570d95687ee7c80de6c57d0af0
experiments/colored_step_visual_grounding_ablation/artifacts/native_step5/step_vx300s/evaluator_masks/top/C12.png,9766,2d8dfd3a3edb8d19215e504742d4b172cffda3a77b923cad1f0d75b538c486ec
experiments/colored_step_visual_grounding_ablation/artifacts/native_step5/step_vx300s/evaluator_masks/top/C13.png,9763,ba2ede82b14f70cb1f3a4f18770fd3c56bac7288c7d38c8a592dc91dc3c2c9ce
experiments/colored_step_visual_grounding_ablation/artifacts/native_step5/step_vx300s/evaluator_masks/top/C14.png,10224,ca0bfe836ca5bc1fc76e97b25ee147075617be73838a59a36cde34156241746c
experiments/colored_step_visual_grounding_ablation/artifacts/native_step5/step_vx300s/evaluator_masks/top/C15.png,9768,7e56680ff451707f4c0702eb99b53e782aeeb05626754e0ee07818573792db45
experiments/colored_step_visual_grounding_ablation/artifacts/native_step5/step_vx300s/evaluator_masks/top/C16.png,9777,76fc248fc79614be4c55c4139def33087aec50737a3b52f661fb80b32ae5d704
experiments/colored_step_visual_grounding_ablation/artifacts/native_step5/step_vx300s/evaluator_masks/top/C17.png,9906,8a1b5ace36c3991e3f710a2d7b9178d37c91a53456b849396a603698762efe60
experiments/colored_step_visual_grounding_ablation/artifacts/native_step5/step_vx300s/evaluator_masks/top/C18.png,9870,e6b38bd61a6f0220622eb41ce692b85e2cb63fb8c9bf5af4b3193581e51e7caf
experiments/colored_step_visual_grounding_ablation/artifacts/native_step5/step_vx300s/evaluator_masks/top/C19.png,9839,1f37ce36ffce39c43ef7fb09f9c56146dc71222118236437d776989324f0bdc3
experiments/colored_step_visual_grounding_ablation/artifacts/native_step5/step_vx300s/evaluator_masks/top/C20.png,9830,4285cb7e6b9d96e2b46c8e57eb8c6db5252b1ec28f4dcbef80a1231060205f4e
experiments/colored_step_visual_grounding_ablation/artifacts/native_step5/step_vx300s/evaluator_masks/top/C21.png,10528,89d547d015d80042fba4cff843e9e5aea8e290d0d7af018e90c6b4527243cfcc
experiments/colored_step_visual_grounding_ablation/artifacts/native_step5/step_vx300s/evaluator_masks/top/C22.png,10122,60c4174e864cf861de28671ee737193af52714268ab15b6ff9ecdb461ff27390
experiments/colored_step_visual_grounding_ablation/artifacts/native_step5/step_vx300s/evaluator_masks/top/C23.png,10293,3ab0378abd7387628a6ac7f2006ce282d9989dd7daca4bf2a6149218fb81ec92
experiments/colored_step_visual_grounding_ablation/artifacts/native_step5/step_vx300s/freecad_stderr.txt,59,084e87e873b55857151f36d2447b00a35e8947c6582f4d8a8b7c039fdbce2dc1
experiments/colored_step_visual_grounding_ablation/artifacts/native_step5/step_vx300s/freecad_stdout.txt,0,e3b0c44298fc1c149afbf4c8996fb92427ae41e4649b934ca495991b7852b855
experiments/colored_step_visual_grounding_ablation/artifacts/native_step5/step_wx200/A0_controlled/renders/front.png,21710,8031249fcd98f73461da6cedc76528c208805de4047a18cc918517496a41abb7
experiments/colored_step_visual_grounding_ablation/artifacts/native_step5/step_wx200/A0_controlled/renders/isometric.png,40458,836f6e1588de1edb3a11f536bb717d8f326566e05034d4c7d1c52f1f1f0e1516
experiments/colored_step_visual_grounding_ablation/artifacts/native_step5/step_wx200/A0_controlled/renders/left.png,23018,36df1b1a35b8087653b876359ab057fddef5f1128e265a6c7bf2d84424ac3385
experiments/colored_step_visual_grounding_ablation/artifacts/native_step5/step_wx200/A0_controlled/renders/rear.png,19863,307649dc9172af482a2423c1b1338226da9a3b35ba8d1fd4991e3edf1f689c09
experiments/colored_step_visual_grounding_ablation/artifacts/native_step5/step_wx200/A0_controlled/renders/right.png,23225,862c137fa507859a4cf340f6898d21a40c8d7ecb5f8de0a3f2aba17004d66ce4
experiments/colored_step_visual_grounding_ablation/artifacts/native_step5/step_wx200/A0_controlled/renders/top.png,18578,368d8c74601b3ab48cb6c98254889498fdab7a6036261b6bfe0dbeb61cdd7f6c
experiments/colored_step_visual_grounding_ablation/artifacts/native_step5/step_wx200/A1_color_only/renders/front.png,21565,c5d9fa2c4dcad33498ea0d432dc1a4efcb2027e405bacdbda81ac7fcce00c344
experiments/colored_step_visual_grounding_ablation/artifacts/native_step5/step_wx200/A1_color_only/renders/isometric.png,41159,1e422d8ba5e86f32062672dda78b735deb04ada52707819fe892f07a7dc03d23
experiments/colored_step_visual_grounding_ablation/artifacts/native_step5/step_wx200/A1_color_only/renders/left.png,22924,78056f904bf805840c23ce1a5a7c3d36050ba13b6e1f1b80a5372c98cb9ce40f
experiments/colored_step_visual_grounding_ablation/artifacts/native_step5/step_wx200/A1_color_only/renders/rear.png,19551,e77f813199b624e478e82d339a6dd31b37f24f482c203576767ebb85159c2bbd
experiments/colored_step_visual_grounding_ablation/artifacts/native_step5/step_wx200/A1_color_only/renders/right.png,23351,92ace38d697e0390cbb89f65ad9f3ae6d398599519d2a117d31f47a27ae786ab
experiments/colored_step_visual_grounding_ablation/artifacts/native_step5/step_wx200/A1_color_only/renders/top.png,18607,924aa39580766a142c7c422a67d9d5d150578cefb84625879a9201c8f970d79a
experiments/colored_step_visual_grounding_ablation/artifacts/native_step5/step_wx200/A2_color_legend/renders/front.png,21565,c5d9fa2c4dcad33498ea0d432dc1a4efcb2027e405bacdbda81ac7fcce00c344
experiments/colored_step_visual_grounding_ablation/artifacts/native_step5/step_wx200/A2_color_legend/renders/isometric.png,41159,1e422d8ba5e86f32062672dda78b735deb04ada52707819fe892f07a7dc03d23
experiments/colored_step_visual_grounding_ablation/artifacts/native_step5/step_wx200/A2_color_legend/renders/left.png,22924,78056f904bf805840c23ce1a5a7c3d36050ba13b6e1f1b80a5372c98cb9ce40f
experiments/colored_step_visual_grounding_ablation/artifacts/native_step5/step_wx200/A2_color_legend/renders/rear.png,19551,e77f813199b624e478e82d339a6dd31b37f24f482c203576767ebb85159c2bbd
experiments/colored_step_visual_grounding_ablation/artifacts/native_step5/step_wx200/A2_color_legend/renders/right.png,23351,92ace38d697e0390cbb89f65ad9f3ae6d398599519d2a117d31f47a27ae786ab
experiments/colored_step_visual_grounding_ablation/artifacts/native_step5/step_wx200/A2_color_legend/renders/top.png,18607,924aa39580766a142c7c422a67d9d5d150578cefb84625879a9201c8f970d79a
experiments/colored_step_visual_grounding_ablation/artifacts/native_step5/step_wx200/asset_job.json,554,80582885addf640af57f75c64106938834e04d0d5a7c37b4a44be941dce3a792
experiments/colored_step_visual_grounding_ablation/artifacts/native_step5/step_wx200/asset_result.json,419,159008766610552ce6348589b89ba92b004f6b561791751c28bbb4f236f155bb
experiments/colored_step_visual_grounding_ablation/artifacts/native_step5/step_wx200/colored_assembly.FCStd,249837,247aeff2c8a945b82f2d07c8f5d61ec7d2a842166ef9c24ea572581ed45db6a0
experiments/colored_step_visual_grounding_ablation/artifacts/native_step5/step_wx200/colored_assembly.step,907625,7e361e8b368e59959b28d36bae5aa3b2da0aa10ab5c640790f55da2433b3bb56
experiments/colored_step_visual_grounding_ablation/artifacts/native_step5/step_wx200/colored_step_reopen_preview.png,42317,6e2b1cc38db499d6c94a9e1445df8459ed0f822d5b2e6894319e84bd21a869ac
experiments/colored_step_visual_grounding_ablation/artifacts/native_step5/step_wx200/component_manifest.json,2812,3b9a08149886e56f8773271262d9757993d45ca5b0f7e41fa535835f288e8c2e
experiments/colored_step_visual_grounding_ablation/artifacts/native_step5/step_wx200/evaluator_masks/front/C00.png,13590,a55486e56acafa09a8f384b6c7f34645c0c53024e5d000df6e2bbecfa289ac69
experiments/colored_step_visual_grounding_ablation/artifacts/native_step5/step_wx200/evaluator_masks/front/C01.png,10306,0d88316e58aabd8fa62909f95cd24d15d329489c63b0afc6a54382c1702c388c
experiments/colored_step_visual_grounding_ablation/artifacts/native_step5/step_wx200/evaluator_masks/front/C02.png,10438,25d0ca3d89ad19ab256abb811db3b7e9dcfdf69d95039881130e56c14974066e
experiments/colored_step_visual_grounding_ablation/artifacts/native_step5/step_wx200/evaluator_masks/front/C03.png,10507,028ca56b984472fa94482da81f194172eb8ac9d0653dacfa502697a76c016e94
experiments/colored_step_visual_grounding_ablation/artifacts/native_step5/step_wx200/evaluator_masks/front/C04.png,10812,220aba7e4f5752beef5a19a7e8ff49b4dce2777e1f1018024a8275fef5ea07b5
experiments/colored_step_visual_grounding_ablation/artifacts/native_step5/step_wx200/evaluator_masks/front/C05.png,10265,fdb9dc30e162251cb472ac4e6c9780b8a13a28ee12a49f4db501e6bc6a72cfc1
experiments/colored_step_visual_grounding_ablation/artifacts/native_step5/step_wx200/evaluator_masks/front/C06.png,10223,ecbab644c7217e7bd1317a9235e421df3e98dd863b0d8e7f01ced0736fbe6caf
experiments/colored_step_visual_grounding_ablation/artifacts/native_step5/step_wx200/evaluator_masks/front/C07.png,10374,3f96ff5419b10d3b709611d2bd954c50fccf9bacd8e9d77136e16108350ac9ab
experiments/colored_step_visual_grounding_ablation/artifacts/native_step5/step_wx200/evaluator_masks/isometric/C00.png,18195,6c29921d46cbda2ae4967098c7eaa6f1406ff0ff2ee1643c1071bc59ae04badc
experiments/colored_step_visual_grounding_ablation/artifacts/native_step5/step_wx200/evaluator_masks/isometric/C01.png,13037,444a20dcd3a3a7785cc03eca016d003c339c8637e7576fb597fd65ad4f761267
experiments/colored_step_visual_grounding_ablation/artifacts/native_step5/step_wx200/evaluator_masks/isometric/C02.png,14613,2cf1b4043099d8cbc241135c47aad8ae9a4e1e21e2df4e8628629572555b2442
experiments/colored_step_visual_grounding_ablation/artifacts/native_step5/step_wx200/evaluator_masks/isometric/C03.png,12654,18d710fab5593114566290fe68d7fc25a33d0d749862a8010a9ac53d6a46fe1b
experiments/colored_step_visual_grounding_ablation/artifacts/native_step5/step_wx200/evaluator_masks/isometric/C04.png,14072,ec10c92115a38fc266722e68ea00b35f1c5c71daf386a86f30e8121d5d90a722
experiments/colored_step_visual_grounding_ablation/artifacts/native_step5/step_wx200/evaluator_masks/isometric/C05.png,11138,708fb31d0fd0291125b05528a885297b8afd5135da3117a32a05c8541bfda7bb
experiments/colored_step_visual_grounding_ablation/artifacts/native_step5/step_wx200/evaluator_masks/isometric/C06.png,10850,4fdae1eb87bd1a7c2198ada13009c5a1f9aa069a54a6bdbe2578b4d9b58bf23e
experiments/colored_step_visual_grounding_ablation/artifacts/native_step5/step_wx200/evaluator_masks/isometric/C07.png,13461,f82f3cc32dfccd4a3efd23f27ccfaddaf76cc98f20d3e9afa06bfaab17c577f8
experiments/colored_step_visual_grounding_ablation/artifacts/native_step5/step_wx200/evaluator_masks/left/C00.png,13697,7bdb9cf8e29a5c044b0bfc4c2a096f88fcbe3b45e5b62cc8093be1700c74392d
experiments/colored_step_visual_grounding_ablation/artifacts/native_step5/step_wx200/evaluator_masks/left/C01.png,10139,052892c798036d40a93555b1b3516feb92493b2b633aea76db6873d09e6a3ab6
experiments/colored_step_visual_grounding_ablation/artifacts/native_step5/step_wx200/evaluator_masks/left/C02.png,11001,23df4b4332ead1f4a82e0b15a6f4ff3689a846b2361103398c9057700299c076
experiments/colored_step_visual_grounding_ablation/artifacts/native_step5/step_wx200/evaluator_masks/left/C03.png,10643,e8256968b9b77eb59a274954a399aaf18e775a25c57cc02e2c37be9355f08beb
experiments/colored_step_visual_grounding_ablation/artifacts/native_step5/step_wx200/evaluator_masks/left/C04.png,10458,ee16e311e4805d073702f79fd65870080444c14cb6988749e9592605d110db1a
experiments/colored_step_visual_grounding_ablation/artifacts/native_step5/step_wx200/evaluator_masks/left/C05.png,10051,d6173c211c7d395bf6afefc07a9c1bebe8302b04e99cc8329bf1e272ce145cbf
experiments/colored_step_visual_grounding_ablation/artifacts/native_step5/step_wx200/evaluator_masks/left/C06.png,10328,8179b05eca1ec7865350e067d2139654a6349f4f8dfa638ee5f65d0a800c4588
experiments/colored_step_visual_grounding_ablation/artifacts/native_step5/step_wx200/evaluator_masks/left/C07.png,10874,87ae683df8183cf9fed86037e7bdcde124a8129187126991269e901acaaeedf5
experiments/colored_step_visual_grounding_ablation/artifacts/native_step5/step_wx200/evaluator_masks/rear/C00.png,12993,1ee7c9ae2a6e2006892ae00ecfaffcf27aeb50618e03bc99f8c0f4f23a5d2a27
experiments/colored_step_visual_grounding_ablation/artifacts/native_step5/step_wx200/evaluator_masks/rear/C01.png,10318,f586d63b12313f62f468697f8d7e7a912901c8244619d8ed478a837712d37e09
experiments/colored_step_visual_grounding_ablation/artifacts/native_step5/step_wx200/evaluator_masks/rear/C02.png,10527,06bef87679a30d76ab3f0200d3de405d1066857aefc8ef19a68ff24fb096e15c
experiments/colored_step_visual_grounding_ablation/artifacts/native_step5/step_wx200/evaluator_masks/rear/C03.png,10674,4388416996e829ac71cf319e62f6080758aa8c92f7aff514ac42d59400fbf692
experiments/colored_step_visual_grounding_ablation/artifacts/native_step5/step_wx200/evaluator_masks/rear/C04.png,10791,e22a2d677345bc4b2995e878b37a799fceab88b7f1cc0f3ef7c2b9f95426d1f0
experiments/colored_step_visual_grounding_ablation/artifacts/native_step5/step_wx200/evaluator_masks/rear/C05.png,9985,36a0c5e458d0c222c3968b9c96925e58817b23353227cba9bdc5e7d0787ff294
experiments/colored_step_visual_grounding_ablation/artifacts/native_step5/step_wx200/evaluator_masks/rear/C06.png,9993,23c96c42081bfbc155ca9129d018db6f5517b898e1fd9d27fbd6411c1a93cf51
experiments/colored_step_visual_grounding_ablation/artifacts/native_step5/step_wx200/evaluator_masks/rear/C07.png,10006,d2fd11d44e49faa2f3fcdce33dc20217d84b0c1f323ef28cb6ae77e6f3a9801b
experiments/colored_step_visual_grounding_ablation/artifacts/native_step5/step_wx200/evaluator_masks/right/C00.png,13971,a8f40da4439b96d175ef2719e4a2a433c749ac8e6ee6e64787bb7317edb00a44
experiments/colored_step_visual_grounding_ablation/artifacts/native_step5/step_wx200/evaluator_masks/right/C01.png,10140,573db77ccd7461dbaeab1ae951ac16c8171bc2d4c999622cc41afb65eaed86b3
experiments/colored_step_visual_grounding_ablation/artifacts/native_step5/step_wx200/evaluator_masks/right/C02.png,10985,a7f163f09016bc8fd6c9ad5efb2e139bf06ca1f2f6d730cd6bd5267ade94169e
experiments/colored_step_visual_grounding_ablation/artifacts/native_step5/step_wx200/evaluator_masks/right/C03.png,10780,84e3fc16dc3f3a76363aa99aed353dce76052d576fdba2e3fd9c39bc3d6f23a9
experiments/colored_step_visual_grounding_ablation/artifacts/native_step5/step_wx200/evaluator_masks/right/C04.png,10400,470592bc0e5f5f6cbb133be119444c91cd90ed980416eb0988cfd3bbf0af21c2
experiments/colored_step_visual_grounding_ablation/artifacts/native_step5/step_wx200/evaluator_masks/right/C05.png,10287,a667d7e1f3c7ef73307a0008642c1d7f9d1ffaa3fe90926a1e7fb1762426a74e
experiments/colored_step_visual_grounding_ablation/artifacts/native_step5/step_wx200/evaluator_masks/right/C06.png,10051,b52c95872ff8d40e7346d11a62cddafad9430b9171976a24e9e62273fa3eda97
experiments/colored_step_visual_grounding_ablation/artifacts/native_step5/step_wx200/evaluator_masks/right/C07.png,10797,6c735657990b344cd4e8cc076c64e3c52374a94cf2cf4a12b7a8374b57bafd07
experiments/colored_step_visual_grounding_ablation/artifacts/native_step5/step_wx200/evaluator_masks/top/C00.png,13211,9875b43d1072ea183d2b74658be6eb68aabfc1cb969e76bad977f037a1dfef63
experiments/colored_step_visual_grounding_ablation/artifacts/native_step5/step_wx200/evaluator_masks/top/C01.png,11013,f6f4b9d15fa14aea5357920c16f14755ee98c1b211c66c61ee47ef893d9dea0c
experiments/colored_step_visual_grounding_ablation/artifacts/native_step5/step_wx200/evaluator_masks/top/C02.png,10816,d351afd077deb225c51dfc8c526540d6f8df83f66afa1b3bca42e77e122e2ab4
experiments/colored_step_visual_grounding_ablation/artifacts/native_step5/step_wx200/evaluator_masks/top/C03.png,10385,08555fb56de3fd4fbe5c747536a5d17d3a40e715f8411da4e7af5caf5ffaf8ff
experiments/colored_step_visual_grounding_ablation/artifacts/native_step5/step_wx200/evaluator_masks/top/C04.png,10301,ea374db4a96909114d3640eae69af94dc05aaa5b9af99f8c93b8239ee2995b95
experiments/colored_step_visual_grounding_ablation/artifacts/native_step5/step_wx200/evaluator_masks/top/C05.png,10145,e5102c4f43b716b6bbc0ea5df69e6409e71732d2ad48d6e269e458442492021a
experiments/colored_step_visual_grounding_ablation/artifacts/native_step5/step_wx200/evaluator_masks/top/C06.png,10166,133f2ca75ba8b250d1a0a263257ff9f7e864a05b3604f5abafe8019ae8a91317
experiments/colored_step_visual_grounding_ablation/artifacts/native_step5/step_wx200/evaluator_masks/top/C07.png,10203,083f843f9c05cc931f8c637711e012c225cf088ffb0e5a36b2e64ad567449f02
experiments/colored_step_visual_grounding_ablation/artifacts/native_step5/step_wx200/freecad_stderr.txt,59,084e87e873b55857151f36d2447b00a35e8947c6582f4d8a8b7c039fdbce2dc1
experiments/colored_step_visual_grounding_ablation/artifacts/native_step5/step_wx200/freecad_stdout.txt,0,e3b0c44298fc1c149afbf4c8996fb92427ae41e4649b934ca495991b7852b855
experiments/colored_step_visual_grounding_ablation/artifacts/native_step5/step_wx250s/A0_controlled/renders/front.png,21639,b8e212f0391ce87ed8168cba597ffb53bc7a1092d5f797b2fc6f65cf441b51ff
experiments/colored_step_visual_grounding_ablation/artifacts/native_step5/step_wx250s/A0_controlled/renders/isometric.png,42202,b92ec0cd71f0e864c5f2104b023495fb62c2900e1c9285057fe11a04d731d292
experiments/colored_step_visual_grounding_ablation/artifacts/native_step5/step_wx250s/A0_controlled/renders/left.png,22928,9829690b82cdac62d154613244d49b30b40f098e6a54fcdea616cdf2b523ec8d
experiments/colored_step_visual_grounding_ablation/artifacts/native_step5/step_wx250s/A0_controlled/renders/rear.png,19986,95996e9b086e8881f370d57b81c047b5c60bef9c1327869e31eec85b992ec7d4
experiments/colored_step_visual_grounding_ablation/artifacts/native_step5/step_wx250s/A0_controlled/renders/right.png,22911,fbbd860eabbe9332309185f54b80fb88f3c0a7dab54df551953e9126a0a4a80c
experiments/colored_step_visual_grounding_ablation/artifacts/native_step5/step_wx250s/A0_controlled/renders/top.png,18347,15c56be480fddd406a4b6fecbb885635a0ec3491df03b02a5fe68504f4b97118
experiments/colored_step_visual_grounding_ablation/artifacts/native_step5/step_wx250s/A1_color_only/renders/front.png,21794,5b3d44a265e426f544d711fe9ade2f1b8c6bc1a3baeb003725db5e615f4b59b5
experiments/colored_step_visual_grounding_ablation/artifacts/native_step5/step_wx250s/A1_color_only/renders/isometric.png,43095,befd88059b8a0e393747ee7b090c237fe8d0345e81a73260bf21f74fe3410cac
experiments/colored_step_visual_grounding_ablation/artifacts/native_step5/step_wx250s/A1_color_only/renders/left.png,22867,4d4a76bd361a89c9466c9eca72b69ea7705bbf6fd06548d4ede6bf53f3bf630d
experiments/colored_step_visual_grounding_ablation/artifacts/native_step5/step_wx250s/A1_color_only/renders/rear.png,19891,34bd5055ad142ea2ea8b4ced61553bd7c3c66fb9dfce6c7fd19d49f4c691e7f5
experiments/colored_step_visual_grounding_ablation/artifacts/native_step5/step_wx250s/A1_color_only/renders/right.png,23070,ecdf6555e9754a69c98a59fcc9fd0ab9c25cb6093260f96801db619cc37cb979
experiments/colored_step_visual_grounding_ablation/artifacts/native_step5/step_wx250s/A1_color_only/renders/top.png,18546,017f858f31f6419f2d1feac8fa6b17f2ef3e3c5cd2f2e37d0cb4d7a7205df6e4
experiments/colored_step_visual_grounding_ablation/artifacts/native_step5/step_wx250s/A2_color_legend/renders/front.png,21794,5b3d44a265e426f544d711fe9ade2f1b8c6bc1a3baeb003725db5e615f4b59b5
experiments/colored_step_visual_grounding_ablation/artifacts/native_step5/step_wx250s/A2_color_legend/renders/isometric.png,43095,befd88059b8a0e393747ee7b090c237fe8d0345e81a73260bf21f74fe3410cac
experiments/colored_step_visual_grounding_ablation/artifacts/native_step5/step_wx250s/A2_color_legend/renders/left.png,22867,4d4a76bd361a89c9466c9eca72b69ea7705bbf6fd06548d4ede6bf53f3bf630d
experiments/colored_step_visual_grounding_ablation/artifacts/native_step5/step_wx250s/A2_color_legend/renders/rear.png,19891,34bd5055ad142ea2ea8b4ced61553bd7c3c66fb9dfce6c7fd19d49f4c691e7f5
experiments/colored_step_visual_grounding_ablation/artifacts/native_step5/step_wx250s/A2_color_legend/renders/right.png,23070,ecdf6555e9754a69c98a59fcc9fd0ab9c25cb6093260f96801db619cc37cb979
experiments/colored_step_visual_grounding_ablation/artifacts/native_step5/step_wx250s/A2_color_legend/renders/top.png,18546,017f858f31f6419f2d1feac8fa6b17f2ef3e3c5cd2f2e37d0cb4d7a7205df6e4
experiments/colored_step_visual_grounding_ablation/artifacts/native_step5/step_wx250s/asset_job.json,563,ff5bf4475841a262e8c5cc4831d1f0be189ad4cd5668619b6cb1dc20814c8d61
experiments/colored_step_visual_grounding_ablation/artifacts/native_step5/step_wx250s/asset_result.json,422,c6c4f1ff9958c927b60cf5d3e41cbac157b9a23b08706e5a0df11f3fca387fe3
experiments/colored_step_visual_grounding_ablation/artifacts/native_step5/step_wx250s/colored_assembly.FCStd,395362,be6ec34c9bcec026f6a1847bd425f7c0cd3f442d00d6123d08b60abc47d6b33e
experiments/colored_step_visual_grounding_ablation/artifacts/native_step5/step_wx250s/colored_assembly.step,1389906,f2458bf2ad92fb3520814c297ebab2a3c3cdef4355b0270321ffc9198e067a14
experiments/colored_step_visual_grounding_ablation/artifacts/native_step5/step_wx250s/colored_step_reopen_preview.png,43018,5d2e9bdc8e8434c9988b0fe6f811c98e7554d77383b94269f88730573e65bb02
experiments/colored_step_visual_grounding_ablation/artifacts/native_step5/step_wx250s/component_manifest.json,3448,c3be29b8ce6cdfea077f6b8a241e7c2e5279779710c6cb04fdb18936be97432b
experiments/colored_step_visual_grounding_ablation/artifacts/native_step5/step_wx250s/evaluator_masks/front/C00.png,13298,b0e9f3f0aff6f4b1b33e817c37eeacd9141cd92f423b02ab7ff7d6965db9cf28
experiments/colored_step_visual_grounding_ablation/artifacts/native_step5/step_wx250s/evaluator_masks/front/C01.png,10346,1ca4508955af5a40bf66eae9046d292400a45afe0525c19685079ee7c1e9fa1a
experiments/colored_step_visual_grounding_ablation/artifacts/native_step5/step_wx250s/evaluator_masks/front/C02.png,11301,0b82143f1f98cb7f554961ca542e554c1c22c0160dbcc63236cbd37f1ba6ac2d
experiments/colored_step_visual_grounding_ablation/artifacts/native_step5/step_wx250s/evaluator_masks/front/C03.png,10119,8a600e477e7f01a7f73ecf9e261374724790caaf9638ef137e52f653c07b1e74
experiments/colored_step_visual_grounding_ablation/artifacts/native_step5/step_wx250s/evaluator_masks/front/C04.png,10460,5ea6c52967961f189ecc536220f826ab964d9554b0cc62ddb089780f555c0ea0
experiments/colored_step_visual_grounding_ablation/artifacts/native_step5/step_wx250s/evaluator_masks/front/C05.png,10465,9f23a75f726ba2ebcb9e5773992ec77a8adab082335f25f47624f65bf9916581
experiments/colored_step_visual_grounding_ablation/artifacts/native_step5/step_wx250s/evaluator_masks/front/C06.png,10715,87f27a936f4688eeda7d665961a28c4e469e9d6fd1da7cbbf916b8eaca964628
experiments/colored_step_visual_grounding_ablation/artifacts/native_step5/step_wx250s/evaluator_masks/front/C07.png,10190,8ea27b306e7d73219b320b2b258176e38321ff053a489d74f030794bc33468aa
experiments/colored_step_visual_grounding_ablation/artifacts/native_step5/step_wx250s/evaluator_masks/front/C08.png,10168,fea454666c862a35180f4a8ea8006057100808a0580850c694554f9951df9b4b
experiments/colored_step_visual_grounding_ablation/artifacts/native_step5/step_wx250s/evaluator_masks/front/C09.png,9690,88dae9db2dd1450eaa5b4c4f7f45719859153db348c5cc55d553a86b22910f47
experiments/colored_step_visual_grounding_ablation/artifacts/native_step5/step_wx250s/evaluator_masks/isometric/C00.png,17458,a13ff0e7a48b779b9e2328f6e19940efda922fad835ebe8cdfbffcadf545eae4
experiments/colored_step_visual_grounding_ablation/artifacts/native_step5/step_wx250s/evaluator_masks/isometric/C01.png,12797,303042b5704129704e94c6e575b6c23a6442a8d54e6c1c59122d3d9c03ea383c
experiments/colored_step_visual_grounding_ablation/artifacts/native_step5/step_wx250s/evaluator_masks/isometric/C02.png,14701,993d697ec083d0f5ec4dc6749e7e04f43cc3f4fabc9d553972f353bf75b732bf
experiments/colored_step_visual_grounding_ablation/artifacts/native_step5/step_wx250s/evaluator_masks/isometric/C03.png,13374,8a49a9e7aa7e1a0c5544d5254fd68aabbf1d933bfb21e3ac783078580d3211f5
experiments/colored_step_visual_grounding_ablation/artifacts/native_step5/step_wx250s/evaluator_masks/isometric/C04.png,13696,62b628b2fcbd57d132037b733fb190b51dffe39655802578fe1c9f65ea577454
experiments/colored_step_visual_grounding_ablation/artifacts/native_step5/step_wx250s/evaluator_masks/isometric/C05.png,12371,3b31bca78d6890dfc87866221dd2a7291beef5c590393bb42e6f99861a487859
experiments/colored_step_visual_grounding_ablation/artifacts/native_step5/step_wx250s/evaluator_masks/isometric/C06.png,13784,4b63acc50629001029f57d1b1bfea75dc2efa253cbe53f23aa9dbb119d49929a
experiments/colored_step_visual_grounding_ablation/artifacts/native_step5/step_wx250s/evaluator_masks/isometric/C07.png,10769,93d5b2a62ca15a7bd1cded2e2d1af527d7f8e95b2a228d9973f150625c919209
experiments/colored_step_visual_grounding_ablation/artifacts/native_step5/step_wx250s/evaluator_masks/isometric/C08.png,11013,42b34d3ac7346741ad2524f42a5b8e35ea3a5c8573eb5247c1e5aae8a324aea0
experiments/colored_step_visual_grounding_ablation/artifacts/native_step5/step_wx250s/evaluator_masks/isometric/C09.png,10110,977030d89c11f83b676c3b4313f8b0f48ac8c794813c034312b9f0ac1dfd86c3
experiments/colored_step_visual_grounding_ablation/artifacts/native_step5/step_wx250s/evaluator_masks/left/C00.png,13518,e4d880114a4388709782c4b39b8a6ae3087e624dbda99f4c8640d6f1b9659c74
experiments/colored_step_visual_grounding_ablation/artifacts/native_step5/step_wx250s/evaluator_masks/left/C01.png,10119,0d59b0fd7ba38ec0e7d10d1fe42ab9afed7e666b6f8d898660d22e62da37b212
experiments/colored_step_visual_grounding_ablation/artifacts/native_step5/step_wx250s/evaluator_masks/left/C02.png,11345,dfd11b603d28350bfa0556ee76291aefe316fdf019f7c1d5ee1a07f98e98e08a
experiments/colored_step_visual_grounding_ablation/artifacts/native_step5/step_wx250s/evaluator_masks/left/C03.png,10627,3471dd7c0abb02e38aa7d8bd9f2a125bfe45d3556defdfdcdd1edf83a033ca16
experiments/colored_step_visual_grounding_ablation/artifacts/native_step5/step_wx250s/evaluator_masks/left/C04.png,10479,be1f3a544899f8dbf15d2c2e368d90af65ab3e3043e158f3bc5c05467197680b
experiments/colored_step_visual_grounding_ablation/artifacts/native_step5/step_wx250s/evaluator_masks/left/C05.png,10581,829f44f772113ec66962537536b80dfb15aed1d46e851bc854e3f56ff5aa3cdc
experiments/colored_step_visual_grounding_ablation/artifacts/native_step5/step_wx250s/evaluator_masks/left/C06.png,10423,27552bd2fdf0ada94f2aadc947471472c6841e61a26212e540da88147c8b9aa3
experiments/colored_step_visual_grounding_ablation/artifacts/native_step5/step_wx250s/evaluator_masks/left/C07.png,10220,bd81d049df13393c6df3b4177fe24657d737e20e050e2556384a00a4783c6e85
experiments/colored_step_visual_grounding_ablation/artifacts/native_step5/step_wx250s/evaluator_masks/left/C08.png,10038,bb98f973e7ce39e8e49f2749eca3e24579b661bd3a373ceb16b58c4ee0d5aafe
experiments/colored_step_visual_grounding_ablation/artifacts/native_step5/step_wx250s/evaluator_masks/left/C09.png,9695,4bc5c17629798ce47cb9d7d1c1eb288314df898ea3edb8ab4d9fbee49fb50fee
experiments/colored_step_visual_grounding_ablation/artifacts/native_step5/step_wx250s/evaluator_masks/rear/C00.png,12627,386bf8f830a815782bd8e56c310d3486d9557f399f6cdd3f8e0dd4e6a2429f09
experiments/colored_step_visual_grounding_ablation/artifacts/native_step5/step_wx250s/evaluator_masks/rear/C01.png,10341,e14f2859fba8029a63ae520cb6eeeeb4548bc4646ab9052da91bab605534cce0
experiments/colored_step_visual_grounding_ablation/artifacts/native_step5/step_wx250s/evaluator_masks/rear/C02.png,11701,24e662978304b7b5d9079db94323b93d6da74c38275bbf5196ca3d2593411d7b
experiments/colored_step_visual_grounding_ablation/artifacts/native_step5/step_wx250s/evaluator_masks/rear/C03.png,10337,d97c6c6901081b912d2f0b9d3acf979ff017484c4229772ac3f0a3fb106de92e
experiments/colored_step_visual_grounding_ablation/artifacts/native_step5/step_wx250s/evaluator_masks/rear/C04.png,10249,e09cfeda2aa42e155da956fc5ad2111047e2c6c86d7788a00610a1cb17ef3edc
experiments/colored_step_visual_grounding_ablation/artifacts/native_step5/step_wx250s/evaluator_masks/rear/C05.png,10655,09704b4a5e7589d13665bac36818953dca63dff583c9462f6c0bdc8dfe722f37
experiments/colored_step_visual_grounding_ablation/artifacts/native_step5/step_wx250s/evaluator_masks/rear/C06.png,10706,9670b672e386888292f64feba8135d607c410d8a04a6eeefc77733619d56b27e
experiments/colored_step_visual_grounding_ablation/artifacts/native_step5/step_wx250s/evaluator_masks/rear/C07.png,9997,2b9580c11d66327420df0f8d66d4ec106ad7862375e1b96030529538ed747bc8
experiments/colored_step_visual_grounding_ablation/artifacts/native_step5/step_wx250s/evaluator_masks/rear/C08.png,9976,fc3b38589f8a742fe7d64a59b510eebc10f829ef6601acb497f44d21874ae7f9
experiments/colored_step_visual_grounding_ablation/artifacts/native_step5/step_wx250s/evaluator_masks/rear/C09.png,9694,f3e3fbe5f8dd595ce308e4804a122adebe07365a6358b0a14383821f3c86cfb2
experiments/colored_step_visual_grounding_ablation/artifacts/native_step5/step_wx250s/evaluator_masks/right/C00.png,13521,1402ec7f6f3c9916feb9c6d359453bfb88173fdbaecf14cea3292430032a900e
experiments/colored_step_visual_grounding_ablation/artifacts/native_step5/step_wx250s/evaluator_masks/right/C01.png,10129,de7ab57b9c6cebae0ba7c21220089b3cacdc25e9859bc2a090a117eff60a2053
experiments/colored_step_visual_grounding_ablation/artifacts/native_step5/step_wx250s/evaluator_masks/right/C02.png,11351,581269a46703657788589bfbc73072240f24284a34a0a12f3446b69482cdc2b5
experiments/colored_step_visual_grounding_ablation/artifacts/native_step5/step_wx250s/evaluator_masks/right/C03.png,10682,ac27c38a991930053c3eb362e76c703e3e5e2ed7878674fa9625621275e0a606
experiments/colored_step_visual_grounding_ablation/artifacts/native_step5/step_wx250s/evaluator_masks/right/C04.png,10262,5ec2aae5ccd1261acea8603f2c7e3a3f503088d7ef05fccbff210b894d9ee584
experiments/colored_step_visual_grounding_ablation/artifacts/native_step5/step_wx250s/evaluator_masks/right/C05.png,10698,3bbbe03cf6a6a1b040c7cd028a488978b3fc2472f518425cc386852c82f05d10
experiments/colored_step_visual_grounding_ablation/artifacts/native_step5/step_wx250s/evaluator_masks/right/C06.png,10391,08c66b0f8aef1256e14dd0f5c96441e83ae5bf2c79441df7cb39bc3d370dad8d
experiments/colored_step_visual_grounding_ablation/artifacts/native_step5/step_wx250s/evaluator_masks/right/C07.png,10052,f2e7bff3b682e13690e8d54d604b61432a58942d3b90668fcdfb697a4fe8a55b
experiments/colored_step_visual_grounding_ablation/artifacts/native_step5/step_wx250s/evaluator_masks/right/C08.png,10235,9c477769554102c8e1df1c86f49bbee2576dc20ddacf45e59b985acd4ef14fad
experiments/colored_step_visual_grounding_ablation/artifacts/native_step5/step_wx250s/evaluator_masks/right/C09.png,9695,ccd4bb48713e3eb031d73e2fb27272923763f361afea1da76eb3a5b70dbf0fdc
experiments/colored_step_visual_grounding_ablation/artifacts/native_step5/step_wx250s/evaluator_masks/top/C00.png,12858,7b6e1e350b4222d9e34e44714787ebc15b4ea068ee085dc0172d66a15f127173
experiments/colored_step_visual_grounding_ablation/artifacts/native_step5/step_wx250s/evaluator_masks/top/C01.png,10891,c08dda2092785d0643447bbf4aa714c18d33ebedd88cd6c73dcc38f557a28200
experiments/colored_step_visual_grounding_ablation/artifacts/native_step5/step_wx250s/evaluator_masks/top/C02.png,10920,0ecbb277f27a3ac916f0d4a53e99420c6199a7182c7b755b449b53570490fca4
experiments/colored_step_visual_grounding_ablation/artifacts/native_step5/step_wx250s/evaluator_masks/top/C03.png,10191,3ef287ac7e7c33a8ec97811cf057e81c7e5338eb835eb1699c454ff7491de567
experiments/colored_step_visual_grounding_ablation/artifacts/native_step5/step_wx250s/evaluator_masks/top/C04.png,10839,e39a15ced9a7aed38680681b782d6fe70d72d695ce090c788300ac180e963828
experiments/colored_step_visual_grounding_ablation/artifacts/native_step5/step_wx250s/evaluator_masks/top/C05.png,10389,c58cce7248320874bee7ce9a60a63a5bb178bb64d3f30cb592c82ba023ad49fa
experiments/colored_step_visual_grounding_ablation/artifacts/native_step5/step_wx250s/evaluator_masks/top/C06.png,10279,ff5762e7ff5c6d43f0b2f8603d6cd30e3399d5325e2d7fefd7e2316fb2d3eccf
experiments/colored_step_visual_grounding_ablation/artifacts/native_step5/step_wx250s/evaluator_masks/top/C07.png,10161,8741575218f4f89dea0fa413bf85079baa129eaface3cf8c2cf57bb109dd9ec7
experiments/colored_step_visual_grounding_ablation/artifacts/native_step5/step_wx250s/evaluator_masks/top/C08.png,10107,7971d2297caae16cb9cd4abd623026eb4d51a3618eeff2a31ff59c57aa599662
experiments/colored_step_visual_grounding_ablation/artifacts/native_step5/step_wx250s/evaluator_masks/top/C09.png,9772,27e7912bdf95ff1957e6fc826e37e223e96260530238a917ccbf72e56ea6e730
experiments/colored_step_visual_grounding_ablation/artifacts/native_step5/step_wx250s/freecad_stderr.txt,59,084e87e873b55857151f36d2447b00a35e8947c6582f4d8a8b7c039fdbce2dc1
experiments/colored_step_visual_grounding_ablation/artifacts/native_step5/step_wx250s/freecad_stdout.txt,0,e3b0c44298fc1c149afbf4c8996fb92427ae41e4649b934ca495991b7852b855
experiments/colored_step_visual_grounding_ablation/runs/e1_replicate_01/A0_controlled/step_px100/api_manifest.json,179,aa1bb6133648f4243a090c29dd1d5bf6ecace4b8000f1be42d3f4923073095db
experiments/colored_step_visual_grounding_ablation/runs/e1_replicate_01/A0_controlled/step_px100/component_grounding_v1.json,7295,a8eb07ce3c39cd593399a1e1fa248e67ec7fea23cbaf5ee6c84716e54fc45d84
experiments/colored_step_visual_grounding_ablation/runs/e1_replicate_01/A0_controlled/step_px100/raw_response.txt,2803,42332b5c622f1220d7c81a8ad28701f617287d08e75de01c644f096eed53fb18
experiments/colored_step_visual_grounding_ablation/runs/e1_replicate_01/A0_controlled/step_rx150/api_manifest.json,179,4e365f1f39b8816e6bedf6add01fd34bb3664a84868880ac69a79ad2766d4681
experiments/colored_step_visual_grounding_ablation/runs/e1_replicate_01/A0_controlled/step_rx150/component_grounding_v1.json,9157,1b9cc4e7209a9b7f7e96bca8093ff0b902dd072d3ddd1d06eda967fed90634bb
experiments/colored_step_visual_grounding_ablation/runs/e1_replicate_01/A0_controlled/step_rx150/raw_response.txt,3588,ac95c2a965aeb5d9828c06394fcc241c6b986113d7c916283c2be4641f8f73b4
experiments/colored_step_visual_grounding_ablation/runs/e1_replicate_01/A0_controlled/step_vx300s/api_manifest.json,180,161b074287cfc49ff2d2a068e1d4fad109f64a481607c98ba0d7d7ae5b2e8b16
experiments/colored_step_visual_grounding_ablation/runs/e1_replicate_01/A0_controlled/step_vx300s/component_grounding_v1.json,11304,439c8943ee10bf1cbad44e5a348a7aa18a3bf0473d9d32e30cdb0e0dabafb80d
experiments/colored_step_visual_grounding_ablation/runs/e1_replicate_01/A0_controlled/step_vx300s/raw_response.txt,4540,9663eab9fae313ad07ac48559cd980974bc56e6423b59ea05be813ab7f93c1db
experiments/colored_step_visual_grounding_ablation/runs/e1_replicate_01/A0_controlled/step_wx200/api_manifest.json,178,432e7fc1f77557a0287eac0106e574c5b6a3bc8815550031795de15cd4f6a455
experiments/colored_step_visual_grounding_ablation/runs/e1_replicate_01/A0_controlled/step_wx200/component_grounding_v1.json,7949,54bc926e586db0203c41507266cde78fef616336290b8ad783d20bc5ad9a8e15
experiments/colored_step_visual_grounding_ablation/runs/e1_replicate_01/A0_controlled/step_wx200/raw_response.txt,3239,b939273354ae45b44dd7c31749d1b6e5ea1d5738504fd988cf41ec3f8ac7e6b9
experiments/colored_step_visual_grounding_ablation/runs/e1_replicate_01/A0_controlled/step_wx250s/api_manifest.json,180,a2268c50ead094d68343a0473fa0c16b3a1be7093e7cfca4472c33a16334dacc
experiments/colored_step_visual_grounding_ablation/runs/e1_replicate_01/A0_controlled/step_wx250s/component_grounding_v1.json,10882,d817a164e5ed9f4ba606d78d400d31c2039d0eee30d7f3780c4aabd28e49e1d0
experiments/colored_step_visual_grounding_ablation/runs/e1_replicate_01/A0_controlled/step_wx250s/raw_response.txt,4334,67d39e5f4fdb6a116713a167279afc59d6422d49c42b2c9dd3795e4d667a1bb0
experiments/colored_step_visual_grounding_ablation/runs/e1_replicate_01/A1_color_only/step_px100/api_manifest.json,180,811f8a2014e2231c2e0a30a33f3ad20e81eb4ca635b612a86a816e49d1694045
experiments/colored_step_visual_grounding_ablation/runs/e1_replicate_01/A1_color_only/step_px100/component_grounding_v1.json,7129,4b66b991f654be065061cdcef8863f115ce97db80b6ae0714fa1092fc0271b61
experiments/colored_step_visual_grounding_ablation/runs/e1_replicate_01/A1_color_only/step_px100/raw_response.txt,2775,ea9cfc8fb8e628ee8016a54a190e96f17985fb7bf0a90e91fcade47f90bba8e4
experiments/colored_step_visual_grounding_ablation/runs/e1_replicate_01/A1_color_only/step_rx150/api_manifest.json,179,eb7d2d2e06b04a7356a1b3e9c77f4642053eb276caa6c85624c8707ef7e51f52
experiments/colored_step_visual_grounding_ablation/runs/e1_replicate_01/A1_color_only/step_rx150/component_grounding_v1.json,11282,e4022f109298d4b7fee583f742ef2c6c9d771aa710b6383a5e1b2db8af297350
experiments/colored_step_visual_grounding_ablation/runs/e1_replicate_01/A1_color_only/step_rx150/raw_response.txt,4477,8011f67ee12c613447275afa6c0a8cc0de871e8b6e3bdb512d6919847dc04853
experiments/colored_step_visual_grounding_ablation/runs/e1_replicate_01/A1_color_only/step_vx300s/api_manifest.json,179,e82e1e331ed1861eb88255621dfc47bbd1a71e16be374ef44272e6589fa78e7e
experiments/colored_step_visual_grounding_ablation/runs/e1_replicate_01/A1_color_only/step_vx300s/component_grounding_v1.json,22406,6652ae9141ed5a43ba19e0a79d1baa652ef5c82910676ad11ff66e1a2836dd20
experiments/colored_step_visual_grounding_ablation/runs/e1_replicate_01/A1_color_only/step_vx300s/raw_response.txt,9017,4c73b45a150e4424d6b9646b3d7c69e45a9ea74bec1da97ca8cc52d71ce42d6e
experiments/colored_step_visual_grounding_ablation/runs/e1_replicate_01/A1_color_only/step_wx200/api_manifest.json,179,6bc15a4b250c3e4da0242f1ce77f770955f83d599f7165dfb8776f27a261b108
experiments/colored_step_visual_grounding_ablation/runs/e1_replicate_01/A1_color_only/step_wx200/component_grounding_v1.json,10113,1ea10c0ce3552be74694f1cf6a9a8dfe68ea872f6f5ddd816eb8064622d58ed5
experiments/colored_step_visual_grounding_ablation/runs/e1_replicate_01/A1_color_only/step_wx200/raw_response.txt,3788,61d8a96715f757d5205db0775baf6cf950ebea5a8d62c45c2a5e5d2129d7927e
experiments/colored_step_visual_grounding_ablation/runs/e1_replicate_01/A1_color_only/step_wx250s/api_manifest.json,179,50173d893fd341237ae50c1497c8d9371e23598ae6d2d3dc89065c6dc1c089cc
experiments/colored_step_visual_grounding_ablation/runs/e1_replicate_01/A1_color_only/step_wx250s/component_grounding_v1.json,9529,78c688ebbb2a9b8205bdd4ce2d6536cfeb87bfe10a8c985be1b63a3d404e6679
experiments/colored_step_visual_grounding_ablation/runs/e1_replicate_01/A1_color_only/step_wx250s/raw_response.txt,3786,ba5302dbcb13ecde1400627774c6ee4cac0fc81171ad2285cf308a2924edc271
experiments/colored_step_visual_grounding_ablation/runs/e1_replicate_01/A2_color_legend/step_px100/api_manifest.json,180,de6c124a080e0a4505e5f933912836ffd91b87118da5cae8cbbc0e6fcf18875a
experiments/colored_step_visual_grounding_ablation/runs/e1_replicate_01/A2_color_legend/step_px100/component_grounding_v1.json,7309,5d23fb83c1813779ff3ce7de41167dbfed798ac922a6912c8626c941b81705df
experiments/colored_step_visual_grounding_ablation/runs/e1_replicate_01/A2_color_legend/step_px100/raw_response.txt,2817,4f6b87718d5595b3bf9dfba015ef92ef98dc972d0ec3a8b87333ae62b19069c6
experiments/colored_step_visual_grounding_ablation/runs/e1_replicate_01/A2_color_legend/step_rx150/failure.json,73,63c9095a527d416f8fcda61cc8d6097898245cf4d52dc348f6c42977300b65cc
experiments/colored_step_visual_grounding_ablation/runs/e1_replicate_01/A2_color_legend/step_vx300s/api_manifest.json,180,8e977c821b63f250d76fc483b7e52ff8b7706629935bd7143c7c5b353104d343
experiments/colored_step_visual_grounding_ablation/runs/e1_replicate_01/A2_color_legend/step_vx300s/component_grounding_v1.json,20078,8490532976fa235e3c319c938b49bbc8159eec700685186d261f89b8fe8740db
experiments/colored_step_visual_grounding_ablation/runs/e1_replicate_01/A2_color_legend/step_vx300s/raw_response.txt,8209,8d7f881fc2d8f959df3d62755e59adfa7be10ac2fc874a83806144ff6bfcf716
experiments/colored_step_visual_grounding_ablation/runs/e1_replicate_01/A2_color_legend/step_wx200/api_manifest.json,180,fdef85a15d1ca66ce62d2410835786bf4d6f3e1bf420c87e2f7ed0a58e4f7d46
experiments/colored_step_visual_grounding_ablation/runs/e1_replicate_01/A2_color_legend/step_wx200/component_grounding_v1.json,8319,f65c6d628ccf1e87c9acc86be2b09a6b0a547368219e066143e2b2de7dc4349c
experiments/colored_step_visual_grounding_ablation/runs/e1_replicate_01/A2_color_legend/step_wx200/raw_response.txt,3236,71aab0f06c7377421026ab5c8f631710b621389096f9ae3b15b59f9895fcfa21
experiments/colored_step_visual_grounding_ablation/runs/e1_replicate_01/A2_color_legend/step_wx250s/api_manifest.json,179,ac8955fede16f8c756a74ed474ffe57f2a84fddc05c8df978166c85a5944e3cb
experiments/colored_step_visual_grounding_ablation/runs/e1_replicate_01/A2_color_legend/step_wx250s/component_grounding_v1.json,10109,79aaf3d4963f09f5f8fc9429e5c361dff0feb59a623932fe18cf20eb5c082144
experiments/colored_step_visual_grounding_ablation/runs/e1_replicate_01/A2_color_legend/step_wx250s/raw_response.txt,4175,826fe0d207a271ec3a8f5bcd47255a00718f2671387c3b734e3bd573e5c480bd
experiments/colored_step_visual_grounding_ablation/runs/e1_replicate_02/A0_controlled/step_px100/api_manifest.json,179,a653bb1f5e04e80761f81e7803f1d756f9f930ffaa9e68d4996fb14be9161254
experiments/colored_step_visual_grounding_ablation/runs/e1_replicate_02/A0_controlled/step_px100/component_grounding_v1.json,8423,7600967bc82ddea9da7281aaf79f58c5530f907d2aca9d4029814a41142dc076
experiments/colored_step_visual_grounding_ablation/runs/e1_replicate_02/A0_controlled/step_px100/raw_response.txt,3208,c7892991691f8233213c8b25c32eabf361447cdd0bfc6f0e83ce7e5b59b2648f
experiments/colored_step_visual_grounding_ablation/runs/e1_replicate_02/A0_controlled/step_rx150/api_manifest.json,178,4175786b42cbdf5314dd2d57d62d14610f8213430108753dfccb6e1abd58b904
experiments/colored_step_visual_grounding_ablation/runs/e1_replicate_02/A0_controlled/step_rx150/component_grounding_v1.json,8858,3804c3e1f5821d49d27375889306bc613b24a5925c286b7b8f07919589e4988e
experiments/colored_step_visual_grounding_ablation/runs/e1_replicate_02/A0_controlled/step_rx150/raw_response.txt,3486,517c06d01c175b434d20d77307849c8a484f7f852a2eb738950f7fd410d6b8d0
experiments/colored_step_visual_grounding_ablation/runs/e1_replicate_02/A0_controlled/step_vx300s/api_manifest.json,179,f762ab22a8b383f0f733d1f167cd85ebaf2aaa6877c69c563406ceaab5fc47df
experiments/colored_step_visual_grounding_ablation/runs/e1_replicate_02/A0_controlled/step_vx300s/component_grounding_v1.json,13217,365572359e76102b395ecff68d487863292338a78003b71c4eda0ea7a00dd14d
experiments/colored_step_visual_grounding_ablation/runs/e1_replicate_02/A0_controlled/step_vx300s/raw_response.txt,5329,4c3349137c6ea33606a4886fdcc0e142a0c0ce0bf76f8259d87da6249b9dc0ae
experiments/colored_step_visual_grounding_ablation/runs/e1_replicate_02/A0_controlled/step_wx200/api_manifest.json,180,bca96510aff91e849f7a21f475f6d45c83e01c9d332b30c6fc485207275032ba
experiments/colored_step_visual_grounding_ablation/runs/e1_replicate_02/A0_controlled/step_wx200/component_grounding_v1.json,9456,297c4026c10ecf3ca4b2a23488b5557b3c6aedb6318c215165b1ac9311715ee5
experiments/colored_step_visual_grounding_ablation/runs/e1_replicate_02/A0_controlled/step_wx200/raw_response.txt,3581,f88210c0d653f09e13d847f190dab5b38434b30f642401f862b04aa1cef3b0d3
experiments/colored_step_visual_grounding_ablation/runs/e1_replicate_02/A0_controlled/step_wx250s/api_manifest.json,179,ea3191bed4b900b0445465e88c308f0a4d210cff65b14c8e3e98489518c96f74
experiments/colored_step_visual_grounding_ablation/runs/e1_replicate_02/A0_controlled/step_wx250s/component_grounding_v1.json,9289,c692d49b39753bc1193338cc3fafd2edc2f46918a29eca96106eb08d7225e5db
experiments/colored_step_visual_grounding_ablation/runs/e1_replicate_02/A0_controlled/step_wx250s/raw_response.txt,3659,3755066947db37c52e3a2a6c5fd16bef9cf6ff0daf0eb750328f50b954090fd8
experiments/colored_step_visual_grounding_ablation/runs/e1_replicate_02/A1_color_only/step_px100/api_manifest.json,180,f61738d623b9423e6b731fa3c1ac5a552b08c4468c1f48d3083193ce39ee2213
experiments/colored_step_visual_grounding_ablation/runs/e1_replicate_02/A1_color_only/step_px100/component_grounding_v1.json,6916,58132b4d915b5b11cbd22081fc1b7f44c44dce919bb6f7f7c777a4cc2cafc843
experiments/colored_step_visual_grounding_ablation/runs/e1_replicate_02/A1_color_only/step_px100/raw_response.txt,2701,af66cbd55f0c1b0c032ef514d17145076848dd455d949d7fb84178f40ff4e0bf
experiments/colored_step_visual_grounding_ablation/runs/e1_replicate_02/A1_color_only/step_rx150/api_manifest.json,180,26ac1aab0ec5a022ecc78ed34ea3ff62ff4580f4890757b9278ab7ce8a1d3209
experiments/colored_step_visual_grounding_ablation/runs/e1_replicate_02/A1_color_only/step_rx150/component_grounding_v1.json,8836,7e8f1c8c096bf4c1a4879e34ea7b3ce14127a3f2a238aa248c598d9127094d8c
experiments/colored_step_visual_grounding_ablation/runs/e1_replicate_02/A1_color_only/step_rx150/raw_response.txt,3449,fcff0955d6f01b646d1ec9500522ce95fe835af7da8f0da87f80991ab6fb772c
experiments/colored_step_visual_grounding_ablation/runs/e1_replicate_02/A1_color_only/step_vx300s/api_manifest.json,179,ea244082b38aa816f73f7e3901d6258d864b303a860ca2082e2e601af082f8ff
experiments/colored_step_visual_grounding_ablation/runs/e1_replicate_02/A1_color_only/step_vx300s/component_grounding_v1.json,22247,dc0a75d685ca06484e6af248f26ec4da31713581be77c369aa3daca6c7253b36
experiments/colored_step_visual_grounding_ablation/runs/e1_replicate_02/A1_color_only/step_vx300s/raw_response.txt,8864,1f9612fd644363dbe8f2eaf78e5d2a6706da09eeefd1237c5dcec0b108d5689b
experiments/colored_step_visual_grounding_ablation/runs/e1_replicate_02/A1_color_only/step_wx200/api_manifest.json,179,1b1df3c8411a438ffa9b20455238b3999425a7df89d787f31f28bbe9455e9503
experiments/colored_step_visual_grounding_ablation/runs/e1_replicate_02/A1_color_only/step_wx200/component_grounding_v1.json,8314,36497655f1cc073866278d4f65c7c3fbd162945c8e6aecbaae0aa98ccaa66d93
experiments/colored_step_visual_grounding_ablation/runs/e1_replicate_02/A1_color_only/step_wx200/raw_response.txt,3190,45bd25a570a6d11668e9f1f50c54caab8f487d1fd7c83408b0354eddd78f47f9
experiments/colored_step_visual_grounding_ablation/runs/e1_replicate_02/A1_color_only/step_wx250s/api_manifest.json,179,cd6f2e41ebb5446edeec5d370da254ee6f3e2c8e08c48604bb11de988e6ddbdc
experiments/colored_step_visual_grounding_ablation/runs/e1_replicate_02/A1_color_only/step_wx250s/component_grounding_v1.json,9134,58c48a6e9c35037e8af3206d1ef15b3665a23be0f9bb7a10c20877ed6bac1cbe
experiments/colored_step_visual_grounding_ablation/runs/e1_replicate_02/A1_color_only/step_wx250s/raw_response.txt,3681,90403813c7a7133a01170e0dc5ceda53a250d82699287085d14f3c34e29766a1
experiments/colored_step_visual_grounding_ablation/runs/e1_replicate_02/A2_color_legend/step_px100/api_manifest.json,180,d13ea350738f351152f3d8a00056822bff2aab71bcf391882694df3970644099
experiments/colored_step_visual_grounding_ablation/runs/e1_replicate_02/A2_color_legend/step_px100/component_grounding_v1.json,6808,e046c63c657f129829b0e100adbb90a750935a62e91d6fe94c37b2cb47c220cd
experiments/colored_step_visual_grounding_ablation/runs/e1_replicate_02/A2_color_legend/step_px100/raw_response.txt,2699,80119b5a43ee74049334d33839ddd7e27365888b127c78b936ead826ef8b03fc
experiments/colored_step_visual_grounding_ablation/runs/e1_replicate_02/A2_color_legend/step_rx150/api_manifest.json,179,d12a3db4a966b5123185cbf6b8c94a0acabe08852a39d6c1059eaf23b38ea1d1
experiments/colored_step_visual_grounding_ablation/runs/e1_replicate_02/A2_color_legend/step_rx150/component_grounding_v1.json,10565,4d6463ccd7507cdb9d00d25508df2cb19a552f0e813b0376475b317dc435fa99
experiments/colored_step_visual_grounding_ablation/runs/e1_replicate_02/A2_color_legend/step_rx150/raw_response.txt,4166,013e6f7c85aef0f51c298c3b8d5ff389c78531696de170b82ee3a6bf470b2ecb
experiments/colored_step_visual_grounding_ablation/runs/e1_replicate_02/A2_color_legend/step_vx300s/api_manifest.json,179,ae6e793d9254b2110487ee400465320fe4339d5a45ba8e3796781215eefb6668
experiments/colored_step_visual_grounding_ablation/runs/e1_replicate_02/A2_color_legend/step_vx300s/component_grounding_v1.json,19644,9a7efc2211794307d0db1b0c1992ea9732e8c7c07efb7cbad72becdaa1a44343
experiments/colored_step_visual_grounding_ablation/runs/e1_replicate_02/A2_color_legend/step_vx300s/raw_response.txt,7996,443a0626a9698a00b5d26548c246788e90f9c4cad3dcc98e05970e4361ecc136
experiments/colored_step_visual_grounding_ablation/runs/e1_replicate_02/A2_color_legend/step_wx200/api_manifest.json,179,43fb9c9b78a3cd58065ed8b5ab6e060947c7e19df1f072a00dbccd8f69210627
experiments/colored_step_visual_grounding_ablation/runs/e1_replicate_02/A2_color_legend/step_wx200/component_grounding_v1.json,8546,9a4e6cd0dea06741e12298169d2bf5605015128ef1adf1ba92da38115d402138
experiments/colored_step_visual_grounding_ablation/runs/e1_replicate_02/A2_color_legend/step_wx200/raw_response.txt,3307,95057ed653abda10c8c2d7473d5c5ad5a72ef492b346505051dfbaa24adae276
experiments/colored_step_visual_grounding_ablation/runs/e1_replicate_02/A2_color_legend/step_wx250s/api_manifest.json,179,fa02659f875651cfbaed3e4a32fe29ae0c17c4517239ff31f3f1862ef7387f9a
experiments/colored_step_visual_grounding_ablation/runs/e1_replicate_02/A2_color_legend/step_wx250s/component_grounding_v1.json,9064,2097de2608644400104017bf0f4aa6057f63bea91cd6410abd901a2b7db81a7c
experiments/colored_step_visual_grounding_ablation/runs/e1_replicate_02/A2_color_legend/step_wx250s/raw_response.txt,3663,c58e41f3b3efade2cee31f15db16f2c11692f20ff336fa73224681627aa67d34
experiments/colored_step_visual_grounding_ablation/runs/e1_replicate_03/A0_controlled/step_px100/api_manifest.json,178,a28a9d0feb7231dd631bcaf9476065ec7e1ea5b809ca1ffede8c3cdf64db634c
experiments/colored_step_visual_grounding_ablation/runs/e1_replicate_03/A0_controlled/step_px100/component_grounding_v1.json,7679,1616abde6e62a2c45c73426bdb4ddc410bc3b77d415c093fdc6a81bf8e262a5c
experiments/colored_step_visual_grounding_ablation/runs/e1_replicate_03/A0_controlled/step_px100/raw_response.txt,2933,44974fc0f3fe34774c45b93372e719d5264ed1fe4aacb9bef5680c8276f5cd98
experiments/colored_step_visual_grounding_ablation/runs/e1_replicate_03/A0_controlled/step_rx150/api_manifest.json,179,eeec96ebf0527f784b0763cde3b10ef17d5787db4f4fe7f3911ef5a6a6df05b9
experiments/colored_step_visual_grounding_ablation/runs/e1_replicate_03/A0_controlled/step_rx150/component_grounding_v1.json,9158,b31e445ecaf4804f1dee06070baa41669f149b89e660a50c068b439f650f11a6
experiments/colored_step_visual_grounding_ablation/runs/e1_replicate_03/A0_controlled/step_rx150/raw_response.txt,3701,1d1e86eb3f82a413561349311cc0dba2847a7486af23d3e51c64f6b5184df7dd
experiments/colored_step_visual_grounding_ablation/runs/e1_replicate_03/A0_controlled/step_vx300s/api_manifest.json,180,3ccf767d521360f7b8137fe57ad2c0d79986ab7d8b3b13e7aa74dfded7e0ea7d
experiments/colored_step_visual_grounding_ablation/runs/e1_replicate_03/A0_controlled/step_vx300s/component_grounding_v1.json,11797,ad83737ff32ac125411692c31cdffcc489ca86651b44a20920c3842428435323
experiments/colored_step_visual_grounding_ablation/runs/e1_replicate_03/A0_controlled/step_vx300s/raw_response.txt,4574,5130c43e13492ab4fdf20c8b4bf68c9eb90b2f71725cd7667fc3d1ca46dccd71
experiments/colored_step_visual_grounding_ablation/runs/e1_replicate_03/A0_controlled/step_wx200/api_manifest.json,178,6e1925757f5a02def676a82b073c6be2f7520a8ec8ad3b8db0adf9e733676519
experiments/colored_step_visual_grounding_ablation/runs/e1_replicate_03/A0_controlled/step_wx200/component_grounding_v1.json,7817,aa136f5f359aeec149bb1e29c2721e176197f9e1b0de0e60edbd9d028260d5cf
experiments/colored_step_visual_grounding_ablation/runs/e1_replicate_03/A0_controlled/step_wx200/raw_response.txt,3130,07c71e36a1de413c54db7ebf002a41c9ef1fa991acd04f42f34b15f081cf0daa
experiments/colored_step_visual_grounding_ablation/runs/e1_replicate_03/A0_controlled/step_wx250s/api_manifest.json,180,1198bda2f2ef341feed1763aa00a6c89becdf34058936bdf6c50042a0b98a367
experiments/colored_step_visual_grounding_ablation/runs/e1_replicate_03/A0_controlled/step_wx250s/component_grounding_v1.json,10059,0ab13f346984c4a82237d12360724b03a398cc7573058cc60e522b92882acbf3
experiments/colored_step_visual_grounding_ablation/runs/e1_replicate_03/A0_controlled/step_wx250s/raw_response.txt,3907,51529fa310ce4bad7997834fffdec770c1147135c34ad5106fb20a4ee79f5805
experiments/colored_step_visual_grounding_ablation/runs/e1_replicate_03/A1_color_only/step_px100/api_manifest.json,179,d62854844352c84a2a7216264f7124de4dc945b0ca60b9629f77c45521d92a84
experiments/colored_step_visual_grounding_ablation/runs/e1_replicate_03/A1_color_only/step_px100/component_grounding_v1.json,7132,036fcad0de63a3962fee6fed613d25b7be6756481f6704866a05e2f855ec0d37
experiments/colored_step_visual_grounding_ablation/runs/e1_replicate_03/A1_color_only/step_px100/raw_response.txt,2778,bfa16452ff51c4ac619783f9e8aca675228f552cb61f581e847345428ef6ec44
experiments/colored_step_visual_grounding_ablation/runs/e1_replicate_03/A1_color_only/step_rx150/api_manifest.json,178,6377137fe3c15755f586a551fbb8f8c2f16831c4f513d26e303079780827d8f5
experiments/colored_step_visual_grounding_ablation/runs/e1_replicate_03/A1_color_only/step_rx150/component_grounding_v1.json,8440,9f6d2e1aeb62e1096be94ca3fd153f106fe22eaadd6e05cf963d29b322264194
experiments/colored_step_visual_grounding_ablation/runs/e1_replicate_03/A1_color_only/step_rx150/raw_response.txt,3305,29f98f4fc47d465a67b73d5c204a8e8026b87c4ab4417c314029ec370e499f8c
experiments/colored_step_visual_grounding_ablation/runs/e1_replicate_03/A1_color_only/step_vx300s/api_manifest.json,179,f54d83fb34fa4e2ba63618f1932e0bee1ec01a8d3a6ca19740d1f3c36bfe4fdf
experiments/colored_step_visual_grounding_ablation/runs/e1_replicate_03/A1_color_only/step_vx300s/component_grounding_v1.json,22118,0d77a13458b54f32fc5d8a607fec581d7577db78d1562685daf613773cd84ff9
experiments/colored_step_visual_grounding_ablation/runs/e1_replicate_03/A1_color_only/step_vx300s/raw_response.txt,8778,c35a339f2fd309f3239ac12c527924e2129901af8c48212b09153677283ce56d
experiments/colored_step_visual_grounding_ablation/runs/e1_replicate_03/A1_color_only/step_wx200/api_manifest.json,180,2802cfd5f017e230652e41e68a4599ded8850aa9df8da59b70f8e0dcfe348551
experiments/colored_step_visual_grounding_ablation/runs/e1_replicate_03/A1_color_only/step_wx200/component_grounding_v1.json,8489,5b106be7f4031f0b6057016ea4abb24159c09f6dae4a8df985328bc8ed18a192
experiments/colored_step_visual_grounding_ablation/runs/e1_replicate_03/A1_color_only/step_wx200/raw_response.txt,3296,e691988f83f304069d31b22bccc68a1b74739bb8ae3d72b619196b377010ca08
experiments/colored_step_visual_grounding_ablation/runs/e1_replicate_03/A1_color_only/step_wx250s/api_manifest.json,178,9034429a0f210a3d8db4fb5f597393b1e71726e13f7bc8fb5260856498086c0b
experiments/colored_step_visual_grounding_ablation/runs/e1_replicate_03/A1_color_only/step_wx250s/component_grounding_v1.json,9589,f4aa154fcc183bc3a081b15a2c8d06d7048b0ef3afdfc79d2b537c64c5b39058
experiments/colored_step_visual_grounding_ablation/runs/e1_replicate_03/A1_color_only/step_wx250s/raw_response.txt,3824,013117b2844e822a90fb9d6ed810cdef1ff3a282cbe987ca59e8a6ce4d40a6fc
experiments/colored_step_visual_grounding_ablation/runs/e1_replicate_03/A2_color_legend/step_px100/api_manifest.json,179,fa10a6835f35ac4432a6b26dc08f4a2244eb12dd1d23adf254b81e3f507fff03
experiments/colored_step_visual_grounding_ablation/runs/e1_replicate_03/A2_color_legend/step_px100/component_grounding_v1.json,7018,3dc8bf859eb9a0f86fd73a69fd5ed8ac711af31636caa5218d7278959ecaeb5a
experiments/colored_step_visual_grounding_ablation/runs/e1_replicate_03/A2_color_legend/step_px100/raw_response.txt,2733,57cee8270cb968386293e1dd71e43e5a31b79dd2d9f0d42cc875b230cc3f38e2
experiments/colored_step_visual_grounding_ablation/runs/e1_replicate_03/A2_color_legend/step_rx150/api_manifest.json,179,feed7674b3121d52423beda5732f7ac4f7b40bef0b74a6e5a87069331812556e
experiments/colored_step_visual_grounding_ablation/runs/e1_replicate_03/A2_color_legend/step_rx150/component_grounding_v1.json,10761,24751ccebc19bbc5cd5aee5fe16429789d709ebc9ed516c08318975b8952b9d6
experiments/colored_step_visual_grounding_ablation/runs/e1_replicate_03/A2_color_legend/step_rx150/raw_response.txt,4071,e47185bf3017dd35760f677424b4dac6efed6278346b941bc59748b2d33baf98
experiments/colored_step_visual_grounding_ablation/runs/e1_replicate_03/A2_color_legend/step_vx300s/api_manifest.json,179,cba166871e9ef713f8a93c0cbef62e75a885aade63808a945c138254d8c0a8b4
experiments/colored_step_visual_grounding_ablation/runs/e1_replicate_03/A2_color_legend/step_vx300s/component_grounding_v1.json,17559,f85e251bcaeafc109b699ae810ad73548126f4dbf11057d24577216ce3625d36
experiments/colored_step_visual_grounding_ablation/runs/e1_replicate_03/A2_color_legend/step_vx300s/raw_response.txt,7466,1063f02040ce244b4c77b1abc596387d7450d73bade51c3c0c91fd3c0bd1ff9f
experiments/colored_step_visual_grounding_ablation/runs/e1_replicate_03/A2_color_legend/step_wx200/api_manifest.json,180,0effb9454ec310e70d6dc40263b6936b08b16a25208e5fe62a03aa2bba0a61a3
experiments/colored_step_visual_grounding_ablation/runs/e1_replicate_03/A2_color_legend/step_wx200/component_grounding_v1.json,7753,3502f7032cc92434a72da3af28ed3ef039000b816fa35ec9defea29d4e4d1d92
experiments/colored_step_visual_grounding_ablation/runs/e1_replicate_03/A2_color_legend/step_wx200/raw_response.txt,3043,5b587bf41f66d531f4308f66e3588e448225a34ee35302cdf187efa0fcb88016
experiments/colored_step_visual_grounding_ablation/runs/e1_replicate_03/A2_color_legend/step_wx250s/failure.json,205,96adf2203417371e1a830d67121edbecbe58eb19cdbf57f3d90ca6348fbc464a
experiments/colored_step_visual_grounding_ablation/runs/e2_replicate_01/A0_controlled/step_px100/api_manifest.json,180,e622191f0c89d4010fd1ad97bbded183881ee1835acccf4d3e87d12bfdc0ede3
experiments/colored_step_visual_grounding_ablation/runs/e2_replicate_01/A0_controlled/step_px100/component_mechanical_embodiment_v1.json,18161,d4534c57912b4efec065f11f53368320da2b3c821c87ad3cda867da914723fff
experiments/colored_step_visual_grounding_ablation/runs/e2_replicate_01/A0_controlled/step_px100/raw_response.txt,9934,72aaad7b104b65f0fad2375ded08886e5e7827d334eb04fec6bde13923518086
experiments/colored_step_visual_grounding_ablation/runs/e2_replicate_01/A0_controlled/step_px100/schema_validation.json,38,ca495fcc3f9699d9fac4371bbf59cfb25e56bdbb1e4f550fc58ef6c7ead6f68d
experiments/colored_step_visual_grounding_ablation/runs/e2_replicate_01/A0_controlled/step_rx150/api_manifest.json,179,b7b9d3f2be61afcdd5834c688989b56d615dbce7d84d030569af6f5db19d9a19
experiments/colored_step_visual_grounding_ablation/runs/e2_replicate_01/A0_controlled/step_rx150/component_mechanical_embodiment_v1.json,17868,efa53078a5eb57cf80cf734765662c141b5f85397be96dbbbed75bb5fc5fd990
experiments/colored_step_visual_grounding_ablation/runs/e2_replicate_01/A0_controlled/step_rx150/raw_response.txt,10137,355e087aa93f61ea55228a676eae19558761132e2869e64864377bd5e2748d48
experiments/colored_step_visual_grounding_ablation/runs/e2_replicate_01/A0_controlled/step_rx150/schema_validation.json,38,ca495fcc3f9699d9fac4371bbf59cfb25e56bdbb1e4f550fc58ef6c7ead6f68d
experiments/colored_step_visual_grounding_ablation/runs/e2_replicate_01/A0_controlled/step_vx300s/api_manifest.json,180,c2f17e6b9ad3a48d47737241c65158ca0103f07f55bc2e9308bcbdc050ea3112
experiments/colored_step_visual_grounding_ablation/runs/e2_replicate_01/A0_controlled/step_vx300s/component_mechanical_embodiment_v1.json,28394,3dd6fa75926969b15f1780c7a20f81b9428e3e4141044be6391637deace0d452
experiments/colored_step_visual_grounding_ablation/runs/e2_replicate_01/A0_controlled/step_vx300s/raw_response.txt,15527,1fe7024e4e48c9321f8295b00e7c9c6d8c57a578672e9a96b876b35da9cc765e
experiments/colored_step_visual_grounding_ablation/runs/e2_replicate_01/A0_controlled/step_vx300s/schema_validation.json,38,ca495fcc3f9699d9fac4371bbf59cfb25e56bdbb1e4f550fc58ef6c7ead6f68d
experiments/colored_step_visual_grounding_ablation/runs/e2_replicate_01/A0_controlled/step_wx200/api_manifest.json,179,f53336c80e9a801ffb6f728295fb859eadaeac87376416fd9d37755a73c31c8f
experiments/colored_step_visual_grounding_ablation/runs/e2_replicate_01/A0_controlled/step_wx200/component_mechanical_embodiment_v1.json,17497,f00af6b2fc48d1f69bcddcb7409fba1bf04a22ea552f57d38695fc18062ceabb
experiments/colored_step_visual_grounding_ablation/runs/e2_replicate_01/A0_controlled/step_wx200/raw_response.txt,9933,5c9ef09ccbc37a286f01efab5e3349313f36a3014af40f907783d56404829c60
experiments/colored_step_visual_grounding_ablation/runs/e2_replicate_01/A0_controlled/step_wx200/schema_validation.json,38,ca495fcc3f9699d9fac4371bbf59cfb25e56bdbb1e4f550fc58ef6c7ead6f68d
experiments/colored_step_visual_grounding_ablation/runs/e2_replicate_01/A0_controlled/step_wx250s/api_manifest.json,180,ffbaabeb292758cd493738291c22eefd13462a278e08486ca498a6a9aacfc9b5
experiments/colored_step_visual_grounding_ablation/runs/e2_replicate_01/A0_controlled/step_wx250s/component_mechanical_embodiment_v1.json,22640,80d33ba6e4adf222c9e1a09b4ac23831eaa2a396da03d96cf2e521d09cf1f3ca
experiments/colored_step_visual_grounding_ablation/runs/e2_replicate_01/A0_controlled/step_wx250s/raw_response.txt,12716,0a3665a8c81f4fe113f00de2faf607c1804362bd2b6b02cb86a35a7f8c2f4de5
experiments/colored_step_visual_grounding_ablation/runs/e2_replicate_01/A0_controlled/step_wx250s/schema_validation.json,38,ca495fcc3f9699d9fac4371bbf59cfb25e56bdbb1e4f550fc58ef6c7ead6f68d
experiments/colored_step_visual_grounding_ablation/runs/e2_replicate_01/A1_color_only/step_px100/api_manifest.json,181,b666b4015b2475c8bb1f2a946e041fc5ad4d71432a0aec7db6b4c9d87a7ee0d8
experiments/colored_step_visual_grounding_ablation/runs/e2_replicate_01/A1_color_only/step_px100/component_mechanical_embodiment_v1.json,16033,4fc3ce3297038a7786f0636ab61a6a848d68df7f02b268e6844a69ec2ab15e1f
experiments/colored_step_visual_grounding_ablation/runs/e2_replicate_01/A1_color_only/step_px100/raw_response.txt,8946,0fa342fde95f71bd809c95b93fc0952f63d101f9d2829aaccc072539049ce4ca
experiments/colored_step_visual_grounding_ablation/runs/e2_replicate_01/A1_color_only/step_px100/schema_validation.json,38,ca495fcc3f9699d9fac4371bbf59cfb25e56bdbb1e4f550fc58ef6c7ead6f68d
experiments/colored_step_visual_grounding_ablation/runs/e2_replicate_01/A1_color_only/step_rx150/api_manifest.json,180,d45265d0e1fc34f7e57362482985fc36201da6cb331ce77a56adc53fcc104076
experiments/colored_step_visual_grounding_ablation/runs/e2_replicate_01/A1_color_only/step_rx150/component_mechanical_embodiment_v1.json,21260,8c5d99c4dda37de51be2d31711b7c033caa7dba530c0824781ac43adfc441f5a
experiments/colored_step_visual_grounding_ablation/runs/e2_replicate_01/A1_color_only/step_rx150/raw_response.txt,11803,5ddbb7582d806242b3be05576842a991650e7d256517cbb708734f43ff42efd6
experiments/colored_step_visual_grounding_ablation/runs/e2_replicate_01/A1_color_only/step_rx150/schema_validation.json,38,ca495fcc3f9699d9fac4371bbf59cfb25e56bdbb1e4f550fc58ef6c7ead6f68d
experiments/colored_step_visual_grounding_ablation/runs/e2_replicate_01/A1_color_only/step_vx300s/api_manifest.json,180,f72268c350c3cbe44183c0f56507bbb8e26ac11af0eb1667cbe9d4fca42450f0
experiments/colored_step_visual_grounding_ablation/runs/e2_replicate_01/A1_color_only/step_vx300s/component_mechanical_embodiment_v1.json,32663,f7999033308624fa5bbe7e90edbddf4c9443c7cde14b569b94c53844a2a01b76
experiments/colored_step_visual_grounding_ablation/runs/e2_replicate_01/A1_color_only/step_vx300s/raw_response.txt,17851,be3048918111429758674ed13bb20d2d178feb0949d72dc830c1a69503103367
experiments/colored_step_visual_grounding_ablation/runs/e2_replicate_01/A1_color_only/step_vx300s/schema_validation.json,38,ca495fcc3f9699d9fac4371bbf59cfb25e56bdbb1e4f550fc58ef6c7ead6f68d
experiments/colored_step_visual_grounding_ablation/runs/e2_replicate_01/A1_color_only/step_wx200/api_manifest.json,180,1698c5456a06aaddec34d3c6c4e7a555dff3355eaf4656ce125eef808f89d351
experiments/colored_step_visual_grounding_ablation/runs/e2_replicate_01/A1_color_only/step_wx200/component_mechanical_embodiment_v1.json,18711,de62d347092d45f4792a83ea2ea17870d2b302fcd1f25cd2eed1d1e69597b268
experiments/colored_step_visual_grounding_ablation/runs/e2_replicate_01/A1_color_only/step_wx200/raw_response.txt,10253,f416b49239e4e7a4b13edfe5165ef97e955f3bbab9db2a42b453783450b00a89
experiments/colored_step_visual_grounding_ablation/runs/e2_replicate_01/A1_color_only/step_wx200/schema_validation.json,38,ca495fcc3f9699d9fac4371bbf59cfb25e56bdbb1e4f550fc58ef6c7ead6f68d
experiments/colored_step_visual_grounding_ablation/runs/e2_replicate_01/A1_color_only/step_wx250s/api_manifest.json,180,1ae4a3d230df98d311ede300bfe5939eb1901fa519db3fffbab3a5a0f6c74084
experiments/colored_step_visual_grounding_ablation/runs/e2_replicate_01/A1_color_only/step_wx250s/component_mechanical_embodiment_v1.json,16582,4be8afdf9793efb15f9348de91bf3f73a3bafa826c7920b4ac39a631b0bf82d3
experiments/colored_step_visual_grounding_ablation/runs/e2_replicate_01/A1_color_only/step_wx250s/raw_response.txt,9270,78f4f79c6f6118b67747f69f8525e9047d2570c600208352a27ec2aed5fc0ec3
experiments/colored_step_visual_grounding_ablation/runs/e2_replicate_01/A1_color_only/step_wx250s/schema_validation.json,38,ca495fcc3f9699d9fac4371bbf59cfb25e56bdbb1e4f550fc58ef6c7ead6f68d
experiments/colored_step_visual_grounding_ablation/runs/e2_replicate_01/A2_color_legend/step_px100/api_manifest.json,180,4e87afe85fc228fbd51e5dc21ca028734d9605a41824e7fd0c4098de18c0cf9c
experiments/colored_step_visual_grounding_ablation/runs/e2_replicate_01/A2_color_legend/step_px100/component_mechanical_embodiment_v1.json,17444,bdea66bd4d48e8cd1a06a87e0712728850403eac5ca16a86b894eb16d3bd7c4d
experiments/colored_step_visual_grounding_ablation/runs/e2_replicate_01/A2_color_legend/step_px100/raw_response.txt,9817,7836ae6cfaa9e7d404de3d9d66fc17fbebf5614aa8e91203dfd8380475cf38e6
experiments/colored_step_visual_grounding_ablation/runs/e2_replicate_01/A2_color_legend/step_px100/schema_validation.json,38,ca495fcc3f9699d9fac4371bbf59cfb25e56bdbb1e4f550fc58ef6c7ead6f68d
experiments/colored_step_visual_grounding_ablation/runs/e2_replicate_01/A2_color_legend/step_vx300s/api_manifest.json,181,fb506ee5f9ee51f7ffbcfa8daf49b851078a490b572223e300693a1af623b464
experiments/colored_step_visual_grounding_ablation/runs/e2_replicate_01/A2_color_legend/step_vx300s/component_mechanical_embodiment_v1.json,39111,9235dca2b7d248ad8a262018fff546fea0001dad5d5fcfc7cc5d347a36e0ccff
experiments/colored_step_visual_grounding_ablation/runs/e2_replicate_01/A2_color_legend/step_vx300s/raw_response.txt,20917,6239592ff723d82f8e752899691287f0c354c680f63342abe998e737210c0a73
experiments/colored_step_visual_grounding_ablation/runs/e2_replicate_01/A2_color_legend/step_vx300s/schema_validation.json,38,ca495fcc3f9699d9fac4371bbf59cfb25e56bdbb1e4f550fc58ef6c7ead6f68d
experiments/colored_step_visual_grounding_ablation/runs/e2_replicate_01/A2_color_legend/step_wx200/api_manifest.json,180,e081b036b49005e64531a4f9856c914b7c6d7c16e4c51494bfca1d6735170e4c
experiments/colored_step_visual_grounding_ablation/runs/e2_replicate_01/A2_color_legend/step_wx200/component_mechanical_embodiment_v1.json,20460,808ed3929efa8cad97e2e7f9953794675cb0468ba8448d22baa10a7b857cd0a6
experiments/colored_step_visual_grounding_ablation/runs/e2_replicate_01/A2_color_legend/step_wx200/raw_response.txt,11424,2b78e4e672429b756d21157f8549c27f5202809bc0bf16276450d845915511ae
experiments/colored_step_visual_grounding_ablation/runs/e2_replicate_01/A2_color_legend/step_wx200/schema_validation.json,38,ca495fcc3f9699d9fac4371bbf59cfb25e56bdbb1e4f550fc58ef6c7ead6f68d
experiments/colored_step_visual_grounding_ablation/runs/e2_replicate_01/A2_color_legend/step_wx250s/api_manifest.json,180,ef84484add7485ce320a44b89780c69353286ac5ef922c39895296e8964a9d9c
experiments/colored_step_visual_grounding_ablation/runs/e2_replicate_01/A2_color_legend/step_wx250s/component_mechanical_embodiment_v1.json,23262,035e382c02ed8899595d49087d9a53e8327b31b1ad6cb9211ae023c8fb77e11b
experiments/colored_step_visual_grounding_ablation/runs/e2_replicate_01/A2_color_legend/step_wx250s/raw_response.txt,12710,ce06e4367f51ad6d5e519c3e19fa6d3d879a168ce44a779d6f169384b23c013f
experiments/colored_step_visual_grounding_ablation/runs/e2_replicate_01/A2_color_legend/step_wx250s/schema_validation.json,38,ca495fcc3f9699d9fac4371bbf59cfb25e56bdbb1e4f550fc58ef6c7ead6f68d
experiments/colored_step_visual_grounding_ablation/scripts/audit_native_step_assets.py,3507,ae1a0df924dfbd87f6c989a1d178c785f1574e6109b7ede3dbae44bab12a222d
experiments/colored_step_visual_grounding_ablation/scripts/finalize_existing_results.py,11119,ce00f20256b0eda89c62cefb77d84107d7b0d98486e61f03d0b13a4679f0b7f2
experiments/colored_step_visual_grounding_ablation/scripts/freecad_colored_step_job.py,5821,65afc94a02360b76395848055fe786192264fe55841e0f31e0cf7257a0ec55b1
experiments/colored_step_visual_grounding_ablation/scripts/freecad_native_step_assets.py,8039,a9ae0a6f8b35dbf57782663d0b54cf95a4894b3e6939df6896dc248ddc7f5464
experiments/colored_step_visual_grounding_ablation/scripts/prepare_controlled_assets.py,6533,9bf9e58f729d6c124cd7576761104850ee9a5f7a61fa583aaedefc0bd13199b7
experiments/colored_step_visual_grounding_ablation/scripts/prepare_native_step_assets.py,4102,5537ed97508937f2dc42a840090f8467fa231abe5ccdc51cfe59334223602a28
experiments/colored_step_visual_grounding_ablation/scripts/run_e1_visual_grounding.py,14934,3bfe93a2daf54115805642068c89e25b91c26e1052741d06cf00cb0523b8319d
experiments/colored_step_visual_grounding_ablation/scripts/run_e2_component_mep.py,9317,e8c424a32a1b2fcd0d535866e5501e67ac39150b7aaf259c0f79d6db69250228
experiments/colored_step_visual_grounding_ablation/prompts/component_mep.md,691,099751113b9b773edc8ad81e987480d219d84bdf753bb64cfc03a5204b925bbe
experiments/colored_step_visual_grounding_ablation/schemas/component_mechanical_embodiment_v1.schema.json,3404,4b3f0bdd2602bde66b682ee85286685026fcfb145fceecf861d1274119b640dc
