entity_id,manufacturer,name,source,is_audit30,ratio,feature_ok,failures,n_meshes,n_failed,faces,normal_spectral_entropy,curvature_entropy,dihedral_q90_deg,sharp_rate_30deg,complexity_score,p_normal_spectral_entropy,module_orientation,p_curvature_entropy,p_dihedral_q90_deg,p_sharp_rate_30deg,module_curvature,geometry_complexity_v2
arm-fdadfa8bdd,ABB,CRB 15000,ros-industrial,False,0.25,True,[],7,0,13130,0.9544263123681777,0.5573539337694116,70.66526257363131,0.2176036864552362,0.6579683300742911,0.851063829787234,0.851063829787234,0.5177304964539007,0.46808510638297873,0.40425531914893614,0.46335697399527187,0.657210401891253
arm-f7b0b901d3,ABB,IRB 120,matlab,False,0.25,True,[],7,0,9991,0.8632202749778743,0.734646049232877,93.27695329146331,0.4114003536853479,0.7138146503930854,0.05319148936170213,0.05319148936170213,0.9042553191489362,0.8546099290780141,0.7553191489361702,0.8380614657210401,0.44562647754137114
arm-7d8304122a,ABB,IRB 120-3/0.6,ros-industrial,False,0.25,True,[],7,0,9991,0.8632202749778743,0.734646049232877,93.27695329146331,0.4114003536853479,0.7138146503930854,0.05319148936170213,0.05319148936170213,0.9042553191489362,0.8546099290780141,0.7553191489361702,0.8380614657210401,0.44562647754137114
arm-d23914e41d,ABB,IRB 1200-5/0.9,ros-industrial,False,0.25,True,[],7,0,23205,0.9517628629249452,0.645156486685051,81.75126230641979,0.302274545537936,0.944652354889634,0.8368794326241135,0.8368794326241135,0.6666666666666666,0.5602836879432624,0.5035460992907801,0.5768321513002364,0.706855791962175
arm-402d7168a6,ABB,IRB 1200-7/0.7,ros-industrial,False,0.25,True,[],7,0,19724,0.9619577390599724,0.668798436907898,82.56000057227392,0.3232322105110999,1.0788556867867882,0.900709219858156,0.900709219858156,0.7021276595744681,0.5673758865248227,0.524822695035461,0.5981087470449173,0.7494089834515367
arm-936a2bbc83,ABB,IRB 120T,matlab,False,0.25,True,[],7,0,9991,0.8632202749778743,0.734646049232877,93.27695329146331,0.4114003536853479,0.7138146503930854,0.05319148936170213,0.05319148936170213,0.9042553191489362,0.8546099290780141,0.7553191489361702,0.8380614657210401,0.44562647754137114
arm-30008f0a9e,ABB,IRB 120T-3/0.6,ros-industrial,False,0.25,True,[],7,0,9991,0.8632202749778743,0.734646049232877,93.27695329146331,0.4114003536853479,0.7138146503930854,0.05319148936170213,0.05319148936170213,0.9042553191489362,0.8546099290780141,0.7553191489361702,0.8380614657210401,0.44562647754137114
arm-d8cf128269,ABB,IRB 140,robotics-toolbox,True,0.25,True,[],7,0,4907,0.937856985697404,0.7500967768562361,91.57161557567346,0.4571621624938854,1.2930929321516895,0.7056737588652482,0.7056737588652482,0.9326241134751773,0.8049645390070922,0.9042553191489362,0.8806146572104018,0.793144208037825
arm-f86e598566,ABB,IRB 140T,robotics-toolbox,False,0.25,True,[],7,0,4907,0.937856985697404,0.7500967768562361,91.57161557567346,0.4571621624938854,1.2930929321516895,0.7056737588652482,0.7056737588652482,0.9326241134751773,0.8049645390070922,0.9042553191489362,0.8806146572104018,0.793144208037825
arm-4e79777e86,ABB,IRB 1600,matlab,False,0.25,True,"[""link_3.stl: ModuleNotFoundError: No module named 'networkx'""]",6,1,4059,0.9039188018316282,0.7140704904112819,91.21977938149288,0.4503067865977677,1.0163490716140369,0.38652482269503546,0.38652482269503546,0.8404255319148937,0.7836879432624113,0.8829787234042553,0.8356973995271867,0.611111111111111
arm-c92ba5c644,ABB,IRB 1600-6/1.2,ros-industrial,False,0.25,True,"[""link_3.stl: ModuleNotFoundError: No module named 'networkx'""]",6,1,4059,0.9039188018316282,0.7140704904112819,91.21977938149288,0.4503067865977677,1.0163490716140369,0.38652482269503546,0.38652482269503546,0.8404255319148937,0.7836879432624113,0.8829787234042553,0.8356973995271867,0.611111111111111
arm-674fb8e440,ABB,IRB 1600-8/1.45,ros-industrial,False,0.25,True,"[""link_3.stl: ModuleNotFoundError: No module named 'networkx'""]",6,1,5128,0.8932368859815311,0.678156433008134,90.90235452462852,0.4342443558275168,0.8766428669831838,0.2624113475177305,0.2624113475177305,0.7446808510638298,0.7659574468085106,0.851063829787234,0.7872340425531914,0.524822695035461
arm-081210e630,ABB,IRB 2400,ros-industrial,False,0.25,True,"[""link_1.dae: ModuleNotFoundError: No module named 'networkx'"", ""link_3.dae: ModuleNotFoundError: No module named 'networkx'""]",5,2,23914,0.8825963450769938,0.420178802395021,129.45278177827507,0.6481385472147897,0.9786294054094312,0.1453900709219858,0.1453900709219858,0.2730496453900709,0.9893617021276596,0.9893617021276596,0.7505910165484634,0.4479905437352246
arm-f3a89fcc9e,ABB,IRB 2600,ros-industrial,False,0.25,True,[],7,0,68354,0.9585335380684518,0.5549418393951032,82.65512053712091,0.284393395610203,0.8631963711493169,0.8865248226950354,0.8865248226950354,0.5035460992907801,0.574468085106383,0.475177304964539,0.5177304964539008,0.7021276595744681
arm-f817901d6a,ABB,IRB 4400L/30,ros-industrial,True,0.25,True,[],7,0,3120,0.918279602970399,0.72988436005148,95.66936068187148,0.4941752157399403,1.2288793393819075,0.5177304964539007,0.5177304964539007,0.8652482269503546,0.900709219858156,0.9290780141843972,0.8983451536643026,0.7080378250591016
arm-24c767f546,ABB,IRB 4600-20/2.50,ros-industrial,False,0.25,True,[],7,0,9136,0.9331570699208884,0.8069687875897511,99.06876319234436,0.4960546431184475,1.4328398772975717,0.6099290780141844,0.6099290780141844,0.9858156028368794,0.9148936170212766,0.9361702127659575,0.9456264775413712,0.7777777777777778
arm-304c9a08a5,ABB,IRB 4600-40/2.55,ros-industrial,False,0.25,True,[],7,0,9618,0.9369804443114994,0.798612343395161,98.11615277877318,0.4890770914852201,1.4314729458091615,0.6808510638297872,0.6808510638297872,0.9787234042553191,0.9078014184397163,0.9219858156028369,0.9361702127659575,0.8085106382978724
arm-44d423d29d,ABB,IRB 4600-60/2.05,ros-industrial,True,0.25,True,[],7,0,15043,0.9495186155490416,0.7577735722591976,94.45789359001805,0.4539388718531212,1.3878175496433758,0.8156028368794326,0.8156028368794326,0.9432624113475178,0.8865248226950354,0.8936170212765957,0.9078014184397163,0.8617021276595744
arm-8fcf241b6f,ABB,IRB 52-7/1.2,ros-industrial,False,0.25,True,[],7,0,6928,0.9109460327765906,0.6035781172331518,90.2469646994666,0.3890756056672021,0.8280844752428635,0.46099290780141844,0.46099290780141844,0.5957446808510638,0.7163120567375887,0.6950354609929078,0.6690307328605201,0.5650118203309693
arm-91f018718c,ABB,IRB 52-7/1.45,ros-industrial,False,0.25,True,[],7,0,7126,0.900864332267092,0.588692838188668,89.80038415822611,0.3820232521445807,0.7306384987436221,0.3262411347517731,0.3262411347517731,0.5673758865248227,0.6524822695035462,0.6879432624113475,0.6359338061465721,0.4810874704491726
arm-065970a45f,ABB,IRB 5400,ros-industrial,False,0.25,True,"[""link_1.dae: ModuleNotFoundError: No module named 'networkx'"", ""link_3.dae: ModuleNotFoundError: No module named 'networkx'""]",6,2,24270,0.8825958938245526,0.4201794697976937,129.452081529573,0.6481344550463553,0.9786234704175444,0.1276595744680851,0.1276595744680851,0.2907801418439716,0.9716312056737588,0.9716312056737588,0.7446808510638298,0.4361702127659574
arm-6af92e32a6,ABB,IRB 6600-255/2.55,ros-industrial,False,0.25,True,[],9,0,5690,0.8963014377262839,0.6369718812564127,76.25951479074347,0.3718263530026672,0.6642485641598074,0.2765957446808511,0.2765957446808511,0.6524822695035462,0.5106382978723404,0.6666666666666666,0.6099290780141843,0.44326241134751765
arm-0ef5af4e54,ABB,IRB 6640,ros-industrial,False,0.25,True,"[""cylinder.stl: ModuleNotFoundError: No module named 'networkx'"", ""piston.stl: ModuleNotFoundError: No module named 'networkx'""]",7,2,9991,0.8632202749778743,0.734646049232877,93.27695329146331,0.4114003536853479,0.7138146503930854,0.05319148936170213,0.05319148936170213,0.9042553191489362,0.8546099290780141,0.7553191489361702,0.8380614657210401,0.44562647754137114
arm-897106e190,ABB,IRB 6640-185/2.8,ros-industrial,False,0.25,True,"[""link_1.dae: ModuleNotFoundError: No module named 'networkx'"", ""link_3.dae: ModuleNotFoundError: No module named 'networkx'""]",7,2,28360,0.8826203810978073,0.4202260960327066,129.4396348848729,0.6480561166719937,0.9787700094010268,0.1702127659574468,0.1702127659574468,0.2978723404255319,0.9645390070921985,0.9645390070921985,0.7423167848699763,0.4562647754137116
arm-ef24cb935c,ABB,IRB 6650S-125/3.50,ros-industrial,False,0.25,True,[],7,0,8688,0.8985875418078012,0.6608891636233246,90.51606272534698,0.4252683740875789,0.8749892983691039,0.2978723404255319,0.2978723404255319,0.6808510638297872,0.75177304964539,0.8297872340425532,0.7541371158392435,0.5260047281323876
arm-cd4762843b,ABB,IRB 6650S-90/3.90,ros-industrial,False,0.25,True,[],7,0,9096,0.8982718147211646,0.6551337098006196,90.29623868838608,0.4180984823602732,0.8528037480738224,0.2907801418439716,0.2907801418439716,0.6737588652482269,0.723404255319149,0.7872340425531915,0.7281323877068558,0.5094562647754137
arm-fa8324d39f,ABB,IRB 6700-200/2.60,ros-industrial,False,0.25,True,[],9,0,16625,0.9458605755782324,0.7095618815726156,92.15334329209378,0.4183478975704023,1.2359050246352237,0.7730496453900709,0.7730496453900709,0.8226950354609929,0.8226950354609929,0.7943262411347518,0.8132387706855791,0.793144208037825
arm-87daff3862,ABB,IRB 6700-235/2.65,ros-industrial,False,0.25,True,[],9,0,15293,0.9464824213321272,0.7274392967207896,92.0678290212476,0.4242803402121246,1.269655797098416,0.7872340425531915,0.7872340425531915,0.851063829787234,0.8156028368794326,0.8085106382978723,0.8250591016548463,0.8061465721040189
arm-022ef09303,ABB,IRB 7600-150/3.50,ros-industrial,False,0.25,True,[],9,0,7448,0.9166538183929892,0.7136484947498843,91.40944423193125,0.4411136267302643,1.0844588606482193,0.5035460992907801,0.5035460992907801,0.8297872340425532,0.7943262411347518,0.8723404255319149,0.8321513002364066,0.6678486997635933
arm-19acb3833f,Fanuc,CR-35iA,ros-industrial,False,0.25,True,[],7,0,14046,0.9362159728696656,0.2106319103886529,17.110667590180533,0.0561120431164598,-0.410648394200455,0.6595744680851063,0.6595744680851063,0.0,0.0,0.0,0.0,0.32978723404255317
arm-8802f2b8b4,Fanuc,CR-7iA,ros-industrial,False,0.25,True,"[""link_6.stl: ModuleNotFoundError: No module named 'networkx'""]",6,1,747,0.9328179825693772,0.6744911703847057,85.42584143954831,0.3338496522176492,0.92733444489019,0.6028368794326241,0.6028368794326241,0.7304964539007093,0.5815602836879432,0.5460992907801419,0.6193853427895981,0.6111111111111112
arm-3acdb3f5e2,Fanuc,CR-7iA/L,ros-industrial,False,0.25,True,"[""link_6.stl: ModuleNotFoundError: No module named 'networkx'""]",6,1,689,0.916368671273825,0.6828193917843025,87.70182213489926,0.3425554722018581,0.8556821915727401,0.49645390070921985,0.49645390070921985,0.7659574468085106,0.6028368794326241,0.5815602836879432,0.6501182033096927,0.5732860520094563
arm-98c28568ba,Fanuc,CRX-10iA/L,ros-industrial,False,0.25,True,[],7,0,6114,0.8788159524339407,0.2425419311233767,18.684286124900385,0.0720126769125509,-0.7166822787918222,0.12056737588652482,0.12056737588652482,0.02127659574468085,0.0070921985815602835,0.03546099290780142,0.021276595744680854,0.07092198581560283
arm-cf88bb5d3f,Fanuc,LR Mate 200i,ros-industrial,False,0.25,True,[],7,0,1263,0.9396213557116188,0.4688837431980541,54.73105449195244,0.1561479585192874,0.2708837501199085,0.723404255319149,0.723404255319149,0.3617021276595745,0.40425531914893614,0.3120567375886525,0.35933806146572106,0.541371158392435
arm-fa86494fa0,Fanuc,LR Mate 200iB,matlab,False,0.25,True,[],7,0,12418,0.9479371941744192,0.2226925022029681,22.327512788817405,0.0744211683198402,-0.2605089113974909,0.8014184397163121,0.8014184397163121,0.0070921985815602835,0.028368794326241134,0.07801418439716312,0.037825059101654845,0.41962174940898345
arm-4c7b408826,Fanuc,LR Mate 200iB/3L,ros-industrial,False,0.25,True,[],7,0,11836,0.933439700173864,0.2320335986970683,22.828117639903105,0.0731734827726806,-0.3451064435740686,0.6170212765957447,0.6170212765957447,0.014184397163120567,0.07092198581560284,0.0425531914893617,0.04255319148936171,0.32978723404255317
arm-cb42051aad,Fanuc,LR Mate 200iC,ros-industrial,False,0.25,True,[],7,0,5810,0.9283139099514848,0.2760990772453993,20.09038020094656,0.065308437014341,-0.3586165000501684,0.5673758865248227,0.5673758865248227,0.028368794326241134,0.014184397163120567,0.0070921985815602835,0.016548463356973995,0.2919621749408984
arm-de1be0b74e,Fanuc,LR Mate 200iC/5F,ros-industrial,True,0.25,True,[],6,0,3986,0.908432388895725,0.3096458507128288,22.45071378750969,0.0737407121069914,-0.4251138519158626,0.4326241134751773,0.4326241134751773,0.05673758865248227,0.0425531914893617,0.05673758865248227,0.05200945626477541,0.24231678486997638
arm-53f9b9bc6b,Fanuc,LR Mate 200iC/5H,ros-industrial,False,0.25,True,[],6,0,3986,0.908432388895725,0.3096458507128288,22.45071378750969,0.0737407121069914,-0.4251138519158626,0.4326241134751773,0.4326241134751773,0.05673758865248227,0.0425531914893617,0.05673758865248227,0.05200945626477541,0.24231678486997638
arm-63ba00c5ba,Fanuc,LR Mate 200iC/5HS,ros-industrial,False,0.25,True,[],6,0,3986,0.908432388895725,0.3096458507128288,22.45071378750969,0.0737407121069914,-0.4251138519158626,0.4326241134751773,0.4326241134751773,0.05673758865248227,0.0425531914893617,0.05673758865248227,0.05200945626477541,0.24231678486997638
arm-697cb5dd8b,Fanuc,LR Mate 200iC/5L,ros-industrial,False,0.25,True,[],7,0,3876,0.9093348538137423,0.349404712067393,26.41746040467732,0.0945881993371095,-0.3177712801356079,0.44680851063829785,0.44680851063829785,0.10638297872340426,0.09929078014184398,0.19148936170212766,0.13238770685579196,0.2895981087470449
arm-927835d1e3,Fanuc,LR Mate 200iD,ros-industrial,False,0.25,True,[],7,0,8536,0.9251905089151212,0.2825244664963759,22.587236198591587,0.0718028324174771,-0.3474575591598589,0.549645390070922,0.549645390070922,0.03900709219858156,0.06028368794326241,0.024822695035460994,0.04137115839243499,0.29550827423167847
arm-81ab4eaee7,Fanuc,LR Mate 200iD/4S,ros-industrial,False,0.25,True,[],7,0,4098,0.9431419112209664,0.3711686854444898,27.58633597448024,0.0872899967750932,-0.0781652906830752,0.7446808510638298,0.7446808510638298,0.19148936170212766,0.11347517730496454,0.14893617021276595,0.15130023640661938,0.44799054373522457
arm-417b7c6e76,Fanuc,LR Mate 200iD/4SC,ros-industrial,False,0.25,True,[],7,0,4098,0.9431419112209664,0.3711686854444898,27.58633597448024,0.0872899967750932,-0.0781652906830752,0.7446808510638298,0.7446808510638298,0.19148936170212766,0.11347517730496454,0.14893617021276595,0.15130023640661938,0.44799054373522457
arm-ed32f9fe54,Fanuc,LR Mate 200iD/4SH,ros-industrial,False,0.25,True,[],7,0,4098,0.9431419112209664,0.3711686854444898,27.58633597448024,0.0872899967750932,-0.0781652906830752,0.7446808510638298,0.7446808510638298,0.19148936170212766,0.11347517730496454,0.14893617021276595,0.15130023640661938,0.44799054373522457
arm-f9636ec28a,Fanuc,LR Mate 200iD/7H,ros-industrial,False,0.25,True,[],7,0,8536,0.9251905089151212,0.2825244664963759,22.587236198591587,0.0718028324174771,-0.3474575591598589,0.549645390070922,0.549645390070922,0.03900709219858156,0.06028368794326241,0.024822695035460994,0.04137115839243499,0.29550827423167847
arm-7e0c14e59c,Fanuc,LR Mate 200iD/7L,ros-industrial,False,0.25,True,[],7,0,7213,0.9011375294730866,0.3242456927642767,24.30429760540288,0.077020492010705,-0.4414428844518764,0.34397163120567376,0.34397163120567376,0.07446808510638298,0.08156028368794327,0.08865248226950355,0.08156028368794327,0.2127659574468085
arm-d7b62265c9,Fanuc,LR Mate 200iD/7LC,ros-industrial,False,0.25,True,[],7,0,7213,0.9011375294730866,0.3242456927642767,24.30429760540288,0.077020492010705,-0.4414428844518764,0.34397163120567376,0.34397163120567376,0.07446808510638298,0.08156028368794327,0.08865248226950355,0.08156028368794327,0.2127659574468085
arm-785e16bb50,Fanuc,M-10iA,ros-industrial,False,0.25,True,[],7,0,1845,0.917053404988705,0.4565953437836286,43.015084055838415,0.1507291549061598,0.0374803826606741,0.5106382978723404,0.5106382978723404,0.3475177304964539,0.2978723404255319,0.2907801418439716,0.31205673758865243,0.4113475177304964
arm-1a2726f62c,Fanuc,M-10iA/7L,ros-industrial,False,0.25,True,[],7,0,1172,0.8997666192451771,0.4827597391313631,50.12771187898324,0.2079089456243354,0.0907920281543008,0.3049645390070922,0.3049645390070922,0.3971631205673759,0.3829787234042553,0.375886524822695,0.38534278959810875,0.34515366430260047
arm-b9fde37ad7,Fanuc,M-16iB,matlab,False,0.25,True,[],7,0,800,0.8849969889315931,0.5537316930607133,49.12671612235177,0.2122945438222687,0.0742151843991609,0.19148936170212766,0.19148936170212766,0.49645390070921985,0.3475177304964539,0.3900709219858156,0.41134751773049644,0.30141843971631205
arm-ca973d7c40,Fanuc,M-20iA,ros-industrial,False,0.25,True,[],7,0,4237,0.9016324573427186,0.377784471406642,31.43556925169661,0.1089474605522368,-0.2853917843958374,0.36879432624113473,0.36879432624113473,0.20567375886524822,0.20567375886524822,0.2198581560283688,0.21040189125295508,0.2895981087470449
arm-58bea95949,Fanuc,M-20iA/10L,ros-industrial,False,0.25,True,[],7,0,1037,0.8970833379090636,0.5220515111557744,40.31581212249671,0.1675686987963442,-0.0064373147158399,0.28368794326241137,0.28368794326241137,0.44680851063829785,0.2765957446808511,0.3262411347517731,0.34988179669030733,0.31678486997635935
arm-f39f0bc934,Fanuc,M-20iB/25,ros-industrial,False,0.25,True,[],7,0,3217,0.9076866199151556,0.3286162881152328,24.5504251082976,0.0743992001619421,-0.3968762959242897,0.41134751773049644,0.41134751773049644,0.09219858156028368,0.09219858156028368,0.07092198581560284,0.0851063829787234,0.24822695035460993
arm-80ddefb001,Fanuc,M-430iA/2F,ros-industrial,False,0.25,True,[],6,0,1664,0.9143284710219136,0.4262007436695599,38.3128139226266,0.1359133028819012,-0.0648177200918299,0.48226950354609927,0.48226950354609927,0.3049645390070922,0.23404255319148937,0.2624113475177305,0.26713947990543735,0.3747044917257683
arm-de477bc804,Fanuc,M-430iA/2P,ros-industrial,False,0.25,True,[],7,0,2080,0.94093130314459,0.4312986567826897,40.54675897202933,0.1392449412326693,0.1333989031933389,0.7304964539007093,0.7304964539007093,0.3120567375886525,0.28368794326241137,0.2765957446808511,0.29078014184397166,0.5106382978723405
arm-c10bd68349,Fanuc,M-6iB,ros-industrial,False,0.25,True,[],7,0,742,0.9097746551106268,0.5877567499236375,57.8401715863326,0.2751002521975431,0.4311445371413892,0.45390070921985815,0.45390070921985815,0.5531914893617021,0.44680851063829785,0.46808510638297873,0.48936170212765956,0.4716312056737588
arm-b7a6f7cec6,Fanuc,M-6iB/6S,ros-industrial,True,0.25,True,[],7,0,702,0.9371447621084196,0.6126864033880685,57.08142309276703,0.2910910315458709,0.6626810454087924,0.6879432624113475,0.6879432624113475,0.6099290780141844,0.4397163120567376,0.48936170212765956,0.5130023640661938,0.6004728132387707
arm-ac0ed3c3ba,Fanuc,M-710iC/45M,ros-industrial,False,0.25,True,[],7,0,1144,0.8844098351167934,0.4857050792736759,49.13241383396648,0.2064650265811598,-0.0147503643241671,0.18439716312056736,0.18439716312056736,0.41134751773049644,0.3546099290780142,0.36879432624113473,0.3782505910165484,0.2813238770685579
arm-0cf081ce97,Fanuc,M-710iC/50,ros-industrial,False,0.25,True,[],7,0,996,0.9042314535929744,0.4914347976049851,46.53898283671676,0.1984623641600274,0.0941101185762848,0.3971631205673759,0.3971631205673759,0.41843971631205673,0.3262411347517731,0.3617021276595745,0.3687943262411348,0.3829787234042553
arm-ee37d02375,Fanuc,M-900iA/260L,ros-industrial,False,0.25,True,[],9,0,1160,0.864967094632758,0.5202987717676693,58.40536684355602,0.2445837627942015,0.0115564392888746,0.09219858156028368,0.09219858156028368,0.4397163120567376,0.45390070921985815,0.4397163120567376,0.4444444444444444,0.26832151300236406
arm-ad68760742,Fanuc,M-900iB/700,ros-industrial,False,0.25,True,[],11,0,1314,0.8612594910137052,0.5421371575583885,52.891172952188114,0.2121937133134666,-0.0749135077254989,0.028368794326241134,0.028368794326241134,0.46099290780141844,0.3900709219858156,0.3829787234042553,0.41134751773049644,0.21985815602836878
arm-1ec48d9c1f,Fanuc,R-1000iA/80F,ros-industrial,False,0.25,True,[],7,0,921,0.9145166390854828,0.5438917124145937,54.23435163357753,0.2352068558931805,0.3248051035977994,0.48936170212765956,0.48936170212765956,0.46808510638297873,0.3971631205673759,0.41843971631205673,0.42789598108747046,0.458628841607565
arm-f999a17088,Fanuc,R-2000iB/210F,ros-industrial,False,0.25,True,[],7,0,786,0.8906605587085578,0.5694500491383856,55.16794638158608,0.2578912622327852,0.2409048419058008,0.23404255319148937,0.23404255319148937,0.5319148936170213,0.41134751773049644,0.44680851063829785,0.4633569739952718,0.3486997635933806
arm-3179bae95f,Fanuc,R-2000iC/125L,ros-industrial,False,0.25,True,[],7,0,818,0.8639165092206035,0.5536910448546711,46.77797182301766,0.2246042181008479,-0.0552149507445138,0.07801418439716312,0.07801418439716312,0.48936170212765956,0.3333333333333333,0.41134751773049644,0.41134751773049644,0.24468085106382978
arm-41abb9dda3,Fanuc,R-2000iC/165F,ros-industrial,False,0.25,True,[],7,0,804,0.889572080190486,0.5458107010526413,56.383806165266975,0.2360618859920442,0.1757567592014212,0.22340425531914893,0.22340425531914893,0.4787234042553192,0.42907801418439717,0.42907801418439717,0.4456264775413712,0.33451536643026003
arm-594e86b100,Fanuc,R-2000iC/210F,ros-industrial,False,0.25,True,[],7,0,804,0.889572080190486,0.5458107010526413,56.383806165266975,0.2360618859920442,0.1757567592014212,0.22340425531914893,0.22340425531914893,0.4787234042553192,0.42907801418439717,0.42907801418439717,0.4456264775413712,0.33451536643026003
arm-6c6b40b711,Fanuc,R-2000iC/210L,ros-industrial,False,0.25,True,[],7,0,1235,0.8912419177140686,0.523604549825162,49.635544766979685,0.1938039606273102,0.052283032519034,0.24113475177304963,0.24113475177304963,0.45390070921985815,0.3617021276595745,0.3546099290780142,0.3900709219858156,0.31560283687943264
arm-42320609fa,Fanuc,R-2000iC/270F,ros-industrial,False,0.25,True,[],7,0,872,0.9053625169081144,0.5597027541769416,48.90203755877787,0.2138417889103832,0.2162401432995332,0.40425531914893614,0.40425531914893614,0.524822695035461,0.3404255319148936,0.3971631205673759,0.4208037825059101,0.41252955082742315
arm-43fa322555,Franka Emika,FR3,oems,True,0.25,True,[],8,0,31640,0.9748616741460372,0.3801715653768103,38.567984099437936,0.1336066307487371,0.2798582859780314,0.950354609929078,0.950354609929078,0.2127659574468085,0.24822695035460993,0.24822695035460993,0.2364066193853428,0.5933806146572105
arm-07307859e2,Franka Emika,Panda,matlab,False,0.25,True,[],10,0,33565,0.9746423329956428,0.3806991873587965,38.51146893706069,0.133368225323425,0.2782785773528563,0.9432624113475178,0.9432624113475178,0.2198581560283688,0.24113475177304963,0.24113475177304963,0.23404255319148937,0.5886524822695036
arm-dcc2b0ce1e,KUKA,KR 10 R1100 sixx,ros-industrial,False,0.25,True,[],7,0,14941,0.9353585851532296,0.6045619620332413,90.3848796722262,0.3518465182290192,0.9249415356014088,0.6312056737588653,0.6312056737588653,0.6028368794326241,0.7375886524822695,0.6099290780141844,0.6501182033096927,0.640661938534279
arm-a751040684,KUKA,KR 10 R1420,ros-industrial,False,0.25,True,"[""link_1.stl: ModuleNotFoundError: No module named 'networkx'""]",6,1,25661,0.9627799291983932,0.6954924305142908,94.23084709222807,0.3614691194287024,1.2426098277201432,0.9078014184397163,0.9078014184397163,0.7872340425531915,0.8794326241134752,0.6453900709219859,0.7706855791962175,0.8392434988179669
arm-3ce41d3c31,KUKA,KR 10 R900-2,ros-industrial,False,0.25,True,[],7,0,5079,0.958126465994853,0.7341369954760635,87.94680439647959,0.4030388516915479,1.294444439929254,0.875886524822695,0.875886524822695,0.875886524822695,0.6276595744680851,0.7127659574468085,0.7387706855791962,0.8073286052009456
arm-a0fb4a920d,KUKA,KR 120 R2500 pro,ros-industrial,False,0.25,True,"[""link_1.dae: ModuleNotFoundError: No module named 'networkx'"", ""link_3.dae: ModuleNotFoundError: No module named 'networkx'""]",5,2,23914,0.8825963450769938,0.420178802395021,129.45278177827507,0.6481385472147897,0.9786294054094312,0.1453900709219858,0.1453900709219858,0.2730496453900709,0.9893617021276596,0.9893617021276596,0.7505910165484634,0.4479905437352246
arm-79c861f26a,KUKA,KR 150 R3100-2,ros-industrial,True,0.25,True,"[""link_1.stl: ModuleNotFoundError: No module named 'networkx'""]",6,1,9719,0.9339186323707754,0.7809251546536812,102.5409210236653,0.4595843335842512,1.3633866694257213,0.624113475177305,0.624113475177305,0.9645390070921985,0.9290780141843972,0.9148936170212766,0.9361702127659575,0.7801418439716312
arm-a72160b62d,KUKA,KR 150-2,ros-industrial,True,0.25,True,[],7,0,12828,0.9001973748968064,0.5573304991971434,78.90487672499715,0.321904676011362,0.5283759446570397,0.3120567375886525,0.3120567375886525,0.5106382978723404,0.5460992907801419,0.5177304964539007,0.524822695035461,0.41843971631205673
arm-a49344adee,KUKA,KR 16-2,ros-industrial,False,0.25,True,"[""link_1.dae: ModuleNotFoundError: No module named 'networkx'"", ""link_3.dae: ModuleNotFoundError: No module named 'networkx'""]",5,2,23914,0.8825963450769938,0.420178802395021,129.45278177827507,0.6481385472147897,0.9786294054094312,0.1453900709219858,0.1453900709219858,0.2730496453900709,0.9893617021276596,0.9893617021276596,0.7505910165484634,0.4479905437352246
arm-eb642d29c4,KUKA,KR 210 L150,ros-industrial,False,0.25,True,"[""link_1.dae: ModuleNotFoundError: No module named 'networkx'"", ""link_3.dae: ModuleNotFoundError: No module named 'networkx'""]",5,2,23914,0.8825963450769938,0.420178802395021,129.45278177827507,0.6481385472147897,0.9786294054094312,0.1453900709219858,0.1453900709219858,0.2730496453900709,0.9893617021276596,0.9893617021276596,0.7505910165484634,0.4479905437352246
arm-1d928e951e,KUKA,KR 3 R540,ros-industrial,False,0.25,True,[],7,0,18637,0.97565584373487,0.6400656095191689,75.88869423767083,0.2876190609772437,1.039387576598001,0.9574468085106383,0.9574468085106383,0.6595744680851063,0.5035460992907801,0.48226950354609927,0.5484633569739953,0.7529550827423168
arm-b746f2cfd4,KUKA,KR 5 ARC,ros-industrial,False,0.25,True,[],7,0,7264,0.939581901423441,0.3882138705412737,31.250770510061884,0.1090242950766601,-0.0252074762973422,0.7163120567375887,0.7163120567375887,0.22695035460992907,0.19858156028368795,0.22695035460992907,0.21749408983451538,0.466903073286052
arm-e07d114785,KUKA,KR 6 R700 sixx,ros-industrial,False,0.25,True,[],7,0,11168,0.9763034142059208,0.5720743705784755,89.73438819352003,0.3277502825701011,1.1125991099500996,0.9716312056737588,0.9716312056737588,0.5390070921985816,0.6453900709219859,0.5319148936170213,0.5721040189125296,0.7718676122931443
arm-c8e061a405,KUKA,KR 6 R900 sixx,ros-industrial,False,0.25,True,[],7,0,9182,0.9462441368608456,0.6033551049444972,89.84754396060343,0.3408819228812077,0.9730660606176764,0.7801418439716312,0.7801418439716312,0.5886524822695035,0.6595744680851063,0.574468085106383,0.607565011820331,0.6938534278959811
arm-aa1b44f60a,KUKA,KR 6 R900-2,ros-industrial,False,0.25,True,[],7,0,5079,0.958126465994853,0.7341369954760635,87.94680439647959,0.4030388516915479,1.294444439929254,0.875886524822695,0.875886524822695,0.875886524822695,0.6276595744680851,0.7127659574468085,0.7387706855791962,0.8073286052009456
arm-f1f8f0dd95,KUKA,LBR iiwa 14,matlab,False,0.25,True,[],8,0,29836,0.9673646570154454,0.3897883073525842,44.85492003058153,0.1337373887236254,0.2746153926585226,0.9290780141843972,0.9290780141843972,0.23404255319148937,0.3120567375886525,0.2553191489361702,0.26713947990543735,0.5981087470449172
arm-6e913f41ef,KUKA,LBR iiwa 14 R820,robotics-toolbox,True,0.25,True,[],8,0,18877,0.9701553287686416,0.4470195309175648,49.68870864740004,0.1524495566276206,0.4144352687370359,0.9361702127659575,0.9361702127659575,0.3262411347517731,0.36879432624113473,0.2978723404255319,0.3309692671394799,0.6335697399527187
arm-91bce84f44,KUKA,LBR iiwa 7,matlab,False,0.25,True,[],8,0,63454,0.977639037231372,0.3301162895974424,39.38418823743224,0.1099680227377508,0.2057580881287483,0.9787234042553191,0.9787234042553191,0.09929078014184398,0.2553191489361702,0.23404255319148937,0.1962174940898345,0.5874704491725768
arm-23fbd5742a,Kinova Robotics,Gen3,matlab,False,0.25,True,"[""EndEffector_Link.STL: ValueError: no triangle geometry""]",8,1,21674,0.9672687366025406,0.620377285092884,78.95694014986695,0.2590603442180468,0.9285515865567824,0.9219858156028369,0.9219858156028369,0.6382978723404256,0.5531914893617021,0.45390070921985815,0.5484633569739953,0.7352245862884161
arm-19d6bdecaf,Kinova Robotics,Gen3 V12,matlab,False,0.25,True,[],8,0,21729,0.9667061767528528,0.6185211407572822,78.2407698196482,0.2593086376788659,0.9194594277274748,0.9148936170212766,0.9148936170212766,0.624113475177305,0.5390070921985816,0.46099290780141844,0.541371158392435,0.7281323877068557
arm-8feb5af658,Kinova Robotics,Jaco J2N4S300,oems,True,0.25,True,[],9,0,18480,0.8642760845055659,0.3648781224646859,30.502279236897305,0.0890056595022737,-0.5852566542076434,0.0851063829787234,0.0851063829787234,0.1702127659574468,0.1773049645390071,0.18439716312056736,0.1773049645390071,0.13120567375886524
arm-0d0d196c9d,Kinova Robotics,Jaco J2N6S200,matlab,False,0.25,True,[],10,0,25036,0.8735262150330196,0.3607055631941851,29.618624982424684,0.0852284857265235,-0.5403391317752224,0.10638297872340426,0.10638297872340426,0.14184397163120568,0.15602836879432624,0.1276595744680851,0.14184397163120566,0.12411347517730495
arm-9c4ffe22a9,Kinova Robotics,Jaco J2N6S300,matlab,False,0.25,True,[],10,0,19400,0.8727554870954652,0.3648724186323897,30.212638884998032,0.0874788294225922,-0.533721573609531,0.09929078014184398,0.09929078014184398,0.16312056737588654,0.16312056737588654,0.16312056737588654,0.16312056737588654,0.13120567375886527
arm-fb66eee2b5,Kinova Robotics,Jaco J2N7S300,matlab,False,0.25,True,[],11,0,20554,0.9235490175800638,0.3595098407592365,28.86523396092044,0.0815720284098338,-0.2231329375030579,0.5319148936170213,0.5319148936170213,0.1347517730496454,0.14893617021276595,0.11347517730496454,0.13238770685579196,0.3321513002364066
arm-1998f45a5c,Kinova Robotics,Jaco J2S6S200,oems,True,0.25,True,[],11,0,27988,0.8826559807084896,0.3551889866604437,28.28586736326026,0.0802459880792848,-0.502187167705852,0.1773049645390071,0.1773049645390071,0.12056737588652482,0.1347517730496454,0.10638297872340426,0.12056737588652482,0.14893617021276595
arm-9c6c2f8aef,Kinova Robotics,Jaco J2S6S300,matlab,False,0.25,True,[],11,0,22352,0.8826198328659176,0.3583176309602414,28.78268262204349,0.0822112679650905,-0.4928973407271933,0.16312056737588654,0.16312056737588654,0.1276595744680851,0.14184397163120568,0.12056737588652482,0.13002364066193853,0.14657210401891252
arm-296b557ef0,Kinova Robotics,Jaco J2S7S300,matlab,False,0.25,True,[],12,0,23506,0.9279521947173838,0.3539050895458311,27.65928488363692,0.0772186620260047,-0.21438179482833,0.5602836879432624,0.5602836879432624,0.11347517730496454,0.1276595744680851,0.09929078014184398,0.11347517730496454,0.33687943262411346
arm-30ac22fcc7,Kinova Robotics,Mico M1N4S200,matlab,False,0.25,True,[],9,0,24374,0.8949355887368288,0.3636227507238167,31.07324319372761,0.0879400909113217,-0.3838848793110478,0.2695035460992908,0.2695035460992908,0.15602836879432624,0.18439716312056736,0.1702127659574468,0.1702127659574468,0.21985815602836878
arm-fbeebf16bf,Kinova Robotics,Mico M1N6S200,matlab,True,0.25,True,[],10,0,25294,0.901394234135418,0.3628400132138092,30.424454303106383,0.0854736961608651,-0.3500446758822826,0.3546099290780142,0.3546099290780142,0.14893617021276595,0.1702127659574468,0.1347517730496454,0.15130023640661938,0.2529550827423168
arm-6db670c663,Kinova Robotics,Mico M1N6S300,matlab,False,0.25,True,[],10,0,19658,0.9010315536100192,0.3674642156830661,31.09240852538423,0.0879552151274225,-0.3394429037809519,0.3333333333333333,0.3333333333333333,0.1773049645390071,0.19148936170212766,0.1773049645390071,0.18203309692671396,0.2576832151300236
arm-ab15a75247,Lynxmotion,AL5D,robotics-toolbox,True,0.25,True,[],5,0,15282,0.9002977395491938,0.6981218752068146,95.13988391425414,0.4095074842965817,0.9239426271394476,0.3191489361702128,0.3191489361702128,0.7943262411347518,0.8936170212765957,0.7304964539007093,0.806146572104019,0.5626477541371159
arm-42e898b1a2,Mecademic Robotics,Meca500-R3,matlab,True,0.25,True,"[""meca_500_r3_base.dae: ModuleNotFoundError: No module named 'networkx'"", ""meca_500_r3_j2.dae: ModuleNotFoundError: No module named 'networkx'"", ""meca_500_r3_j3.dae: ModuleNotFoundError: No module named 'networkx'"", ""meca_500_r3_j4.dae: ModuleNotFoundError: No module named 'networkx'"", ""meca_500_r3_j5.dae: ModuleNotFoundError: No module named 'networkx'""]",2,5,2588,0.9481332040742032,0.7750445507467668,91.06960889664336,0.4305896189414124,1.338732893799269,0.8085106382978723,0.8085106382978723,0.9574468085106383,0.7730496453900709,0.8439716312056738,0.8581560283687942,0.8333333333333333
arm-10f5f05385,Quanser,QArm,matlab,True,0.25,True,"[""FOREARM.STL: ModuleNotFoundError: No module named 'networkx'""]",4,1,70224,0.7555978384688222,0.7670315484523081,102.6079112574159,0.4282002410498911,0.4860664493332204,0.0,0.0,0.950354609929078,0.9361702127659575,0.8368794326241135,0.9078014184397163,0.45390070921985815
arm-d55f01b988,ROBOTIS,Open Manipulator,matlab,True,0.25,True,[],7,0,31548,0.9901385729650416,0.7816454433550996,99.61694553796508,0.5178248001509734,1.8208531280842135,1.0,1.0,0.9716312056737588,0.9219858156028369,0.9432624113475178,0.9456264775413712,0.9728132387706856
arm-551a9c392e,Rethink Robotics,Sawyer,matlab,True,0.25,True,[],10,0,58528,0.9762380596291964,0.6950350323988582,107.05140830144164,0.3598863527797545,1.3956036956935989,0.9645390070921985,0.9645390070921985,0.7801418439716312,0.9432624113475178,0.6312056737588653,0.784869976359338,0.8747044917257683
arm-21b8992ec4,Schunk,LWA 4D,random,True,0.25,True,[],8,0,3208,0.9812445429050513,0.7082711776394303,89.17498757736205,0.4187399197617644,1.4521029256044302,0.9858156028368794,0.9858156028368794,0.8156028368794326,0.6382978723404256,0.8014184397163121,0.75177304964539,0.8687943262411347
arm-25d4f5567f,Schunk,LWA 4P,random,True,0.25,True,[],7,0,7268,0.9363602515941096,0.4824608194716824,55.29720662911241,0.1579550530044016,0.2705565776003732,0.6666666666666666,0.6666666666666666,0.3900709219858156,0.41843971631205673,0.3191489361702128,0.375886524822695,0.5212765957446808
arm-0417f43b13,Staubli,RX 160,ros-industrial,False,0.25,True,[],7,0,9991,0.8632202749778743,0.734646049232877,93.27695329146331,0.4114003536853479,0.7138146503930854,0.05319148936170213,0.05319148936170213,0.9042553191489362,0.8546099290780141,0.7553191489361702,0.8380614657210401,0.44562647754137114
arm-24f259efca,Staubli,RX 160L,ros-industrial,True,0.25,True,"[""link_4.stl: ModuleNotFoundError: No module named 'networkx'""]",6,1,8417,0.8774787677176622,0.7276342078980823,92.93315467312146,0.4015668356918893,0.7807417481734671,0.11347517730496454,0.11347517730496454,0.8581560283687943,0.8297872340425532,0.7021276595744681,0.7966903073286051,0.4550827423167848
arm-0573e1e127,Staubli,TX-60,ros-industrial,False,0.25,True,[],7,0,9388,0.9508404971145776,0.668653132614945,85.9017650081087,0.3461249182578922,1.0635281735176458,0.8226950354609929,0.8226950354609929,0.6950354609929078,0.5886524822695035,0.5957446808510638,0.6264775413711584,0.7245862884160756
arm-5547a74654,Staubli,TX-60L,ros-industrial,True,0.25,True,[],7,0,8711,0.9288651676596996,0.6778658006317547,86.84212793883235,0.3575717143644285,0.9542715406568552,0.574468085106383,0.574468085106383,0.7375886524822695,0.5957446808510638,0.6170212765957447,0.6501182033096926,0.6122931442080378
arm-e93307d9bd,Staubli,TX-90,ros-industrial,False,0.25,True,"[""link_4.stl: ModuleNotFoundError: No module named 'networkx'""]",6,1,8190,0.945524002634009,0.6686518571729686,87.70885241756514,0.3491368877369497,1.043419217683806,0.7588652482269503,0.7588652482269503,0.6879432624113475,0.6099290780141844,0.6028368794326241,0.6335697399527187,0.6962174940898345
arm-d07d771ab2,Staubli,TX-90L,ros-industrial,False,0.25,True,"[""link_4.stl: ModuleNotFoundError: No module named 'networkx'""]",6,1,7863,0.9372257054459364,0.680127443539194,87.90222246669042,0.3584295423410504,1.018851639424689,0.6950354609929078,0.6950354609929078,0.7588652482269503,0.6170212765957447,0.624113475177305,0.6666666666666666,0.6808510638297872
arm-c19ddd110e,Staubli,TX-90XL,ros-industrial,False,0.25,True,"[""link_2.stl: ModuleNotFoundError: No module named 'networkx'""]",6,1,8048,0.95993609626964,0.7020156007228217,89.89622866671067,0.3725379856918522,1.2276422693051543,0.8936170212765957,0.8936170212765957,0.8014184397163121,0.6666666666666666,0.6808510638297872,0.7163120567375887,0.8049645390070922
arm-7e62b38268,Staubli,TX2-60,ros-industrial,False,0.25,True,[],7,0,9303,0.9515298252263336,0.6881100963555918,74.51162058076903,0.3452731546459201,1.0277587761565437,0.8297872340425532,0.8297872340425532,0.7730496453900709,0.48936170212765956,0.5886524822695035,0.6170212765957447,0.7234042553191489
arm-34e953c5c7,Staubli,TX2-60L,ros-industrial,False,0.25,True,[],7,0,8981,0.9321221038555187,0.7034621204639584,76.58088487045052,0.3669356340934717,0.9660820436664276,0.5957446808510638,0.5957446808510638,0.8085106382978723,0.524822695035461,0.6524822695035462,0.6619385342789598,0.6288416075650118
arm-144f1962ce,Staubli,TX2-90,ros-industrial,False,0.25,True,[],7,0,13734,0.9533537684994612,0.680011560518298,75.05934100225248,0.3389907364718149,1.0226831851763576,0.8439716312056738,0.8439716312056738,0.75177304964539,0.49645390070921985,0.5673758865248227,0.6052009456264775,0.7245862884160756
arm-2a2b0eb0bf,Staubli,TX2-90L,ros-industrial,False,0.25,True,[],7,0,13947,0.9455915155024898,0.6743963034682223,74.21686761897895,0.3366121637310947,0.9568213586853824,0.7659574468085106,0.7659574468085106,0.723404255319149,0.48226950354609927,0.5602836879432624,0.5886524822695035,0.677304964539007
arm-b10f1f90f2,Staubli,TX2-90XL,ros-industrial,False,0.25,True,[],7,0,14380,0.936687391302012,0.6741367571353306,74.03712185877485,0.3324212546998971,0.8896622356712329,0.6737588652482269,0.6737588652482269,0.7163120567375887,0.475177304964539,0.5390070921985816,0.5768321513002364,0.6252955082742316
arm-84f18dca29,Trossen Robotics,PhantomX Pincher,robotics-toolbox,False,0.25,True,[],7,0,3052,0.956953882278198,0.8682930518902062,111.85795769330694,0.5730991825559417,1.859964197918583,0.8652482269503546,0.8652482269503546,1.0,0.9574468085106383,0.950354609929078,0.9692671394799056,0.9172576832151301
arm-b7ba94bbd4,Trossen Robotics,PincherX-100,robotics-toolbox,False,0.25,True,[],8,0,2270,0.8926424819452087,0.5738534573137221,90.21437473160584,0.4371609144648558,0.7594150403651796,0.2553191489361702,0.2553191489361702,0.5460992907801419,0.6950354609929078,0.8581560283687943,0.6997635933806148,0.47754137115839246
arm-355efc5b8b,Trossen Robotics,PincherX-150,robotics-toolbox,True,0.25,True,[],9,0,3720,0.8462093983902871,0.4560863502310582,89.94793669519814,0.3605869294424298,0.188347905708742,0.02127659574468085,0.02127659574468085,0.3404255319148936,0.6737588652482269,0.6382978723404256,0.5508274231678487,0.2860520094562648
arm-ab859c237c,Trossen Robotics,ReactorX-150,robotics-toolbox,True,0.25,True,[],9,0,3626,0.8221320832692774,0.4725325188948971,90.21466316174347,0.3670246701484694,0.0608589180070044,0.0070921985815602835,0.0070921985815602835,0.375886524822695,0.7021276595744681,0.6595744680851063,0.5791962174940898,0.29314420803782504
arm-c4fb1c3613,Trossen Robotics,ReactorX-200,robotics-toolbox,False,0.25,True,[],9,0,3508,0.8398681555123212,0.4669571198774324,90.16009821591292,0.3719349106403747,0.1796983391582979,0.014184397163120567,0.014184397163120567,0.3546099290780142,0.6879432624113475,0.6737588652482269,0.5721040189125296,0.2931442080378251
arm-c19394961c,Trossen Robotics,Turtlebot Arm,robotics-toolbox,False,0.25,True,[],6,0,3170,0.9022445733481688,0.8512991344709175,108.65553089241068,0.5840708702928163,1.47243071736978,0.375886524822695,0.375886524822695,0.9929078014184397,0.950354609929078,0.9574468085106383,0.9669030732860521,0.6713947990543736
arm-1e30cc03ac,Trossen Robotics,ViperX-300,robotics-toolbox,False,0.25,True,[],9,0,11769,0.8870974799613395,0.6140293077854118,90.45868139421512,0.4037322624487965,0.7096669869452092,0.20567375886524822,0.20567375886524822,0.6170212765957447,0.7446808510638298,0.723404255319149,0.6950354609929078,0.450354609929078
arm-3cd0743b5b,Trossen Robotics,ViperX-300s,robotics-toolbox,True,0.25,True,[],10,0,12231,0.8855145085019486,0.6208964059408238,90.86552189760654,0.4136548006558707,0.7264215031026338,0.19858156028368795,0.19858156028368795,0.6453900709219859,0.7588652482269503,0.7801418439716312,0.7281323877068558,0.46335697399527187
arm-01df249d91,Trossen Robotics,WidowX-200,robotics-toolbox,False,0.25,True,[],9,0,2370,0.8893664291547214,0.5993655452671276,90.2317258800578,0.4379262418602012,0.7673930283103143,0.2127659574468085,0.2127659574468085,0.5815602836879432,0.7092198581560284,0.8652482269503546,0.7186761229314421,0.4657210401891253
arm-1293f54184,Trossen Robotics,WidowX-250,robotics-toolbox,False,0.25,True,[],9,0,2614,0.891852031344092,0.5879136094180455,90.06621370119615,0.4247614699786099,0.7471000596529556,0.24822695035460993,0.24822695035460993,0.5602836879432624,0.6808510638297872,0.8156028368794326,0.6855791962174941,0.466903073286052
arm-787fc29345,Trossen Robotics,WidowX-250s,robotics-toolbox,True,0.25,True,[],10,0,3320,0.9014972183527749,0.5973581463845418,90.31347564398068,0.4247654737926029,0.8222348524458085,0.3617021276595745,0.3617021276595745,0.574468085106383,0.7304964539007093,0.8226950354609929,0.7092198581560284,0.5354609929078015
arm-d656d85ceb,Unimation,PUMA 560,robotics-toolbox,True,0.25,True,[],7,0,3792,0.9133762085964784,0.4689372912481979,77.68665462239171,0.3344837582550518,0.5334231075785844,0.475177304964539,0.475177304964539,0.36879432624113473,0.5319148936170213,0.5531914893617021,0.4846335697399527,0.4799054373522459
arm-c83ebf2672,Universal Robots,UR10,matlab,False,0.25,True,"[""shoulder.dae: ModuleNotFoundError: No module named 'networkx'"", ""upperarm.dae: ModuleNotFoundError: No module named 'networkx'""]",5,2,20075,0.9311249298800393,0.6202809870140601,69.32193517069426,0.2949949472688162,0.7030402401702676,0.5886524822695035,0.5886524822695035,0.6312056737588653,0.46099290780141844,0.49645390070921985,0.5295508274231678,0.5591016548463357
arm-acd806343f,Universal Robots,UR10e,matlab,True,0.25,True,[],7,0,85931,0.9077253442949867,0.4975752195370488,44.08797868594079,0.1734559897090736,0.0668991830514676,0.41843971631205673,0.41843971631205673,0.425531914893617,0.3049645390070922,0.3333333333333333,0.3546099290780142,0.38652482269503546
arm-ef48297ba4,Universal Robots,UR16e,matlab,False,0.25,True,"[""upperarm.dae: ModuleNotFoundError: No module named 'networkx'""]",6,1,58146,0.9230870457002064,0.503839604292018,45.15336707035552,0.1859759558244323,0.2024648788934324,0.524822695035461,0.524822695035461,0.4326241134751773,0.3191489361702128,0.3475177304964539,0.3664302600472813,0.44562647754137114
arm-447dd175af,Universal Robots,UR3,matlab,True,0.25,True,[],7,0,16814,0.981866770591707,0.6713020751585337,76.4983931979328,0.3104096089052592,1.157924842971772,0.9929078014184397,0.9929078014184397,0.7092198581560284,0.5177304964539007,0.5106382978723404,0.5791962174940898,0.7860520094562647
arm-e99fababe4,Universal Robots,UR3e,matlab,False,0.25,True,[],7,0,83761,0.912979678926049,0.4833310528037001,40.02497823540656,0.1532417104959336,0.0287324914986448,0.46808510638297873,0.46808510638297873,0.40425531914893614,0.2695035460992908,0.3049645390070922,0.326241134751773,0.3971631205673759
arm-17a4199cfb,Universal Robots,UR5,matlab,False,0.25,True,[],7,0,23913,0.9297751868653774,0.3277680547714891,20.78866618301172,0.0712782793805302,-0.2779397811621467,0.5815602836879432,0.5815602836879432,0.0851063829787234,0.02127659574468085,0.014184397163120567,0.04018912529550828,0.3108747044917257
arm-31ecc95a27,Universal Robots,UR5e,matlab,False,0.25,True,"[""forearm.dae: ModuleNotFoundError: No module named 'networkx'""]",6,1,68895,0.947194692788658,0.482437134092808,42.87251572247589,0.1738749560838361,0.3040870215664882,0.7943262411347518,0.7943262411347518,0.3829787234042553,0.2907801418439716,0.3404255319148936,0.3380614657210402,0.566193853427896
arm-e8a782b5bc,Yaskawa Motoman,Motoman MH5,matlab,True,0.25,True,[],7,0,46225,0.9557370261021412,0.4474499482226948,49.71222846359001,0.1437410913339026,0.3049040953047337,0.8581560283687943,0.8581560283687943,0.3333333333333333,0.375886524822695,0.28368794326241137,0.3309692671394799,0.5945626477541371
arm-3d848aeb52,Yaskawa Motoman,Motoman SIA10D,ros-industrial,True,0.25,True,[],8,0,2508,0.9357165474718762,0.4081889704819257,34.93623910940616,0.1052238293816083,-0.0158368053234513,0.6453900709219859,0.6453900709219859,0.24822695035460993,0.2198581560283688,0.20567375886524822,0.22458628841607564,0.43498817966903075
arm-eee1fac0b3,Yaskawa Motoman,Motoman SIA10F,ros-industrial,False,0.25,True,[],8,0,2508,0.9357165474718762,0.4081889704819257,34.93623910940616,0.1052238293816083,-0.0158368053234513,0.6453900709219859,0.6453900709219859,0.24822695035460993,0.2198581560283688,0.20567375886524822,0.22458628841607564,0.43498817966903075
arm-10582c0edf,Yaskawa Motoman,Motoman SIA20D,ros-industrial,False,0.25,True,[],8,0,2508,0.9357165474718762,0.4081889704819257,34.93623910940616,0.1052238293816083,-0.0158368053234513,0.6453900709219859,0.6453900709219859,0.24822695035460993,0.2198581560283688,0.20567375886524822,0.22458628841607564,0.43498817966903075
arm-33a606333c,Yaskawa Motoman,Motoman SIA5D,ros-industrial,False,0.25,True,[],8,0,2916,0.9250006729188224,0.4409006052229428,40.011567303637975,0.1363440009910156,0.0312800840808171,0.5390070921985816,0.5390070921985816,0.3191489361702128,0.2624113475177305,0.2695035460992908,0.2836879432624113,0.41134751773049644
arm-fdadfa8bdd,ABB,CRB 15000,ros-industrial,False,0.5,True,[],7,0,26266,0.9520987402047588,0.4334417693229573,55.52243360952078,0.1445843150923154,0.2977626976362101,0.8297872340425532,0.8297872340425532,0.41134751773049644,0.45390070921985815,0.3333333333333333,0.3995271867612293,0.6146572104018913
arm-f7b0b901d3,ABB,IRB 120,matlab,False,0.5,True,[],7,0,19988,0.8640968013949288,0.6171293587575163,89.44735159416805,0.3168705720307358,0.4036960973341056,0.05319148936170213,0.05319148936170213,0.8546099290780141,0.7056737588652482,0.7056737588652482,0.7553191489361701,0.40425531914893614
arm-7d8304122a,ABB,IRB 120-3/0.6,ros-industrial,False,0.5,True,[],7,0,19988,0.8640968013949288,0.6171293587575163,89.44735159416805,0.3168705720307358,0.4036960973341056,0.05319148936170213,0.05319148936170213,0.8546099290780141,0.7056737588652482,0.7056737588652482,0.7553191489361701,0.40425531914893614
arm-d23914e41d,ABB,IRB 1200-5/0.9,ros-industrial,False,0.5,True,[],7,0,46416,0.9528282764388248,0.5769231902877863,75.59709691445948,0.2263336476057601,0.7104322936660914,0.8368794326241135,0.8368794326241135,0.723404255319149,0.5531914893617021,0.5035460992907801,0.5933806146572104,0.7151300236406619
arm-402d7168a6,ABB,IRB 1200-7/0.7,ros-industrial,False,0.5,True,[],7,0,39455,0.9620589692266074,0.5879980388159103,78.48335426046417,0.2442320094023398,0.8300649404234042,0.8936170212765957,0.8936170212765957,0.75177304964539,0.5673758865248227,0.524822695035461,0.6146572104018913,0.7541371158392435
arm-936a2bbc83,ABB,IRB 120T,matlab,False,0.5,True,[],7,0,19988,0.8640968013949288,0.6171293587575163,89.44735159416805,0.3168705720307358,0.4036960973341056,0.05319148936170213,0.05319148936170213,0.8546099290780141,0.7056737588652482,0.7056737588652482,0.7553191489361701,0.40425531914893614
arm-30008f0a9e,ABB,IRB 120T-3/0.6,ros-industrial,False,0.5,True,[],7,0,19988,0.8640968013949288,0.6171293587575163,89.44735159416805,0.3168705720307358,0.4036960973341056,0.05319148936170213,0.05319148936170213,0.8546099290780141,0.7056737588652482,0.7056737588652482,0.7553191489361701,0.40425531914893614
arm-d8cf128269,ABB,IRB 140,robotics-toolbox,True,0.5,True,[],7,0,9824,0.9422857061042832,0.6703443824401425,89.69936441857826,0.4267579830323877,1.1710475366103348,0.7127659574468085,0.7127659574468085,0.9326241134751773,0.7553191489361702,0.9113475177304965,0.8664302600472813,0.789598108747045
arm-f86e598566,ABB,IRB 140T,robotics-toolbox,False,0.5,True,[],7,0,9824,0.9422857061042832,0.6703443824401425,89.69936441857826,0.4267579830323877,1.1710475366103348,0.7127659574468085,0.7127659574468085,0.9326241134751773,0.7553191489361702,0.9113475177304965,0.8664302600472813,0.789598108747045
arm-4e79777e86,ABB,IRB 1600,matlab,False,0.5,True,"[""link_3.stl: ModuleNotFoundError: No module named 'networkx'""]",6,1,7326,0.9098151381294544,0.5772728451927026,90.22352092175484,0.4009182638315218,0.8123996186516727,0.4078014184397163,0.4078014184397163,0.7340425531914894,0.875886524822695,0.8829787234042553,0.8309692671394799,0.6193853427895981
arm-c92ba5c644,ABB,IRB 1600-6/1.2,ros-industrial,False,0.5,True,"[""link_3.stl: ModuleNotFoundError: No module named 'networkx'""]",6,1,7326,0.9098151381294544,0.5772728451927026,90.22352092175484,0.4009182638315218,0.8123996186516727,0.4078014184397163,0.4078014184397163,0.7340425531914894,0.875886524822695,0.8829787234042553,0.8309692671394799,0.6193853427895981
arm-674fb8e440,ABB,IRB 1600-8/1.45,ros-industrial,False,0.5,True,"[""link_3.stl: ModuleNotFoundError: No module named 'networkx'""]",6,1,9465,0.9001799670117439,0.5592895539925028,90.21188962308815,0.3894740971777577,0.7090542049230815,0.2765957446808511,0.2765957446808511,0.7021276595744681,0.8652482269503546,0.8723404255319149,0.8132387706855791,0.5449172576832151
arm-081210e630,ABB,IRB 2400,ros-industrial,False,0.5,True,"[""link_1.dae: ModuleNotFoundError: No module named 'networkx'"", ""link_3.dae: ModuleNotFoundError: No module named 'networkx'""]",5,2,32562,0.8876939590672126,0.3446818229813938,132.9898051859158,0.6511551008364682,0.9477471612116752,0.1879432624113475,0.1879432624113475,0.29432624113475175,0.9893617021276596,0.9893617021276596,0.7576832151300237,0.4728132387706856
arm-f3a89fcc9e,ABB,IRB 2600,ros-industrial,False,0.5,True,[],7,0,136018,0.9592201619458606,0.4632580471633266,79.85617861094045,0.2290410939526085,0.6546271028683358,0.8794326241134752,0.8794326241134752,0.48226950354609927,0.574468085106383,0.5106382978723404,0.5224586288416075,0.7009456264775413
arm-f817901d6a,ABB,IRB 4400L/30,ros-industrial,True,0.5,True,[],7,0,5846,0.9225332069980589,0.5950097101372857,90.83555297600768,0.4213055689120794,0.9546515078983356,0.5177304964539007,0.5177304964539007,0.7588652482269503,0.900709219858156,0.900709219858156,0.8534278959810875,0.6855791962174941
arm-24c767f546,ABB,IRB 4600-20/2.50,ros-industrial,False,0.5,True,[],7,0,18284,0.9400480281489212,0.7244487235929348,91.16132587329012,0.4517668298018696,1.2676088309312203,0.6879432624113475,0.6879432624113475,0.9787234042553191,0.9148936170212766,0.9361702127659575,0.9432624113475176,0.8156028368794326
arm-304c9a08a5,ABB,IRB 4600-40/2.55,ros-industrial,False,0.5,True,[],7,0,19243,0.9433452305173982,0.713791058892932,91.29155133661976,0.4387667899096247,1.2553804091940046,0.7446808510638298,0.7446808510638298,0.9716312056737588,0.9290780141843972,0.9290780141843972,0.9432624113475178,0.8439716312056738
arm-44d423d29d,ABB,IRB 4600-60/2.05,ros-industrial,True,0.5,True,[],7,0,30095,0.9537583925445304,0.6777212759091308,90.3398775112387,0.4061031310692177,1.2216638246023424,0.851063829787234,0.851063829787234,0.950354609929078,0.8936170212765957,0.8936170212765957,0.9125295508274233,0.8817966903073287
arm-8fcf241b6f,ABB,IRB 52-7/1.2,ros-industrial,False,0.5,True,[],7,0,13092,0.9245136739640696,0.5259053522131987,89.69252208184247,0.3528970335744122,0.7652337843340511,0.5390070921985816,0.5390070921985816,0.6028368794326241,0.7446808510638298,0.8085106382978723,0.7186761229314421,0.6288416075650118
arm-91f018718c,ABB,IRB 52-7/1.45,ros-industrial,False,0.5,True,[],7,0,13488,0.9152601207813555,0.5109988427403784,89.72674018104982,0.3493131858587807,0.6818532740266394,0.475177304964539,0.475177304964539,0.5815602836879432,0.7659574468085106,0.8014184397163121,0.7163120567375887,0.5957446808510638
arm-065970a45f,ABB,IRB 5400,ros-industrial,False,0.5,True,"[""link_1.dae: ModuleNotFoundError: No module named 'networkx'"", ""link_3.dae: ModuleNotFoundError: No module named 'networkx'""]",6,2,33276,0.8876935052279035,0.3446825738762823,132.9891647480919,0.651151195467954,0.947741617342324,0.1702127659574468,0.1702127659574468,0.3120567375886525,0.9716312056737588,0.9716312056737588,0.75177304964539,0.46099290780141844
arm-6af92e32a6,ABB,IRB 6600-255/2.55,ros-industrial,False,0.5,True,[],9,0,11388,0.9127625544970356,0.5554660077604276,88.11702981689392,0.3371518882118796,0.6844748579261242,0.4326241134751773,0.4326241134751773,0.6879432624113475,0.6524822695035462,0.7730496453900709,0.7044917257683215,0.5685579196217494
arm-0ef5af4e54,ABB,IRB 6640,ros-industrial,False,0.5,True,"[""cylinder.stl: ModuleNotFoundError: No module named 'networkx'"", ""piston.stl: ModuleNotFoundError: No module named 'networkx'""]",7,2,19988,0.8640968013949288,0.6171293587575163,89.44735159416805,0.3168705720307358,0.4036960973341056,0.05319148936170213,0.05319148936170213,0.8546099290780141,0.7056737588652482,0.7056737588652482,0.7553191489361701,0.40425531914893614
arm-897106e190,ABB,IRB 6640-185/2.8,ros-industrial,False,0.5,True,"[""link_1.dae: ModuleNotFoundError: No module named 'networkx'"", ""link_3.dae: ModuleNotFoundError: No module named 'networkx'""]",7,2,41456,0.887714246130222,0.3447142964490861,132.97258463657138,0.6510591659857835,0.94782526162831,0.20567375886524822,0.20567375886524822,0.3191489361702128,0.9645390070921985,0.9645390070921985,0.7494089834515366,0.4775413711583924
arm-ef24cb935c,ABB,IRB 6650S-125/3.50,ros-industrial,False,0.5,True,[],7,0,16206,0.915314574642897,0.5508588697519602,88.51488297748043,0.3892314911376983,0.789896407904177,0.48226950354609927,0.48226950354609927,0.6737588652482269,0.6595744680851063,0.8652482269503546,0.7328605200945626,0.607565011820331
arm-cd4762843b,ABB,IRB 6650S-90/3.90,ros-industrial,False,0.5,True,[],7,0,17020,0.9147111080075848,0.5469137829858138,89.38147382948341,0.3855348292849533,0.7796649607354955,0.46099290780141844,0.46099290780141844,0.6595744680851063,0.6808510638297872,0.8581560283687943,0.7328605200945626,0.5969267139479906
arm-fa8324d39f,ABB,IRB 6700-200/2.60,ros-industrial,False,0.5,True,[],9,0,33260,0.948951973938366,0.6134955537718786,89.91625814786701,0.3723576422815546,1.0577632943597952,0.8014184397163121,0.8014184397163121,0.8226950354609929,0.7872340425531915,0.8368794326241135,0.8156028368794326,0.8085106382978724
arm-87daff3862,ABB,IRB 6700-235/2.65,ros-industrial,False,0.5,True,[],9,0,30596,0.9501187160178984,0.6382769075717133,89.9245183637401,0.3824753994960345,1.1105544681647663,0.8085106382978723,0.8085106382978723,0.9078014184397163,0.7943262411347518,0.851063829787234,0.851063829787234,0.8297872340425532
arm-022ef09303,ABB,IRB 7600-150/3.50,ros-industrial,False,0.5,True,[],9,0,14902,0.9218584446078992,0.5791938228430685,89.68710168529894,0.3740809506714518,0.8436649893870207,0.5106382978723404,0.5106382978723404,0.7446808510638298,0.7375886524822695,0.8439716312056738,0.7754137115839242,0.6430260047281323
arm-19acb3833f,Fanuc,CR-35iA,ros-industrial,False,0.5,True,[],7,0,27438,0.9362304825336636,0.1203162580110644,8.323843856328304,0.0332179567411517,-0.5966961813568384,0.6382978723404256,0.6382978723404256,0.0,0.0,0.0,0.0,0.3191489361702128
arm-8802f2b8b4,Fanuc,CR-7iA,ros-industrial,False,0.5,True,"[""link_6.stl: ModuleNotFoundError: No module named 'networkx'""]",6,1,919,0.9332369130389816,0.6652623474031236,84.62803665302287,0.3150365214558873,0.8826201884267486,0.6028368794326241,0.6028368794326241,0.9219858156028369,0.6028368794326241,0.6808510638297872,0.7352245862884161,0.6690307328605201
arm-3acdb3f5e2,Fanuc,CR-7iA/L,ros-industrial,False,0.5,True,"[""link_6.stl: ModuleNotFoundError: No module named 'networkx'""]",6,1,927,0.9170386611631568,0.6500693833138635,80.77637147924295,0.3014746019776767,0.7151611347408906,0.49645390070921985,0.49645390070921985,0.9148936170212766,0.5886524822695035,0.6524822695035462,0.7186761229314421,0.607565011820331
arm-98c28568ba,Fanuc,CRX-10iA/L,ros-industrial,False,0.5,True,[],7,0,12234,0.878807841918874,0.1509217764093854,14.370826921354276,0.0516328690832442,-0.8762408141612439,0.12056737588652482,0.12056737588652482,0.0070921985815602835,0.0070921985815602835,0.10638297872340426,0.04018912529550828,0.08037825059101655
arm-cf88bb5d3f,Fanuc,LR Mate 200i,ros-industrial,False,0.5,True,[],7,0,2195,0.9393048935689297,0.3876356266977687,51.08322674702114,0.112120008855469,0.0826368882726662,0.6808510638297872,0.6808510638297872,0.3546099290780142,0.425531914893617,0.2907801418439716,0.3569739952718676,0.5189125295508275
arm-fa86494fa0,Fanuc,LR Mate 200iB,matlab,False,0.5,True,[],7,0,14204,0.9478238109043304,0.2027654772503166,21.01640158547147,0.0661532883681328,-0.3046644688340237,0.7872340425531915,0.7872340425531915,0.014184397163120567,0.1773049645390071,0.18439716312056736,0.12529550827423167,0.4562647754137116
arm-4c7b408826,Fanuc,LR Mate 200iB/3L,ros-industrial,False,0.5,True,[],7,0,14128,0.9331542614914876,0.2102268956337869,21.33484436894702,0.0638781449757265,-0.3952328714448352,0.5957446808510638,0.5957446808510638,0.02127659574468085,0.18439716312056736,0.1773049645390071,0.1276595744680851,0.36170212765957444
arm-cb42051aad,Fanuc,LR Mate 200iC,ros-industrial,False,0.5,True,[],7,0,10556,0.9282425526973536,0.22007982684854,15.75165865053676,0.0395947003784214,-0.4889190185495752,0.574468085106383,0.574468085106383,0.04964539007092199,0.028368794326241134,0.0070921985815602835,0.028368794326241134,0.3014184397163121
arm-de1be0b74e,Fanuc,LR Mate 200iC/5F,ros-industrial,True,0.5,True,[],6,0,6910,0.9083718116838672,0.2459660790919629,17.24321895254954,0.0400061497523733,-0.5824797823364112,0.375886524822695,0.375886524822695,0.14893617021276595,0.06382978723404255,0.02127659574468085,0.07801418439716311,0.22695035460992907
arm-53f9b9bc6b,Fanuc,LR Mate 200iC/5H,ros-industrial,False,0.5,True,[],6,0,6910,0.9083718116838672,0.2459660790919629,17.24321895254954,0.0400061497523733,-0.5824797823364112,0.375886524822695,0.375886524822695,0.14893617021276595,0.06382978723404255,0.02127659574468085,0.07801418439716311,0.22695035460992907
arm-63ba00c5ba,Fanuc,LR Mate 200iC/5HS,ros-industrial,False,0.5,True,[],6,0,6910,0.9083718116838672,0.2459660790919629,17.24321895254954,0.0400061497523733,-0.5824797823364112,0.375886524822695,0.375886524822695,0.14893617021276595,0.06382978723404255,0.02127659574468085,0.07801418439716311,0.22695035460992907
arm-697cb5dd8b,Fanuc,LR Mate 200iC/5L,ros-industrial,False,0.5,True,[],7,0,6686,0.9093617247823133,0.2738798783986106,19.124620079920373,0.0486698971452923,-0.5200573739059164,0.3900709219858156,0.3900709219858156,0.1702127659574468,0.1276595744680851,0.07092198581560284,0.12293144208037825,0.2565011820330969
arm-927835d1e3,Fanuc,LR Mate 200iD,ros-industrial,False,0.5,True,[],7,0,13140,0.9253769616844852,0.2182180035191717,15.579744979531254,0.0431452410331351,-0.5044753727223397,0.5567375886524822,0.5567375886524822,0.031914893617021274,0.01773049645390071,0.06028368794326241,0.03664302600472813,0.2966903073286052
arm-81ab4eaee7,Fanuc,LR Mate 200iD/4S,ros-industrial,False,0.5,True,[],7,0,7310,0.9428757594609324,0.2800032919317823,18.694039749933957,0.0495900712486195,-0.2935950854143859,0.7304964539007093,0.7304964539007093,0.19148936170212766,0.09929078014184398,0.0851063829787234,0.12529550827423167,0.42789598108747046
arm-417b7c6e76,Fanuc,LR Mate 200iD/4SC,ros-industrial,False,0.5,True,[],7,0,7310,0.9428757594609324,0.2800032919317823,18.694039749933957,0.0495900712486195,-0.2935950854143859,0.7304964539007093,0.7304964539007093,0.19148936170212766,0.09929078014184398,0.0851063829787234,0.12529550827423167,0.42789598108747046
arm-ed32f9fe54,Fanuc,LR Mate 200iD/4SH,ros-industrial,False,0.5,True,[],7,0,7310,0.9428757594609324,0.2800032919317823,18.694039749933957,0.0495900712486195,-0.2935950854143859,0.7304964539007093,0.7304964539007093,0.19148936170212766,0.09929078014184398,0.0851063829787234,0.12529550827423167,0.42789598108747046
arm-f9636ec28a,Fanuc,LR Mate 200iD/7H,ros-industrial,False,0.5,True,[],7,0,13140,0.9253769616844852,0.2182180035191717,15.579744979531254,0.0431452410331351,-0.5044753727223397,0.5567375886524822,0.5567375886524822,0.031914893617021274,0.01773049645390071,0.06028368794326241,0.03664302600472813,0.2966903073286052
arm-7e0c14e59c,Fanuc,LR Mate 200iD/7L,ros-industrial,False,0.5,True,[],7,0,11627,0.9049108790911228,0.2268592975560628,16.190788127573747,0.042375270362241,-0.6276669514414526,0.33687943262411346,0.33687943262411346,0.06028368794326241,0.03900709219858156,0.03900709219858156,0.04609929078014185,0.19148936170212766
arm-d7b62265c9,Fanuc,LR Mate 200iD/7LC,ros-industrial,False,0.5,True,[],7,0,11627,0.9049108790911228,0.2268592975560628,16.190788127573747,0.042375270362241,-0.6276669514414526,0.33687943262411346,0.33687943262411346,0.06028368794326241,0.03900709219858156,0.03900709219858156,0.04609929078014185,0.19148936170212766
arm-785e16bb50,Fanuc,M-10iA,ros-industrial,False,0.5,True,[],7,0,3461,0.9158261486365128,0.3725715184670641,35.63188393775818,0.1021072954977702,-0.1876411362152758,0.48936170212765956,0.48936170212765956,0.3404255319148936,0.28368794326241137,0.2765957446808511,0.3002364066193854,0.3947990543735225
arm-1a2726f62c,Fanuc,M-10iA/7L,ros-industrial,False,0.5,True,[],7,0,1966,0.9003752754353923,0.4087433789623053,40.50852884977108,0.1573980218135843,-0.1263860550067134,0.28368794326241137,0.28368794326241137,0.3971631205673759,0.3262411347517731,0.3546099290780142,0.35933806146572106,0.3215130023640662
arm-b9fde37ad7,Fanuc,M-16iB,matlab,False,0.5,True,[],7,0,1524,0.885333819603269,0.4738802688509985,37.17974303438853,0.1516654777403956,-0.1812784815027244,0.14893617021276595,0.14893617021276595,0.5106382978723404,0.2978723404255319,0.3475177304964539,0.38534278959810875,0.26713947990543735
arm-ca973d7c40,Fanuc,M-20iA,ros-industrial,False,0.5,True,[],7,0,6021,0.9041176748742248,0.308448970070576,23.665021678765285,0.0760795978650799,-0.4442694823432583,0.3120567375886525,0.3120567375886525,0.24113475177304963,0.19858156028368795,0.2198581560283688,0.21985815602836878,0.26595744680851063
arm-58bea95949,Fanuc,M-20iA/10L,ros-industrial,False,0.5,True,[],7,0,1981,0.897699252112658,0.4080071431607878,32.36198643617182,0.1011323951907758,-0.2868364028164806,0.2695035460992908,0.2695035460992908,0.3900709219858156,0.2553191489361702,0.2695035460992908,0.30496453900709214,0.28723404255319146
arm-f39f0bc934,Fanuc,M-20iB/25,ros-industrial,False,0.5,True,[],7,0,6293,0.9076143886306086,0.2275277362731055,16.358683188685312,0.0425668285411111,-0.6079289294668878,0.3546099290780142,0.3546099290780142,0.07092198581560284,0.04964539007092199,0.04964539007092199,0.056737588652482275,0.20567375886524825
arm-80ddefb001,Fanuc,M-430iA/2F,ros-industrial,False,0.5,True,[],6,0,3304,0.9141611616072176,0.3426147772191809,33.18819924125019,0.1197005358404115,-0.2135383186849699,0.45390070921985815,0.45390070921985815,0.2624113475177305,0.2624113475177305,0.3049645390070922,0.2765957446808511,0.36524822695035464
arm-de477bc804,Fanuc,M-430iA/2P,ros-industrial,False,0.5,True,[],7,0,4140,0.941067432631467,0.3445211691157232,38.19837390629844,0.1268631512864183,0.0045775688394481,0.6950354609929078,0.6950354609929078,0.2765957446808511,0.3049645390070922,0.3191489361702128,0.30023640661938533,0.49763593380614657
arm-c10bd68349,Fanuc,M-6iB,ros-industrial,False,0.5,True,[],7,0,1002,0.9094710048377794,0.5413455282206827,52.1812566568933,0.2098214743577393,0.2333157091662752,0.3971631205673759,0.3971631205673759,0.6382978723404256,0.4397163120567376,0.475177304964539,0.5177304964539008,0.45744680851063835
arm-b7a6f7cec6,Fanuc,M-6iB/6S,ros-industrial,True,0.5,True,[],7,0,1090,0.9365960007724072,0.549593508489786,48.44000786688747,0.213714130673211,0.4078285209087302,0.6524822695035462,0.6524822695035462,0.6666666666666666,0.3971631205673759,0.48226950354609927,0.5153664302600472,0.5839243498817968
arm-ac0ed3c3ba,Fanuc,M-710iC/45M,ros-industrial,False,0.5,True,[],7,0,1742,0.8843319073535665,0.4471438654588346,45.45913629470889,0.1948367796675878,-0.0975844311285595,0.14184397163120568,0.14184397163120568,0.4326241134751773,0.36879432624113473,0.425531914893617,0.408983451536643,0.27541371158392436
arm-0cf081ce97,Fanuc,M-710iC/50,ros-industrial,False,0.5,True,[],7,0,1074,0.9042179909929344,0.4871343291887243,46.48814744397234,0.1954986610937453,0.0838059104923812,0.3191489361702128,0.3191489361702128,0.5531914893617021,0.3829787234042553,0.4397163120567376,0.458628841607565,0.3888888888888889
arm-ee37d02375,Fanuc,M-900iA/260L,ros-industrial,False,0.5,True,[],9,0,1824,0.8650824799885284,0.4608851609703464,54.802766595071006,0.1887740396184775,-0.1703012699465606,0.09219858156028368,0.09219858156028368,0.46808510638297873,0.44680851063829785,0.3900709219858156,0.43498817966903075,0.2635933806146572
arm-ad68760742,Fanuc,M-900iB/700,ros-industrial,False,0.5,True,[],11,0,2066,0.8614320057307292,0.4712590705467152,43.5126832644924,0.1577211413817717,-0.2972010314985021,0.028368794326241134,0.028368794326241134,0.49645390070921985,0.3404255319148936,0.3617021276595745,0.39952718676122934,0.21394799054373523
arm-1ec48d9c1f,Fanuc,R-1000iA/80F,ros-industrial,False,0.5,True,[],7,0,1213,0.9147415955220382,0.512015697518397,50.35082794522035,0.1908103854690564,0.1925706413831425,0.46808510638297873,0.46808510638297873,0.5886524822695035,0.41843971631205673,0.41843971631205673,0.47517730496453897,0.4716312056737588
arm-f999a17088,Fanuc,R-2000iB/210F,ros-industrial,False,0.5,True,[],7,0,1258,0.8905534226625383,0.5043857670515459,51.95177537314834,0.2081052702291373,0.0640027263108661,0.23404255319148937,0.23404255319148937,0.5673758865248227,0.4326241134751773,0.46808510638297873,0.48936170212765956,0.36170212765957444
arm-3179bae95f,Fanuc,R-2000iC/125L,ros-industrial,False,0.5,True,[],7,0,1390,0.8643728601229667,0.4448351785428595,34.85738599051827,0.1427516763470195,-0.3790419877163435,0.0851063829787234,0.0851063829787234,0.425531914893617,0.2765957446808511,0.3262411347517731,0.34278959810874704,0.21394799054373523
arm-41abb9dda3,Fanuc,R-2000iC/165F,ros-industrial,False,0.5,True,[],7,0,1416,0.889588948752082,0.4582523116212306,49.99539564074784,0.1894746513667718,-0.0362358965717849,0.21631205673758866,0.21631205673758866,0.4574468085106383,0.4078014184397163,0.40070921985815605,0.4219858156028369,0.3191489361702128
arm-594e86b100,Fanuc,R-2000iC/210F,ros-industrial,False,0.5,True,[],7,0,1416,0.889588948752082,0.4582523116212306,49.99539564074784,0.1894746513667718,-0.0362358965717849,0.21631205673758866,0.21631205673758866,0.4574468085106383,0.4078014184397163,0.40070921985815605,0.4219858156028369,0.3191489361702128
arm-6c6b40b711,Fanuc,R-2000iC/210L,ros-industrial,False,0.5,True,[],7,0,2301,0.890967801500344,0.4564543632925224,45.93306846985698,0.1653892538590046,-0.0929922850898549,0.24113475177304963,0.24113475177304963,0.44680851063829785,0.375886524822695,0.36879432624113473,0.39716312056737585,0.3191489361702127
arm-42320609fa,Fanuc,R-2000iC/270F,ros-industrial,False,0.5,True,[],7,0,950,0.9054710259076107,0.5432480475076,47.74595820215389,0.1951813502959202,0.1599050467996974,0.3475177304964539,0.3475177304964539,0.6524822695035462,0.3900709219858156,0.4326241134751773,0.49172576832151305,0.41962174940898345
arm-43fa322555,Franka Emika,FR3,oems,True,0.5,True,[],8,0,63289,0.9752362927656136,0.2709671801165215,29.43399061085863,0.0922025054295839,0.0409919697406962,0.950354609929078,0.950354609929078,0.16312056737588654,0.23404255319148937,0.23404255319148937,0.21040189125295508,0.5803782505910166
arm-07307859e2,Franka Emika,Panda,matlab,False,0.5,True,[],10,0,67140,0.9755925807685488,0.2764287726270785,29.8758686596784,0.0944456842817972,0.055628721830364,0.9574468085106383,0.9574468085106383,0.1773049645390071,0.24113475177304963,0.24113475177304963,0.21985815602836878,0.5886524822695036
arm-dcc2b0ce1e,KUKA,KR 10 R1100 sixx,ros-industrial,False,0.5,True,[],7,0,29887,0.9360270827875906,0.472232906872701,89.87984713686944,0.282598633934997,0.6591985502616128,0.6312056737588653,0.6312056737588653,0.5035460992907801,0.7801418439716312,0.6170212765957447,0.6335697399527187,0.6323877068557919
arm-a751040684,KUKA,KR 10 R1420,ros-industrial,False,0.5,True,"[""link_1.stl: ModuleNotFoundError: No module named 'networkx'""]",6,1,51328,0.962946998171292,0.6164270286359447,89.66093874750202,0.2922384304029531,1.0107384320251462,0.900709219858156,0.900709219858156,0.8297872340425532,0.7304964539007093,0.6312056737588653,0.7304964539007092,0.8156028368794326
arm-3ce41d3c31,KUKA,KR 10 R900-2,ros-industrial,False,0.5,True,[],7,0,10165,0.9588142249226888,0.6339420842959145,87.71514511373042,0.331177229899782,1.0610477131501517,0.8687943262411347,0.8687943262411347,0.8971631205673759,0.6347517730496454,0.7553191489361702,0.7624113475177304,0.8156028368794326
arm-a0fb4a920d,KUKA,KR 120 R2500 pro,ros-industrial,False,0.5,True,"[""link_1.dae: ModuleNotFoundError: No module named 'networkx'"", ""link_3.dae: ModuleNotFoundError: No module named 'networkx'""]",5,2,32562,0.8876939590672126,0.3446818229813938,132.9898051859158,0.6511551008364682,0.9477471612116752,0.1879432624113475,0.1879432624113475,0.29432624113475175,0.9893617021276596,0.9893617021276596,0.7576832151300237,0.4728132387706856
arm-79c861f26a,KUKA,KR 150 R3100-2,ros-industrial,True,0.5,True,"[""link_1.stl: ModuleNotFoundError: No module named 'networkx'""]",6,1,19441,0.938329664748238,0.7391199923955751,91.24065715716164,0.4385323388128273,1.249598757452985,0.6737588652482269,0.6737588652482269,0.9858156028368794,0.9219858156028369,0.9219858156028369,0.9432624113475176,0.8085106382978723
arm-a72160b62d,KUKA,KR 150-2,ros-industrial,True,0.5,True,[],7,0,25556,0.919361722730786,0.3767715210166826,58.68276099360489,0.2156059325390996,0.1617482794113875,0.5035460992907801,0.5035460992907801,0.3475177304964539,0.46808510638297873,0.48936170212765956,0.4349881796690307,0.4692671394799054
arm-a49344adee,KUKA,KR 16-2,ros-industrial,False,0.5,True,"[""link_1.dae: ModuleNotFoundError: No module named 'networkx'"", ""link_3.dae: ModuleNotFoundError: No module named 'networkx'""]",5,2,32562,0.8876939590672126,0.3446818229813938,132.9898051859158,0.6511551008364682,0.9477471612116752,0.1879432624113475,0.1879432624113475,0.29432624113475175,0.9893617021276596,0.9893617021276596,0.7576832151300237,0.4728132387706856
arm-eb642d29c4,KUKA,KR 210 L150,ros-industrial,False,0.5,True,"[""link_1.dae: ModuleNotFoundError: No module named 'networkx'"", ""link_3.dae: ModuleNotFoundError: No module named 'networkx'""]",5,2,32562,0.8876939590672126,0.3446818229813938,132.9898051859158,0.6511551008364682,0.9477471612116752,0.1879432624113475,0.1879432624113475,0.29432624113475175,0.9893617021276596,0.9893617021276596,0.7576832151300237,0.4728132387706856
arm-1d928e951e,KUKA,KR 3 R540,ros-industrial,False,0.5,True,[],7,0,37280,0.9758081708517358,0.5377759707416385,63.19478242928875,0.1958096484367062,0.6991863555056307,0.9645390070921985,0.9645390070921985,0.624113475177305,0.49645390070921985,0.44680851063829785,0.5224586288416075,0.7434988179669031
arm-b746f2cfd4,KUKA,KR 5 ARC,ros-industrial,False,0.5,True,[],7,0,14536,0.9119458966183396,0.4030254649237101,60.26437950627369,0.1242779949138188,-0.0104006198428558,0.425531914893617,0.425531914893617,0.3829787234042553,0.475177304964539,0.3120567375886525,0.3900709219858156,0.4078014184397163
arm-e07d114785,KUKA,KR 6 R700 sixx,ros-industrial,False,0.5,True,[],7,0,22346,0.9763907165881036,0.4294441527077273,90.02543505936302,0.2617431267904406,0.841604703440842,0.9716312056737588,0.9716312056737588,0.40425531914893614,0.8085106382978723,0.5460992907801419,0.5862884160756501,0.7789598108747045
arm-c8e061a405,KUKA,KR 6 R900 sixx,ros-industrial,False,0.5,True,[],7,0,18375,0.9465739220767416,0.4501460966730464,89.7900524508731,0.2732325762755505,0.6872901281494488,0.7730496453900709,0.7730496453900709,0.4397163120567376,0.7730496453900709,0.5815602836879432,0.5981087470449172,0.6855791962174941
arm-aa1b44f60a,KUKA,KR 6 R900-2,ros-industrial,False,0.5,True,[],7,0,10165,0.9588142249226888,0.6339420842959145,87.71514511373042,0.331177229899782,1.0610477131501517,0.8687943262411347,0.8687943262411347,0.8971631205673759,0.6347517730496454,0.7553191489361702,0.7624113475177304,0.8156028368794326
arm-f1f8f0dd95,KUKA,LBR iiwa 14,matlab,False,0.5,True,[],8,0,54972,0.9707790845559154,0.30136455676203,34.84080150908295,0.0999269555703058,0.0873164119389791,0.9290780141843972,0.9290780141843972,0.2127659574468085,0.2695035460992908,0.2624113475177305,0.24822695035460995,0.5886524822695036
arm-6e913f41ef,KUKA,LBR iiwa 14 R820,robotics-toolbox,True,0.5,True,[],8,0,36548,0.97432036005727,0.3587022330095061,44.36311961633091,0.1065542327166041,0.2357208766627149,0.9432624113475178,0.9432624113475178,0.3333333333333333,0.3546099290780142,0.28368794326241137,0.3238770685579196,0.6335697399527187
arm-91bce84f44,KUKA,LBR iiwa 7,matlab,False,0.5,True,[],8,0,94534,0.9799649015376904,0.2886650028805702,31.173250656001745,0.0880832265195201,0.093516981016735,0.9787234042553191,0.9787234042553191,0.20567375886524822,0.24822695035460993,0.22695035460992907,0.22695035460992907,0.6028368794326241
arm-23fbd5742a,Kinova Robotics,Gen3,matlab,False,0.5,True,"[""EndEffector_Link.STL: ValueError: no triangle geometry""]",8,1,43355,0.9684676615006264,0.5278513543839373,66.13041810630457,0.2034562284275656,0.6689638948263992,0.9219858156028369,0.9219858156028369,0.6170212765957447,0.5319148936170213,0.45390070921985815,0.5342789598108747,0.7281323877068557
arm-19d6bdecaf,Kinova Robotics,Gen3 V12,matlab,False,0.5,True,[],8,0,43467,0.9680565401740082,0.5277248375951622,66.10584054132813,0.2049509433107754,0.6686204560366353,0.9148936170212766,0.9148936170212766,0.6099290780141844,0.524822695035461,0.46099290780141844,0.5319148936170213,0.7234042553191489
arm-8feb5af658,Kinova Robotics,Jaco J2N4S300,oems,True,0.5,True,[],9,0,36974,0.864276940658327,0.2453106663174557,20.35323447123824,0.0622358445227289,-0.8176129300605406,0.07801418439716312,0.07801418439716312,0.1347517730496454,0.16312056737588654,0.16312056737588654,0.1536643026004728,0.11583924349881797
arm-0d0d196c9d,Kinova Robotics,Jaco J2N6S200,matlab,False,0.5,True,[],10,0,50088,0.8729008826497263,0.2399860539864225,19.66091859167417,0.0605467138112964,-0.7733966959813401,0.10638297872340426,0.10638297872340426,0.11347517730496454,0.1347517730496454,0.14893617021276595,0.13238770685579196,0.11938534278959811
arm-9c4ffe22a9,Kinova Robotics,Jaco J2N6S300,matlab,False,0.5,True,[],10,0,38816,0.8721617315118163,0.2408811433132607,19.83905933103952,0.0597376854856091,-0.7777531183514965,0.09929078014184398,0.09929078014184398,0.12056737588652482,0.14184397163120568,0.1347517730496454,0.13238770685579196,0.11583924349881797
arm-fb66eee2b5,Kinova Robotics,Jaco J2N7S300,matlab,False,0.5,True,[],11,0,41128,0.923152451086026,0.2275464681996675,18.805813252474326,0.0537269276329526,-0.473164993505337,0.524822695035461,0.524822695035461,0.07801418439716312,0.12056737588652482,0.11347517730496454,0.10401891252955082,0.3144208037825059
arm-1998f45a5c,Kinova Robotics,Jaco J2S6S200,oems,True,0.5,True,[],11,0,55990,0.882596521216042,0.2306565972675588,18.66243478816308,0.056327598424786,-0.7326105964712156,0.1347517730496454,0.1347517730496454,0.09219858156028368,0.0851063829787234,0.1276595744680851,0.1016548463356974,0.1182033096926714
arm-9c6c2f8aef,Kinova Robotics,Jaco J2S6S300,matlab,False,0.5,True,[],11,0,44718,0.8820735431463133,0.2305567784818821,18.766097683460604,0.0551274118576031,-0.7377224901506906,0.1276595744680851,0.1276595744680851,0.0851063829787234,0.11347517730496454,0.12056737588652482,0.10638297872340426,0.11702127659574468
arm-296b557ef0,Kinova Robotics,Jaco J2S7S300,matlab,False,0.5,True,[],12,0,47030,0.9275823086715318,0.2191788200519574,17.90293667204622,0.049995720023174,-0.4645829135436966,0.5673758865248227,0.5673758865248227,0.0425531914893617,0.07801418439716312,0.09929078014184398,0.07328605200945627,0.3203309692671395
arm-30ac22fcc7,Kinova Robotics,Mico M1N4S200,matlab,False,0.5,True,[],9,0,48760,0.8942570813958626,0.2410143995703318,20.678443792730796,0.0634682787151477,-0.6213129143937864,0.2624113475177305,0.2624113475177305,0.1276595744680851,0.1702127659574468,0.1702127659574468,0.15602836879432624,0.20921985815602837
arm-fbeebf16bf,Kinova Robotics,Mico M1N6S200,matlab,True,0.5,True,[],10,0,50602,0.9007593056409644,0.2371786480737554,20.106917604356653,0.0611347338450055,-0.5899045839586946,0.2978723404255319,0.2978723404255319,0.09929078014184398,0.14893617021276595,0.15602836879432624,0.1347517730496454,0.21631205673758863
arm-6db670c663,Kinova Robotics,Mico M1N6S300,matlab,False,0.5,True,[],10,0,39330,0.9004306083334443,0.2381149138365887,20.310737880527487,0.0602545630291795,-0.591506008051378,0.2907801418439716,0.2907801418439716,0.10638297872340426,0.15602836879432624,0.14184397163120568,0.1347517730496454,0.21276595744680848
arm-ab15a75247,Lynxmotion,AL5D,robotics-toolbox,True,0.5,True,[],5,0,29474,0.9042742444754166,0.6030040184943709,91.46751406663714,0.357116916541316,0.7338184742285325,0.3262411347517731,0.3262411347517731,0.7872340425531915,0.9361702127659575,0.8226950354609929,0.8486997635933805,0.5874704491725768
arm-42e898b1a2,Mecademic Robotics,Meca500-R3,matlab,True,0.5,True,"[""meca_500_r3_base.dae: ModuleNotFoundError: No module named 'networkx'"", ""meca_500_r3_j2.dae: ModuleNotFoundError: No module named 'networkx'"", ""meca_500_r3_j3.dae: ModuleNotFoundError: No module named 'networkx'"", ""meca_500_r3_j4.dae: ModuleNotFoundError: No module named 'networkx'"", ""meca_500_r3_j5.dae: ModuleNotFoundError: No module named 'networkx'""]",2,5,5175,0.9487397940541186,0.6710473586482546,88.78426037902851,0.3230118868160395,1.026934319914372,0.7943262411347518,0.7943262411347518,0.9432624113475178,0.6666666666666666,0.7446808510638298,0.784869976359338,0.789598108747045
arm-10f5f05385,Quanser,QArm,matlab,True,0.5,True,"[""FOREARM.STL: ModuleNotFoundError: No module named 'networkx'""]",4,1,140458,0.7564218843701559,0.6806762029320083,91.16086507116675,0.358920400399814,0.2086251389537953,0.0,0.0,0.9574468085106383,0.9078014184397163,0.8297872340425532,0.8983451536643026,0.4491725768321513
arm-d55f01b988,ROBOTIS,Open Manipulator,matlab,True,0.5,True,[],7,0,45546,0.990244424223254,0.6811614507354519,91.90916585192026,0.4702964686058383,1.586586604704784,0.9929078014184397,0.9929078014184397,0.9645390070921985,0.9432624113475178,0.9432624113475178,0.9503546099290779,0.9716312056737588
arm-551a9c392e,Rethink Robotics,Sawyer,matlab,True,0.5,True,[],10,0,113902,0.973954619929857,0.6195280108404555,72.81382816933449,0.2787527851862736,0.9737408843637604,0.9361702127659575,0.9361702127659575,0.8794326241134752,0.5460992907801419,0.6028368794326241,0.6761229314420804,0.8061465721040189
arm-21b8992ec4,Schunk,LWA 4D,random,True,0.5,True,[],8,0,6344,0.9811830101143332,0.5539247174044768,87.82670473043966,0.3392992002538816,1.13493612620901,0.9858156028368794,0.9858156028368794,0.6808510638297872,0.6453900709219859,0.7801418439716312,0.7021276595744682,0.8439716312056738
arm-25d4f5567f,Schunk,LWA 4P,random,True,0.5,True,[],7,0,14543,0.9364046361383824,0.3559310588819294,36.96066827251981,0.113870211255483,-0.0429228096054001,0.6453900709219859,0.6453900709219859,0.3262411347517731,0.2907801418439716,0.2978723404255319,0.3049645390070922,0.475177304964539
arm-0417f43b13,Staubli,RX 160,ros-industrial,False,0.5,True,[],7,0,19988,0.8640968013949288,0.6171293587575163,89.44735159416805,0.3168705720307358,0.4036960973341056,0.05319148936170213,0.05319148936170213,0.8546099290780141,0.7056737588652482,0.7056737588652482,0.7553191489361701,0.40425531914893614
arm-24f259efca,Staubli,RX 160L,ros-industrial,True,0.5,True,"[""link_4.stl: ModuleNotFoundError: No module named 'networkx'""]",6,1,16838,0.8779025501892913,0.611989388525068,89.34937449975023,0.3082525055982714,0.4731442056845406,0.11347517730496454,0.11347517730496454,0.8156028368794326,0.6737588652482269,0.6595744680851063,0.7163120567375886,0.4148936170212766
arm-0573e1e127,Staubli,TX-60,ros-industrial,False,0.5,True,[],7,0,18786,0.9514385015924988,0.5696813342566667,80.42682789680109,0.2748843701255,0.804258094277767,0.8156028368794326,0.8156028368794326,0.7092198581560284,0.5815602836879432,0.5886524822695035,0.6264775413711584,0.7210401891252955
arm-5547a74654,Staubli,TX-60L,ros-industrial,True,0.5,True,[],7,0,17432,0.9295496283818736,0.5742294942476076,81.17953810538735,0.2773455499343398,0.6736376690599339,0.5815602836879432,0.5815602836879432,0.7163120567375887,0.5957446808510638,0.5957446808510638,0.6359338061465721,0.6087470449172576
arm-e93307d9bd,Staubli,TX-90,ros-industrial,False,0.5,True,"[""link_4.stl: ModuleNotFoundError: No module named 'networkx'""]",6,1,16386,0.9456792061903476,0.5412101613223139,86.89984826990332,0.2643763094943133,0.7507867791353693,0.7588652482269503,0.7588652482269503,0.6312056737588653,0.6099290780141844,0.5602836879432624,0.6004728132387708,0.6796690307328606
arm-d07d771ab2,Staubli,TX-90L,ros-industrial,False,0.5,True,"[""link_4.stl: ModuleNotFoundError: No module named 'networkx'""]",6,1,15733,0.9373938437814594,0.5585706170345675,87.19799382421682,0.2824026149066548,0.7486984909879101,0.6666666666666666,0.6666666666666666,0.6950354609929078,0.6170212765957447,0.6099290780141844,0.640661938534279,0.6536643026004728
arm-c19ddd110e,Staubli,TX-90XL,ros-industrial,False,0.5,True,"[""link_2.stl: ModuleNotFoundError: No module named 'networkx'""]",6,1,16102,0.96090149642204,0.5970104606594455,87.41231840966908,0.3128343041362911,1.000254181346239,0.8865248226950354,0.8865248226950354,0.7730496453900709,0.624113475177305,0.6737588652482269,0.6903073286052009,0.7884160756501182
arm-7e62b38268,Staubli,TX2-60,ros-industrial,False,0.5,True,[],7,0,18611,0.9515811117803348,0.6119830997512805,64.99988312571443,0.2581806208395046,0.7408133729366843,0.8226950354609929,0.8226950354609929,0.8085106382978723,0.5177304964539007,0.5390070921985816,0.6217494089834514,0.7222222222222221
arm-34e953c5c7,Staubli,TX2-60L,ros-industrial,False,0.5,True,[],7,0,17965,0.9321670248385404,0.6245069343023218,68.09272906313586,0.2719359839793016,0.6674848604101551,0.5886524822695035,0.5886524822695035,0.8865248226950354,0.5390070921985816,0.574468085106383,0.6666666666666666,0.6276595744680851
arm-144f1962ce,Staubli,TX2-90,ros-industrial,False,0.5,True,[],7,0,27473,0.9536114256711212,0.6079674201500199,64.42324377796801,0.2659364818097398,0.7603377005161852,0.8439716312056738,0.8439716312056738,0.8014184397163121,0.5106382978723404,0.5673758865248227,0.6264775413711584,0.7352245862884161
arm-2a2b0eb0bf,Staubli,TX2-90L,ros-industrial,False,0.5,True,[],7,0,27900,0.9459885560742316,0.6031100013399082,62.92580114888376,0.2632018031523663,0.692137311685358,0.7659574468085106,0.7659574468085106,0.7943262411347518,0.48936170212765956,0.5531914893617021,0.6122931442080378,0.6891252955082743
arm-b10f1f90f2,Staubli,TX2-90XL,ros-industrial,False,0.5,True,[],7,0,28769,0.9371345729484802,0.6010243968160623,62.14086679125084,0.2558990845707344,0.6146244759008102,0.6595744680851063,0.6595744680851063,0.7801418439716312,0.48226950354609927,0.5319148936170213,0.5981087470449172,0.6288416075650118
arm-84f18dca29,Trossen Robotics,PhantomX Pincher,robotics-toolbox,False,0.5,True,[],7,0,4642,0.9643986635499592,0.861913336932191,106.42965150669184,0.5806349175965595,1.881055480361974,0.9078014184397163,0.9078014184397163,1.0,0.9574468085106383,0.950354609929078,0.9692671394799056,0.938534278959811
arm-b7ba94bbd4,Trossen Robotics,PincherX-100,robotics-toolbox,False,0.5,True,[],8,0,3360,0.8935941720507894,0.5175365002494396,90.25048912093428,0.3475318507154334,0.5462155648642986,0.2553191489361702,0.2553191489361702,0.5957446808510638,0.8865248226950354,0.7943262411347518,0.7588652482269502,0.5070921985815602
arm-355efc5b8b,Trossen Robotics,PincherX-150,robotics-toolbox,True,0.5,True,[],9,0,5580,0.8462240245275463,0.3891649456514404,90.0019989765529,0.2994712268361475,0.0075634853973422,0.02127659574468085,0.02127659574468085,0.36879432624113473,0.8014184397163121,0.6453900709219859,0.6052009456264775,0.3132387706855792
arm-ab859c237c,Trossen Robotics,ReactorX-150,robotics-toolbox,True,0.5,True,[],9,0,5774,0.8223448703743197,0.3916484837327287,90.04405976778773,0.2833717283439126,-0.1748226736434826,0.0070921985815602835,0.0070921985815602835,0.375886524822695,0.8297872340425532,0.624113475177305,0.6099290780141844,0.30851063829787234
arm-c4fb1c3613,Trossen Robotics,ReactorX-200,robotics-toolbox,False,0.5,True,[],9,0,5444,0.8400577504391437,0.3876435011500092,90.04214846978485,0.2922485329630012,-0.0471515492993152,0.014184397163120567,0.014184397163120567,0.3617021276595745,0.8226950354609929,0.6382978723404256,0.607565011820331,0.3108747044917258
arm-c19394961c,Trossen Robotics,Turtlebot Arm,robotics-toolbox,False,0.5,True,[],6,0,4760,0.9102969144415384,0.8466093739145957,104.27557398360982,0.5899254086006434,1.4970611528319038,0.41843971631205673,0.41843971631205673,0.9929078014184397,0.950354609929078,0.9574468085106383,0.9669030732860521,0.6926713947990544
arm-1e30cc03ac,Trossen Robotics,ViperX-300,robotics-toolbox,False,0.5,True,[],9,0,13937,0.8876680877242396,0.4659824735356876,90.19454204889205,0.3176173858328603,0.3975835177051902,0.16312056737588654,0.16312056737588654,0.48936170212765956,0.851063829787234,0.7304964539007093,0.6903073286052009,0.42671394799054374
arm-3cd0743b5b,Trossen Robotics,ViperX-300s,robotics-toolbox,True,0.5,True,[],10,0,14887,0.8871420835387502,0.4781203238223827,90.19813326631596,0.3183595057188822,0.4088098119870148,0.15602836879432624,0.15602836879432624,0.524822695035461,0.8581560283687943,0.7375886524822695,0.706855791962175,0.4314420803782506
arm-01df249d91,Trossen Robotics,WidowX-200,robotics-toolbox,False,0.5,True,[],9,0,3912,0.890144467535353,0.4619383578215844,90.06100435834503,0.3322571035516279,0.4344611951983937,0.22695035460992907,0.22695035460992907,0.475177304964539,0.8439716312056738,0.7659574468085106,0.6950354609929077,0.4609929078014184
arm-1293f54184,Trossen Robotics,WidowX-250,robotics-toolbox,False,0.5,True,[],9,0,3972,0.8925325448379592,0.4814303040926966,90.04420658028452,0.3530920697492836,0.5081802903755799,0.24822695035460993,0.24822695035460993,0.5319148936170213,0.8368794326241135,0.8156028368794326,0.7281323877068558,0.4881796690307329
arm-787fc29345,Trossen Robotics,WidowX-250s,robotics-toolbox,True,0.5,True,[],10,0,5484,0.9024266573015391,0.4848990463161283,90.04036514356368,0.3452712218982874,0.56328255315893,0.3049645390070922,0.3049645390070922,0.5460992907801419,0.8156028368794326,0.7872340425531915,0.7163120567375887,0.5106382978723405
arm-d656d85ceb,Unimation,PUMA 560,robotics-toolbox,True,0.5,True,[],7,0,4658,0.9130159687198984,0.4392045600145455,76.49856016104121,0.3089535102120236,0.4471365429597763,0.44680851063829785,0.44680851063829785,0.41843971631205673,0.5602836879432624,0.6666666666666666,0.5484633569739953,0.49763593380614657
arm-c83ebf2672,Universal Robots,UR10,matlab,False,0.5,True,"[""shoulder.dae: ModuleNotFoundError: No module named 'networkx'"", ""upperarm.dae: ModuleNotFoundError: No module named 'networkx'""]",5,2,40155,0.9450592098420164,0.5420348316863892,56.59188959169581,0.224473041495918,0.5171852866121994,0.75177304964539,0.75177304964539,0.6453900709219859,0.46099290780141844,0.49645390070921985,0.5342789598108747,0.6430260047281324
arm-acd806343f,Universal Robots,UR10e,matlab,True,0.5,True,[],7,0,86079,0.9079399004489358,0.4989682270154824,44.18716439466198,0.1755021851856818,0.0739670725948891,0.3617021276595745,0.3617021276595745,0.5602836879432624,0.3475177304964539,0.3829787234042553,0.43026004728132383,0.39598108747044913
arm-ef48297ba4,Universal Robots,UR16e,matlab,False,0.5,True,"[""upperarm.dae: ModuleNotFoundError: No module named 'networkx'""]",6,1,58294,0.9234480478828044,0.5063140121676162,45.3286859108501,0.1896059894566699,0.2148746121028231,0.5319148936170213,0.5319148936170213,0.574468085106383,0.3617021276595745,0.41134751773049644,0.4491725768321513,0.4905437352245863
arm-447dd175af,Universal Robots,UR3,matlab,True,0.5,True,[],7,0,33633,0.9908112301687108,0.5965392174419091,64.18049924748786,0.2414232860199754,0.9479725316902964,1.0,1.0,0.7659574468085106,0.5035460992907801,0.5177304964539007,0.5957446808510638,0.7978723404255319
arm-e99fababe4,Universal Robots,UR3e,matlab,False,0.5,True,[],7,0,84043,0.9129807601763176,0.4819888791950094,39.90412772130773,0.149269485983225,0.0196361084237249,0.4397163120567376,0.4397163120567376,0.5390070921985816,0.3191489361702128,0.3404255319148936,0.39952718676122934,0.41962174940898345
arm-17a4199cfb,Universal Robots,UR5,matlab,False,0.5,True,[],7,0,47830,0.941845972306313,0.3262461550654651,22.764408622577477,0.0693103598168293,-0.1932560995441118,0.7021276595744681,0.7021276595744681,0.24822695035460993,0.19148936170212766,0.19148936170212766,0.21040189125295505,0.4562647754137116
arm-31ecc95a27,Universal Robots,UR5e,matlab,False,0.5,True,"[""forearm.dae: ModuleNotFoundError: No module named 'networkx'""]",6,1,69073,0.9472326957779932,0.4763124367425264,42.79742670469658,0.1695058865509723,0.2895129409716526,0.7801418439716312,0.7801418439716312,0.5177304964539007,0.3333333333333333,0.375886524822695,0.408983451536643,0.5945626477541371
arm-e8a782b5bc,Yaskawa Motoman,Motoman MH5,matlab,True,0.5,True,[],7,0,92453,0.9560671057996398,0.3436021329355506,39.507154263872735,0.0992613844657119,0.0605682696045227,0.8581560283687943,0.8581560283687943,0.2695035460992908,0.3120567375886525,0.2553191489361702,0.27895981087470445,0.5685579196217494
arm-3d848aeb52,Yaskawa Motoman,Motoman SIA10D,ros-industrial,True,0.5,True,[],8,0,4938,0.9356285477790208,0.3034436305081686,28.893659187306877,0.0708379905488061,-0.2241469688380057,0.6170212765957447,0.6170212765957447,0.22695035460992907,0.2198581560283688,0.20567375886524822,0.21749408983451535,0.41725768321513
arm-eee1fac0b3,Yaskawa Motoman,Motoman SIA10F,ros-industrial,False,0.5,True,[],8,0,4938,0.9356285477790208,0.3034436305081686,28.893659187306877,0.0708379905488061,-0.2241469688380057,0.6170212765957447,0.6170212765957447,0.22695035460992907,0.2198581560283688,0.20567375886524822,0.21749408983451535,0.41725768321513
arm-10582c0edf,Yaskawa Motoman,Motoman SIA20D,ros-industrial,False,0.5,True,[],8,0,4938,0.9356285477790208,0.3034436305081686,28.893659187306877,0.0708379905488061,-0.2241469688380057,0.6170212765957447,0.6170212765957447,0.22695035460992907,0.2198581560283688,0.20567375886524822,0.21749408983451535,0.41725768321513
arm-33a606333c,Yaskawa Motoman,Motoman SIA5D,ros-industrial,False,0.5,True,[],8,0,5840,0.9249914366990876,0.3334047475273618,26.666647735610336,0.0946840674610624,-0.2309434339737253,0.5460992907801419,0.5460992907801419,0.2553191489361702,0.20567375886524822,0.24822695035460993,0.2364066193853428,0.3912529550827423
arm-fdadfa8bdd,ABB,CRB 15000,ros-industrial,False,1.0,True,[],7,0,52539,0.9339019035653124,0.2913403571851718,34.135401142682944,0.0965466169137496,-0.1758884068354047,0.5815602836879432,0.5815602836879432,0.40425531914893614,0.41843971631205673,0.36879432624113473,0.39716312056737585,0.4893617021276595
arm-f7b0b901d3,ABB,IRB 120,matlab,False,1.0,True,[],7,0,39982,0.863978997935319,0.4996214738180753,86.39278437622696,0.2200306442057868,0.0870829494338622,0.05319148936170213,0.05319148936170213,0.8262411347517731,0.776595744680851,0.6985815602836879,0.7671394799054373,0.4101654846335697
arm-7d8304122a,ABB,IRB 120-3/0.6,ros-industrial,False,1.0,True,[],7,0,39982,0.863978997935319,0.4996214738180753,86.39278437622696,0.2200306442057868,0.0870829494338622,0.05319148936170213,0.05319148936170213,0.8262411347517731,0.776595744680851,0.6985815602836879,0.7671394799054373,0.4101654846335697
arm-d23914e41d,ABB,IRB 1200-5/0.9,ros-industrial,False,1.0,True,[],7,0,92843,0.9548827870918154,0.4322770846261263,46.17479226164665,0.1141109142825642,0.2117628780313283,0.8085106382978723,0.8085106382978723,0.6595744680851063,0.49645390070921985,0.4326241134751773,0.5295508274231678,0.6690307328605201
arm-402d7168a6,ABB,IRB 1200-7/0.7,ros-industrial,False,1.0,True,[],7,0,78918,0.964105685726643,0.4356832189005501,60.45651438277347,0.1317277426717762,0.3826571464787956,0.8865248226950354,0.8865248226950354,0.6666666666666666,0.6028368794326241,0.46099290780141844,0.5768321513002364,0.7316784869976358
arm-936a2bbc83,ABB,IRB 120T,matlab,False,1.0,True,[],7,0,39982,0.863978997935319,0.4996214738180753,86.39278437622696,0.2200306442057868,0.0870829494338622,0.05319148936170213,0.05319148936170213,0.8262411347517731,0.776595744680851,0.6985815602836879,0.7671394799054373,0.4101654846335697
arm-30008f0a9e,ABB,IRB 120T-3/0.6,ros-industrial,False,1.0,True,[],7,0,39982,0.863978997935319,0.4996214738180753,86.39278437622696,0.2200306442057868,0.0870829494338622,0.05319148936170213,0.05319148936170213,0.8262411347517731,0.776595744680851,0.6985815602836879,0.7671394799054373,0.4101654846335697
arm-d8cf128269,ABB,IRB 140,robotics-toolbox,True,1.0,True,[],7,0,19652,0.9436230743586508,0.5108654004999499,89.27485860647053,0.3380910534637693,0.8460851689574942,0.7127659574468085,0.7127659574468085,0.8617021276595744,0.8900709219858156,0.9539007092198581,0.9018912529550827,0.8073286052009456
arm-f86e598566,ABB,IRB 140T,robotics-toolbox,False,1.0,True,[],7,0,19652,0.9436230743586508,0.5108654004999499,89.27485860647053,0.3380910534637693,0.8460851689574942,0.7127659574468085,0.7127659574468085,0.8617021276595744,0.8900709219858156,0.9539007092198581,0.9018912529550827,0.8073286052009456
arm-4e79777e86,ABB,IRB 1600,matlab,False,1.0,True,"[""link_3.stl: ModuleNotFoundError: No module named 'networkx'""]",6,1,14656,0.9101854191487184,0.4539107672075671,88.13182065287192,0.3270952435051631,0.5381294779739219,0.40070921985815605,0.40070921985815605,0.7127659574468085,0.8333333333333334,0.9184397163120568,0.8215130023640662,0.6111111111111112
arm-c92ba5c644,ABB,IRB 1600-6/1.2,ros-industrial,False,1.0,True,"[""link_3.stl: ModuleNotFoundError: No module named 'networkx'""]",6,1,14656,0.9101854191487184,0.4539107672075671,88.13182065287192,0.3270952435051631,0.5381294779739219,0.40070921985815605,0.40070921985815605,0.7127659574468085,0.8333333333333334,0.9184397163120568,0.8215130023640662,0.6111111111111112
arm-674fb8e440,ABB,IRB 1600-8/1.45,ros-industrial,False,1.0,True,"[""link_3.stl: ModuleNotFoundError: No module named 'networkx'""]",6,1,18935,0.9008308696450892,0.4313045327723099,88.20490929865464,0.3167698386082041,0.4339564632747409,0.28368794326241137,0.28368794326241137,0.6382978723404256,0.8439716312056738,0.8723404255319149,0.7848699763593382,0.5342789598108748
arm-081210e630,ABB,IRB 2400,ros-industrial,False,1.0,True,"[""link_1.dae: ModuleNotFoundError: No module named 'networkx'"", ""link_3.dae: ModuleNotFoundError: No module named 'networkx'""]",5,2,65127,0.897781101130108,0.2033458115328442,27.136143294580386,0.1106154384585196,-0.5225291519925028,0.24468085106382978,0.24468085106382978,0.34397163120567376,0.35815602836879434,0.40070921985815605,0.36761229314420807,0.3061465721040189
arm-f3a89fcc9e,ABB,IRB 2600,ros-industrial,False,1.0,True,[],7,0,272043,0.9590610175337972,0.3064675800788217,60.73096729578279,0.1928949128723871,0.316294020140577,0.851063829787234,0.851063829787234,0.425531914893617,0.6099290780141844,0.624113475177305,0.5531914893617021,0.7021276595744681
arm-f817901d6a,ABB,IRB 4400L/30,ros-industrial,True,1.0,True,[],7,0,11696,0.924717026905612,0.4549953879134445,90.0,0.359562234744428,0.7018662912570834,0.48936170212765956,0.48936170212765956,0.723404255319149,0.9539007092198581,0.9716312056737588,0.8829787234042553,0.6861702127659575
arm-24c767f546,ABB,IRB 4600-20/2.50,ros-industrial,False,1.0,True,[],7,0,36571,0.9421521167476689,0.6307145055289202,86.13414316398111,0.3629377580358368,0.99543683221706,0.6808510638297872,0.6808510638297872,0.9716312056737588,0.75177304964539,0.9787234042553191,0.900709219858156,0.7907801418439716
arm-304c9a08a5,ABB,IRB 4600-40/2.55,ros-industrial,False,1.0,True,[],7,0,38491,0.9453164598453986,0.6198444217147921,89.45908649214314,0.3494050079866919,0.9980548366144352,0.723404255319149,0.723404255319149,0.9645390070921985,0.9148936170212766,0.9645390070921985,0.9479905437352246,0.8356973995271868
arm-44d423d29d,ABB,IRB 4600-60/2.05,ros-industrial,True,1.0,True,[],7,0,60195,0.9551330013493364,0.5629003641093703,89.03540348238685,0.327850376759104,0.9597699007244648,0.8156028368794326,0.8156028368794326,0.9432624113475178,0.8723404255319149,0.9290780141843972,0.9148936170212766,0.8652482269503545
arm-8fcf241b6f,ABB,IRB 52-7/1.2,ros-industrial,False,1.0,True,[],7,0,26059,0.9254354360112984,0.4204358461353901,88.72964341656719,0.3205313707703526,0.5931770283154708,0.5035460992907801,0.5035460992907801,0.6312056737588653,0.8581560283687943,0.8936170212765957,0.7943262411347517,0.6489361702127658
arm-91f018718c,ABB,IRB 52-7/1.45,ros-industrial,False,1.0,True,[],7,0,26848,0.9161640813285687,0.4019481808515601,88.76752606652002,0.3202418138106762,0.5115515136413203,0.45390070921985815,0.45390070921985815,0.6028368794326241,0.8652482269503546,0.8865248226950354,0.784869976359338,0.6193853427895981
arm-065970a45f,ABB,IRB 5400,ros-industrial,False,1.0,True,"[""link_1.dae: ModuleNotFoundError: No module named 'networkx'"", ""link_3.dae: ModuleNotFoundError: No module named 'networkx'""]",6,2,66555,0.8977807878293204,0.2033464367021835,27.13625814263893,0.1106158982154459,-0.52252910809212,0.22695035460992907,0.22695035460992907,0.3617021276595745,0.375886524822695,0.41843971631205673,0.38534278959810875,0.3061465721040189
arm-6af92e32a6,ABB,IRB 6600-255/2.55,ros-industrial,False,1.0,True,[],9,0,22783,0.9263564457920592,0.3399173282147462,54.89386746838387,0.1870627804016496,0.0969366319698131,0.524822695035461,0.524822695035461,0.475177304964539,0.5886524822695035,0.5957446808510638,0.5531914893617021,0.5390070921985816
arm-0ef5af4e54,ABB,IRB 6640,ros-industrial,False,1.0,True,"[""cylinder.stl: ModuleNotFoundError: No module named 'networkx'"", ""piston.stl: ModuleNotFoundError: No module named 'networkx'""]",7,2,39982,0.863978997935319,0.4996214738180753,86.39278437622696,0.2200306442057868,0.0870829494338622,0.05319148936170213,0.05319148936170213,0.8262411347517731,0.776595744680851,0.6985815602836879,0.7671394799054373,0.4101654846335697
arm-897106e190,ABB,IRB 6640-185/2.8,ros-industrial,False,1.0,True,"[""link_1.dae: ModuleNotFoundError: No module named 'networkx'"", ""link_3.dae: ModuleNotFoundError: No module named 'networkx'""]",7,2,82917,0.8977915416975986,0.2033664905008544,27.13636542756598,0.1106115493200244,-0.5224434015199841,0.2624113475177305,0.2624113475177305,0.36879432624113473,0.3829787234042553,0.3829787234042553,0.3782505910165484,0.32033096926713944
arm-ef24cb935c,ABB,IRB 6650S-125/3.50,ros-industrial,False,1.0,True,[],7,0,32418,0.9157299528029922,0.4437659654967285,87.84257977426637,0.335128233320241,0.5760227603238804,0.4397163120567376,0.4397163120567376,0.6950354609929078,0.8226950354609929,0.9432624113475178,0.8203309692671396,0.6300236406619386
arm-cd4762843b,ABB,IRB 6650S-90/3.90,ros-industrial,False,1.0,True,[],7,0,34044,0.9151232343065516,0.4413353038929015,87.56774999544423,0.3318652913415979,0.5621649971875406,0.4326241134751773,0.4326241134751773,0.6737588652482269,0.8156028368794326,0.9361702127659575,0.8085106382978724,0.6205673758865249
arm-fa8324d39f,ABB,IRB 6700-200/2.60,ros-industrial,False,1.0,True,[],9,0,66530,0.9492867278915882,0.5124828758529821,89.46902748105114,0.2983487648650105,0.8162283596780977,0.7659574468085106,0.7659574468085106,0.8794326241134752,0.9219858156028369,0.8581560283687943,0.8865248226950356,0.8262411347517731
arm-87daff3862,ABB,IRB 6700-235/2.65,ros-industrial,False,1.0,True,[],9,0,61201,0.9504198194791312,0.5530636821033126,89.63452110406534,0.3173043843992927,0.902566670805588,0.7730496453900709,0.7730496453900709,0.9361702127659575,0.9290780141843972,0.8794326241134752,0.9148936170212766,0.8439716312056738
arm-022ef09303,ABB,IRB 7600-150/3.50,ros-industrial,False,1.0,True,[],9,0,29816,0.9223801116521404,0.4857190286887499,86.7789861179501,0.316400981304524,0.6273679733584687,0.475177304964539,0.475177304964539,0.7801418439716312,0.8014184397163121,0.8652482269503546,0.8156028368794327,0.6453900709219859
arm-19acb3833f,Fanuc,CR-35iA,ros-industrial,False,1.0,True,[],7,0,54884,0.9362270854387378,0.0626120689686537,3.125645541155293,0.0192685763978567,-0.7122572102946224,0.6170212765957447,0.6170212765957447,0.06382978723404255,0.028368794326241134,0.12056737588652482,0.07092198581560283,0.34397163120567376
arm-8802f2b8b4,Fanuc,CR-7iA,ros-industrial,False,1.0,True,"[""link_6.stl: ModuleNotFoundError: No module named 'networkx'""]",6,1,1659,0.933286498494758,0.6663429889729653,126.05337872291646,0.2818384160508173,1.0447621043398794,0.5673758865248227,0.5673758865248227,0.9858156028368794,1.0,0.8297872340425532,0.9385342789598109,0.7529550827423168
arm-3acdb3f5e2,Fanuc,CR-7iA/L,ros-industrial,False,1.0,True,"[""link_6.stl: ModuleNotFoundError: No module named 'networkx'""]",6,1,1677,0.9168215422573404,0.61904797739668,85.83510256416386,0.2440607374872255,0.6053418250811282,0.46808510638297873,0.46808510638297873,0.9574468085106383,0.7304964539007093,0.75177304964539,0.8132387706855791,0.6406619385342789
arm-98c28568ba,Fanuc,CRX-10iA/L,ros-industrial,False,1.0,True,[],7,0,24482,0.8788391960937044,0.0788659048245146,12.035629515771063,0.0379419842170809,-0.9917792130621984,0.12056737588652482,0.12056737588652482,0.1347517730496454,0.14184397163120568,0.1702127659574468,0.14893617021276595,0.1347517730496454
arm-cf88bb5d3f,Fanuc,LR Mate 200i,ros-industrial,False,1.0,True,[],7,0,4277,0.939315984071034,0.3025106919689141,33.90430349313342,0.081195543309729,-0.1562153370317812,0.6595744680851063,0.6595744680851063,0.41843971631205673,0.41134751773049644,0.3404255319148936,0.3900709219858156,0.524822695035461
arm-fa86494fa0,Fanuc,LR Mate 200iB,matlab,False,1.0,True,[],7,0,25209,0.9480410268216796,0.1644343578404184,19.93666085486438,0.0553703838092725,-0.3701051098260988,0.75177304964539,0.75177304964539,0.2553191489361702,0.2624113475177305,0.2765957446808511,0.2647754137115839,0.508274231678487
arm-4c7b408826,Fanuc,LR Mate 200iB/3L,ros-industrial,False,1.0,True,[],7,0,25109,0.9332906405680856,0.1631008327490717,19.293242195931523,0.0513297660196196,-0.4790771129960592,0.574468085106383,0.574468085106383,0.24822695035460993,0.24113475177304963,0.2624113475177305,0.25059101654846333,0.41252955082742315
arm-cb42051aad,Fanuc,LR Mate 200iC,ros-industrial,False,1.0,True,[],7,0,20341,0.9282198391922452,0.0392236965978169,7.70903923936091,0.0140800516830274,-0.7755492447190113,0.5390070921985816,0.5390070921985816,0.03546099290780142,0.0425531914893617,0.09929078014184398,0.0591016548463357,0.2990543735224586
arm-de1be0b74e,Fanuc,LR Mate 200iC/5F,ros-industrial,True,1.0,True,[],6,0,13046,0.9083617675037776,0.0753249856083312,9.32508825883944,0.0139838274563662,-0.8580172598215078,0.36879432624113473,0.36879432624113473,0.11347517730496454,0.0851063829787234,0.0851063829787234,0.09456264775413713,0.23167848699763594
arm-53f9b9bc6b,Fanuc,LR Mate 200iC/5H,ros-industrial,False,1.0,True,[],6,0,13046,0.9083617675037776,0.0753249856083312,9.32508825883944,0.0139838274563662,-0.8580172598215078,0.36879432624113473,0.36879432624113473,0.11347517730496454,0.0851063829787234,0.0851063829787234,0.09456264775413713,0.23167848699763594
arm-63ba00c5ba,Fanuc,LR Mate 200iC/5HS,ros-industrial,False,1.0,True,[],6,0,13046,0.9083617675037776,0.0753249856083312,9.32508825883944,0.0139838274563662,-0.8580172598215078,0.36879432624113473,0.36879432624113473,0.11347517730496454,0.0851063829787234,0.0851063829787234,0.09456264775413713,0.23167848699763594
arm-697cb5dd8b,Fanuc,LR Mate 200iC/5L,ros-industrial,False,1.0,True,[],7,0,12600,0.9093747906550692,0.1193089424781453,10.932013454119382,0.0149686057652036,-0.7927120769434912,0.3900709219858156,0.3900709219858156,0.1773049645390071,0.10638297872340426,0.10638297872340426,0.13002364066193853,0.26004728132387706
arm-927835d1e3,Fanuc,LR Mate 200iD,ros-industrial,False,1.0,True,[],7,0,25085,0.9257160844826632,0.0506291151037965,7.781323051510455,0.013600215603206,-0.7799205990176115,0.5141843971631206,0.5141843971631206,0.04609929078014184,0.05319148936170213,0.0673758865248227,0.05555555555555556,0.2848699763593381
arm-81ab4eaee7,Fanuc,LR Mate 200iD/4S,ros-industrial,False,1.0,True,[],7,0,14627,0.9428640084409512,0.1456866878504323,11.421485327203827,0.0115588113284593,-0.5468698938614569,0.6950354609929078,0.6950354609929078,0.2198581560283688,0.12056737588652482,0.03546099290780142,0.12529550827423167,0.4101654846335697
arm-417b7c6e76,Fanuc,LR Mate 200iD/4SC,ros-industrial,False,1.0,True,[],7,0,14627,0.9428640084409512,0.1456866878504323,11.421485327203827,0.0115588113284593,-0.5468698938614569,0.6950354609929078,0.6950354609929078,0.2198581560283688,0.12056737588652482,0.03546099290780142,0.12529550827423167,0.4101654846335697
arm-ed32f9fe54,Fanuc,LR Mate 200iD/4SH,ros-industrial,False,1.0,True,[],7,0,14627,0.9428640084409512,0.1456866878504323,11.421485327203827,0.0115588113284593,-0.5468698938614569,0.6950354609929078,0.6950354609929078,0.2198581560283688,0.12056737588652482,0.03546099290780142,0.12529550827423167,0.4101654846335697
arm-f9636ec28a,Fanuc,LR Mate 200iD/7H,ros-industrial,False,1.0,True,[],7,0,25085,0.9257160844826632,0.0506291151037965,7.781323051510455,0.013600215603206,-0.7799205990176115,0.5141843971631206,0.5141843971631206,0.04609929078014184,0.05319148936170213,0.0673758865248227,0.05555555555555556,0.2848699763593381
arm-7e0c14e59c,Fanuc,LR Mate 200iD/7L,ros-industrial,False,1.0,True,[],7,0,22060,0.9051988570953308,0.0788834593756819,8.224665376865769,0.0129956790801426,-0.8824550038018961,0.33687943262411346,0.33687943262411346,0.1453900709219858,0.0673758865248227,0.05319148936170213,0.08865248226950355,0.2127659574468085
arm-d7b62265c9,Fanuc,LR Mate 200iD/7LC,ros-industrial,False,1.0,True,[],7,0,22060,0.9051988570953308,0.0788834593756819,8.224665376865769,0.0129956790801426,-0.8824550038018961,0.33687943262411346,0.33687943262411346,0.1453900709219858,0.0673758865248227,0.05319148936170213,0.08865248226950355,0.2127659574468085
arm-785e16bb50,Fanuc,M-10iA,ros-industrial,False,1.0,True,[],7,0,6932,0.915856364055984,0.2016333875317415,24.65503100058003,0.0634371252868261,-0.5016602877845503,0.44680851063829785,0.44680851063829785,0.3262411347517731,0.3404255319148936,0.2907801418439716,0.3191489361702128,0.3829787234042553
arm-1a2726f62c,Fanuc,M-10iA/7L,ros-industrial,False,1.0,True,[],7,0,3590,0.9003716572402057,0.3559990159599305,37.31246547579885,0.1330238914875144,-0.2442405289571912,0.2765957446808511,0.2765957446808511,0.49645390070921985,0.4397163120567376,0.46808510638297873,0.46808510638297873,0.37234042553191493
arm-b9fde37ad7,Fanuc,M-16iB,matlab,False,1.0,True,[],7,0,3055,0.8854649750089789,0.3604982993290535,28.01967787268282,0.0956009539513637,-0.45226970340641,0.14893617021276595,0.14893617021276595,0.5177304964539007,0.3900709219858156,0.3617021276595745,0.4231678486997636,0.28605200945626474
arm-ca973d7c40,Fanuc,M-20iA,ros-industrial,False,1.0,True,[],7,0,12035,0.9040359989492192,0.1437833151165858,12.791200123138546,0.0299882626018465,-0.7646290225162169,0.3049645390070922,0.3049645390070922,0.20567375886524822,0.14893617021276595,0.1347517730496454,0.1631205673758865,0.23404255319148937
arm-58bea95949,Fanuc,M-20iA/10L,ros-industrial,False,1.0,True,[],7,0,3970,0.8978193864917641,0.2904205097598373,20.612239023456407,0.0398724490194861,-0.5853591590285846,0.2695035460992908,0.2695035460992908,0.3971631205673759,0.2765957446808511,0.19148936170212766,0.2884160756501182,0.27895981087470445
arm-f39f0bc934,Fanuc,M-20iB/25,ros-industrial,False,1.0,True,[],7,0,12598,0.9076082724811242,0.1374573569895197,10.00038562839079,0.0241192738978514,-0.7731809530360706,0.3546099290780142,0.3546099290780142,0.18439716312056736,0.09929078014184398,0.1276595744680851,0.1371158392434988,0.2458628841607565
arm-80ddefb001,Fanuc,M-430iA/2F,ros-industrial,False,1.0,True,[],6,0,6614,0.9141720202119769,0.1712667004766018,22.46040038187624,0.0762627420991062,-0.5352054618091078,0.41843971631205673,0.41843971631205673,0.2695035460992908,0.3120567375886525,0.3333333333333333,0.30496453900709214,0.36170212765957444
arm-de477bc804,Fanuc,M-430iA/2P,ros-industrial,False,1.0,True,[],7,0,8286,0.9411508340236312,0.1948905110535178,31.166486974359664,0.0943698528708931,-0.2539148440700321,0.6737588652482269,0.6737588652482269,0.2907801418439716,0.3971631205673759,0.3546099290780142,0.3475177304964539,0.5106382978723404
arm-c10bd68349,Fanuc,M-6iB,ros-industrial,False,1.0,True,[],7,0,1866,0.9088865029366472,0.431531897998464,48.2032343305621,0.1519283272960966,-0.0142719698929655,0.3829787234042553,0.3829787234042553,0.6453900709219859,0.5177304964539007,0.5035460992907801,0.5555555555555555,0.4692671394799054
arm-b7a6f7cec6,Fanuc,M-6iB/6S,ros-industrial,True,1.0,True,[],7,0,2188,0.9365085954842208,0.4201464733559066,42.84583240664327,0.1444180298455936,0.1132954605443421,0.6312056737588653,0.6312056737588653,0.624113475177305,0.46808510638297873,0.48936170212765956,0.5271867612293144,0.5791962174940899
arm-ac0ed3c3ba,Fanuc,M-710iC/45M,ros-industrial,False,1.0,True,[],7,0,3164,0.8843533487745494,0.4123169335866192,41.4920433062699,0.1784375610686223,-0.1856001193202608,0.14184397163120568,0.14184397163120568,0.6099290780141844,0.45390070921985815,0.5390070921985816,0.5342789598108747,0.3380614657210402
arm-0cf081ce97,Fanuc,M-710iC/50,ros-industrial,False,1.0,True,[],7,0,1454,0.9042322906781538,0.4623527814753164,42.79077447619874,0.1792660681469781,0.0085199025352852,0.3120567375886525,0.3120567375886525,0.7375886524822695,0.46099290780141844,0.5460992907801419,0.5815602836879432,0.44680851063829785
arm-ee37d02375,Fanuc,M-900iA/260L,ros-industrial,False,1.0,True,[],9,0,3479,0.8650123057945924,0.3642418333964104,46.71360520982162,0.1625973115290405,-0.3659566521546799,0.09219858156028368,0.09219858156028368,0.524822695035461,0.5035460992907801,0.524822695035461,0.5177304964539008,0.30496453900709225
arm-ad68760742,Fanuc,M-900iB/700,ros-industrial,False,1.0,True,[],11,0,3750,0.8613838032285316,0.3573334627824273,38.74653875784128,0.1228445571768526,-0.509469240490997,0.028368794326241134,0.028368794326241134,0.5106382978723404,0.44680851063829785,0.44680851063829785,0.46808510638297873,0.24822695035460993
arm-1ec48d9c1f,Fanuc,R-1000iA/80F,ros-industrial,False,1.0,True,[],7,0,1953,0.9148268003197954,0.4602774371144413,45.893071902642006,0.1580827256430623,0.0550431230904936,0.425531914893617,0.425531914893617,0.7304964539007093,0.48936170212765956,0.5177304964539007,0.5791962174940898,0.5023640661938534
arm-f999a17088,Fanuc,R-2000iB/210F,ros-industrial,False,1.0,True,[],7,0,2366,0.8902485834102104,0.4138586042325655,50.303311742374405,0.184758637029471,-0.0874323327535065,0.18439716312056736,0.18439716312056736,0.6170212765957447,0.5531914893617021,0.5886524822695035,0.5862884160756501,0.38534278959810875
arm-3179bae95f,Fanuc,R-2000iC/125L,ros-industrial,False,1.0,True,[],7,0,2788,0.8643682096693978,0.357069227061781,33.74207655800002,0.1142231780005612,-0.5317596938970783,0.07801418439716312,0.07801418439716312,0.5035460992907801,0.40425531914893614,0.4397163120567376,0.4491725768321513,0.2635933806146572
arm-41abb9dda3,Fanuc,R-2000iC/165F,ros-industrial,False,1.0,True,[],7,0,2834,0.8895553997111774,0.3887264868720558,52.26260219816919,0.1818233987709424,-0.11445884901718,0.17375886524822695,0.17375886524822695,0.5780141843971631,0.5709219858156028,0.5638297872340425,0.5709219858156028,0.3723404255319149
arm-594e86b100,Fanuc,R-2000iC/210F,ros-industrial,False,1.0,True,[],7,0,2834,0.8895553997111774,0.3887264868720558,52.26260219816919,0.1818233987709424,-0.11445884901718,0.17375886524822695,0.17375886524822695,0.5780141843971631,0.5709219858156028,0.5638297872340425,0.5709219858156028,0.3723404255319149
arm-6c6b40b711,Fanuc,R-2000iC/210L,ros-industrial,False,1.0,True,[],7,0,4437,0.8909503153623917,0.3398119447383167,35.50869709941106,0.128640486076048,-0.3412580787408479,0.19148936170212766,0.19148936170212766,0.46808510638297873,0.4326241134751773,0.45390070921985815,0.45153664302600477,0.3215130023640662
arm-42320609fa,Fanuc,R-2000iC/270F,ros-industrial,False,1.0,True,[],7,0,1331,0.9052712887900208,0.4851058442004423,43.08414594977227,0.1575466409634796,0.0037442887450134,0.3475177304964539,0.3475177304964539,0.7730496453900709,0.475177304964539,0.5106382978723404,0.5862884160756501,0.46690307328605196
arm-43fa322555,Franka Emika,FR3,oems,True,1.0,True,[],8,0,126586,0.9777750126620676,0.1541393459735724,19.88297101353049,0.0552797999025903,-0.1863573721426381,0.9645390070921985,0.9645390070921985,0.23404255319148937,0.2553191489361702,0.2695035460992908,0.25295508274231676,0.6087470449172576
arm-07307859e2,Franka Emika,Panda,matlab,False,1.0,True,[],10,0,134288,0.9713796764770658,0.1428821883428642,18.448845087686266,0.051242586578718,-0.2554867413007712,0.9290780141843972,0.9290780141843972,0.19858156028368795,0.23404255319148937,0.2553191489361702,0.2293144208037825,0.5791962174940899
arm-dcc2b0ce1e,KUKA,KR 10 R1100 sixx,ros-industrial,False,1.0,True,[],7,0,59781,0.936104773266435,0.3680007916883999,89.37465007271174,0.2453353541641942,0.4767583841550304,0.6099290780141844,0.6099290780141844,0.5319148936170213,0.9078014184397163,0.7588652482269503,0.7328605200945626,0.6713947990543735
arm-a751040684,KUKA,KR 10 R1420,ros-industrial,False,1.0,True,"[""link_1.stl: ModuleNotFoundError: No module named 'networkx'""]",6,1,102666,0.9629358693015426,0.4679357412445297,86.92326667246562,0.1923595523199482,0.6570515983680703,0.8723404255319149,0.8723404255319149,0.75177304964539,0.8085106382978723,0.6170212765957447,0.7257683215130024,0.7990543735224587
arm-3ce41d3c31,KUKA,KR 10 R900-2,ros-industrial,False,1.0,True,[],7,0,20336,0.9587038891799916,0.5226080359670544,81.94654905037254,0.2513556175824615,0.7668652734807089,0.8404255319148937,0.8404255319148937,0.9113475177304965,0.7127659574468085,0.7836879432624113,0.8026004728132388,0.8215130023640662
arm-a0fb4a920d,KUKA,KR 120 R2500 pro,ros-industrial,False,1.0,True,"[""link_1.dae: ModuleNotFoundError: No module named 'networkx'"", ""link_3.dae: ModuleNotFoundError: No module named 'networkx'""]",5,2,65127,0.897781101130108,0.2033458115328442,27.136143294580386,0.1106154384585196,-0.5225291519925028,0.24468085106382978,0.24468085106382978,0.34397163120567376,0.35815602836879434,0.40070921985815605,0.36761229314420807,0.3061465721040189
arm-79c861f26a,KUKA,KR 150 R3100-2,ros-industrial,True,1.0,True,"[""link_1.stl: ModuleNotFoundError: No module named 'networkx'""]",6,1,38891,0.9394842443994048,0.6371218568862403,89.28452891828455,0.3224651990675348,0.930411878451706,0.6666666666666666,0.6666666666666666,0.9787234042553191,0.900709219858156,0.900709219858156,0.9267139479905437,0.7966903073286051
arm-a72160b62d,KUKA,KR 150-2,ros-industrial,True,1.0,True,[],7,0,51117,0.938886420205105,0.1569349289237191,34.17650188725386,0.1058489783746736,-0.2744786877082207,0.6524822695035462,0.6524822695035462,0.24113475177304963,0.425531914893617,0.375886524822695,0.34751773049645385,0.5
arm-a49344adee,KUKA,KR 16-2,ros-industrial,False,1.0,True,"[""link_1.dae: ModuleNotFoundError: No module named 'networkx'"", ""link_3.dae: ModuleNotFoundError: No module named 'networkx'""]",5,2,65127,0.897781101130108,0.2033458115328442,27.136143294580386,0.1106154384585196,-0.5225291519925028,0.24468085106382978,0.24468085106382978,0.34397163120567376,0.35815602836879434,0.40070921985815605,0.36761229314420807,0.3061465721040189
arm-eb642d29c4,KUKA,KR 210 L150,ros-industrial,False,1.0,True,"[""link_1.dae: ModuleNotFoundError: No module named 'networkx'"", ""link_3.dae: ModuleNotFoundError: No module named 'networkx'""]",5,2,65127,0.897781101130108,0.2033458115328442,27.136143294580386,0.1106154384585196,-0.5225291519925028,0.24468085106382978,0.24468085106382978,0.34397163120567376,0.35815602836879434,0.40070921985815605,0.36761229314420807,0.3061465721040189
arm-1d928e951e,KUKA,KR 3 R540,ros-industrial,False,1.0,True,[],7,0,74572,0.9758046551789358,0.3845077899872307,47.14141836502602,0.1122061883870326,0.2985178507864027,0.9432624113475178,0.9432624113475178,0.5673758865248227,0.5106382978723404,0.425531914893617,0.5011820330969267,0.7222222222222222
arm-b746f2cfd4,KUKA,KR 5 ARC,ros-industrial,False,1.0,True,[],7,0,29074,0.961470492340008,0.0101886793722956,1.8166707679082288,0.0062479579540795,-0.6337921631194555,0.8652482269503546,0.8652482269503546,0.0,0.0,0.0,0.0,0.4326241134751773
arm-e07d114785,KUKA,KR 6 R700 sixx,ros-industrial,False,1.0,True,[],7,0,44700,0.9763405639513956,0.3244522499802249,89.26320906205272,0.1957539182061582,0.6055997282419008,0.9574468085106383,0.9574468085106383,0.45390070921985815,0.8794326241134752,0.6382978723404256,0.657210401891253,0.8073286052009456
arm-c8e061a405,KUKA,KR 6 R900 sixx,ros-industrial,False,1.0,True,[],7,0,36758,0.9466156886721706,0.3346705897098407,88.54495177039117,0.1987104711484058,0.4227873409575937,0.7446808510638298,0.7446808510638298,0.46099290780141844,0.851063829787234,0.6453900709219859,0.6524822695035462,0.698581560283688
arm-aa1b44f60a,KUKA,KR 6 R900-2,ros-industrial,False,1.0,True,[],7,0,20336,0.9587038891799916,0.5226080359670544,81.94654905037254,0.2513556175824615,0.7668652734807089,0.8404255319148937,0.8404255319148937,0.9113475177304965,0.7127659574468085,0.7836879432624113,0.8026004728132388,0.8215130023640662
arm-f1f8f0dd95,KUKA,LBR iiwa 14,matlab,False,1.0,True,[],8,0,109951,0.9707483787864848,0.197406049669638,20.594970072041388,0.0649655798628435,-0.1641350301902249,0.9219858156028369,0.9219858156028369,0.2978723404255319,0.2695035460992908,0.3120567375886525,0.29314420803782504,0.607565011820331
arm-6e913f41ef,KUKA,LBR iiwa 14 R820,robotics-toolbox,True,1.0,True,[],8,0,73108,0.9779500557810996,0.2332672107944373,23.725358619385062,0.0640363773923056,-0.0623879359640415,0.9716312056737588,0.9716312056737588,0.3829787234042553,0.3333333333333333,0.2978723404255319,0.3380614657210402,0.6548463356973995
arm-91bce84f44,KUKA,LBR iiwa 7,matlab,False,1.0,True,[],8,0,189077,0.9798787413091168,0.1727542735114908,19.37400561464402,0.0644682654850018,-0.1385617988015505,0.9787234042553191,0.9787234042553191,0.2765957446808511,0.24822695035460993,0.3049645390070922,0.2765957446808511,0.6276595744680851
arm-23fbd5742a,Kinova Robotics,Gen3,matlab,False,1.0,True,"[""EndEffector_Link.STL: ValueError: no triangle geometry""]",8,1,86722,0.9686508028728616,0.3470804765380122,49.235653728964486,0.1378299974374804,0.2664223968152387,0.9078014184397163,0.9078014184397163,0.48226950354609927,0.5319148936170213,0.475177304964539,0.4964539007092199,0.7021276595744681
arm-19d6bdecaf,Kinova Robotics,Gen3 V12,matlab,False,1.0,True,[],8,0,86944,0.9681974125170696,0.3479365868882721,49.15576244805985,0.138360654322972,0.2648944107175489,0.900709219858156,0.900709219858156,0.48936170212765956,0.524822695035461,0.48226950354609927,0.4988179669030733,0.6997635933806147
arm-8feb5af658,Kinova Robotics,Jaco J2N4S300,oems,True,1.0,True,[],9,0,73956,0.8649684212935228,0.075605775320705,15.44288410842208,0.0408738955840409,-1.0634066723388709,0.0851063829787234,0.0851063829787234,0.1276595744680851,0.20567375886524822,0.19858156028368795,0.1773049645390071,0.13120567375886524
arm-0d0d196c9d,Kinova Robotics,Jaco J2N6S200,matlab,False,1.0,True,[],10,0,100186,0.8735014042865379,0.0790001467116505,14.639181908608462,0.0415324186828196,-1.0066504997208232,0.10638297872340426,0.10638297872340426,0.15602836879432624,0.18439716312056736,0.20567375886524822,0.18203309692671396,0.14420803782505912
arm-9c4ffe22a9,Kinova Robotics,Jaco J2N6S300,matlab,False,1.0,True,[],10,0,77642,0.872805751858435,0.0737319043581644,14.86400413867884,0.0394404819791038,-1.0195150210636292,0.09929078014184398,0.09929078014184398,0.09929078014184398,0.19148936170212766,0.18439716312056736,0.15839243498817965,0.1288416075650118
arm-fb66eee2b5,Kinova Robotics,Jaco J2N7S300,matlab,False,1.0,True,[],11,0,82266,0.9238105893124376,0.0670254026571821,14.144884530829833,0.0378149825171326,-0.6981635768880763,0.48226950354609927,0.48226950354609927,0.07092198581560284,0.1773049645390071,0.16312056737588654,0.13711583924349882,0.30969267139479906
arm-1998f45a5c,Kinova Robotics,Jaco J2S6S200,oems,True,1.0,True,[],11,0,111992,0.883148822613952,0.072920718538315,13.743371983802946,0.0376210701279969,-0.9615197886511228,0.1347517730496454,0.1347517730496454,0.0851063829787234,0.16312056737588654,0.15602836879432624,0.1347517730496454,0.1347517730496454
arm-9c6c2f8aef,Kinova Robotics,Jaco J2S6S300,matlab,False,1.0,True,[],11,0,89448,0.8826599282041822,0.0681929364295267,13.935590964649334,0.0356795863515255,-0.9723375389285658,0.1276595744680851,0.1276595744680851,0.07801418439716312,0.1702127659574468,0.14893617021276595,0.13238770685579196,0.13002364066193853
arm-296b557ef0,Kinova Robotics,Jaco J2S7S300,matlab,False,1.0,True,[],12,0,94072,0.9281857454283904,0.0624941008715852,13.34716319118148,0.0344620310898256,-0.684497002499205,0.5319148936170213,0.5319148936170213,0.05673758865248227,0.15602836879432624,0.14184397163120568,0.1182033096926714,0.3250591016548463
arm-30ac22fcc7,Kinova Robotics,Mico M1N4S200,matlab,False,1.0,True,[],9,0,97526,0.8949872826594053,0.0827089254099138,16.00042033152373,0.0468958550848375,-0.8446509704799686,0.20567375886524822,0.20567375886524822,0.1702127659574468,0.2198581560283688,0.24822695035460993,0.2127659574468085,0.20921985815602837
arm-fbeebf16bf,Kinova Robotics,Mico M1N6S200,matlab,True,1.0,True,[],10,0,101212,0.9014364271077224,0.0794060673577049,15.326717846247888,0.0449486084110517,-0.8128658176533354,0.2978723404255319,0.2978723404255319,0.16312056737588654,0.19858156028368795,0.24113475177304963,0.20094562647754136,0.24940898345153661
arm-6db670c663,Kinova Robotics,Mico M1N6S300,matlab,False,1.0,True,[],10,0,78668,0.9011540594500668,0.0736154413727504,15.586024702483952,0.0427055429988358,-0.8236712081709824,0.2907801418439716,0.2907801418439716,0.09219858156028368,0.2127659574468085,0.2127659574468085,0.17257683215130024,0.23167848699763594
arm-ab15a75247,Lynxmotion,AL5D,robotics-toolbox,True,1.0,True,[],5,0,58952,0.9045388058126088,0.4676955710806972,84.29964074589344,0.2226738847181854,0.3122341831412245,0.3191489361702128,0.3191489361702128,0.7446808510638298,0.723404255319149,0.723404255319149,0.7304964539007092,0.524822695035461
arm-42e898b1a2,Mecademic Robotics,Meca500-R3,matlab,True,1.0,True,"[""meca_500_r3_base.dae: ModuleNotFoundError: No module named 'networkx'"", ""meca_500_r3_j2.dae: ModuleNotFoundError: No module named 'networkx'"", ""meca_500_r3_j3.dae: ModuleNotFoundError: No module named 'networkx'"", ""meca_500_r3_j4.dae: ModuleNotFoundError: No module named 'networkx'"", ""meca_500_r3_j5.dae: ModuleNotFoundError: No module named 'networkx'""]",2,5,10352,0.9484595048250578,0.5354997690268218,89.67367166012455,0.2381940063555065,0.7313945649884895,0.7588652482269503,0.7588652482269503,0.9219858156028369,0.9361702127659575,0.7446808510638298,0.867612293144208,0.8132387706855791
arm-10f5f05385,Quanser,QArm,matlab,True,1.0,True,"[""FOREARM.STL: ModuleNotFoundError: No module named 'networkx'""]",4,1,280920,0.7568998012092616,0.5357518494059818,69.67793164875,0.2863843539996306,-0.1920750974390132,0.0,0.0,0.9290780141843972,0.6312056737588653,0.8439716312056738,0.8014184397163121,0.40070921985815605
arm-d55f01b988,ROBOTIS,Open Manipulator,matlab,True,1.0,True,[],7,0,81644,0.9903430357646504,0.5671974050906565,89.99985277322278,0.3814991937161368,1.2954995790029895,0.9929078014184397,0.9929078014184397,0.950354609929078,0.9432624113475178,0.9858156028368794,0.9598108747044917,0.9763593380614657
arm-551a9c392e,Rethink Robotics,Sawyer,matlab,True,1.0,True,[],10,0,227815,0.9730575591331716,0.5147205819888006,68.95331124945949,0.2045319244521875,0.7015093435170012,0.9361702127659575,0.9361702127659575,0.8936170212765957,0.624113475177305,0.6524822695035462,0.723404255319149,0.8297872340425532
arm-21b8992ec4,Schunk,LWA 4D,random,True,1.0,True,[],8,0,12698,0.9808529724128596,0.4525628885027501,86.02160765061485,0.323872808764943,0.9845126104702916,0.9858156028368794,0.9858156028368794,0.7021276595744681,0.7446808510638298,0.9078014184397163,0.784869976359338,0.8853427895981087
arm-25d4f5567f,Schunk,LWA 4P,random,True,1.0,True,[],7,0,29093,0.9364085010575222,0.2642976603194549,22.481846299159752,0.0866553520164195,-0.2681857535315756,0.624113475177305,0.624113475177305,0.3900709219858156,0.3191489361702128,0.3475177304964539,0.35224586288416077,0.48817966903073284
arm-0417f43b13,Staubli,RX 160,ros-industrial,False,1.0,True,[],7,0,39982,0.863978997935319,0.4996214738180753,86.39278437622696,0.2200306442057868,0.0870829494338622,0.05319148936170213,0.05319148936170213,0.8262411347517731,0.776595744680851,0.6985815602836879,0.7671394799054373,0.4101654846335697
arm-24f259efca,Staubli,RX 160L,ros-industrial,True,1.0,True,"[""link_4.stl: ModuleNotFoundError: No module named 'networkx'""]",6,1,33682,0.8777227736539683,0.4952215419769149,85.8601565375935,0.2123164203657987,0.1562299353360492,0.11347517730496454,0.11347517730496454,0.8014184397163121,0.7375886524822695,0.6595744680851063,0.7328605200945626,0.42316784869976354
arm-0573e1e127,Staubli,TX-60,ros-industrial,False,1.0,True,[],7,0,37580,0.9514802830942316,0.473845581365113,76.68995988885582,0.2163077284220615,0.5762476577056653,0.7872340425531915,0.7872340425531915,0.7588652482269503,0.6808510638297872,0.6737588652482269,0.7044917257683215,0.7458628841607565
arm-5547a74654,Staubli,TX-60L,ros-industrial,True,1.0,True,[],7,0,34874,0.929545385183637,0.4804438630889134,74.90492257555051,0.2157645164144806,0.4288791100976735,0.5460992907801419,0.5460992907801419,0.7659574468085106,0.6737588652482269,0.6666666666666666,0.702127659574468,0.624113475177305
arm-e93307d9bd,Staubli,TX-90,ros-industrial,False,1.0,True,"[""link_4.stl: ModuleNotFoundError: No module named 'networkx'""]",6,1,32777,0.9456582347836804,0.4315598215841717,78.67470110080721,0.1877187294034605,0.4516227143210172,0.7304964539007093,0.7304964539007093,0.6524822695035462,0.6950354609929078,0.6028368794326241,0.6501182033096926,0.6903073286052009
arm-d07d771ab2,Staubli,TX-90L,ros-industrial,False,1.0,True,"[""link_4.stl: ModuleNotFoundError: No module named 'networkx'""]",6,1,31472,0.9374539602361316,0.4419039275651746,79.00496041698395,0.1949034143877997,0.4234437619385481,0.6453900709219859,0.6453900709219859,0.6808510638297872,0.7021276595744681,0.6312056737588653,0.6713947990543735,0.6583924349881797
arm-c19ddd110e,Staubli,TX-90XL,ros-industrial,False,1.0,True,"[""link_2.stl: ModuleNotFoundError: No module named 'networkx'""]",6,1,32210,0.9611454949224336,0.4933271049991415,78.42511100164926,0.2351429893782375,0.7035532159270945,0.8581560283687943,0.8581560283687943,0.7872340425531915,0.6879432624113475,0.7304964539007093,0.735224586288416,0.7966903073286051
arm-7e62b38268,Staubli,TX2-60,ros-industrial,False,1.0,True,[],7,0,37229,0.9513135979523488,0.4942182922019082,54.01611175929537,0.1716225905917953,0.3990959551763592,0.7801418439716312,0.7801418439716312,0.7943262411347518,0.5815602836879432,0.5319148936170213,0.6359338061465721,0.7080378250591017
arm-34e953c5c7,Staubli,TX2-60L,ros-industrial,False,1.0,True,[],7,0,35938,0.9320428689440337,0.5050534513845198,57.09685273398546,0.1800794210997059,0.3154672017890231,0.5531914893617021,0.5531914893617021,0.851063829787234,0.5957446808510638,0.5531914893617021,0.6666666666666666,0.6099290780141844
arm-144f1962ce,Staubli,TX2-90,ros-industrial,False,1.0,True,[],7,0,54963,0.9536215803993032,0.5190440719422464,50.6930799807046,0.1891677067821632,0.4548922320102107,0.8014184397163121,0.8014184397163121,0.900709219858156,0.5602836879432624,0.6099290780141844,0.6903073286052009,0.7458628841607565
arm-2a2b0eb0bf,Staubli,TX2-90L,ros-industrial,False,1.0,True,[],7,0,55814,0.9460349299406772,0.5136658523925883,49.97601046786991,0.1846547586614652,0.3873547096138793,0.7375886524822695,0.7375886524822695,0.8865248226950354,0.5390070921985816,0.5815602836879432,0.6690307328605201,0.7033096926713948
arm-b10f1f90f2,Staubli,TX2-90XL,ros-industrial,False,1.0,True,[],7,0,57554,0.9372064410196188,0.5117529247909849,50.0835464134978,0.1823480481658618,0.3237061801504464,0.6382978723404256,0.6382978723404256,0.8723404255319149,0.5460992907801419,0.574468085106383,0.6643026004728133,0.6513002364066194
arm-84f18dca29,Trossen Robotics,PhantomX Pincher,robotics-toolbox,False,1.0,True,[],7,0,9242,0.969310880986402,0.7979898314630007,96.12521133479616,0.5303362302602096,1.705432896763586,0.9148936170212766,0.9148936170212766,1.0,0.9929078014184397,0.9929078014184397,0.9952718676122932,0.9550827423167849
arm-b7ba94bbd4,Trossen Robotics,PincherX-100,robotics-toolbox,False,1.0,True,[],8,0,6620,0.8976509309656617,0.3823355837800086,90.0,0.2881263597226667,0.3182502801634403,0.2198581560283688,0.2198581560283688,0.5602836879432624,0.9539007092198581,0.851063829787234,0.7884160756501183,0.5041371158392436
arm-355efc5b8b,Trossen Robotics,PincherX-150,robotics-toolbox,True,1.0,True,[],9,0,10672,0.8483670908717731,0.3071472842170047,90.00000054807049,0.2465326314511781,-0.1617550008106402,0.02127659574468085,0.02127659574468085,0.4326241134751773,0.9645390070921985,0.7730496453900709,0.7234042553191489,0.3723404255319149
arm-ab859c237c,Trossen Robotics,ReactorX-150,robotics-toolbox,True,1.0,True,[],9,0,11194,0.8247008458048536,0.3094022502735706,90.00000058209041,0.236945471116947,-0.3317599151307638,0.0070921985815602835,0.0070921985815602835,0.4397163120567376,0.9787234042553191,0.7375886524822695,0.7186761229314421,0.3628841607565012
arm-c4fb1c3613,Trossen Robotics,ReactorX-200,robotics-toolbox,False,1.0,True,[],9,0,10398,0.842246158981265,0.3132367442602327,90.00000055679133,0.2459920742114414,-0.1962525506639187,0.014184397163120567,0.014184397163120567,0.44680851063829785,0.9716312056737588,0.7659574468085106,0.7281323877068558,0.3711583924349882
arm-c19394961c,Trossen Robotics,Turtlebot Arm,robotics-toolbox,False,1.0,True,[],6,0,9360,0.9164756417146742,0.7938901852097171,95.76522128859176,0.5476218840925223,1.3819910515899456,0.46099290780141844,0.46099290780141844,0.9929078014184397,0.9858156028368794,1.0,0.9929078014184397,0.7269503546099291
arm-1e30cc03ac,Trossen Robotics,ViperX-300,robotics-toolbox,False,1.0,True,[],9,0,25884,0.8877520811690741,0.395721404395201,63.96685001856245,0.2659848150652928,0.0913044864905711,0.16312056737588654,0.16312056737588654,0.5886524822695035,0.6170212765957447,0.8085106382978723,0.6713947990543735,0.41725768321513
arm-3cd0743b5b,Trossen Robotics,ViperX-300s,robotics-toolbox,True,1.0,True,[],10,0,27784,0.8871871028122076,0.4000830713394261,70.86970803909469,0.2715122044098992,0.13860952521963,0.15602836879432624,0.15602836879432624,0.5957446808510638,0.6382978723404256,0.8226950354609929,0.6855791962174941,0.42080378250591016
arm-01df249d91,Trossen Robotics,WidowX-200,robotics-toolbox,False,1.0,True,[],9,0,7722,0.8927258185922636,0.3735249980103929,71.66957240947042,0.2524878507472562,0.1165620095736741,0.19858156028368795,0.19858156028368795,0.5390070921985816,0.6453900709219859,0.7943262411347518,0.6595744680851064,0.42907801418439717
arm-1293f54184,Trossen Robotics,WidowX-250,robotics-toolbox,False,1.0,True,[],9,0,7842,0.8952102417556439,0.3775181406779541,73.250233737818,0.2620006021447186,0.1623845170809281,0.2127659574468085,0.2127659574468085,0.5531914893617021,0.6595744680851063,0.8014184397163121,0.6713947990543736,0.44208037825059104
arm-787fc29345,Trossen Robotics,WidowX-250s,robotics-toolbox,True,1.0,True,[],10,0,10866,0.9046065016052396,0.3758968143078083,74.71079669040172,0.2670294322879996,0.238955188146748,0.3262411347517731,0.3262411347517731,0.5460992907801419,0.6666666666666666,0.8156028368794326,0.6761229314420804,0.5011820330969268
arm-d656d85ceb,Unimation,PUMA 560,robotics-toolbox,True,1.0,True,[],7,0,8116,0.9129751775521632,0.2916313555515469,73.18775960366287,0.2822463819352644,0.2199440033884067,0.41134751773049644,0.41134751773049644,0.41134751773049644,0.6524822695035462,0.8368794326241135,0.6335697399527187,0.5224586288416075
arm-c83ebf2672,Universal Robots,UR10,matlab,False,1.0,True,"[""shoulder.dae: ModuleNotFoundError: No module named 'networkx'"", ""upperarm.dae: ModuleNotFoundError: No module named 'networkx'""]",5,2,80315,0.955431248886649,0.1382437260220328,17.001486483415867,0.0625256813722832,-0.3532708506147443,0.8226950354609929,0.8226950354609929,0.19148936170212766,0.22695035460992907,0.28368794326241137,0.23404255319148937,0.5283687943262412
arm-acd806343f,Universal Robots,UR10e,matlab,True,1.0,True,[],7,0,129621,0.9326946403852756,0.0169406349517464,2.366457606569541,0.0095764646151613,-0.8068210511558959,0.5602836879432624,0.5602836879432624,0.0070921985815602835,0.0070921985815602835,0.0070921985815602835,0.0070921985815602835,0.28368794326241137
arm-ef48297ba4,Universal Robots,UR16e,matlab,False,1.0,True,"[""upperarm.dae: ModuleNotFoundError: No module named 'networkx'""]",6,1,88478,0.9635919917653848,0.0298666516397361,3.944188501256663,0.0168834836129798,-0.5682247410571448,0.8794326241134752,0.8794326241134752,0.028368794326241134,0.03546099290780142,0.11347517730496454,0.0591016548463357,0.46926713947990545
arm-447dd175af,Universal Robots,UR3,matlab,True,1.0,True,[],7,0,67274,0.9933229355810496,0.4426664841364071,44.7568308386656,0.1504476826223323,0.5323911544841347,1.0,1.0,0.6879432624113475,0.48226950354609927,0.49645390070921985,0.5555555555555556,0.7777777777777778
arm-e99fababe4,Universal Robots,UR3e,matlab,False,1.0,True,[],7,0,131817,0.9762597709432126,0.0217123755206032,2.673463394371169,0.0104992317768101,-0.5118488566633925,0.950354609929078,0.950354609929078,0.02127659574468085,0.02127659574468085,0.02127659574468085,0.02127659574468085,0.48581560283687947
arm-17a4199cfb,Universal Robots,UR5,matlab,False,1.0,True,[],7,0,95670,0.9531311228612308,0.1922484615151864,11.606109710613188,0.0391425100540091,-0.3786070456230734,0.7943262411347518,0.7943262411347518,0.28368794326241137,0.1347517730496454,0.1773049645390071,0.19858156028368798,0.4964539007092199
arm-31ecc95a27,Universal Robots,UR5e,matlab,False,1.0,True,"[""forearm.dae: ModuleNotFoundError: No module named 'networkx'""]",6,1,106731,0.9642698669534188,0.0198117040264525,2.5355098637344837,0.0101452802817092,-0.5941356048553761,0.8936170212765957,0.8936170212765957,0.014184397163120567,0.014184397163120567,0.014184397163120567,0.014184397163120567,0.45390070921985815
arm-e8a782b5bc,Yaskawa Motoman,Motoman MH5,matlab,True,1.0,True,[],7,0,184911,0.9562054505768344,0.1688749716870062,23.45922371546914,0.0711353114965918,-0.2651751105531875,0.8297872340425532,0.8297872340425532,0.2624113475177305,0.3262411347517731,0.3262411347517731,0.30496453900709225,0.5673758865248227
arm-3d848aeb52,Yaskawa Motoman,Motoman SIA10D,ros-industrial,True,1.0,True,[],8,0,9887,0.935599652982526,0.2007525392506878,21.38287966351319,0.0444499611594981,-0.4235017004679114,0.5957446808510638,0.5957446808510638,0.3120567375886525,0.2907801418439716,0.22695035460992907,0.2765957446808511,0.43617021276595747
arm-eee1fac0b3,Yaskawa Motoman,Motoman SIA10F,ros-industrial,False,1.0,True,[],8,0,9887,0.935599652982526,0.2007525392506878,21.38287966351319,0.0444499611594981,-0.4235017004679114,0.5957446808510638,0.5957446808510638,0.3120567375886525,0.2907801418439716,0.22695035460992907,0.2765957446808511,0.43617021276595747
arm-10582c0edf,Yaskawa Motoman,Motoman SIA20D,ros-industrial,False,1.0,True,[],8,0,9887,0.935599652982526,0.2007525392506878,21.38287966351319,0.0444499611594981,-0.4235017004679114,0.5957446808510638,0.5957446808510638,0.3120567375886525,0.2907801418439716,0.22695035460992907,0.2765957446808511,0.43617021276595747
arm-33a606333c,Yaskawa Motoman,Motoman SIA5D,ros-industrial,False,1.0,True,[],8,0,11693,0.9250117485345574,0.2258531327932023,21.71300781251726,0.0657805951615629,-0.4262295319529555,0.49645390070921985,0.49645390070921985,0.375886524822695,0.3049645390070922,0.3191489361702128,0.3333333333333333,0.4148936170212766
